TOKEN	O
L’archéologie	O
vise	O
autre	O
chose	O
que	O
la	O
simple	O
quête	O
de	O
l’antiquité,	O
elle	O
procure	O
la	O
sensation	O
d’accéder	O
de	O
façon	O
presque	O
charnelle	O
aux	O
temps	O
révolus,	O
de	O
découvrir	O
les	O
traces	O
d’hommes	O
et	O
de	O
femmes	O
du	O
passé	O
et	O
d’établir	O
une	O
sorte	O
de	O
contact	O
direct	O
avec	O
eux.	O
L’archéologue	O
ne	O
peut	O
se	O
satisfaire	O
des	O
seuls	O
textes	O
ou	O
des	O
mythes,	O
il	O
lui	O
faut	O
du	O
tangible,	O
un	O
espace	O
qu’il	O
investit,	O
qu’il	O
explore	O
et	O
qu’il	O
excave,	O
bref	O
ce	O
que	O
nous	O
appelons	O
un	O
terrain.	O
Dans	O
un	O
texte	O
célèbre,	O
Sigmund	O
Freud	O
a	O
exprimé	O
d’une	O
façon	O
inimitable	O
le	O
lien	O
qui	O
se	O
tisse	O
entre	O
l’archéologue	O
et	O
son	O
terrain	O
:	O
Admettez	O
qu’un	O
chercheur	O
en	O
voyage	O
arrive	O
dans	O
une	O
région	O
peu	O
connue	O
dans	O
laquelle	O
un	O
champ	O
de	O
ruines	O
avec	O
des	O
restes	O
de	O
murs,	O
des	O
fragments	O
de	O
colonnes,	O
des	O
tablettes	O
aux	O
signes	O
graphiques	O
estompés	O
et	O
illisibles,	O
éveillerait	O
son	O
intérêt.	O
Il	O
peut	O
se	O
contenter	O
de	O
regarder	O
ce	O
qui	O
est	O
étalé	O
en	O
plein	O
jour,	O
puis	O
de	O
questionner	O
les	O
habitants,	O
peut-être	O
à	O
demi	O
barbares,	O
demeurant	O
dans	O
les	O
environs,	O
sur	O
ce	O
que	O
la	O
tradition	O
leur	O
a	O
fait	O
savoir	O
de	O
l’histoire	O
et	O
de	O
la	O
signification	O
de	O
ces	O
restes	O
monumentaux,	O
de	O
consigner	O
leurs	O
informations	O
et	O
de	O
continuer	O
son	O
voyage.	O
Mais	O
il	O
peut	O
aussi	O
procéder	O
autrement	O
:	O
il	O
peut	O
avoir	O
apporté	O
avec	O
lui	O
pioches,	O
pelles	O
et	O
bêches,	O
il	O
peut	O
déterminer	O
les	O
habitants	O
à	O
travailler	O
avec	O
ces	O
outils,	O
s’attaquer	O
avec	O
eux	O
au	O
champ	O
de	O
ruines,	O
déblayer	O
les	O
gravois	O
et	O
à	O
partir	O
des	O
restes	O
visibles	O
mettre	O
à	O
découvert	O
l’enseveli.	O
Si	O
le	O
succès	O
récompense	O
son	O
travail,	O
ses	O
trouvailles	O
se	O
commentent	O
d’elles-mêmes	O
;	O
les	O
restes	O
de	O
murs	O
appartiennent	O
à	O
l’enceinte	O
d’un	O
palais	O
ou	O
d’une	O
trésorerie,	O
à	O
partir	O
des	O
ruines	O
de	O
colonnes	O
un	O
temple	O
se	O
complète,	O
les	O
inscriptions	O
trouvées	O
en	O
grand	O
nombre,	O
bilingues	O
dans	O
les	O
cas	O
heureux,	O
dévoilent	O
un	O
alphabet	O
et	O
une	O
langue,	O
et	O
le	O
déchiffrement	O
et	O
la	O
traduction	O
de	O
ceux-ci	O
donnent	O
des	O
renseignements	O
insoupçonnés	O
sur	O
les	O
événements	O
des	O
premiers	O
âges,	O
à	O
la	O
mémoire	O
desquels	O
ces	O
monuments	O
ont	O
été	O
édifiés.	O
Saxa	O
loquuntur	O
Freud,	O
1989,	O
p.	O
150.	O
!	O
Pour	O
Freud	B-PER
l’enjeu	O
de	O
l’archéologie	O
ne	O
consiste	O
pas	O
seulement	O
dans	O
la	O
découverte	O
de	O
monuments	O
et	O
d’objets	O
(qu’il	O
aimait	O
tant	O
collectionner),	O
mais	O
bien	O
dans	O
la	O
mise	O
au	O
jour	O
de	O
toute	O
une	O
société.	O
L’excavation	O
du	O
sol	O
ouvre	O
un	O
chemin	O
nouveau	O
de	O
connaissance	O
;	O
et,	O
si	O
elle	O
s’allie	O
avec	O
la	O
redécouverte	O
d’une	O
écriture	O
ancienne,	O
alors	O
le	O
succès	O
de	O
l’archéologue	O
est	O
assuré	O
:	O
il	O
a	O
établi	O
un	O
pont	O
solide	O
entre	O
les	O
deux	O
types	O
de	O
données.	O
L’archéologie	O
de	O
Freud	B-PER
est	O
triomphante	O
:	O
Champollion	B-PER
,	O
Schliemann	B-PER
ou	O
Layard	B-PER
incarnent	O
ce	O
type	O
d’archéologues	O
du	O
xix	O
e	O
siècle	O
qui	O
se	O
distinguent	O
de	O
leurs	O
prédécesseurs	O
antiquaires	O
parce	O
qu’ils	O
révèlent	O
des	O
civilisations	O
jusque-là	O
inconnues.	O
Freud	B-PER
décrit	O
en	O
quelques	O
lignes	O
cette	O
révolution	O
qui	O
fait	O
qu’au	O
lieu	O
de	O
regarder,	O
d’interroger	O
et	O
de	O
consigner,	O
on	O
excave	O
le	O
sol	O
avec	O
des	O
pioches,	O
des	O
pelles	O
et	O
des	O
bêches.	O
L’archéologie	O
triomphante	O
va	O
de	O
pair	O
avec	O
la	O
philologie	O
conquérante	O
qui	O
déchiffre	O
les	O
écritures	O
cunéiformes	O
ou	O
hiéroglyphiques.	O
Saxa	O
loquuntur	O
,	O
les	O
pierres	O
parlent.	O
Cela	O
peut	O
s’entendre	O
de	O
deux	O
façons	O
:	O
les	O
pierres	O
parlent	O
parce	O
que	O
l’on	O
déchiffre	O
les	O
inscriptions	O
qu’elles	O
portent	O
ou	O
parce	O
que	O
l’on	O
est	O
capable	O
de	O
les	O
interpréter,	O
que	O
leur	O
présence	O
dans	O
le	O
paysage	O
fait	O
sens,	O
que	O
leur	O
style	O
et	O
leur	O
type	O
de	O
construction	O
renvoient	O
à	O
des	O
classes	O
de	O
monuments	O
que	O
l’archéologue	O
est	O
capable	O
d’identifier.	O
Ce	O
qui	O
différencie	O
l’archéologue	O
de	O
l’antiquaire,	O
c’est	O
précisément	O
cela	O
:	O
la	O
capacité	O
de	O
donner	O
du	O
sens	O
aux	O
traces,	O
objets	O
et	O
monuments	O
qui	O
constituent	O
le	O
terrain.	O
Le	O
fondateur	O
et	O
théoricien	O
de	O
l’archéologie	O
de	O
terrain	O
ne	O
disait	O
pas	O
autre	O
chose	O
dans	O
le	O
premier	O
chapitre	O
de	O
son	O
livre	O
classique	O
publié	O
en	O
1953	O
:	O
Le	O
titre	O
de	O
ce	O
livre	O
est	O
Archaeology	O
in	O
the	O
Field	O
(l’archéologie	O
sur	O
le	O
terrain)	O
et	O
il	O
traitera	O
principalement	O
du	O
travail	O
à	O
l’air	O
libre.	O
La	O
meilleure	O
manière	O
d’expliquer	O
mon	O
titre	O
est	O
de	O
montrer	O
comment	O
l’archéologie	O
commença	O
comme	O
la	O
servante	O
de	O
l’histoire	O
–	O
en	O
l’occurrence	O
des	O
livres	O
–	O
et	O
de	O
quelle	O
façon,	O
en	O
élaborant	O
ses	O
propres	O
techniques,	O
elle	O
est	O
devenue	O
une	O
discipline	O
à	O
part	O
entière.	O
Comme	O
il	O
apparaît	O
que	O
ces	O
techniques	O
commencent	O
toutes	O
à	O
l’air	O
libre,	O
il	O
s’ensuit	O
que	O
l’archéologie	O
de	O
terrain	O
coexiste	O
en	O
fait	O
avec	O
l’archéologie	O
elle-même	O
Crawford,	O
1953,	O
p.	O
19.	O
.	O
Il	O
n’est	O
pas	O
sans	O
intérêt	O
de	O
noter	O
que	O
Crawford	B-PER
insiste	O
sur	O
le	O
fait	O
que	O
la	O
reconnaissance	O
de	O
l’autonomie	O
des	O
sources	O
matérielles	O
face	O
aux	O
sources	O
écrites	O
est	O
un	O
acquis	O
récent	O
qui	O
coïncide	O
avec	O
l’avènement	O
de	O
l’archéologie	O
en	O
tant	O
que	O
science	O
autonome.	O
Et	O
cette	O
émancipation	O
est	O
selon	O
lui	O
la	O
conséquence	O
de	O
la	O
définition	O
de	O
la	O
discipline	O
comme	O
une	O
science	O
de	O
terrain	O
(même	O
si	O
pour	O
lui	O
la	O
field	O
archaeology	O
n’inclut	O
pas	O
la	O
fouille	O
!).	O
Avant	O
de	O
m’interroger	O
sur	O
le	O
rôle	O
et	O
la	O
pratique	O
du	O
terrain	O
dans	O
l’archéologie	O
moderne,	O
je	O
voudrais	O
réfléchir	O
au	O
statut	O
de	O
la	O
documentation	O
dans	O
le	O
raisonnement	O
historique	O
et	O
à	O
l’importance	O
des	O
sources	O
matérielles	O
dans	O
la	O
création	O
de	O
l’histoire	O
au	O
sens	O
grec	O
du	O
terme	O
ainsi	O
qu’à	O
la	O
curiosité	O
antiquaire	O
telle	O
qu’elle	O
fut	O
pratiquée	O
par	O
les	O
Égyptiens,	O
les	O
Mésopotamiens	O
et	O
les	O
Chinois	O
de	O
l’Antiquité.	O
La	O
tradition	O
occidentale	O
du	O
voir	O
et	O
de	O
l’entendre	O
L’histoire	O
se	O
différencie	O
des	O
autres	O
types	O
de	O
narration	O
par	O
la	O
nécessité	O
de	O
la	O
preuve.	O
L’historien	O
doit	O
pouvoir	O
s’appuyer	O
sur	O
des	O
éléments	O
démontrables	O
pour	O
étayer	O
son	O
récit.	O
Hérodote	O
fut	O
le	O
premier	O
en	O
Occident	O
à	O
énoncer	O
que	O
les	O
témoignages	O
de	O
l’histoire	O
relevaient	O
de	O
deux	O
sens,	O
l’œil	O
et	O
l’ouïe.	O
L’ouïe	O
permet	O
à	O
l’enquêteur	O
de	O
recueillir	O
la	O
tradition,	O
faite	O
de	O
mythes,	O
de	O
récits,	O
de	O
témoignages	O
directs	O
ou	O
indirects	O
sur	O
les	O
événements	O
du	O
passé	O
;	O
l’œil	O
fonde	O
un	O
savoir	O
établi	O
sur	O
l’observation	O
des	O
monuments,	O
de	O
la	O
topographie,	O
des	O
paysages	O
et	O
bien	O
sûr	O
des	O
objets	O
qui,	O
cachés,	O
conservés	O
ou	O
redécouverts	O
fortuitement,	O
se	O
transmettent	O
d’une	O
époque	O
à	O
l’autre.	O
L’historien	O
écoute	O
et	O
regarde,	O
et	O
les	O
témoignages	O
qu’il	O
recueille	O
dans	O
la	O
pratique	O
de	O
son	O
enquête	O
appartiennent	O
à	O
des	O
genres	O
différents	O
:	O
une	O
inscription,	O
un	O
fragment	O
d’épopée	O
ou	O
de	O
poésie	O
lyrique,	O
un	O
mythe	O
ne	O
tiennent	O
pas	O
du	O
même	O
type	O
d’enquête,	O
ils	O
réclament	O
pour	O
pouvoir	O
être	O
analysés	O
des	O
procédures	O
distinctes	O
de	O
relevé,	O
d’exploitation	O
et	O
de	O
présentation.	O
Par-delà	O
ces	O
différences,	O
ces	O
fragments	O
d’informations	O
recueillis	O
avec	O
diligence	O
présentent	O
une	O
caractéristique	O
commune	O
:	O
ce	O
sont	O
des	O
énoncés,	O
des	O
mots	O
agencés	O
par	O
des	O
hommes	O
et	O
qui	O
s’adressent	O
à	O
des	O
publics	O
bien	O
déterminés.	O
Si	O
l’historien	O
possède	O
l’art	O
des	O
langues,	O
anciennes	O
ou	O
modernes,	O
s’il	O
y	O
ajoute	O
pour	O
les	O
sociétés	O
lettrées	O
une	O
capacité	O
à	O
déchiffrer	O
les	O
écritures	O
anciennes,	O
il	O
peut	O
recevoir	O
des	O
informations	O
directes,	O
dans	O
la	O
langue	O
indigène	O
de	O
la	O
société	O
qu’il	O
étudie.	O
Pour	O
écrire	O
l’histoire	O
il	O
faut	O
donc	O
des	O
mots,	O
mais	O
ceux-ci	O
ne	O
suffisent	O
pas.	O
L’enquêteur	O
doit	O
tenir	O
compte	O
des	O
choses	O
:	O
monuments,	O
sites,	O
objets	O
sont	O
pour	O
Hérodote	O
des	O
erga,	O
des	O
œuvres	O
à	O
part	O
entière,	O
qui	O
sont	O
des	O
outils	O
de	O
l’historien	O
au	O
même	O
titre	O
que	O
les	O
textes.	O
Pour	O
Hérodote,	O
un	O
ergon	O
c’est	O
aussi	O
bien	O
une	O
grande	O
bataille	O
qu’un	O
monument	O
extraordinaire	O
comme	O
les	O
pyramides	O
égyptiennes.	O
L’histoire	O
est	O
faite	O
d’une	O
relation	O
intime	O
entre	O
les	O
exploits	O
des	O
hommes	O
et	O
les	O
monuments.	O
Les	O
uns	O
et	O
les	O
autres	O
sont	O
en	O
quelque	O
sorte	O
liés	O
:	O
victoires	O
et	O
monuments	O
inscrivent	O
les	O
actions	O
humaines	O
dans	O
la	O
mémoire.	O
Bien	O
différente	O
est	O
la	O
position	O
de	O
Thucydide	O
qui,	O
d’une	O
certaine	O
façon,	O
dans	O
un	O
texte	O
fameux	O
confronte	O
les	O
mots	O
aux	O
choses	O
:	O
Un	O
explorateur	O
posant	O
près	O
de	O
la	O
pyramide	O
de	O
Khéops,	O
à	O
Gizeh,	O
en	O
Égypte.Fin	O
du	O
xix	O
e	O
siècle.	O
Et	O
sans	O
doute,	O
s’il	O
est	O
vrai	O
que	O
Mycènes	O
ou	O
telle	O
ou	O
telle	O
place	O
d’alors	O
nous	O
paraît	O
peu	O
importante,	O
on	O
ne	O
saurait	O
en	O
tirer	O
une	O
indication	O
sûre	O
pour	O
mettre	O
en	O
doute	O
que	O
l’expédition	O
L’expédition	O
des	O
Grecs	O
à	O
Troie.	O
ait	O
eu	O
l’ampleur	O
que	O
lui	O
donnent	O
les	O
poètes	O
et	O
dont	O
la	O
tradition	O
s’est	O
maintenue.	O
Supposons	O
en	O
effet	O
que	O
Sparte	O
soit	O
dévastée	O
et	O
qu’il	O
subsiste	O
seulement	O
les	O
tombes	O
avec	O
les	O
fondations	O
des	O
édifices	O
:	O
après	O
un	O
long	O
espace	O
de	O
temps	O
sa	O
puissance	O
soulèverait,	O
je	O
crois,	O
par	O
rapport	O
à	O
son	O
renom	O
des	O
doutes	O
sérieux	O
chez	O
les	O
générations	O
futures.	O
Pourtant	O
les	O
Lacédémoniens	O
administrent	O
les	O
deux	O
cinquièmes	O
du	O
Péloponnèse	O
et	O
ont	O
l’hégémonie	O
sur	O
l’ensemble	O
ainsi	O
que	O
sur	O
de	O
nombreux	O
alliés	O
au-dehors	O
;	O
mais	O
malgré	O
cela	O
comme	O
ils	O
ont	O
une	O
ville	O
qui	O
n’a	O
pas	O
de	O
centre	O
ou	O
d’édifices	O
fastueux,	O
mais	O
qui	O
se	O
compose	O
de	O
villages	O
indépendants,	O
comme	O
c’était	O
autrefois	O
l’usage	O
en	O
Grèce,	O
leur	O
puissance	O
paraîtrait	O
inférieure.	O
Tandis	O
que	O
si	O
le	O
même	O
sort	O
frappait	O
Athènes,	O
on	O
lui	O
prêterait,	O
d’après	O
les	O
apparences	O
extérieures,	O
une	O
puissance	O
double	O
de	O
la	O
sienne.	O
Il	O
ne	O
faut	O
donc	O
pas	O
élever	O
de	O
doutes,	O
ni	O
s’arrêter	O
à	O
l’apparence	O
des	O
villes	O
plutôt	O
qu’à	O
leur	O
puissance	O
;	O
et	O
il	O
faut	O
considérer	O
que	O
cette	O
expédition	O
[la	O
guerre	O
de	O
Troie]	O
fut	O
plus	O
importante	O
que	O
les	O
précédentes,	O
mais	O
inférieure	O
à	O
celles	O
de	O
nos	O
jours,	O
si	O
l’on	O
veut	O
encore	O
ici	O
ajouter	O
foi	O
aux	O
poèmes	O
d’Homère	O
:	O
sans	O
doute	O
il	O
est	O
vraisemblable	O
qu’étant	O
poète	O
il	O
l’a	O
embellie	O
pour	O
la	O
grandir,	O
et	O
même	O
ainsi	O
elle	O
paraît	O
inférieure	O
Thucydide,	O
Guerre	O
du	O
Péloponnèse,	O
I,	O
10,	O
1-3.	O
.	O
La	O
raison	O
et	O
l’expérience	O
de	O
l’historien	O
suggèrent	O
que	O
les	O
récits,	O
traditions	O
orales	O
ou	O
textes,	O
doivent	O
être	O
confrontés	O
aux	O
traces	O
matérielles	O
du	O
passé	O
et	O
que	O
le	O
sol	O
révèle	O
à	O
qui	O
sait	O
l’observer	O
des	O
informations	O
qui	O
peuvent	O
servir	O
à	O
mesurer	O
l’écart	O
entre	O
les	O
mots	O
et	O
les	O
choses.	O
Il	O
ne	O
s’agit	O
pas	O
dans	O
un	O
tel	O
cas	O
d’admirer	O
les	O
monuments	O
pour	O
leur	O
magnificence	O
ou	O
leur	O
valeur	O
symbolique,	O
mais	O
de	O
les	O
traiter	O
comme	O
des	O
outils	O
d’information	O
qui	O
peuvent	O
en	O
quelque	O
sorte	O
permettre	O
une	O
critique	O
de	O
la	O
tradition	O
écrite	O
ou	O
orale.	O
La	O
différence	O
est	O
là	O
:	O
les	O
monuments	O
ne	O
parlent	O
pas,	O
il	O
faut	O
les	O
rendre	O
audibles	O
pour	O
faire	O
d’eux	O
des	O
outils	O
de	O
l’histoire.	O
L’historien	O
doit	O
se	O
rendre	O
à	O
cette	O
évidence	O
:	O
le	O
passé	O
ne	O
s’exprime	O
que	O
si	O
l’on	O
sait	O
l’entendre,	O
et	O
cet	O
art	O
de	O
faire	O
parler	O
les	O
monuments,	O
les	O
sites	O
ou	O
les	O
paysages	O
relève	O
d’une	O
technique	O
particulière	O
d’extraction,	O
de	O
sélection	O
et	O
d’interprétation	O
des	O
données.	O
Cette	O
technique	O
est,	O
depuis	O
l’Égypte	O
et	O
la	O
Mésopotamie,	O
l’apanage	O
de	O
praticiens	O
qui	O
décrivent,	O
classent,	O
collectionnent	O
les	O
objets	O
et	O
les	O
monuments.	O
Il	O
n’y	O
a	O
pas	O
de	O
mot	O
en	O
grec	O
pour	O
les	O
désigner,	O
mais	O
les	O
Romains	O
les	O
appellent	O
en	O
latin	O
antiquarii	O
:	O
des	O
érudits	O
qui	O
s’intéressent	O
au	O
passé,	O
qui	O
développent	O
au	O
sens	O
grec	O
du	O
terme	O
une	O
archaiologia,	O
un	O
discours	O
sur	O
les	O
choses	O
anciennes.	O
Avant	O
l’historié,	O
l’enquête	O
historique	O
au	O
sens	O
d’Hérodote,	O
la	O
connaissance	O
du	O
passé	O
était	O
faite	O
d’un	O
mélange	O
de	O
traditions,	O
d’objets,	O
de	O
commentaires	O
de	O
monuments	O
;	O
en	O
revanche	O
l’archaiologia	O
dont	O
use	O
Hippias	O
pour	O
enchanter	O
les	O
Spartiates	O
est	O
faite	O
des	O
«	O
généalogies,	O
celles	O
des	O
héros	O
et	O
des	O
hommes	O
et	O
des	O
peuplements,	O
comment	O
dans	O
le	O
passé	O
étaient	O
fondées	O
les	O
cités	O
et	O
en	O
général	O
tout	O
ce	O
qui	O
a	O
à	O
voir	O
avec	O
la	O
science	O
du	O
passé	O
(archaiologia)	O
».	O
La	O
tension	O
entre	O
le	O
voir	O
et	O
l’entendre	O
est	O
donc	O
sinon	O
une	O
invention	O
d’Hérodote	O
au	O
moins	O
un	O
des	O
outils	O
qui	O
lui	O
permettent	O
de	O
mettre	O
de	O
l’ordre	O
dans	O
le	O
tissu	O
confus	O
des	O
traditions	O
et	O
des	O
ruines	O
qui	O
constituent	O
la	O
substance	O
même	O
du	O
passé.	O
Elle	O
est	O
au	O
cœur	O
de	O
la	O
pratique	O
historique	O
de	O
l’Occident,	O
mais	O
elle	O
n’est	O
pas	O
la	O
seule	O
voie	O
possible	O
pour	O
entendre	O
et	O
interpréter	O
les	O
messages	O
du	O
passé,	O
qu’ils	O
soient	O
matériels	O
ou	O
immatériels,	O
qu’il	O
s’agisse	O
de	O
monuments	O
gigantesques	O
comme	O
les	O
pyramides	O
ou	O
de	O
mythes	O
transmis	O
d’une	O
génération	O
à	O
l’autre.	O
Les	O
antiquaires	O
sont	O
présents	O
en	O
Égypte,	O
en	O
Mésopotamie	O
comme	O
en	O
Chine	O
bien	O
avant	O
que	O
la	O
notion	O
même	O
d’histoire	O
n’apparaisse,	O
et	O
ce	O
savoir	O
antiquaire	O
est	O
une	O
pratique	O
concrète	O
qui	O
s’ingénie	O
aussi	O
bien	O
à	O
transmettre	O
les	O
mythes	O
et	O
les	O
récits	O
de	O
fondation	O
qu’à	O
découvrir,	O
restaurer,	O
rénover	O
voire,	O
bien	O
sûr,	O
falsifier	O
des	O
monuments	O
ou	O
des	O
objets.	O
L’antiquaire,	O
comme	O
l’historien,	O
a	O
besoin	O
de	O
preuves	O
qui	O
authentifient	O
son	O
savoir	O
:	O
inscriptions	O
anciennes,	O
sculptures	O
mais	O
aussi	O
monuments	O
que	O
seuls	O
ceux	O
qui	O
observent	O
le	O
sol	O
et	O
parfois	O
le	O
fouillent	O
sont	O
à	O
même	O
de	O
découvrir.	O
Les	O
antiquaires	O
ne	O
sont	O
pas	O
seulement	O
des	O
hommes	O
de	O
cabinet	O
:	O
ils	O
doivent	O
être	O
par	O
la	O
force	O
des	O
choses	O
des	O
hommes	O
de	O
terrain	O
qui	O
vont	O
chercher	O
à	O
la	O
surface	O
ou	O
dans	O
les	O
profondeurs	O
du	O
sol	O
ce	O
qui	O
est	O
nécessaire	O
à	O
leur	O
démonstration.	O
Les	O
antiquaires	O
orientaux	O
et	O
le	O
sol	O
L’un	O
des	O
textes	O
les	O
plus	O
anciens	O
dont	O
nous	O
disposons	O
pour	O
nous	O
faire	O
une	O
idée	O
des	O
conceptions	O
du	O
passé	O
des	O
anciens	O
Égyptiens	O
est	O
gravé	O
sur	O
la	O
base	O
d’une	O
statue	O
du	O
prêtre	O
Ka-Wab	B-PER
fils	O
de	O
Khéops	B-PER
(vers	O
2700	O
av.	O
J.-C.)	O
;	O
l’inscription	O
est	O
due	O
à	O
un	O
certain	O
Khaemois/Khâemouasset	B-PER
,	O
lui	O
aussi	O
fils	O
du	O
pharaon	O
Ramsès	B-PER
II	I-PER
(1290-1224	O
av.	O
J.-C.),	O
prêtre	O
et	O
conservateur	O
du	O
domaine	O
de	O
Memphis	B-LOC
.	O
Khaemois	B-PER
s’enorgueillit	O
d’avoir	O
découvert,	O
exhumé	O
et	O
restauré	O
la	O
statue	O
de	O
son	O
lointain	O
prédécesseur	O
:	O
Par	O
le	O
grand	O
maître	O
des	O
chefs	O
d’ateliers	O
artisanaux,	O
le	O
prêtre	O
Sem	B-PER
,	O
le	O
fils	O
royal	O
Kha’mouasset	B-PER
.	O
[Khaemois],	O
dont	O
le	O
cœur	O
[…]	O
à	O
cause	O
de	O
la	O
présente	O
statue	O
du	O
fils	O
royal	O
Kaouab	B-PER
,	O
qu’il	O
a	O
saisie	O
alors	O
qu’elle	O
était	O
au	O
rebut	O
dans…	O
aimé	O
de	O
son	O
père	O
le	O
roi	O
de	O
Basse	O
et	O
Haute	O
Égypte	B-LOC
Kheops	B-PER
,	O
en	O
bon	O
état…	O
pour	O
lui	O
donner	O
une	O
place	O
dans	O
la	O
faveur	O
des	O
dieux,	O
en	O
compagnie	O
des	O
esprits	O
excellents	O
qui	O
président	O
au	O
château	O
de	O
Ka	O
à	O
Ro-Setaou	B-LOC
,	O
tant	O
il	O
aime	O
les	O
nobles	O
ancêtres	O
qui	O
vivaient	O
auparavant	O
et	O
dont	O
toutes	O
les	O
actions	O
furent	O
remarquables,	O
véritablement	O
utiles	O
un	O
million	O
de	O
fois	O
;	O
que	O
cela	O
dure,	O
selon	O
toute	O
vie,	O
stabilité,	O
puissance,	O
le	O
prêtre	O
Sem	B-PER
,	O
le	O
fils	O
royal	O
Kha’mouasset	B-PER
,	O
après	O
qu’il	O
eut	O
rétabli	O
tous	O
les	O
rites	O
de	O
ce	O
temple	O
qui	O
étaient	O
tombés	O
dans	O
l’oubli	O
de	O
la	O
mémoire	O
des	O
hommes,	O
tandis	O
qu’il	O
faisait	O
creuser	O
un	O
bassin	O
en	O
face	O
d’un	O
sanctuaire	O
vénérable,	O
un	O
travail	O
qu’il	O
avait	O
souhaité,	O
lors	O
d’allées	O
et	O
venues	O
pour	O
assainir	O
et	O
apporter	O
de	O
l’eau	O
du	O
khenet	O
de	O
Khepren,	O
pour	O
qu’il	O
soit	O
doué	O
de	O
vie	O
Schnapp,	O
1998,	O
p.	O
405.	O
D’après	O
Gomaa,	O
1973,	O
p.	O
68.	O
.	O
D’emblée	O
le	O
prêtre	O
se	O
définit	O
comme	O
un	O
antiquaire,	O
quelqu’un	O
qui	O
a	O
la	O
charge	O
de	O
veiller	O
à	O
la	O
protection	O
des	O
monuments	O
du	O
passé,	O
mais	O
qui	O
est	O
aussi	O
capable	O
de	O
les	O
interpréter.	O
Toutes	O
les	O
règles	O
classiques	O
d’une	O
curiosité	O
archéologique	O
apparaissent	O
dans	O
ce	O
texte	O
:	O
l’identification	O
précise	O
de	O
l’objet,	O
son	O
assignation	O
à	O
une	O
période	O
et	O
même	O
à	O
une	O
personne	O
en	O
particulier,	O
la	O
volonté	O
d’établir	O
une	O
relation	O
ici	O
de	O
type	O
dynastique	O
avec	O
le	O
passé,	O
et	O
surtout	O
l’idée	O
d’une	O
continuité	O
retrouvée	O
qui	O
procède	O
du	O
rétablissement	O
des	O
rites.	O
Ce	O
qui	O
est	O
frappant	O
dans	O
ce	O
récit,	O
c’est	O
son	O
inscription	O
dans	O
l’espace,	O
le	O
rôle	O
donné	O
au	O
contexte	O
de	O
la	O
découverte.	O
Contre	O
l’érosion	O
des	O
architectures	O
et	O
des	O
statues,	O
l’observation	O
du	O
sol	O
est	O
un	O
outil	O
de	O
mémoire,	O
un	O
moyen	O
de	O
rétablir	O
la	O
continuité	O
fragile	O
mais	O
décisive	O
entre	O
les	O
hommes	O
du	O
présent	O
et	O
ceux	O
du	O
passé.	O
Certes	O
l’excavation	O
est	O
le	O
résultat	O
d’une	O
découverte	O
fortuite	O
liée	O
à	O
l’aménagement	O
du	O
sanctuaire,	O
mais	O
cette	O
circonstance	O
même	O
vient	O
renforcer	O
la	O
dimension	O
antiquaire	O
de	O
l’événement.	O
Il	O
ne	O
s’agit	O
pas	O
d’une	O
quête	O
d’objets	O
rares	O
ou	O
précieux,	O
traditionnelle	O
dans	O
une	O
société	O
qui	O
réserve	O
aux	O
tombeaux	O
les	O
productions	O
les	O
plus	O
rares	O
de	O
l’artisanat,	O
mais	O
d’une	O
affirmation	O
religieuse,	O
culturelle	O
et	O
politique	O
de	O
la	O
mémoire.	O
La	O
redécouverte	O
et	O
l’identification	O
des	O
traces	O
du	O
passé	O
sont	O
les	O
marques	O
d’une	O
piété	O
qui	O
est	O
aussi	O
une	O
forme	O
de	O
respect	O
et	O
d’émotion.	O
Ce	O
souci	O
du	O
passé	O
n’est	O
pas	O
isolé,	O
et	O
les	O
restaurations	O
de	O
Khaemois	B-PER
sont	O
nombreuses	O
Sur	O
ce	O
personnage,	O
voir	O
Gomaa,	O
1973	O
et	O
l’article	O
d’Aufrère,	O
à	O
paraître.	O
.	O
Pour	O
les	O
Égyptiens,	O
la	O
mémoire	O
est	O
un	O
tissu	O
complexe	O
de	O
récits,	O
de	O
monuments	O
et	O
d’objets,	O
et	O
les	O
antiquaires	O
savent	O
à	O
merveille	O
tirer	O
parti	O
d’une	O
tradition	O
monumentale	O
sans	O
égale.	O
L’aventure	O
de	O
Khaemois	B-PER
est	O
particulièrement	O
frappante	O
en	O
ce	O
qu’elle	O
illustre	O
la	O
volonté	O
de	O
remémoration	O
des	O
clercs	O
de	O
l’ancienne	O
Égypte	B-LOC
,	O
et	O
nous	O
verrons	O
que	O
ce	O
genre	O
de	O
sensibilité	O
est	O
commune	O
aussi	O
bien	O
aux	O
Égyptiens	O
et	O
aux	O
Mésopotamiens	O
qu’aux	O
Chinois	O
;	O
toutefois	O
un	O
autre	O
document	O
illustre	O
une	O
curiosité	O
d’un	O
type	O
différent,	O
à	O
la	O
fois	O
privée	O
et	O
plus	O
laïque.	O
Il	O
s’agit	O
d’un	O
fossile	O
découvert	O
par	O
Ernesto	B-PER
Schiaparelli	I-PER
à	O
Héliopolis	B-LOC
dans	O
une	O
zone	O
archéologique	O
aux	O
fonctions	O
mal	O
définies	O
Schiaparelli,	O
1947.	O
Je	O
remercie	O
Sydney	O
Aufrère	O
de	O
m’avoir	O
signalé	O
ce	O
document.	O
.	O
Ce	O
fossile	O
d’un	O
oursin	O
(echinolampas	O
africanus)	O
du	O
lutécien	O
porte	O
une	O
inscription	O
composée	O
de	O
douze	O
signes	O
hiéroglyphiques	O
qu’	O
Ernesto	B-PER
Schiaparelli	I-PER
traduit	O
de	O
la	O
façon	O
suivante	O
:	O
Trouvé	O
au	O
Sud	O
de	O
la	O
carrière	O
de	O
Sopdw	O
par	O
le	O
«	O
père	O
divin	O
»	O
[le	O
prêtre]	O
Tchanefer	B-PER
.	O
Cette	O
carrière	O
est	O
connue	O
par	O
divers	O
témoignages	O
et	O
le	O
nom	O
du	O
prêtre	O
est	O
souvent	O
attesté	O
dans	O
l’onomastique	O
égyptienne	O
à	O
partir	O
du	O
Nouvel	O
Empire.	O
Entre	O
cette	O
inscription	O
et	O
celle	O
de	O
Khaemois	B-PER
,	O
il	O
y	O
a	O
une	O
distance	O
considérable.	O
D’un	O
côté	O
un	O
document	O
officiel	O
qui	O
témoigne	O
de	O
la	O
piété	O
et	O
du	O
savoir	O
de	O
son	O
inventeur,	O
de	O
l’autre	O
un	O
témoignage	O
privé	O
de	O
la	O
curiosité	O
d’un	O
lettré	O
qui	O
ramasse	O
un	O
objet	O
bizarre,	O
un	O
sémiophore	O
(un	O
objet	O
porteur	O
de	O
sens).	O
Il	O
nous	O
est	O
difficile	O
de	O
savoir	O
pour	O
quelles	O
raisons	O
ce	O
prêtre	O
a	O
conservé	O
et	O
étiqueté	O
ce	O
fossile,	O
mais	O
il	O
nous	O
suffit	O
d’imaginer	O
que	O
son	O
intérêt	O
révèle	O
une	O
curiosité	O
qui	O
est	O
à	O
la	O
source	O
de	O
ce	O
que	O
nous	O
appelons	O
la	O
collection.	O
Cet	O
acte	O
suppose	O
d’extraire	O
l’objet	O
d’un	O
environnement	O
fonctionnel	O
ou	O
naturel	O
pour	O
le	O
mettre	O
à	O
part,	O
le	O
décrire	O
sommairement,	O
l’identifier,	O
en	O
bref	O
le	O
constituer	O
en	O
objet	O
de	O
signification…	O
À	O
mi-chemin	O
entre	O
l’antiquaire	O
et	O
le	O
naturaliste,	O
Tchanefer	B-PER
mériterait	O
une	O
place	O
dans	O
la	O
galerie	O
des	O
collectionneurs	O
de	O
l’humanité	O
:	O
il	O
est	O
le	O
premier	O
à	O
associer	O
son	O
nom	O
avec	O
une	O
découverte	O
paléontologique.	O
Par-delà	O
leur	O
curiosité	O
personnelle,	O
scribes	O
et	O
savants	O
d’	O
Égypte	B-LOC
collectent	O
et	O
déchiffrent	O
les	O
inscriptions	O
anciennes.	O
Ce	O
genre	O
de	O
savoir	O
est	O
un	O
outil	O
nécessaire	O
à	O
l’accomplissement	O
du	O
culte	O
et	O
au	O
respect	O
des	O
dieux	O
:	O
il	O
jette	O
un	O
pont	O
entre	O
curiosité	O
et	O
vérité.	O
Le	O
culte	O
des	O
Égyptiens	O
pour	O
les	O
monuments	O
confine	O
à	O
l’obsession,	O
les	O
pharaons	O
s’emploient	O
à	O
construire	O
des	O
«	O
monuments	O
d’éternité	O
».	O
La	O
maîtrise	O
des	O
arts	O
est	O
une	O
des	O
conditions	O
de	O
la	O
gloire	O
du	O
souverain,	O
elle	O
concrétise	O
l’espoir	O
d’une	O
longévité	O
supérieure	O
à	O
celle	O
de	O
la	O
vie	O
humaine	O
et	O
constitue	O
une	O
sorte	O
de	O
garantie	O
de	O
mémoire	O
qui	O
associe	O
le	O
monument	O
et	O
son	O
commanditaire.	O
Dans	O
la	O
vision	O
égyptienne	O
de	O
la	O
création	O
et	O
de	O
la	O
réalisation	O
d’un	O
monument,	O
l’artisan	O
est	O
un	O
personnage	O
inspiré	O
capable	O
de	O
communication	O
avec	O
les	O
dieux,	O
et	O
cette	O
capacité	O
est	O
le	O
moyen	O
d’échapper	O
à	O
l’érosion	O
qui	O
menace	O
aussi	O
bien	O
les	O
choses	O
que	O
les	O
êtres.	O
La	O
connaissance	O
des	O
secrets	O
du	O
passé	O
est	O
donc	O
l’une	O
des	O
conditions	O
de	O
la	O
réussite	O
de	O
l’œuvre,	O
chaque	O
pharaon	O
est	O
en	O
compétition	O
avec	O
ses	O
prédécesseurs	O
et	O
ses	O
successeurs	O
dans	O
la	O
longue	O
chaîne	O
de	O
la	O
tradition.	O
La	O
récupération	O
de	O
spolia	O
est	O
une	O
manière	O
de	O
distinguer	O
et	O
d’honorer	O
l’œuvre.	O
Ainsi	O
le	O
fils	O
inspiré	O
du	O
pharaon	O
Snefrou	B-PER
(prédécesseur	O
de	O
Khéops	B-PER
),	O
Hordjedef	B-PER
,	O
collectionne-t-il	O
selon	O
le	O
Livre	O
des	O
morts	O
des	O
inscriptions	O
anciennes	O
:	O
Cette	O
formule	O
a	O
été	O
trouvée	O
à	O
Hermopolis	B-LOC
,	O
sur	O
un	O
bloc	O
de	O
quartzite	O
de	O
Haute	O
Égypte	B-LOC
,	O
sous	O
les	O
pieds	O
de	O
ce	O
dieu,	O
au	O
temps	O
de	O
la	O
majesté	O
du	O
roi	O
de	O
Haute	O
et	O
Basse	O
Égypte	B-LOC
Mycérinus	B-PER
,	O
par	O
le	O
prince	O
Hordjedef	B-PER
,	O
qui	O
le	O
trouva	O
quand	O
il	O
vint	O
inspecter	O
les	O
temples,	O
tandis	O
qu’une	O
force	O
l’accompagnait	O
pour	O
cela	O
:	O
il	O
l’avait	O
demandée	O
pour	O
lui	O
en	O
hommage	O
et	O
il	O
l’avait	O
rapportée	O
comme	O
une	O
merveille	O
au	O
roi	O
quand	O
il	O
vit	O
que	O
c’était	O
quelque	O
chose	O
très	O
secret,	O
qui	O
n’avait	O
été	O
ni	O
vu	O
ni	O
aperçu	O
Barguet,	O
1967,	O
p.	O
104-105.	O
.	O
L’Antiquité	O
n’est	O
plus	O
simplement	O
un	O
objet	O
de	O
piété	O
comme	O
dans	O
la	O
découverte	O
de	O
Khaemois	B-PER
,	O
elle	O
s’incarne	O
dans	O
une	O
rareté,	O
quelque	O
chose	O
qui	O
n’est	O
accessible	O
qu’au	O
roi	O
et	O
à	O
ses	O
savants	O
conseillers.	O
Surtout,	O
la	O
découverte	O
procède	O
d’un	O
exercice	O
de	O
savoir	O
bien	O
défini.	O
Hordjedef	B-PER
est	O
une	O
sorte	O
de	O
prospecteur	O
qui	O
passe	O
d’un	O
lieu	O
de	O
culte	O
à	O
l’autre	O
pour	O
s’assurer	O
du	O
respect	O
des	O
rites	O
mais	O
aussi	O
pour	O
découvrir	O
des	O
textes	O
inédits.	O
Il	O
ne	O
se	O
rend	O
pas	O
seulement	O
dans	O
une	O
salle	O
d’archives	O
ou	O
de	O
bibliothèque,	O
il	O
inspecte	O
les	O
monuments,	O
il	O
observe	O
le	O
sol.	O
Un	O
autre	O
texte	O
du	O
même	O
recueil	O
contribue	O
à	O
préciser	O
cette	O
dimension	O
d’antiquaire	O
observateur	O
du	O
paysage	O
:	O
Ce	O
texte	O
est	O
transcrit	O
conformément	O
à	O
ce	O
qui	O
a	O
été	O
trouvé	O
et	O
écrit	O
[par]	O
le	O
prince	O
Hordjedef	B-PER
,	O
qui	O
le	O
trouva	O
dans	O
un	O
coffre	O
secret,	O
en	O
un	O
écrit	O
du	O
dieu	O
lui-même,	O
dans	O
le	O
temple	O
d’	O
Ounou	B-PER
,	O
maîtresse	O
d’	O
Ounou	B-PER
quand	O
il	O
voyageait	O
pour	O
faire	O
l’inspection	O
des	O
temples,	O
des	O
villes,	O
des	O
campagnes,	O
et	O
des	O
buttes	O
des	O
dieux	O
;	O
ce	O
qui	O
est	O
récité	O
en	O
secret	O
dans	O
la	O
Douat,	O
un	O
mystère	O
de	O
la	O
Douat,	O
un	O
mystère	O
de	O
l’empire	O
des	O
morts	O
Ibid.,	O
p.	O
56.	O
Voir	O
Aufrère,	O
art.	O
cité.	O
.	O
La	O
découverte	O
n’est	O
pas	O
fortuite,	O
elle	O
est	O
liée	O
aux	O
tâches	O
d’inspecteur	O
et	O
de	O
gestionnaire	O
du	O
prince.	O
Hordjedef	B-PER
et	O
ses	O
pareils	O
sont	O
des	O
administrateurs	O
du	O
sacré,	O
ils	O
ont	O
pour	O
fonction	O
de	O
pourvoir	O
à	O
l’entretien	O
des	O
sanctuaires,	O
et	O
ces	O
activités	O
réclament	O
des	O
savoirs	O
particuliers	O
et	O
une	O
attention	O
à	O
des	O
signes	O
cryptiques	O
que	O
les	O
dieux	O
envoient	O
aux	O
hommes.	O
Et	O
les	O
dieux	O
révèlent	O
à	O
l’émissaire	O
du	O
pharaon	O
ce	O
qu’ils	O
avaient	O
caché	O
aux	O
autres	O
hommes	O
et	O
aux	O
autres	O
rois	O
:	O
le	O
texte	O
original,	O
œuvre	O
des	O
dieux	O
eux-mêmes,	O
message	O
trop	O
précieux	O
pour	O
être	O
dévoilé	O
à	O
un	O
autre	O
qu’au	O
pharaon.	O
Les	O
scribes	O
certifient	O
l’authenticité	O
du	O
message	O
transcrit	O
par	O
le	O
prince	O
et	O
soigneusement	O
recopié.	O
Le	O
statut	O
du	O
texte,	O
ses	O
conditions	O
de	O
conservation	O
et	O
de	O
transmission	O
font	O
partie	O
de	O
l’histoire	O
qui,	O
pour	O
être	O
reçue,	O
doit	O
produire	O
un	O
effet	O
de	O
réel	O
:	O
la	O
curiosité	O
antiquaire,	O
les	O
méthodes	O
qui	O
l’accompagnent	O
sont	O
là	O
pour	O
en	O
témoigner.	O
Les	O
scribes	O
sont	O
des	O
explorateurs	O
autant	O
que	O
des	O
lettrés.	O
À	O
l’appui	O
de	O
leurs	O
textes	O
ils	O
doivent	O
se	O
référer	O
à	O
des	O
monuments	O
et	O
des	O
objets.	O
Beaucoup	O
plus	O
tard	O
(au	O
viii	O
e	O
siècle	O
av.	O
J.-C.),	O
un	O
pharaon	O
venu	O
du	O
Sud,	O
Shabako	B-PER
,	O
fera	O
inscrire	O
ce	O
message	O
sur	O
un	O
bloc	O
de	O
granit	O
noir	O
du	O
sanctuaire	O
de	O
Ptah	B-PER
à	O
Memphis	B-LOC
:	O
Sa	O
majesté	O
a	O
écrit	O
une	O
nouvelle	O
copie	O
de	O
ce	O
document	O
dans	O
la	O
maison	O
de	O
son	O
père	O
Ptah	B-PER
.	O
Sa	O
majesté	O
l’avait	O
découvert	O
comme	O
l’œuvre	O
des	O
ancêtres	O
qui	O
avait	O
été	O
dévorée	O
par	O
les	O
vers	O
et	O
qui	O
n’était	O
pas	O
[complètement]	O
lisible	O
du	O
début	O
à	O
la	O
fin.	O
C’est	O
pourquoi	O
sa	O
majesté	O
l’écrivit	O
à	O
nouveau	O
en	O
sorte	O
qu’elle	O
soit	O
plus	O
belle	O
qu’elle	O
n’était	O
auparavant,	O
en	O
sorte	O
que	O
son	O
nom	O
perdure	O
et	O
que	O
son	O
monument	O
reste	O
dans	O
la	O
demeure	O
de	O
son	O
père	O
Ptah	B-PER
pour	O
toujours	O
Bull,	O
in	O
Dentan,	O
1955,	O
p	O
97.	O
.	O
Le	O
texte	O
ainsi	O
soigneusement	O
recopié	O
remonte	O
par	O
sa	O
langue	O
et	O
son	O
orthographe	O
à	O
l’Ancien	O
Empire,	O
soit	O
deux	O
bons	O
millénaires	O
avant	O
le	O
règne	O
de	O
ce	O
pharaon	O
qui,	O
par	O
cet	O
acte	O
de	O
piété,	O
a	O
voulu	O
contribuer	O
à	O
la	O
survie	O
de	O
sa	O
propre	O
mémoire	O
en	O
préservant	O
le	O
message	O
du	O
dieu.	O
Pour	O
la	O
première	O
fois,	O
semble-t-il,	O
ce	O
sont	O
les	O
vers,	O
et	O
non	O
pas	O
les	O
souris	O
chères	O
à	O
Karl	B-PER
Marx	I-PER
,	O
qui	O
ont	O
exercé	O
une	O
rongeuse	O
critique	O
sur	O
un	O
papyrus	O
ou	O
une	O
plaquette	O
de	O
bois.	O
En	O
tout	O
cas,	O
ce	O
texte	O
offre	O
une	O
belle	O
illustration	O
des	O
rapports	O
entre	O
monumentalité	O
et	O
textualité	O
dans	O
l’	O
Égypte	B-LOC
ancienne.	O
Si	O
le	O
monument	O
est	O
à	O
son	O
tour	O
un	O
texte,	O
le	O
scribe	O
ne	O
peut	O
rester	O
enfermé	O
dans	O
sa	O
bibliothèque	O
:	O
il	O
doit	O
rencontrer	O
le	O
passé	O
sur	O
le	O
terrain.	O
Les	O
monuments	O
incarnent	O
une	O
communication	O
muette,	O
ils	O
captivent,	O
séduisent	O
ou	O
impressionnent,	O
et	O
les	O
Grecs,	O
les	O
premiers	O
depuis	O
Hécatée	B-PER
d’Abdère	I-PER
,	O
ont	O
été	O
fascinés	O
par	O
le	O
message	O
muet	O
des	O
nécropoles	O
égyptiennes.	O
Car	O
les	O
habitants	O
de	O
l’	O
Égypte	B-LOC
considèrent	O
le	O
temps	O
de	O
la	O
vie	O
humaine	O
comme	O
sans	O
importance	O
et	O
pensent	O
que	O
le	O
moment	O
d’après	O
la	O
mort	O
est	O
d’une	O
plus	O
grande	O
importance	O
car	O
la	O
vertu	O
le	O
rend	O
digne	O
de	O
mémoire	O
;	O
les	O
habitations	O
des	O
vivants,	O
ils	O
les	O
appellent	O
des	O
auberges,	O
puisque	O
nous	O
ne	O
les	O
habitons	O
qu’un	O
bref	O
moment,	O
celles	O
des	O
disparus,	O
ils	O
leur	O
donnent	O
le	O
nom	O
de	O
maisons	O
d’éternité,	O
parce	O
que	O
le	O
temps	O
qu’ils	O
passent	O
dans	O
l’Hadès	O
n’a	O
pas	O
de	O
fin.	O
C’est	O
pourquoi	O
les	O
Égyptiens	O
ne	O
s’occupent	O
guère	O
de	O
l’aménagement	O
de	O
leurs	O
maisons,	O
mais	O
pour	O
leurs	O
tombes	O
ils	O
ne	O
s’épargnent	O
aucun	O
des	O
excès	O
de	O
l’ambition	O
Diodore	O
De	O
Sicile,	O
Bibliothèque	O
historique,	O
I,	O
51,	O
2.	O
.	O
Les	O
Grecs	O
ont	O
donc	O
vu	O
l’	O
Égypte	B-LOC
comme	O
une	O
«	O
demeure	O
d’éternité	O
»,	O
comme	O
une	O
civilisation	O
qui	O
privilégie	O
l’au-delà	O
face	O
à	O
la	O
brièveté	O
de	O
la	O
vie	O
humaine.	O
Jan	B-PER
Assmann	I-PER
a	O
fort	O
bien	O
souligné	O
que	O
cette	O
singularité	O
égyptienne	O
relevait	O
d’une	O
dialectique	O
savante	O
entre	O
monument,	O
écriture	O
et	O
mémoire	O
qui	O
n’a	O
guère	O
de	O
parallèle.	O
Il	O
faut	O
laisser	O
une	O
trace	O
de	O
soi	O
;	O
et,	O
pour	O
l’inscrire	O
dans	O
la	O
longue	O
durée,	O
monument	O
et	O
écriture	O
se	O
conjuguent	O
au	O
service	O
de	O
la	O
mémoire.	O
Mais	O
les	O
Grecs	O
n’ont	O
saisi	O
qu’une	O
partie	O
de	O
ce	O
besoin	O
de	O
mémoire,	O
car	O
ils	O
n’avaient	O
pas	O
accès	O
aux	O
textes	O
que	O
le	O
déchiffrement	O
des	O
hiéroglyphes	O
nous	O
a	O
rendu	O
compréhensibles.	O
Il	O
ne	O
fait	O
donc	O
aucun	O
doute	O
que	O
l’	O
Égypte	B-LOC
ancienne	O
a	O
jeté	O
les	O
bases	O
des	O
pratiques	O
antiquaires	O
et	O
qu’elle	O
a	O
créé	O
un	O
univers	O
culturel	O
dans	O
lequel	O
la	O
relation	O
entre	O
le	O
passé	O
et	O
le	O
présent,	O
ainsi	O
que	O
la	O
concurrence	O
des	O
formes	O
verbales	O
et	O
monumentales	O
du	O
souvenir,	O
contribue	O
à	O
donner	O
un	O
cadre	O
historique,	O
religieux,	O
à	O
des	O
exercices	O
de	O
mémorisation	O
sociale	O
d’un	O
style	O
particulier.	O
Si	O
chacun,	O
du	O
plus	O
noble	O
au	O
plus	O
humble,	O
pense	O
à	O
se	O
projeter	O
dans	O
les	O
temps	O
qui	O
suivront	O
sa	O
mort	O
biologique,	O
il	O
lui	O
faut	O
aussi	O
se	O
tourner	O
vers	O
un	O
passé	O
aussi	O
lointain	O
qu’obsédant	O
dont	O
les	O
ruines	O
dominent	O
le	O
paysage	O
quotidien.	O
Chaque	O
individu	O
veut	O
ajouter	O
ses	O
propres	O
ruines	O
à	O
celles	O
du	O
passé,	O
en	O
créant	O
de	O
nouvelles	O
pyramides	O
ou	O
de	O
nouveaux	O
poèmes,	O
destinés	O
à	O
survivre	O
à	O
l’érosion.	O
Ainsi	O
les	O
hommes	O
acceptent-ils	O
l’idée	O
que	O
le	O
souvenir	O
doive	O
en	O
quelque	O
sorte	O
pactiser	O
avec	O
la	O
ruine.	O
L’infiniment	O
grand,	O
l’infiniment	O
petit	O
ou	O
l’infiniment	O
beau	O
sont	O
des	O
moyens	O
de	O
lutter	O
contre	O
le	O
temps,	O
des	O
outils	O
pour	O
résister	O
à	O
l’érosion	O
:	O
pharaon	O
architecte,	O
scribe	O
ou	O
poète,	O
chacun	O
a	O
recours	O
à	O
une	O
stratégie	O
qui	O
utilise	O
(parfois	O
en	O
les	O
associant)	O
ce	O
genre	O
de	O
moyens.	O
Les	O
Égyptiens	O
sont	O
en	O
quelque	O
manière	O
des	O
antiquaires	O
pyromanes	O
qui	O
anticipent	O
la	O
ruine	O
dans	O
l’ébauche	O
du	O
monument.	O
En	O
ce	O
sens	O
leur	O
expérience	O
des	O
ruines	O
annonce	O
la	O
«	O
ruine	O
des	O
ruines	O
»	O
chère	O
à	O
Benjamin	B-PER
Péret	I-PER
:	O
Chassé	O
par	O
mille	O
fantômes	O
obsédants,	O
l’homme	O
sort	O
en	O
hurlant	O
d’un	O
château	O
de	O
ténèbres	O
inoubliables	O
qui	O
le	O
hantera	O
toute	O
sa	O
vie,	O
jusqu’à	O
ce	O
que,	O
mort,	O
on	O
l’enferme	O
dans	O
un	O
autre	O
château,	O
épouvantail	O
ridicule	O
celui-ci	O
et	O
bâti	O
à	O
la	O
mesure	O
du	O
vers	O
qui	O
le	O
ronge.	O
Mais	O
voici	O
l’homme,	O
fantôme	O
pour	O
lui-même	O
et	O
château	O
visité	O
par	O
son	O
propre	O
fantôme.	O
Aussi	O
loin	O
qu’on	O
le	O
retrouve,	O
aussi	O
jeune	O
qu’on	O
le	O
voie,	O
son	O
désir	O
prend	O
la	O
forme	O
d’un	O
château	O
:	O
caverne	O
disputée	O
à	O
l’ours	O
ou	O
construction	O
minuscule	O
dont	O
la	O
mémoire	O
ne	O
gardera	O
qu’une	O
image	O
d’aventurine	O
Péret,	O
1939.	O
.	O
Péret	B-PER
ne	O
cite	O
pas	O
la	O
pyramide	O
dans	O
son	O
essai,	O
mais	O
la	O
caverne	O
est	O
le	O
pendant	O
de	O
la	O
pyramide	O
:	O
à	O
la	O
fois	O
tombeau	O
et	O
texte,	O
architecture	O
tentaculaire	O
et	O
modèle	O
réduit,	O
construction	O
futuriste	O
et	O
ruine.	O
Le	O
texte	O
de	O
Péret	B-PER
établit	O
une	O
relation	O
presque	O
égyptienne	O
entre	O
le	O
château	O
que	O
l’homme	O
habite	O
et	O
la	O
tombe	O
qui	O
marque	O
sa	O
fin	O
dernière.	O
Tout	O
château	O
si	O
prestigieux	O
soit-il	O
est	O
destiné	O
à	O
devenir	O
tombe,	O
et	O
toute	O
tombe	O
est	O
oubli.	O
Parce	O
qu’elle	O
est	O
une	O
civilisation	O
des	O
monuments,	O
l’	O
Égypte	B-LOC
ancienne	O
produit	O
des	O
antiquaires	O
de	O
terrain	O
qui	O
parcourent	O
des	O
paysages	O
sacrés	O
pour	O
les	O
constituer	O
en	O
source	O
de	O
savoir	O
et	O
de	O
réflexion	O
philosophique.	O
L’antiquaire	O
égyptien,	O
comme	O
l’antiquaire	O
de	O
la	O
Renaissance,	O
est	O
un	O
périégète.	O
Les	O
souverains	O
mésopotamiens	O
ne	O
sont	O
pas	O
moins	O
antiquaires	O
que	O
les	O
Égyptiens	O
;	O
comme	O
eux,	O
ils	O
établissent	O
une	O
équation	O
entre	O
le	O
Prince	O
et	O
les	O
monuments,	O
mais	O
en	O
remplaçant	O
la	O
pierre	O
par	O
la	O
brique	O
;	O
comme	O
eux,	O
ils	O
ont	O
recours	O
à	O
l’écriture	O
comme	O
un	O
moyen	O
de	O
communication	O
entre	O
les	O
générations	O
;	O
comme	O
eux,	O
ils	O
favorisent	O
la	O
naissance	O
d’une	O
culture	O
lettrée	O
qui	O
nécessite	O
le	O
recours	O
à	O
la	O
tradition,	O
aux	O
textes	O
antérieurs,	O
voire	O
au	O
savoir	O
des	O
anciens.	O
Le	O
souverain	O
babylonien	O
est	O
par	O
définition	O
un	O
bâtisseur.	O
Comme	O
Sylvie	B-PER
Lackenbacher	I-PER
l’a	O
démontré,	O
la	O
rapide	O
destruction	O
des	O
architectures	O
de	O
brique	O
impose	O
au	O
roi	O
une	O
surveillance	O
constante	O
de	O
ses	O
palais.	O
Temples	O
et	O
demeures	O
doivent	O
être	O
périodiquement	O
reconstruits,	O
et	O
cette	O
reconstruction	O
est	O
à	O
la	O
fois	O
un	O
acte	O
de	O
piété	O
et	O
un	O
acte	O
politique.	O
La	O
révérence	O
des	O
souverains	O
du	O
présent	O
envers	O
les	O
souverains	O
du	O
passé	O
réclame	O
une	O
continuité	O
culturelle	O
et	O
une	O
capacité	O
à	O
déchiffrer	O
les	O
écritures	O
anciennes	O
au	O
long	O
des	O
siècles,	O
voire	O
des	O
millénaires.	O
Le	O
processus	O
de	O
construction	O
est	O
ainsi	O
un	O
processus	O
de	O
reconstruction	O
:	O
il	O
faut	O
retrouver	O
les	O
traces	O
des	O
anciens	O
temples	O
et	O
palais	O
pour	O
en	O
bâtir	O
de	O
nouveaux	O
qui	O
soient	O
à	O
la	O
fois	O
identiques	O
et	O
différents	O
:	O
La	O
mémoire	O
du	O
monument	O
devenait	O
plus	O
importante	O
que	O
le	O
monument	O
lui-même	O
dont	O
l’existence	O
n’était	O
pas	O
liée	O
à	O
sa	O
forme	O
concrète	O
:	O
l’idée	O
l’emportait	O
sur	O
une	O
réalité	O
fugitive	O
Lackenbacher,	O
1990,	O
p.	O
183.	O
.	O
Les	O
pharaons	O
répondaient	O
au	O
défi	O
de	O
l’érosion	O
par	O
le	O
caractère	O
massif	O
et	O
solide	O
de	O
leurs	O
constructions	O
;	O
les	O
souverains	O
mésopotamiens	O
ont	O
imaginé	O
une	O
autre	O
solution,	O
celle	O
d’organiser	O
la	O
mémoire	O
de	O
leurs	O
reconstructions	O
continuelles	O
grâce	O
à	O
des	O
briques	O
de	O
fondations	O
et	O
à	O
des	O
inscriptions	O
dédicatoires	O
systématiquement	O
produites	O
à	O
l’occasion	O
de	O
la	O
construction	O
des	O
édifices.	O
Certes,	O
les	O
pharaons	O
n’hésitaient	O
pas	O
à	O
se	O
glorifier	O
de	O
leurs	O
travaux	O
par	O
des	O
inscriptions,	O
mais	O
les	O
souverains	O
mésopotamiens	O
vont	O
beaucoup	O
plus	O
loin	O
en	O
créant	O
un	O
formulaire	O
décliné	O
à	O
l’infini,	O
qui	O
insiste	O
sur	O
leur	O
piété,	O
leur	O
grandeur	O
et	O
la	O
continuité	O
qu’ils	O
établissent	O
entre	O
leurs	O
prédécesseurs	O
et	O
leurs	O
successeurs.	O
Néanmoins,	O
il	O
y	O
a	O
là	O
quelques	O
évidentes	O
différences	O
de	O
comportement	O
et	O
de	O
technique.	O
Les	O
pharaons	O
s’employaient	O
à	O
résister	O
à	O
l’érosion	O
en	O
s’appuyant	O
sur	O
la	O
masse	O
indestructible	O
d’immenses	O
édifices	O
de	O
pierres.	O
Les	O
souverains	O
mésopotamiens	O
imaginèrent	O
de	O
recourir	O
à	O
une	O
autre	O
solution	O
:	O
ils	O
disposèrent	O
dans	O
les	O
fondations	O
de	O
leurs	O
palais	O
ou	O
temples	O
des	O
briques	O
inscrites,	O
respectueusement	O
enfouies.	O
Ces	O
briques	O
portaient	O
des	O
inscriptions	O
à	O
la	O
gloire	O
du	O
souverain	O
;	O
elles	O
attestaient	O
sa	O
piété	O
autant	O
que	O
sa	O
munificence.	O
Elles	O
constituaient	O
un	O
message	O
que	O
chaque	O
souverain	O
envoyait	O
à	O
ses	O
descendants	O
en	O
même	O
temps	O
qu’un	O
témoignage	O
de	O
sa	O
connaissance	O
des	O
réalisations	O
de	O
ses	O
prédécesseurs.	O
Ce	O
savoir-faire	O
cependant	O
est	O
un	O
peu	O
ironique	O
:	O
ce	O
ne	O
sont	O
pas	O
la	O
solidité	O
des	O
murs,	O
la	O
somptuosité	O
des	O
décors	O
sculptés	O
ou	O
peints	O
qui	O
témoignent	O
de	O
la	O
grandeur	O
du	O
souverain,	O
mais	O
des	O
briques	O
de	O
terre	O
crue	O
séchées	O
au	O
soleil	O
et	O
soigneusement	O
inscrites	O
par	O
des	O
scribes	O
vigilants.	O
Face	O
aux	O
pierres	O
majestueuses	O
des	O
pharaons,	O
les	O
souverains	O
mésopotamiens	O
savent	O
la	O
fragilité	O
de	O
leurs	O
constructions	O
de	O
briques	O
crues.	O
Ils	O
proclament	O
donc	O
très	O
haut	O
et	O
très	O
fort	O
leur	O
grandeur	O
en	O
ayant	O
recours	O
à	O
ce	O
modeste	O
moyen	O
de	O
communication	O
avec	O
le	O
futur.	O
Cette	O
subtile	O
stratégie	O
repose	O
sur	O
un	O
savoir	O
partagé	O
qui	O
unit	O
les	O
scribes	O
par-delà	O
les	O
millénaires.	O
Elle	O
suppose	O
une	O
capacité	O
philologique,	O
c’est-à-dire	O
une	O
aptitude	O
à	O
maîtriser	O
les	O
graphies	O
archaïques	O
et	O
les	O
traditions	O
diplomatiques	O
qui	O
est	O
la	O
marque	O
originale	O
des	O
scribes	O
mésopotamiens	O
dont	O
nous	O
savons	O
qu’ils	O
étaient	O
des	O
collectionneurs	O
d’inscriptions	O
autant	O
que	O
d’habiles	O
traducteurs.	O
Égyptiens	O
et	O
Mésopotamiens	O
démontrent	O
la	O
même	O
foi	O
et	O
le	O
même	O
intérêt	O
pour	O
le	O
passé,	O
mais	O
les	O
moyens	O
qu’ils	O
déploient	O
pour	O
l’explorer	O
sont	O
différents.	O
Conscients	O
de	O
la	O
fragilité	O
de	O
leur	O
construction	O
de	O
briques,	O
les	O
Mésopotamiens	O
s’acharnent	O
à	O
combattre	O
l’érosion	O
par	O
le	O
savoir	O
:	O
leurs	O
palais	O
si	O
vite	O
détruits	O
quand	O
ils	O
ne	O
sont	O
plus	O
entretenus	O
recèlent	O
des	O
briques	O
de	O
fondations	O
qui	O
sont	O
protégées	O
par	O
les	O
ruines.	O
Pour	O
communiquer	O
avec	O
le	O
passé,	O
il	O
ne	O
suffit	O
pas	O
d’inscrire	O
des	O
messages	O
pieusement	O
déposés	O
dans	O
le	O
sol,	O
il	O
faut	O
s’assurer	O
que	O
rois	O
et	O
scribes	O
des	O
générations	O
à	O
venir	O
iront	O
fouiller	O
ce	O
même	O
sol	O
pour	O
y	O
retrouver	O
ces	O
traces	O
indestructibles.	O
Cette	O
avidité	O
à	O
explorer	O
le	O
sol,	O
à	O
dégager	O
les	O
substructions	O
précédentes,	O
à	O
dater	O
et	O
interpréter	O
les	O
murs,	O
objets	O
et	O
inscriptions	O
qui	O
apparaissent,	O
a	O
quelque	O
chose	O
de	O
troublant	O
pour	O
l’archéologue	O
moderne	O
qui	O
a	O
parfois	O
l’impression	O
de	O
rencontrer	O
des	O
prédécesseurs	O
aussi	O
passionnés	O
que	O
lui.	O
Godefroy	B-PER
Goossens	I-PER
a	O
cependant	O
nuancé	O
cette	O
image	O
des	O
rois	O
néo-babyloniens	O
en	O
insistant	O
sur	O
la	O
dimension	O
religieuse	O
et	O
politique	O
de	O
cette	O
attitude	O
à	O
un	O
moment	O
où	O
la	O
tradition	O
mésopotamienne,	O
se	O
sentant	O
menacée,	O
allait	O
chercher	O
dans	O
un	O
lointain	O
passé	O
un	O
renfort	O
et	O
une	O
consolation.	O
Car	O
les	O
souverains	O
et	O
leurs	O
scribes	O
cherchent	O
dans	O
le	O
sol	O
des	O
temples	O
quelque	O
chose	O
de	O
bien	O
précis	O
:	O
Un	O
mot	O
revient	O
sans	O
cesse	O
lorsqu’il	O
est	O
question	O
de	O
ces	O
fouilles,	O
un	O
mot	O
qui	O
caractérise	O
ce	O
qu’on	O
recherche	O
et	O
qu’on	O
trouve,	O
le	O
mot	O
temenu…	O
le	O
temenu	O
est	O
l’ancien	O
texte	O
de	O
fondation	O
qui	O
authentifie	O
la	O
construction	O
d’un	O
temple.	O
Son	O
antiquité	O
peut	O
être	O
toute	O
relative,	O
il	O
suffit	O
que	O
le	O
texte	O
ait	O
été	O
déposé	O
par	O
les	O
prédécesseurs	O
du	O
roi,	O
mais	O
elle	O
est	O
indispensable,	O
car	O
d’autre	O
part	O
pour	O
désigner	O
son	O
propre	O
texte	O
de	O
fondation,	O
un	O
roi	O
ne	O
parle	O
pas	O
de	O
temenu	O
mais	O
de	O
sitru	O
Goossens,	O
1948,	O
p.	O
149-160.	O
.	O
La	O
nature	O
même	O
du	O
temenu	O
importe	O
peu	O
:	O
il	O
peut	O
s’agir	O
d’un	O
cône	O
ou	O
d’un	O
cylindre	O
en	O
terre	O
cuite,	O
d’une	O
tablette,	O
voire	O
d’un	O
dépôt	O
de	O
fondation	O
avec	O
tablettes	O
d’or	O
et	O
de	O
lapis-lazuli,	O
parfois	O
même	O
d’une	O
statue	O
portant	O
une	O
inscription.	O
Ce	O
qui	O
constitue	O
le	O
temenu,	O
c’est	O
donc	O
la	O
preuve	O
d’une	O
tradition,	O
même	O
s’il	O
apparaît	O
par	O
la	O
suite	O
que	O
cette	O
tradition	O
est	O
fausse	O
du	O
fait	O
qu’un	O
document	O
plus	O
ancien	O
la	O
contredit.	O
La	O
preuve	O
ne	O
résulte	O
pas	O
nécessairement	O
d’un	O
document	O
écrit,	O
quoique	O
ce	O
soit	O
préférable,	O
mais	O
à	O
défaut	O
de	O
texte	O
on	O
peut	O
admettre	O
comme	O
temenu	O
toute	O
pièce	O
d’antiquité	O
certaine	O
trouvée	O
au	O
cours	O
des	O
recherches	O
Ibid.,	O
p.	O
151.	O
.	O
La	O
recherche	O
du	O
passé	O
est	O
donc	O
un	O
exercice	O
de	O
piété	O
qui	O
réclame	O
des	O
savoirs	O
complexes.	O
Le	O
roi	O
et	O
ses	O
scribes	O
doivent	O
être	O
capables	O
de	O
déchiffrer	O
les	O
écritures	O
anciennes	O
pour	O
valider	O
leurs	O
découvertes,	O
mais	O
ils	O
doivent	O
aussi	O
reconnaître	O
les	O
traces	O
de	O
temples	O
anciens,	O
de	O
lieux	O
de	O
culte,	O
tirer	O
parti	O
de	O
la	O
topographie	O
et	O
du	O
climat	O
pour	O
déceler	O
des	O
constructions	O
antiques.	O
En	O
somme,	O
le	O
savoir	O
antiquaire	O
est	O
l’un	O
des	O
outils	O
de	O
la	O
fonction	O
royale,	O
un	O
moyen	O
d’affirmer	O
autant	O
la	O
grandeur	O
que	O
l’élection	O
par	O
les	O
dieux	O
du	O
souverain.	O
On	O
le	O
voit,	O
la	O
curiosité	O
pour	O
le	O
passé	O
n’a	O
pas	O
attendu	O
les	O
Grecs	O
pour	O
trouver	O
sa	O
place	O
dans	O
les	O
pratiques	O
religieuses	O
et	O
politiques	O
des	O
peuples	O
de	O
l’	O
Égypte	B-LOC
et	O
de	O
la	O
Mésopotamie	B-LOC
ancienne,	O
au	O
contraire,	O
pourrait-on	O
dire.	O
Leurs	O
royautés	O
millénaires	O
impliquaient	O
par	O
définition	O
des	O
généalogies	O
immenses	O
qui	O
regardaient	O
vers	O
un	O
passé	O
lointain	O
et	O
prestigieux.	O
(Pour	O
les	O
Mésopotamiens,	O
comme	O
l’a	O
établi	O
Elena	B-PER
Cassin	I-PER
Cassin,	O
1969.	O
,	O
le	O
mot	O
«	O
passé	O
»	O
signifie	O
«	O
ce	O
qui	O
est	O
devant	O
nous	O
»	O
et	O
le	O
mot	O
«	O
futur	O
»	O
«	O
ce	O
qui	O
est	O
derrière	O
nous.	O
»)	O
Dans	O
un	O
tel	O
régime	O
historiographique,	O
le	O
monument	O
est	O
un	O
document	O
aussi	O
important	O
que	O
la	O
plus	O
précieuse	O
inscription	O
;	O
ce	O
qui	O
compte,	O
c’est	O
la	O
matérialité	O
du	O
passé,	O
son	O
rapport	O
avec	O
des	O
structures	O
clairement	O
identifiées	O
comme	O
anciennes.	O
Le	O
passé	O
constitue	O
un	O
terrain	O
dont	O
les	O
arpenteurs	O
sont	O
par	O
définition	O
même	O
les	O
antiquaires.	O
La	O
culture	O
chinoise	O
ancienne	O
a	O
elle	O
aussi	O
connu	O
ses	O
antiquaires,	O
mais	O
les	O
Chinois	O
étaient	O
bien	O
plus	O
fascinés	O
par	O
les	O
vases	O
sacrificiels	O
de	O
bronze	O
que	O
par	O
les	O
monuments	O
du	O
passé,	O
si	O
exceptionnels	O
fussent-ils.	O
Certains	O
de	O
ces	O
vases	O
étaient	O
même	O
considérés	O
comme	O
le	O
symbole	O
du	O
pouvoir	O
impérial	O
:	O
si	O
l’empereur	O
venait	O
à	O
les	O
perdre,	O
son	O
pouvoir	O
menaçait	O
de	O
s’effondrer.	O
À	O
côté	O
de	O
ces	O
vases	O
mythiques,	O
cependant,	O
les	O
classes	O
dirigeantes	O
et	O
les	O
lettrés	O
collectionnaient	O
des	O
vases	O
sacrificiels	O
de	O
l’âge	O
du	O
bronze	O
qui	O
étaient	O
identifiés	O
par	O
les	O
inscriptions	O
qu’ils	O
portaient…	O
Nous	O
disposons	O
d’inventaires	O
de	O
ce	O
genre	O
de	O
vases	O
dès	O
le	O
ii	O
e	O
siècle	O
avant	O
J.-C.	O
ainsi	O
que	O
de	O
nombreuses	O
relations	O
de	O
fouilles	O
qui	O
décrivent	O
minutieusement	O
les	O
étapes	O
et	O
les	O
conditions	O
de	O
la	O
découverte.	O
La	O
curiosité	O
pour	O
le	O
passé	O
des	O
anciens	O
Chinois	O
est	O
un	O
phénomène	O
bien	O
connu.	O
La	O
récente	O
découverte	O
d’une	O
tombe	O
du	O
xii	O
e	O
siècle	O
avant	O
J.-C.	O
à	O
Anyang	B-LOC
en	O
porte	O
un	O
évident	O
témoignage.	O
La	O
défunte	O
Fu	B-PER
Hao	I-PER
était	O
enterrée	O
avec	O
une	O
collection	O
de	O
jades	O
dont	O
certains	O
remontaient	O
aux	O
lointaines	O
cultures	O
néolithiques	O
de	O
Hongshan	B-LOC
et	O
de	O
Liangzhu	B-LOC
.	O
Les	O
fouilleurs	O
ont	O
pu	O
établir	O
que	O
ces	O
dépôts	O
funéraires	O
étaient	O
le	O
résultat	O
d’un	O
rituel	O
cérémoniel	O
qui	O
utilisait	O
avec	O
sophistication	O
des	O
références	O
au	O
passé	O
et	O
des	O
références	O
au	O
présent.	O
Que	O
ce	O
type	O
de	O
curiosité	O
soit	O
au	O
cœur	O
de	O
la	O
culture	O
chinoise	O
est	O
une	O
évidence…	O
Quand	O
nous	O
lisons	O
sous	O
le	O
pinceau	O
de	O
Mo	B-PER
Tzu	I-PER
au	O
v	O
e	O
siècle	O
avant	O
J.-C.	O
que	O
les	O
sources	O
de	O
notre	O
savoir	O
reposent	O
dans	O
ce	O
qui	O
est	O
écrit	O
sur	O
le	O
bambou	O
et	O
la	O
soie,	O
ce	O
qui	O
est	O
gravé	O
sur	O
le	O
métal	O
et	O
la	O
pierre,	O
et	O
ce	O
qui	O
est	O
incisé	O
sur	O
des	O
vases	O
pour	O
être	O
transmis	O
à	O
la	O
postérité	O
Chang,	O
1986,	O
p.	O
296.	O
,	O
nous	O
découvrons	O
une	O
définition	O
de	O
la	O
documentation	O
historique	O
qui	O
rappelle	O
la	O
tradition	O
grecque.	O
Mo	B-PER
Tzu	I-PER
était	O
un	O
contemporain	O
de	O
Thucydide	B-PER
,	O
et	O
nous	O
savons	O
que	O
dans	O
la	O
cour	O
royale	O
de	O
la	O
dynastie	O
Shang,	O
scribes	O
et	O
archivistes	O
enregistraient	O
la	O
trace	O
des	O
événements	O
politiques	O
et	O
militaires.	O
Pour	O
«	O
ce	O
qui	O
est	O
incisé	O
sur	O
les	O
vases	O
»,	O
nous	O
disposons	O
chez	O
les	O
Shang	O
et	O
les	O
Chou	O
de	O
l’Est	O
d’un	O
grand	O
nombre	O
d’inscriptions	O
qui	O
ornent	O
les	O
vases	O
rituels	O
de	O
bronze.	O
Kwang	B-PER
Chih	I-PER
Chang	I-PER
a	O
même	O
fait	O
remarquer	O
que	O
l’idée	O
attribuée	O
à	O
