Avec	O
les	O
progrès	O
de	O
la	O
foi,	O
l’erreur	O
vaincue	O
s’effondre.	O
Rome	U-LOC
tout	O
entière,	O
où	O
il	O
n’est	O
plus	O
de	O
place	O
pour	O
le	O
crime	O
et	O
pour	O
le	O
meurtre,	O
donne	O
ses	O
suffrages	O
au	O
nom	O
sacré	O
du	O
Christ.	U-LOC
Elle	O
se	O
moque	O
des	O
inventions	O
de	O
Numa	U-PER
ou	O
des	O
oracles	O
de	O
la	O
Sybille	U-LOC
;	O
la	O
foule	O
répond	O
joyeusement	O
«	O
Amen	U-MISC
»	O
avec	O
les	O
saints	O
pasteurs,	O
dans	O
les	O
nombreuses	O
bergeries	O
du	O
royaume	O
de	O
Dieu.	O
Une	O
sainte	O
clameur	O
de	O
louanges	O
au	O
Dieu	U-MISC
éternel	O
frappe	O
la	O
voûte	O
du	O
ciel	O
;	O
les	O
temples	O
du	O
Capitole	U-LOC
chancellent,	O
frappés	O
à	O
la	O
cime.	O
Dans	O
ces	O
temples	O
désertés,	O
les	O
répugnantes	O
idoles	O
tremblent,	O
frappées	O
au	O
cœur	O
par	O
les	O
pieuses	O
clameurs,	O
renversées	O
par	O
le	O
nom	O
du	O
Christ	U-PER
;	O
les	O
démons	O
terrorisés	O
quittent	O
les	O
sanctuaires	O
abandonnés	O
Paulin	B-PER
de	I-PER
Nole,	L-PER
Poèmes,	O
19,	O
61-71	O
:	O
Crebrescente	U-MISC
fide	O
uictus	O
dilabitur	O
error,	O
/	O
et	O
prope	O
iam	O
nullis	O
sceleri	O
mortique	O
relictis	O
/	O
tota	O
pio	O
Christi	U-PER
censetur	O
nomine	O
Roma,	O
/	O
inridens	O
figmenta	O
Numae	U-PER
uel	O
fata	O
Sibyllae.	U-PER
/	O
Cumque	U-PER
sacris	O
pia	O
turba	O
refert	O
pastoribus	O
Amen	U-MISC
/	O
per	O
numerosa	O
dei	O
regnantis	O
ouilia	O
laetum,	O
/	O
laudibus	O
aeterni	O
domini	O
ferit	O
aethera	O
clamor	O
/	O
sanctus	O
et	O
incusso	O
Capitolia	U-PER
culmine	O
nutant.	O
/	O
In	U-MISC
uacuis	O
simulacra	O
tremant	O
squalentia	O
templis	O
/	O
uocibus	O
icta	O
piis	O
inpulsaque	O
nomine	O
Christi.	U-LOC
/	O
Diffugiunt	U-PER
trepidi	O
desertas	O
daemones	O
aedes.	O
.	O
Du	O
faîte	O
du	O
palais	O
[du	O
Palatin]	U-MISC
on	O
domine	O
les	O
Rostres,	U-MISC
et	O
son	O
entourage	O
de	O
temples	O
est	O
comme	O
un	O
cercle	O
de	O
dieux	O
en	O
faction	O
pour	O
veiller	O
sur	O
lui.	O
Au-dessous	B-MISC
du	I-MISC
sanctuaire	I-MISC
du	I-MISC
Jupiter	I-MISC
Tonnant,	I-MISC
l’œil	L-MISC
ravi	O
voit	O
les	O
Géants	U-PER
suspendus	O
à	O
la	B-LOC
Roche	L-LOC
Tarpéienne,	O
les	O
portes	O
ciselées	O
du	O
Capitole,	U-MISC
les	O
étendards	O
qui	O
flottent	O
jusqu’aux	O
nues,	O
les	O
temples	O
pressés	O
qui	O
remplissent	O
l’espace,	O
le	O
sol	O
planté	O
de	O
colonnes	O
qu’ornent	O
en	O
grand	O
nombre	O
des	O
poupes	O
de	O
navires,	O
les	O
édifices	O
étagés	O
sur	O
les	O
collines	O
où	O
la	O
main	O
de	O
l’homme	U-LOC
a	O
encore	O
ajouté	O
à	O
la	O
nature,	O
une	O
quantité	O
enfin	O
d’arcs	O
de	O
triomphe	O
fastueux	O
et	O
ornés	O
de	O
dépouilles	O
!	O
Claudien,	B-MISC
Panégyrique	L-MISC
sur	O
le	O
sixième	O
consulat	O
d’Honorius,	O
42-51	O
:	O
Attollens	U-LOC
apicem	O
subiectis	O
regia	O
rostris	O
/	O
tot	O
circum	O
delubra	O
uidet	O
tantisque	O
deorum	O
/	O
cingitur	O
excubiis.	O
iuuat	O
infra	O
tecta	O
Tonantis	U-MISC
/	O
Cernere	O
Tarpeia	O
pendentes	O
rupe	O
Gigantas	U-ORG
/	O
caelatasque	O
fores	O
mediisque	O
uolantia	O
signa	O
/	O
nubibus	O
et	O
densum	O
stipantibus	O
aethera	O
templis	O
/	O
aeraque	O
uestitis	O
numerosa	O
puppe	O
columnis	O
/	O
consita	O
subnixasque	O
iugis	O
immanibus	O
aedes,	O
/	O
naturam	O
cumulante	O
manu,	O
spoliisque	O
micantes	O
/	O
Innumeros	U-ORG
arcus.	O
Contrairement	O
à	O
ce	O
qu’affirme	O
Pierre	B-PER
Gros	L-PER
(1996,	O
p.	O
160),	O
il	O
ne	O
nous	O
semble	O
pas	O
que	O
le	O
tecta	O
Tonantis	U-MISC
fasse	O
référence	O
au	O
temple	B-LOC
de	I-LOC
Jupiter	I-LOC
Tonant	L-LOC
consacré	O
par	O
Auguste	U-PER
en	O
22	O
a.C.	O
Une	O
lecture	O
attentive	O
de	O
la	O
description	O
nous	O
mène	O
plutôt	O
à	O
considérer	O
ici	O
Tonans	U-PER
comme	O
une	O
autre	O
dénomination	O
de	O
Iuppiter	U-LOC
Optimus	O
Maximus,	O
à	O
l’instar	O
de	O
son	O
usage	O
dans	O
un	O
passage	O
du	O
Contra	B-MISC
Paganos	I-MISC
(1-2),	L-MISC
poème	O
tardif	O
antipaïen,	O
dans	O
lequel	O
l’auteur	O
anonyme	O
décrie	O
ces	O
notables	O
qui	O
prient	O
les	O
Capitolia	U-PER
celsa	O
Tonantis.	O
Les	O
images	O
mentales	O
de	O
la	O
ville	B-LOC
de	I-LOC
Rome	L-LOC
qui	O
se	O
forment	O
dans	O
notre	O
esprit,	O
à	O
la	O
lecture	O
de	O
ces	O
deux	O
textes,	O
s’avèrent	O
pour	O
le	O
moins	O
contrastées.	O
Et	O
pourtant,	O
ces	O
derniers	O
sont	O
contemporains	O
et	O
s’adressent	O
tous	O
les	O
deux	O
à	O
une	O
audience	O
ou	O
à	O
un	O
destinataire	O
chrétien.	O
Le	O
premier	O
est	O
extrait	O
d’un	O
poème	O
composé	O
en	O
405	O
à	O
l’occasion	O
du	O
natalis	O
de	O
S.	B-PER
Félix	I-PER
de	I-PER
Nole	L-PER
par	O
Paulin,	U-PER
fervent	O
croyant	O
qui,	O
à	O
la	O
manière	O
d’un	O
moine,	O
consacrait	O
désormais	O
sa	O
vie	O
au	O
Christ	U-PER
Sur	O
le	O
personnage	O
et	O
ses	O
œuvres,	O
Trout	O
1999.	O
.	O
Le	O
second	O
provient	O
d’un	O
éloge	O
de	O
Claudien	U-LOC
,	O
poète	O
de	O
cour	O
à	O
l’orientation	O
religieuse	O
traditionnelle,	O
rédigé	O
à	O
l’adresse	U-PER
de	O
l’empereur	O
chrétien	O
Honorius	U-PER
,	O
pour	O
son	O
sixième	O
consulat	O
en	O
404,	O
et	O
lu	O
à	O
Rome	U-LOC
devant	O
celui-ci	O
et	O
un	O
parterre	O
de	O
sénateurs	O
Sur	B-MISC
le	I-MISC
personnage	L-MISC
et	O
sa	O
production	O
poétique	O
dans	O
ce	O
contexte,	O
Cameron	U-PER
1970.	O
Sur	O
la	O
romanité	O
de	O
Claudien,	U-MISC
en	O
dernier	O
lieu	O
Charlet	B-MISC
2013.	L-MISC
.	O
Aucun	O
des	O
deux	O
n’avait	O
tout	O
à	O
fait	O
tort,	O
ni	O
entièrement	O
raison.	O
Poser	O
la	O
question	O
du	O
degré	O
de	O
crédibilité	O
de	O
ces	O
témoignages	O
se	O
révèle	O
essentiel	O
si	O
l’on	O
veut	O
les	O
exploiter	O
dans	O
l’optique	O
d’une	O
description	O
monumentale	O
de	O
la	O
cité	O
La	O
physionomie	O
religieuse	O
de	O
la	O
ville	O
constitue	O
un	O
des	O
principaux	O
objets	O
traités	O
dans	O
la	O
thèse	O
sur	O
la	O
coexistence	O
religieuse	O
dans	O
la	O
Rome	U-LOC
du	O
iv	O
e	O
siècle	O
que	O
nous	O
préparons	O
actuellement	O
sous	O
la	O
direction	O
de	O
Françoise	B-PER
Van	I-PER
Haeperen	L-PER
(UCL)	O
et	O
Nicole	B-PER
Belayche	L-PER
(EPHE).	O
Qu’elles	O
soient	O
ici	O
remerciées	O
ainsi	O
que	O
les	O
experts	O
anonymes	O
pour	O
leurs	O
suggestions	O
qui	O
ont	O
amélioré	O
et	O
enrichi	O
le	O
texte	O
de	O
la	O
présente	O
contribution.	O
Toute	O
erreur	O
restante	O
relève	O
de	O
notre	O
seule	O
responsabilité.	O
,	O
mais	O
elle	O
n’en	O
fait	O
pas	O
surgir	O
l’enjeu	O
véritable,	O
celui	O
d’une	O
production	O
identitaire	O
portée	O
par	O
des	O
représentations	O
discursives	O
de	O
l’espace	U-LOC
Cette	O
problématique	O
du	O
discours	O
autour	O
de	O
la	O
redéfinition	O
de	O
l’identité	O
urbaine	O
romaine	O
a	O
été	O
récemment	O
et	O
succinctement	O
abordée	O
par	O
Brandt	B-MISC
2014	L-MISC
qui	O
s’est	O
concentré	O
sur	O
la	O
figure	O
de	O
Paulin,	U-PER
lequel,	O
conclut-il,	O
ne	O
prendrait	O
au	O
final	O
qu’une	O
part	O
très	O
faible	O
dans	O
cette	O
entreprise	O
discursive	O
d’une	O
médiation	O
avec	O
l’ancienne	O
Rome,	U-MISC
contrairement	O
à	O
l’arsenal	O
rhétorique	O
et	O
poétique	O
que	O
développe	O
un	O
Prudence	U-LOC
par	O
exemple.	O
.	O
Le	O
contenu	O
identitaire	O
ne	O
constitue	O
en	O
effet	O
pas	O
une	O
donnée	O
monolithique	O
;	O
il	O
épouse	O
des	O
contours	O
différents	O
en	O
fonction	O
du	O
contexte	O
d’énonciation	O
et	O
de	O
production	O
des	O
supports	O
au	O
travers	O
desquels	O
l’identité	O
se	O
donne	O
à	O
voir.	O
Ces	O
identités	O
se	O
manifestent,	O
se	O
cristallisent	O
d’autant	O
plus	O
que	O
les	O
individus	O
et	O
les	O
groupes	O
qui	O
en	O
sont	O
porteurs	O
se	O
trouvent	O
en	O
interaction,	O
en	O
opposition,	O
en	O
concurrence.	O
Le	B-MISC
poids	I-MISC
croissant	I-MISC
au	I-MISC
iv	I-MISC
e	I-MISC
siècle	I-MISC
et	I-MISC
la	I-MISC
place	I-MISC
prééminente	L-MISC
dans	O
la	O
première	O
moitié	O
du	O
v	O
e	O
siècle	O
d’une	O
nouvelle	O
appartenance	O
chrétienne,	O
qui	O
se	O
traduisirent	O
également	O
dans	O
l’espace,	O
dans	O
le	O
contexte	O
de	O
la	O
ville	O
hautement	O
symbolique	O
et	O
à	O
la	O
résonance	O
profondément	O
traditionnelle	O
qu’était	O
Rome	U-LOC
,	O
fournissent,	O
pour	O
ce	O
phénomène,	O
un	O
champ	O
d’études	O
essentiel.	O
Les	O
témoignages	O
que	O
l’on	O
possède	O
de	O
cette	O
époque	O
et	O
qui	O
expriment	O
un	O
rapport	O
à	O
l’espace	O
peuvent	O
prendre	O
la	O
forme	O
de	O
passages	O
assez	O
substantiels	O
où	O
l’auteur	O
entreprend	O
une	O
description	O
de	O
la	B-LOC
Ville	L-LOC
(éloges	O
de	O
cité	O
Au	O
fil	O
du	O
temps,	O
s’est	O
constituée	O
une	O
tradition	O
rhétorique	O
de	O
ce	O
type	O
d’éloge,	O
avec	O
ses	O
topiques	O
(Pernot	O
1993,	O
p.	O
178-216).	O
),	O
mais	O
ils	O
peuvent	O
parfois	O
se	O
résumer	O
à	O
quelques	O
mots	O
et	O
à	O
une	O
place	O
secondaire	O
au	O
sein	O
d’un	O
développement	O
plus	O
large	O
Certains	O
de	O
ces	O
témoignages	O
ont	O
fait	O
l’objet	O
d’analyses	O
récentes.	O
On	O
consultera	O
en	O
dernier	O
lieu	O
les	O
travaux	O
de	O
Zarini	U-PER
2007	O
et	O
de	O
Soler	U-PER
2005.	O
.	O
Dans	O
la	O
perspective	O
qui	O
nous	O
occupe,	O
ne	O
pourront	O
être	O
que	O
bénéfiques	O
pour	O
leur	O
examen	O
les	O
clés	O
de	O
lecture	O
issues	O
de	O
la	O
sociologie	O
et	O
de	O
la	O
géographie	O
sociale	O
dont	O
les	O
spécialistes	O
ont	O
déjà	O
approfondi	O
la	O
question	O
de	O
l’espace,	O
de	O
son	O
marquage	O
et	O
de	O
l’identité.	O
La	O
présente	O
contribution	O
s’articulera	O
en	O
deux	O
parties.	O
Dans	O
un	O
premier	O
temps,	O
il	O
s’agira	O
de	O
poser	O
une	O
série	O
de	O
concepts	O
et	O
de	O
proposer	O
des	O
réflexions,	O
empruntés	O
aux	O
disciplines	O
précitées,	O
tout	O
en	O
les	O
croisant	O
essentiellement	O
avec	O
des	O
témoignages	O
relatifs	O
aux	O
représentations	O
païennes	O
du	O
territoire	O
romain	O
pour	O
permettre	O
un	O
éclairage	O
réciproque.	O
Dans	B-MISC
le	I-MISC
second	I-MISC
point	L-MISC
seront	O
exposés	O
quelques	O
traits	O
de	O
l’image	O
du	O
territoire	O
de	O
Rome	U-LOC
telle	O
qu’elle	O
est	O
redéfinie	O
par	O
les	O
chrétiens.	O
Espace,	O
marquage	O
et	O
identité	O
Parmi	O
les	O
chercheurs	O
en	O
sciences	O
sociales	O
qui	O
se	O
sont	O
intéressés	O
à	O
l'espace,	O
Guy	O
Di	O
Méo,	O
sur	O
lequel	O
nous	O
nous	O
appuierons	O
principalement,	O
a	O
cherché	O
à	O
dégager	O
une	O
sorte	O
de	O
triangle	O
interactionnel	O
au	O
centre	O
duquel	O
on	O
peut	O
placer	O
l’identité	O
et	O
dont	O
les	O
trois	O
pôles	O
sont	O
:	O
le	O
sujet	O
humain,	O
la	O
société	O
et	O
l’espace	O
géographique	O
Di	O
Méo	O
2002.	O
.	O
Il	O
est	O
un	O
fait	O
que	O
les	O
sociétés	O
entretiennent	O
avec	O
leur	O
espace	O
une	O
relation	O
à	O
caractère	O
identitaire,	O
une	O
relation	O
territoriale	O
qui,	O
en	O
un	O
jeu	O
de	O
réciprocité,	O
participe	O
à	O
consolider	O
des	O
identités	O
sociales,	O
voire	O
à	O
les	O
former.	O
Par	O
ailleurs,	O
«	O
lieux	O
et	O
territoires	O
ont	O
comme	O
toute	O
chose	O
un	O
double	O
statut	O
de	O
réalité	O
et	O
de	O
représentation	O
»,	U-LOC
précise	O
Guy	B-PER
Di	L-PER
Méo	O
(2002,	O
p.	O
179).	O
Dans	O
le	O
cadre	O
de	O
cette	O
contribution,	O
nous	O
nous	O
focaliserons	O
sur	O
le	O
versant	O
des	O
représentations	O
et	O
ce,	O
au	O
travers	O
des	O
discours.	O
Il	O
serait	O
en	O
effet	O
possible	O
d’ausculter	O
ces	O
représentations	O
par	O
un	O
autre	O
biais,	O
celui	O
de	O
l’iconographie.	O
Dans	B-MISC
un	I-MISC
contexte	L-MISC
comme	O
dans	O
l’autre,	O
les	O
éléments	O
de	O
l’environnement	O
mis	O
en	O
évidence	O
sont	O
perçus	O
comme	O
autant	O
de	O
«	O
marquages	O
»	O
spatiaux.	O
Or,	U-LOC
ceux-ci	O
constituent	O
«	O
la	O
matérialisation	O
d’une	O
appropriation	O
de	O
l’espace	U-LOC
ou	O
comme	O
le	O
vecteur	O
(matériel)	O
de	O
légitimation	O
d’une	O
appropriation	O
de	O
l’espace	B-MISC
Veschambres	L-MISC
2004,	O
p.	O
73.	O
».	B-MISC
Par	I-MISC
suite,	I-MISC
on	I-MISC
comprendra	I-MISC
que	I-MISC
le	I-MISC
marquage	L-MISC
peut	O
participer	O
de	O
la	O
violence	O
symbolique,	O
au	O
sens	O
où	O
l’entendait	O
Pierre	B-PER
Bourdieu	L-PER
,	O
«	O
lorsqu’il	O
inscrit	O
dans	O
la	O
durée	O
l’affirmation	O
de	O
formes	O
d’appropriation	O
de	O
l’espace,	O
dont	O
le	O
caractère	O
socialement	O
arbitraire	O
finit	O
par	O
ne	O
plus	O
être	O
perçu,	O
en	O
évitant	O
donc	O
le	O
recours	O
permanent	O
à	O
la	O
force	O
pour	O
imposer	O
un	O
pouvoir	O
sur	O
un	O
espace	O
donné	O
»	O
Ibid.,	U-LOC
p.	O
74.	O
Sur	O
la	O
notion	O
de	O
«	O
violence	O
symbolique	O
»	O
en	O
général,	O
Bourdieu	U-PER
1992,	O
p.	O
116-149	O
;	O
sur	O
son	O
application	O
à	O
l’espace,	O
Bourdieu	U-PER
2007	O
[1993],	O
en	O
particulier	O
p.	O
255-256.	O
.	O
Toutefois,	U-PER
aucune	O
violence	O
symbolique	O
n’est	U-MISC
parfaite	O
et	O
les	O
formes	O
dominantes	O
de	O
marquage	O
doivent	O
faire	O
face	O
à	O
des	O
formes	O
minoritaires,	O
dissidentes	O
Veschambres	B-MISC
2004,	I-MISC
p.	I-MISC
75.	L-MISC
.	O
Dans	O
certains	O
cas	O
extrêmes,	O
leur	O
statut	O
s’inverse.	O
Les	O
temples	O
romains	O
qui	O
contribuaient	O
à	O
légitimer	O
l’ordre	O
religieux,	O
civique	O
et	O
politique	O
de	O
la	O
cité	O
ont	O
été	O
progressivement	O
remplacés	O
par	O
des	O
églises	O
qui	O
en	O
sont	O
venues	O
à	O
remplir	O
un	O
rôle	O
similaire	O
mais	O
soutenant	O
une	O
organisation	O
religieuse	O
et	O
politique	O
différente.	O
Parmi	O
les	O
formes	O
géographiques	O
impliquées	O
dans	O
des	O
processus	O
identitaires,	O
on	O
en	O
pointera	O
trois	O
essentielles	O
:	O
le	O
cadre	O
naturel,	O
le	O
territoire	O
et	O
le	O
lieu.	O
Le	B-MISC
premier	I-MISC
a	I-MISC
beau	I-MISC
être	L-MISC
une	O
donnée	O
qui	O
s’impose,	O
il	O
n’empêche	O
pas	O
les	O
groupes	O
humains	O
de	O
l’exploiter	O
à	O
leur	O
manière	O
dans	O
une	O
production	O
identitaire.	O
Rutilius	B-PER
Namatianus	L-PER
Sur	O
la	O
vie	O
et	O
l’œuvre	O
du	O
personnage,	O
voir	O
l’introduction	O
de	O
Joëlle	B-PER
Soler	L-PER
dans	O
l’éd.	O
de	O
Wolff	U-PER
2007.	O
,	O
un	O
aristocrate	O
traditionaliste,	O
qui	O
compose	O
son	O
De	B-MISC
reditu	I-MISC
suo,	I-MISC
un	I-MISC
opus	I-MISC
en	I-MISC
hommage	I-MISC
à	I-MISC
Rome	L-MISC
et	O
l’	B-LOC
Italie	L-LOC
qu’il	O
doit	O
quitter	O
pour	O
rentrer	O
dans	O
sa	O
Gaule	U-LOC
natale,	O
à	O
la	O
fin	O
des	O
années	O
410,	O
écrit	O
à	O
propos	O
de	O
l’Vrbs	O
dont	O
il	O
s’éloigne	O
:	O
Et	O
ce	O
lieu,	O
là-bas,	O
qui	O
contient	O
la	O
citadelle	O
souveraine	O
et	O
la	O
capitale	O
de	O
l’univers,	O
ce	O
n’est	O
pas	O
l’indice	O
de	O
la	O
fumée	O
qui	O
me	O
le	O
fait	O
reconnaître	O
[…],	O
mais	O
une	O
zone	O
plus	O
éclatante,	O
une	O
région	O
sereine	O
du	O
ciel	O
marquent	O
le	O
faîte	O
splendide	O
des	O
sept	O
collines	O
Rutilius,	U-PER
Sur	O
son	O
retour,	O
I,	U-MISC
193-198	O
:	O
Nec	U-LOC
locus	O
ille	O
mihi	O
cognoscitur	O
indice	O
fumo,	O
/	O
qui	O
dominas	O
arces	O
et	O
caput	O
orbis	O
habet,	O
/	O
[…].	O
/	O
Sed	U-MISC
caeli	O
plaga	O
candidior	O
tractusque	O
serenus	O
/	O
signat	O
septentis	O
culmina	O
clara	O
iugis.	O
.	O
Les	O
«	O
sept	O
collines	O
»	O
ne	O
constituent	O
pas	O
la	O
simple	O
description	O
d’une	O
situation	O
géomorphologique	O
–	O
à	O
laquelle	O
d’ailleurs	O
elles	O
ne	O
correspondent	O
pas	O
parfaitement,	O
résultant	O
d’une	O
construction,	O
selon	O
certains	O
varronienne,	O
avec	O
sa	O
part	O
d’influence	O
pythagoricienne	O
–,	O
mais	O
elles	O
sont	O
devenues	O
synonymes	O
de	O
Rome	U-LOC
;	O
elles	O
renvoient	O
à	O
leur	O
place	O
dans	O
l’organisation	O
sociale,	O
politique	O
et	O
religieuse	O
du	O
territoire	O
;	O
elles	O
évoquent	O
l’épaisseur	O
historique	O
et	O
mythologique	O
de	O
la	B-LOC
Ville	L-LOC
Sur	O
ce	O
paysage	O
et	O
sa	O
place	O
dans	O
l’imaginaire,	B-MISC
Vout	I-MISC
2012.	I-MISC
L’auteure	L-MISC
se	O
montre	O
réticente	O
quant	O
à	O
l’attribution	O
courante	O
du	O
concept	O
des	O
«	O
sept	O
collines	O
»	O
à	O
Varron.	U-LOC
.	O
La	O
projection	O
mythologique	O
de	O
cette	O
configuration	O
naturelle	O
est	O
poussée	O
plus	O
loin	O
par	O
Claudien,	U-MISC
dans	O
son	O
panégyrique	O
en	O
l’honneur	O
de	O
Stilicon	U-PER
pour	O
son	O
consulat	O
de	O
l’an	O
400	O
:	O
«	O
ses	O
sept	O
collines	O
imitent	O
les	O
zones	O
de	O
l’Olympe	O
»	O
Claudien,	B-PER
Panégyrique	L-PER
pour	O
le	O
consulat	O
de	O
Stilicon,	U-LOC
III,	O
135	O
:	O
Quae	O
septem	O
scopulis	O
zonas	O
imitatur	O
Olympi.	U-LOC
,	O
déclame-t-il.	O
Lorsqu’un	U-LOC
groupe	O
s’approprie	O
délibérément	O
et	O
matériellement	O
un	O
espace,	O
ce	O
dernier	O
devient	O
un	O
territoire,	O
c’est-à-dire	O
«	O
un	O
remarquable	O
champ	O
symbolique,	O
semé	O
de	O
signes	O
qui	O
permettent	O
à	O
chacun	O
de	O
le	O
reconnaître	O
et,	U-MISC
en	O
même	O
temps,	O
de	O
s’identifier	U-LOC
au	O
groupe	O
qui	O
l’investit	O
»	O
Di	B-LOC
Méo	L-LOC
2002,	O
p.	O
178.	O
.	O
Dans	O
le	O
discours,	O
ces	O
signes	O
peuvent	O
faire	O
l’objet	O
d’une	O
sélection	O
pour	O
convoquer	O
une	O
identité,	O
pour	O
permettre	O
l’identification	O
d’un	O
groupe.	O
Intéressons-nous	B-MISC
à	I-MISC
ceux	I-MISC
qui	I-MISC
remplissent	L-MISC
l’éloge	U-PER
succinct	O
qu’Ammien	O
rédige	O
pour	O
rendre	O
compte	O
de	O
la	O
visite,	O
en	O
357,	O
d’un	O
Constance	B-PER
II	L-PER
curieux	O
et	O
impressionné,	O
qui	O
avait	O
parcouru	O
la	O
ville	O
sur	O
un	O
mode	O
triomphal	O
:	O
Aussitôt	O
entré	O
à	O
Rome	U-LOC
,	O
foyer	O
de	O
l’Empire	O
et	O
de	O
toutes	O
les	O
vertus,	O
il	O
vint	O
aux	O
Rostres	U-LOC
et	O
resta	O
confondu	O
devant	O
le	O
forum	O
si	O
glorieux	O
de	O
l’antique	O
puissance	O
romaine,	O
et	O
de	O
quelque	O
côté	O
qu’il	O
portât	O
les	O
yeux,	O
il	O
était	O
ébloui	O
par	O
les	O
merveilles	O
accumulées.	O
[…]	O
Puis,	U-PER
entre	O
les	O
sommets	O
des	O
sept	O
collines,	O
contemplant	O
les	O
quartiers	O
de	O
la	O
cité	O
et	O
ses	O
faubourgs	O
établis	O
sur	O
les	O
pentes	O
et	O
les	O
terrains	O
plats,	O
il	O
pensait	O
que	O
ce	O
qu’il	O
avait	O
vu	O
d’abord	O
l’emportait	O
sur	O
tout	O
le	O
reste	O
:	O
ainsi	O
le	O
sanctuaire	B-LOC
de	I-LOC
Jupiter	I-LOC
Tarpéien,	L-LOC
qui	O
domine	O
tout	O
comme	O
le	O
ciel	O
domine	O
la	O
terre	O
;	O
des	O
thermes	O
aux	O
constructions	O
grandes	O
comme	O
des	O
provinces	O
;	O
la	O
masse	O
de	O
l’amphithéâtre	O
consolidée	O
par	O
un	O
bâti	O
en	O
pierre	O
de	O
Tibur,	U-MISC
et	O
dont	O
le	O
regard	O
de	O
l’homme	U-LOC
n’atteint	O
que	O
difficilement	O
le	O
sommet	O
;	O
le	O
Panthéon,	U-LOC
semblable	O
à	O
un	O
quartier	O
qui	O
serait	O
arrondi,	O
et	O
sa	O
coupole	O
d’une	O
hauteur	O
grandiose	O
;	O
les	O
colonnes	O
élevées,	O
qui	O
se	O
dressent	O
avec	O
leur	O
plateforme	O
accessible	O
et	O
portent	O
les	O
images	O
des	O
anciens	O
empereurs	O
;	O
le	O
temple	O
de	O
la	O
Ville	O
et	O
le	O
Forum	B-ORG
de	I-ORG
la	I-ORG
Paix,	L-ORG
le	O
théâtre	O
de	O
Pompée,	U-PER
l’Odéon,	O
le	O
Stade	U-MISC
et,	O
parmi	O
ceux-ci,	O
les	O
autres	O
ornements	O
de	O
la	O
Ville	O
Éternelle	O
Ammien,	O
Histoire,	O
XVI,	U-MISC
10,	O
13-14	O
:	O
Proinde	B-PER
Romam	L-PER
ingressus	O
imperii	O
uirtutumque	O
omnium	O
larem,	O
cum	O
uenisset	O
ad	O
rostra,	O
perspectissimum	O
priscae	O
potentiae	O
forum,	O
obstupuit	O
perque	O
omne	O
latus	O
quo	O
se	O
oculi	O
contulissent,	O
miraculorum	O
densitate	O
praestrictus	O
[…]	O
Deinde	U-PER
intra	O
septem	O
montium	O
culmina,	O
per	O
accliuitates	O
planitiemque	O
posita	O
urbis	O
membra	O
conlustrans	O
et	O
suburbana,	O
quicquid	O
uiderat	O
primum,	O
id	O
eminere	O
inter	O
alia	O
cuncta	O
sperabat:	O
Iouis	B-PER
Tarpei	L-PER
delubra,	O
quantum	O
terrenis	O
diuina	O
praecellunt	O
;	O
lauacra	O
in	O
modum	O
prouinciarum	O
exstructa	O
;	O
amphitheatri	O
molem	O
solidatam	O
lapidis	O
Tiburtini	U-MISC
compage,	O
ad	O
cuius	O
summitatem	O
aegre	O
uisio	O
humana	O
conscendit	O
;	O
Pantheon	U-PER
uelut	O
regionem	O
teretem	O
speciosa	O
celsitudine	O
fornicatam	O
:	O
elatosque	O
uertices	O
qui	O
scansili	O
suggest	O
consurgunt,	O
priorum	O
principum	O
imitamenta	O
portantes,	O
et	O
Urbis	B-MISC
templum	I-MISC
forumque	I-MISC
Pacis,	L-MISC
et	O
Pompei	U-LOC
theatrum	O
et	O
Odeum	U-LOC
et	O
Stadium,	U-ORG
aliaque	O
inter	O
haec	O
decora	O
Vrbis	U-PER
aeternae.	O
.	O
On	O
retrouve	O
l’élément	O
des	O
«	O
sept	O
collines	O
»	O
et	O
la	O
mise	O
en	O
évidence	O
du	O
caractère	O
technique	O
prodigieux	O
de	O
certains	O
bâtiments.	O
Ammien	U-PER
avait	O
conservé	O
un	O
attachement	O
à	O
la	O
religion	O
traditionnelle	O
Sur	O
ce	O
que	O
l’on	O
peut	O
savoir	O
du	O
personnage	O
et	O
le	O
décryptage	O
de	O
son	O
œuvre,	O
on	O
verra	O
la	O
toute	O
récente	O
analyse	O
de	O
Kelly	U-PER
2008.	O
En	O
ce	O
qui	O
concerne	O
son	O
orientation	O
religieuse,	O
il	O
convient	O
de	O
mentionner	O
une	O
hypothèse	O
qui	O
ferait	O
d’Ammien	O
Marcellin	U-PER
un	O
apostat,	O
en	O
raison	O
d’éléments	O
de	O
pensée	O
et	O
de	O
langage	O
chrétiens	O
qui	O
émergeraient	O
de	O
son	O
œuvre	O
(Barnes	O
1998,	O
p.	O
79-94).	O
Elle	O
est	O
loin	O
de	O
faire	O
l’unanimité	O
:	O
Seager	U-PER
1999,	O
par	O
exemple,	O
se	O
montre	O
sceptique	O
quant	O
à	O
la	O
solidité	O
des	O
arguments,	O
tandis	O
que	O
Kelly	U-PER
2008,	O
p.	O
130	O
et	O
p.	O
157-158	O
la	O
repousse	O
catégoriquement.	O
et	O
pourtant	O
on	O
peut	O
qualifier	O
ce	O
passage	O
de	O
relativement	O
«	O
neutre	O
»	O
sur	O
le	O
plan	O
religieux.	O
Certes,	O
il	O
fait	O
appel	O
au	O
sanctuaire	B-LOC
du	I-LOC
Jupiter	I-LOC
Tarpéien,	L-LOC
au	O
Panthéon	U-LOC
et	O
au	O
temple	O
de	O
la	B-LOC
Ville	L-LOC
mais	O
n’insiste	O
pas	O
outre	O
mesure	O
sur	O
la	O
présence	O
divine	O
en	O
leur	O
sein.	O
Le	B-PER
Panthéon	L-PER
est	O
surtout	O
mis	O
en	O
avant	O
pour	O
la	O
maîtrise	O
de	O
sa	O
coupole	O
qui	O
fait	O
encore	O
forte	O
impression	O
au	O
visiteur	O
contemporain.	O
L’auteur	U-LOC
convoque	O
le	O
temple	B-LOC
du	I-LOC
Capitole	L-LOC
parce	O
qu’il	O
constitue	O
le	O
point	O
le	O
plus	O
saillant	O
du	O
territoire	O
urbain	O
et	O
abrite	O
la	O
demeure	O
du	O
protecteur	O
de	O
la	O
cité	O
par	O
excellence,	O
tandis	O
que	O
le	O
temple	O
de	O
l’Vrbs	O
forme	O
la	O
matérialisation	O
de	O
l’entité	O
virtuelle	O
que	O
sont	O
le	O
territoire	B-LOC
de	L-LOC
Rome	U-LOC
et	O
la	O
communauté	O
de	O
ses	O
citoyens.	O
Ces	O
trois	O
monuments	O
sont	O
par	O
ailleurs	O
noyés	O
dans	O
une	O
énumération	O
d’édifices	O
qui	O
soulignent	O
les	O
traits	O
caractéristiques	O
de	O
la	O
vie	O
dans	O
la	O
cité	O
antique	O
:	O
fora,	O
thermes,	O
jeux…	O
Dans	O
cette	O
sélection,	O
on	O
notera	O
en	O
revanche	O
l’absence	O
totale	O
d’allusion	O
aux	O
édifices	O
chrétiens	O
alors	O
que	O
les	O
basiliques	O
du	O
Latran	U-LOC
et	O
du	O
Vatican	U-LOC
rivalisaient	O
avec	O
leurs	O
consœurs	O
civiles	O
du	O
centre,	O
en	O
particulier	O
celle	O
de	O
Maxence	U-PER
et	O
Constantin.	U-PER
Cette	O
remarque	O
mène	O
à	O
une	O
autre	O
observation	O
:	O
Ammien	U-PER
prend	O
le	O
parti	O
de	O
ne	O
pas	O
non	O
plus	O
mentionner	O
les	O
constructions	O
récentes	O
non	O
chrétiennes.	O
En	O
revanche,	O
il	O
commence	O
par	O
évoquer	O
le	O
Forum	B-ORG
républicain	L-ORG
pour	O
exalter	O
«	O
l’antique	O
puissance	O
romaine	O
».	B-MISC
Sur	I-MISC
la	I-MISC
base	I-MISC
de	I-MISC
ces	I-MISC
constats,	I-MISC
quelle	I-MISC
identité	I-MISC
l’historien	I-MISC
latin	L-MISC
semble-t-il	O
mobiliser	O
au	O
travers	O
de	O
son	O
compte-rendu	O
de	O
la	O
visite	O
impériale	O
?	O
Apparemment	O
celle	O
d’une	O
communauté	O
civique	O
au	O
sens	O
large,	O
en	O
continuité	O
avec	O
sa	O
forme	O
passée	O
perçue	O
comme	O
harmonieuse,	O
en	O
excluant	O
donc	O
toute	O
fracture	O
religieuse	O
;	O
une	O
référence	O
à	O
la	O
piété	O
de	O
ses	O
membres	O
semble	O
logique	O
sans	O
pour	O
autant	O
qu’	O
Ammien	U-PER
ne	O
s’appesantisse	O
sur	O
son	O
contenu	O
Il	O
ne	O
faut	O
toutefois	O
pas	O
en	O
conclure	O
à	O
une	O
tolérance	O
envers	O
le	O
christianisme	O
de	O
la	O
part	O
d’Ammien.	O
De	O
manière	O
subtile	O
ou	O
déguisée,	O
en	O
réalité	O
il	O
semble	O
distiller	O
tout	O
au	O
long	O
de	O
son	O
ouvrage	O
des	O
critiques	O
contre	O
le	O
christianisme	O
(cf.	O
Kelly	U-PER
2008,	O
notamment	O
p.	O
3-4	O
ou	O
p.	O
155-156	O
;	O
contra	O
Zarini	U-PER
2007,	O
p.	O
2).	O
Cela	O
ne	O
l’empêche	O
pas	O
en	O
certaines	O
circonstances	O
de	O
chercher	O
à	O
tracer	O
les	O
contours	O
d’un	O
groupe	O
unifié	O
auquel	O
il	O
pourrait	O
s’identifier.	O
.	O
Bien	O
que	O
tous	O
deux	O
possibles	O
appuis	O
identitaires,	O
le	O
territoire	O
et	O
le	O
lieu	O
relèvent	O
d’une	O
logique	O
différente,	O
soulignée	O
par	O
Guy	O
Di	O
Méo	O
(2002,	O
p.	O
179)	O
:	O
Le	O
lieu	O
se	O
définit	O
donc,	O
avant	O
tout,	O
par	O
la	O
continuité	O
de	O
ses	O
composantes,	O
par	O
la	O
contiguïté	O
des	O
points	O
qui	O
le	O
composent,	O
par	O
le	O
principe	O
de	O
coprésences	O
d’êtres	O
et	O
de	O
choses	O
porteurs	O
d’un	O
sens	O
socio-spatial	O
particulier.	O
Le	O
lieu	O
vérifie	O
une	O
métrique	O
topographique	O
[…],	O
alors	O
que	O
le	O
territoire,	O
plus	O
représenté	O
et	O
virtuel	O
que	O
strictement	O
borné,	O
fait	O
plutôt	O
appel	O
à	O
une	O
métrique	O
topologique	O
et	O
à	O
une	O
organisation	O
en	O
réseaux.	O
Cette	O
caractéristique	O
du	O
territoire	O
peut	O
expliquer	O
la	O
faculté	O
à	O
l’étendre	O
symboliquement.	O
C’est	O
le	O
cas	O
pour	O
l’image	O
de	O
Rome	U-LOC
et	O
l’on	O
pourrait	O
distinguer	O
un	O
double	O
mouvement	O
dans	O
le	O
discours.	O
D’une	U-PER
part,	O
certains	O
auteurs	O
ont	O
tendance	O
à	O
dessiner	O
une	O
extension	O
horizontale,	O
consécutive	O
à	O
la	O
nature	O
de	O
cette	O
ville	O
devenue	O
Empire.	B-PER
Claudien	L-PER
qualifie	O
l’Vrbs	O
de	O
«	O
plus	O
grande	O
cité	O
qui	O
existe	O
sous	O
la	O
voûte	O
céleste	O
»,	U-PER
si	O
bien	O
que	O
«	O
l’œil	O
ne	O
saurait	O
en	O
mesurer	O
l’étendue	O
»	O
Claudien,	B-MISC
Panégyrique	L-MISC
pour	O
le	O
consulat	O
de	O
Stilicon,	U-LOC
III,	O
130-132	O
:	O
Proxime	O
Dis	O
consul,	O
qui	O
tantae	O
prospicis	O
urbi,	O
/	O
Quae	O
nihil	O
in	O
terris	O
complectitur	O
alius	O
aether	O
;	O
/	O
Cuius	U-PER
nec	O
spatium	O
visus	O
[…]	O
.	O
.	O
Dans	O
la	O
même	O
veine,	O
Rutilius	U-PER
proclame	O
à	O
propos	O
de	O
Rome	U-LOC
:	O
C’est	O
que	O
tu	O
étends	O
ta	O
munificence	O
jusqu’où	O
atteignent	O
les	O
rayons	O
du	O
soleil,	O
partout	O
où	O
l’Océan	O
agite	O
le	O
cercle	O
de	O
ses	O
flots.	O
Pour	B-MISC
toi	L-MISC
roule	O
le	O
char	O
de	O
Phébus	O
lui-même,	O
qui	O
embrasse	O
toutes	O
choses	O
;	O
chez	O
toi	O
se	O
lèvent,	O
chez	O
toi	O
se	O
couchent	O
ses	O
coursiers	O
Rutilius,	U-ORG
Sur	O
son	O
retour,	O
I,	B-MISC
55-58	L-MISC
:	O
Nam	U-PER
solis	O
radiis	O
aequalia	O
munera	O
tendis,	O
/	O
qua	O
circumfusus	O
fluctuat	O
Oceanus.	U-LOC
/	O
Voluitur	O
ipse	O
tibi	O
qui	O
continet	O
omnia	O
Phoebus	U-MISC
/	O
eque	O
tuis	O
ortos	O
in	O
tua	O
condit	O
equos.	O
suivant	O
une	O
formule	O
qui	O
n’est	O
pas	O
sans	O
rappeler	O
les	O
mots	O
que	O
l’on	O
prête	O
généralement	O
à	O
Charles	B-PER
Quint	L-PER
au	O
sujet	O
de	O
son	O
Empire,	U-MISC
lui	O
qui	O
recourait	O
fréquemment,	O
dans	O
sa	O
communication	O
politique,	O
à	O
l’image	O
solaire	O
héritée	O
des	O
Anciens	U-LOC
Une	O
tendance	O
commune	O
à	O
la	O
maison	O
des	O
Habsbourg,	O
et	O
à	O
sa	O
branche	O
espagnole	O
en	O
particulier,	O
comme	O
l’a	O
montré	O
Mínguez	U-PER
2001	O
dans	O
son	O
ample	O
analyse	O
iconographique.	O
.	O
Rutilius,	U-PER
à	O
vrai	O
dire,	O
n’est	O
pas	O
plus	O
original	O
:	O
il	O
puise	O
lui-même	O
cette	O
image	O
dans	O
un	O
héritage	O
rhétorique,	O
comme	O
on	O
peut	O
le	O
constater	O
en	O
lisant,	O
par	O
exemple,	O
un	O
passage	O
analogue	O
d’Aelius	O
Aristide	U-PER
dans	O
son	O
éloge	O
de	O
Rome	B-PER
Aelius	L-PER
Aristide,	O
En	O
l’honneur	O
de	O
Rome,	B-MISC
X	L-MISC
:	O
«	O
Un	B-MISC
auteur	L-MISC
a	O
dit	O
en	O
parlant	O
de	O
l’Asie	O
que	O
l’étendue	O
parcourue	O
par	O
le	O
soleil	O
était	O
tout	O
entière	O
soumise	O
au	O
pouvoir	O
d’un	O
seul	O
homme	O
–	O
affirmation	O
erronée,	O
si	O
vraiment	O
il	O
exceptait	O
toute	O
la	O
Lybie	U-LOC
et	O
l’Europe	O
des	O
régions	O
où	O
se	O
couche	O
et	O
se	O
lève	O
le	O
soleil	O
!	O
Mais	O
cela	O
aujourd’hui	O
s’est	O
imposé	O
comme	O
vrai	O
:	O
il	O
y	O
a	O
égalité	O
entre	O
la	O
course	O
du	O
soleil	O
et	O
vos	O
possessions,	O
et	O
le	O
soleil	O
effectue	O
son	O
parcours	O
à	O
travers	O
votre	O
territoire	O
».	B-MISC
Δπερ	I-MISC
γάρ	L-MISC
τις	O
ἔφη	O
τῶν	O
λογοποιῶν	O
περὶ	O
τῆς	O
Ἀσίας,	O
λέγων	O
δσην	O
ὁ	O
ἥλιος	O
πορεύεται,	O
ταύτης	O
πάσης	O
ἄρχειν	O
ἄνδρα	O
ἕνα	O
—	O
οὐκ	O
ἀληθῆ	O
λέγων,	O
εἰ	O
μή	O
πᾶσαν	O
Λιβύην	U-PER
καὶ	O
τὴν	O
Εὐρώπην	U-PER
ἐξαίρετον	O
ἐποιεῖτο	O
τῶν	O
ἡλίου	O
δυσμῶν	O
τε	O
καὶ	O
ἀνατολών	O
—,	U-MISC
τοῦτο	O
νῦν	O
ἐξενίκησεν	O
ἀληθὲς	O
εἶναι,	O
τὴν	O
ἴσην	O
τε	O
ἡλίου	O
πορείαν	O
εἶναι	O
&lt;καὶ&gt;	O
χτῆσιν	O
ὑμετέραν	O
καὶ	O
τὸν	O
ἥλιον	O
διὰ	O
τῆς	O
ὑμετέρας	O
πορεύεσθαι.	O
.	O
D’autre	O
part,	O
une	O
terminologie	O
accentuant	O
la	O
verticalité	O
de	O
la	O
cité	O
est	O
régulièrement	O
adoptée	O
Vincent	U-MISC
Zarini	O
(2007,	O
p.	O
4)	O
évoque	O
déjà	O
ces	O
références	O
à	O
la	O
hauteur	O
de	O
la	O
Ville.	U-MISC
,	O
un	O
trait	O
argumentatif	O
qui	O
n’est	O
pas	O
non	O
plus	O
sans	O
antécédents	O
Voir,	U-MISC
par	O
exemple,	O
Aelius	U-PER
Aristide,	O
En	O
l’honneur	O
de	O
Rome,	B-PER
VIII.	L-PER
.	O
On	O
peut	O
la	O
saisir	O
dans	O
le	O
passage	O
d’	O
Ammien	U-LOC
précédemment	O
cité	O
:	O
le	O
sanctuaire	B-LOC
du	I-LOC
Capitole,	L-LOC
«	O
qui	O
domine	O
tout	O
comme	O
le	O
ciel	O
domine	O
la	O
terre	O
»	O
;	O
l’amphithéâtre	O
«	O
dont	O
le	O
regard	O
de	O
l’homme	U-LOC
n’atteint	O
que	O
difficilement	O
le	O
sommet	O
»	O
;	O
la	O
coupole	O
du	O
Panthéon	U-LOC
«	O
d’une	O
hauteur	O
grandiose	O
».	B-PER
Claudien	L-PER
franchit	O
un	O
degré	O
supplémentaire	O
en	O
parlant	O
de	O
«	O
ses	O
édifices	O
resplendissants	O
d’or,	O
[qui]	O
rivalisent	O
avec	O
les	O
astres	O
dont	O
ils	O
approchent	O
»	O
Claudien,	B-MISC
Panégyrique	L-MISC
pour	O
le	O
consulat	O
de	O
Stilicon,	U-LOC
III,	O
133-134	O
:	O
[…]	O
quae	O
luce	O
metalli	O
/	O
Aemula	U-MISC
vicinis	O
fastigia	O
conserit	O
astris.	O
.	O
Cette	O
double	O
extension	O
participe	O
à	O
la	O
construction	O
d’une	O
conscience	O
romaine	O
de	O
domination	O
effective	O
(horizontalement)	O
et	O
de	O
supériorité	O
(verticalement)	O
sur	O
les	O
autres	O
hommes.	O
Une	O
supériorité	O
qui	O
confine	O
presque	O
à	O
du	O
divin,	O
comme	O
le	O
laissent	O
entrevoir	O
les	O
références	O
au	O
domaine	O
des	O
astres,	O
de	O
la	O
voûte	O
céleste.	O
Elle	O
donne	O
en	O
tout	O
cas	O
l’impression	O
que	O
la	B-LOC
Ville	L-LOC
représente	O
le	O
véritable	O
relais	O
avec	O
le	O
monde	O
des	O
dieux.	O
Rutilius	U-PER
se	O
montre	O
à	O
ce	O
sujet	O
assez	O
explicite	O
:	O
«	O
Écoute,	O
ô	O
reine	O
si	O
belle	O
d’un	O
monde	O
qui	O
t’appartient,	O
ô	O
Rome,	U-MISC
admise	O
parmi	O
les	O
astres	O
du	O
ciel	O
!	O
Écoute,	O
mère	O
des	O
hommes,	O
mère	O
des	O
dieux,	O
nous	O
sommes	O
proches	O
du	O
ciel	O
grâce	O
à	O
tes	O
temples	O
!	O
»	O
Rutilius,	U-ORG
Sur	O
son	O
retour,	O
I,	U-MISC
47-50	O
:	O
Exaudi,	U-PER
regina	O
tui	O
pulcherrima	O
mundi,	O
/	O
inter	O
sidereos,	O
Roma,	O
recepta	O
polos	O
!	O
/	O
exaudi,	O
genitrix	O
hominum	O
genetrixque	O
deorum,	O
/	O
non	O
procul	O
a	O
caelo	O
per	O
tua	O
templa	O
sumus.	O
.	O
Divum	O
domus,	O
se	O
contente	O
d’affirmer	O
Ausone	U-LOC
au	O
sujet	O
de	O
l’aurea	O
Roma	U-LOC
dans	O
l’unique	O
et	O
très	O
brève	O
phrase	O
stéréotypée	O
relative	O
à	O
cette	O
cité	O
occupant	O
le	O
premier	O
rang	O
(prima	O
urbes	O
inter)	O
dans	O
son	O
Ordo	U-LOC
Vrbium	B-LOC
Nobilium	L-LOC
Voir	O
l’édition	O
et	O
le	O
commentaire	O
de	O
Di	B-LOC
Salvo	L-LOC
2000.	O
.	O
Malgré	O
une	O
corporéité	O
plus	O
évidente	O
et	O
davantage	O
confinée,	O
les	O
lieux	O
peuvent	O
également	O
être	O
exploités	O
à	O
des	O
fins	O
identitaires.	O
En	O
anticipant	O
quelque	O
peu	O
la	O
seconde	O
partie	O
consacrée	O
à	O
l’identité	O
chrétienne,	O
on	O
peut	O
en	O
trouver	O
une	O
belle	O
illustration	O
dans	O
le	O
poème	O
dédié	O
aux	O
apôtres	O
Pierre	U-MISC
et	O
Paul	U-PER
et	O
composé	O
par	O
le	O
chrétien	O
Prudence	U-LOC
Sur	O
le	O
personnage	O
et	O
ses	O
écrits,	O
Fux	U-PER
2013,	O
p.	O
5-20	O
avec	O
toutes	O
les	O
références	O
utiles.	O
dans	O
les	O
toutes	O
premières	O
années	O
du	O
v	O
e	O
siècle.	O
Le	O
contraste	O
entre	O
les	O
descriptions	O
des	O
deux	O
basiliques	O
apostoliques	O
est	O
intéressant.	O
Dans	O
la	O
première	O
description,	O
l’auteur	O
se	O
concentre	O
sur	O
les	O
abords	O
naturels	O
du	O
Tibre	U-LOC
et	O
sur	O
une	O
source	O
intégrée	O
au	O
site,	O
ce	O
qui	O
lui	O
permet	O
de	O
créer	O
une	O
atmosphère	O
d’intimité	O
et	O
de	O
suggérer	O
des	O
notions	O
bibliques	O
ainsi	O
que	O
des	O
réalités	O
liturgiques	O
Fontaine	B-MISC
1964	L-MISC
;	O
Fux	U-PER
2003,	O
p.	O
423-426.	O
qui	O
rassemblent	O
la	O
communauté	O
des	O
chrétiens.	O
Quant	O
au	O
portrait	O
de	O
la	O
basilique	O
paulinienne,	O
il	O
est	O
davantage	O
axé	O
sur	O
l’impression	O
extérieure	O
qu’elle	O
renvoie	O
et	O
qui	O
témoigne	O
de	O
la	O
consistance	O
et	O
de	O
la	O
reconnaissance	O
d’une	O
communauté,	O
de	O
l’ampleur	O
de	O
ses	O
moyens	O
et	O
de	O
l’implication	O
impériale.	O
À	O
un	O
premier	O
portrait	O
qui	O
fait	O
appel	O
à	O
ce	O
qui	O
relie	O
intérieurement	O
et	O
spirituellement	O
les	O
membres	O
de	O
la	O
communauté,	O
à	O
la	O
manière	O
d’initiés,	O
répond	O
une	O
seconde	O
image	O
qui	O
leur	O
permet	O
de	O
s’identifier	U-LOC
à	O
un	O
groupe	O
qui	O
possède	O
du	O
pouvoir,	O
de	O
la	O
richesse	O
et	O
une	O
reconnaissance	O
extérieure	O
Dans	O
une	O
certaine	O
mesure,	O
l’angle	O
différent	O
développé	O
pour	O
décrire	O
ces	O
deux	O
sanctuaires	O
se	O
conforme	O
au	O
rôle	O
respectif	O
attribué	O
habituellement	O
à	O
ces	O
deux	O
figures,	O
que	O
Prudence,	B-PER
Peristephanon,	I-PER
II,	L-PER
457-464	O
évoque	O
lui-même.	O
Pierre	U-MISC
est	O
présenté	O
comme	O
le	O
chef	O
de	O
la	O
communauté,	O
le	O
garant	O
du	O
salut	O
de	O
ses	O
membres,	O
tandis	O
que	O
Paul	U-PER
représente	O
le	O
contact	O
avec	O
l’extérieur.	O
.	O
Une	O
caractéristique	O
essentielle	O
de	O
la	O
notion	O
d’identité	O
réside	O
dans	O
le	O
fait	O
qu’elle	O
ne	O
constitue	O
pas	O
une	O
entité	O
figée,	O
indépendante,	O
mais	O
qu’elle	O
est	O
mouvante	O
et	O
ne	O
se	O
capture	O
que	O
comme	O
une	O
sorte	O
d’instantané.	O
Il	O
est	O
plus	O
pertinent	O
de	O
la	O
voir	O
comme	O
«	O
des	O
bricolages	O
sociaux	O
en	O
constant	O
remaniement,	O
directement	O
influencés	O
par	O
les	O
circonstances	O
du	O
moment	O
».	B-MISC
Ce	L-MISC
qui	O
n’empêche	O
pas	O
que	O
le	O
contenu	O
identitaire	O
soit	O
marqué	O
par	O
des	O
permanences,	O
mais	O
«	O
cette	O
tradition	O
ne	O
devient	O
active	O
qu’à	O
partir	O
du	O
moment	O
où	O
elle	O
est	O
revisitée	O
et	O
actualisée	O
par	O
les	O
problématiques	O
du	O
présent	O
Di	O
Méo	O
2002,	O
p.	O
175-176.	O
».	B-MISC
Par	I-MISC
conséquent,	I-MISC
le	I-MISC
contexte	I-MISC
de	I-MISC
production	L-MISC
et	O
le	O
positionnement	O
du	O
curseur	O
entre	O
individuel	O
et	O
collectif	O
permettent	O
de	O
saisir	O
avec	O
davantage	O
d’acuité	O
l’enjeu	O
identitaire	O
des	O
discours	O
sur	O
l’espace.	O
Claudien,	O
poète	O
de	O
cour,	O
se	O
trouve	O
au	O
service	O
du	O
pouvoir.	O
Or,	U-PER
pour	O
les	O
détenteurs	O
de	O
ce	O
dernier,	O
le	O
territoire,	O
dans	O
sa	O
matérialité	O
et	O
sa	O
représentation,	O
offre,	O
par	O
son	O
processus	O
identitaire,	O
«	O
l’opportunité	O
d’une	O
mise	O
en	O
scène	O
efficace,	O
d’une	O
affirmation	O
de	O
légitimité	O
Ibid.,	U-LOC
p.	O
178.	O
».	U-MISC
Cette	O
réflexion	O
se	O
rapproche	O
naturellement	O
de	O
ce	O
que	O
l’on	O
disait	O
plus	O
haut	O
sur	O
la	O
«	O
violence	O
symbolique	O
».	B-MISC
Développant	L-MISC
une	O
vision	O
antiquaire	O
de	O
la	O
Ville,	U-LOC
le	O
panégyriste	O
donne	O
donc	O
à	O
voir	O
«	O
la	O
Rome	U-LOC
dont	O
le	O
pouvoir	O
a	O
besoin	O
»,	U-PER
pour	O
reprendre	O
la	O
formule	O
de	O
Vincent	B-PER
Zarini	L-PER
(2007,	O
p.	O
14),	O
une	O
Rome	U-LOC
qui	O
doit	O
rencontrer	O
les	O
attentes	O
des	O
notables	O
païens	O
et	O
chrétiens	O
de	O
l’audience.	O
Dans	O
son	O
discours	O
pour	O
Honorius	U-PER
(cf.	O
supra),	O
les	O
temples	O
visibles	O
du	O
Palatin,	U-MISC
qui	O
se	O
pressent	O
sur	O
le	O
forum,	O
sont	O
mis	O
sur	O
le	O
même	O
pied	O
que	O
les	O
monuments	O
rappelant	O
la	O
vie	O
politique,	O
la	O
culture	O
historique	O
et	O
mythologique	O
et	O
la	O
gloire	O
militaire	O
de	O
la	O
Ville.	B-MISC
À	I-MISC
l’exception	L-MISC
du	O
Jupiter	B-LOC
Capitolin,	L-LOC
comme	O
chez	O
Ammien	U-PER
,	O
aucun	O
temple	O
n’est	O
individualisé.	O
C’est	O
surtout	O
leur	O
beauté	O
et	O
leur	O
richesse	O
qui	O
sont	O
mises	O
en	O
exergue,	O
comme	O
pour	O
symboliser	O
l’éclat	O
et	O
la	O
puissance	O
continue	O
d’un	O
modèle	O
et	O
d’une	O
communauté	O
auxquels	O
tous	O
peuvent	O
encore	O
s’identifier.	O
Les	U-LOC
temples	O
se	O
veulent	O
des	O
références	O
à	O
une	O
culture	O
commune	O
Zarini	U-MISC
2007,	O
p.	O
10.	O
Un	O
traitement	O
diachronique	O
et	O
plus	O
fin	O
des	O
compositions	O
de	O
Claudien	U-LOC
invite	O
toutefois,	O
selon	O
la	O
démarche	O
de	O
Jean-Louis	B-PER
Charlet	L-PER
(2013,	O
p.	O
337-343),	O
à	O
saisir	O
une	O
évolution	O
dans	O
leur	O
coloration	O
religieuse,	O
avec	O
dans	O
les	O
derniers	O
textes	O
l’évocation	O
d’une	O
Rome	U-LOC
bien	O
païenne.	O
Toutefois,	O
les	O
débats	O
que	O
suscitent	O
ces	O
interprétations	O
autour	O
du	O
ton	O
religieux	O
des	O
écrits	O
de	O
Claudien	U-LOC
constituent	O
l’indice	O
d’une	O
certaine	O
volonté	O
du	O
compromis,	O
d’une	O
recherche	O
de	O
l’équilibre	O
et	O
de	O
la	O
cohérence	O
personnelle	O
entre	O
son	O
identité	O
individuelle	O
et	O
celle	O
collective	O
qu’il	O
veut	O
(doit)	O
promouvoir.	O
.	O
Il	O
semble	O
se	O
placer	O
ici	O
résolument	O
dans	O
l’optique	O
de	O
l’identité	O
collective	O
dont	O
la	O
production	O
«	O
revient	O
bien	O
souvent	O
à	O
fabriquer	O
un	O
mythe	O
mobilisateur	O
renforçant	O
l’image	O
(fausse	O
?)	O
du	O
groupe	O
territorialisé	O
en	O
tant	O
que	O
totalité	O
unifiée,	O
au-delà	O
même	O
de	O
ses	O
diversités	O
et	O
de	O
ses	O
clivages	O
réels	O
Di	O
Méo	O
2002,	O
p.	O
178.	O
».	B-MISC
Bien	L-MISC
qu’il	O
ait	O
lu	O
Claudien	B-ORG
Bureau	I-ORG
2007.	L-ORG
,	O
la	O
perspective	O
suivie	O
par	O
Rutilius	U-MISC
Namatianus	O
se	O
révèle	O
différente,	O
marquée	O
par	O
un	O
militantisme	O
religieux	O
Zarini	U-MISC
2007,	O
p.	O
9.	O
.	O
Profondément	O
touché	O
par	O
la	O
chute	O
de	O
la	O
cité	O
sous	O
les	O
coups	O
des	O
barbares	O
et	O
animé	O
par	O
un	O
sentiment	O
de	O
menace	O
face	O
aux	O
transformations	O
religieuses	O
qui	O
secouent	O
l’Empire,	O
l’aristocrate	O
provincial	O
produit	O
un	O
récit	O
de	O
voyage	O
à	O
la	O
première	O
personne.	O
Cette	O
œuvre	O
fonctionne	O
comme	O
un	O
pendant	O
aux	O
récits	O
de	O
pèlerinage	O
chrétien	O
qui	O
ont	O
émergé	O
au	O
iv	O
e	O
siècle,	O
estime	O
à	O
juste	O
titre	O
Joëlle	B-PER
Soler	L-PER
(2005).	O
Rutilius	U-PER
veut	O
réaffirmer	O
le	O
caractère	O
sacré	O
non	O
seulement	O
des	O
temples,	O
resplendissantes	O
demeures	O
des	O
dieux	O
parmi	O
les	O
hommes	O
Rutilius,	U-MISC
Sur	O
son	O
retour,	O
I,	B-MISC
95-96.	L-MISC
,	O
mais	O
également,	O
par	O
extension,	O
de	O
la	B-LOC
Ville	L-LOC
même	O
Par	O
exemple	O
en	O
I,	U-LOC
44	O
(limina	O
sacra)	O
ou	O
en	O
I,	U-LOC
417	O
(sacrae	O
Vrbis).	U-LOC
,	O
elle	O
qui	O
épouse	O
un	O
rôle	O
de	O
liaison	O
comme	O
on	O
l’affirmait	O
plus	O
tôt.	O
Parallèlement,	B-MISC
il	I-MISC
loue,	I-MISC
à	I-MISC
travers	I-MISC
la	I-MISC
description	I-MISC
de	I-MISC
Rome	L-MISC
,	O
la	O
domination	O
romaine	O
dans	O
le	O
domaine	O
militaire,	O
des	O
mœurs,	O
des	O
savoirs,	O
etc.,	U-PER
qui	O
découle	O
en	O
réalité	O
du	O
respect	O
d’un	O
principe	O
premier,	O
celui	O
d’une	O
attitude	O
religieuse	O
conforme.	O
Si	U-MISC
les	O
vers	O
de	O
Rutilius	U-PER
transcrivent	O
une	O
réaction	O
personnelle	O
face	O
à	O
une	O
appropriation	O
matérielle	O
et	O
discursive	O
chrétienne	O
de	O
l’espace	O
et,	U-MISC
plus	O
globalement	O
face	O
à	O
ce	O
qu’il	O
perçoit	O
comme	O
une	O
perte	O
de	O
légitimité	O
de	O
la	O
Rome	U-LOC
traditionnelle,	O
ils	O
sont	O
néanmoins	O
destinés	O
à	O
être	O
partagés	O
par	O
un	O
cercle	O
de	O
pairs	O
Soler	U-PER
2005,	O
p.	O
298.	O
et	O
se	O
doivent	O
donc	O
de	O
faire	O
écho	O
à	O
une	O
vision	O
collective.	O
La	O
redéfinition	O
chrétienne	O
La	O
lutte	O
pour	O
l’appropriation	O
symbolique	O
d’un	O
territoire	O
implique	O
bien	O
souvent	O
une	O
opposition	O
et	O
une	O
déconstruction	O
de	O
l’appropriation	O
considérée	O
comme	O
adverse.	O
L’idée	O
est	O
ramassée	O
dans	O
une	O
formule	O
concise	O
de	O
Guy	O
Di	O
Méo	O
(2002,	O
p.	O
178)	O
:	O
«	O
Très	O
souvent,	O
donc,	O
l’identité	O
se	O
pose	O
en	O
s’opposant	O
».	U-ORG
Ces	O
contrastes	O
disent	O
alors	O
autant	O
de	O
l’identité	O
que	O
le	O
protagoniste	O
cherche	O
à	O
définir	O
que	O
de	O
celle	O
dont	O
il	O
s’évertue	O
à	O
se	O
distancier.	O
Inévitablement,	U-MISC
l’appropriation	O
chrétienne	O
du	O
territoire	O
de	O
Rome	U-LOC
s’est	O
opérée,	O
en	O
grande	O
partie,	O
en	O
regard	O
de	O
l’image	O
classique	O
de	O
l’Vrbs	O
–	O
en	O
tout	O
cas	O
telle	O
qu’elle	O
était	O
perçue	O
par	O
ces	O
auteurs	O
chrétiens	O
–,	O
fonctionnant	O
comme	O
un	O
repoussoir	O
ou	O
un	O
référent	O
à	O
transformer.	O
Elle	O
reflète	O
une	O
nouvelle	O
vision	O
de	O
la	O
cité	O
et,	U-MISC
par	O
un	O
jeu	O
de	O
miroir,	O
parfois	O
déformant,	O
elle	O
réfléchit	O
l’image,	O
l’appropriation	O
«	O
adverse	O
».	B-MISC
À	I-MISC
l’orée	I-MISC
du	I-MISC
v	I-MISC
e	L-MISC
siècle,	O
Jérôme	U-PER
envoie	O
une	O
missive	O
à	O
Laeta	B-LOC
Pietri	I-LOC
C.	L-LOC
et	O
Pietri	U-MISC
L.	O
dir.	O
1999-2000,	O
2,	O
p.	O
1227-1229.	O
,	O
une	O
dame	O
chrétienne	O
de	O
l’aristocratie	O
romaine,	O
pour	O
l’exhorter	U-PER
à	O
élever	O
son	O
enfant,	O
issu	O
d’un	O
impar	O
matrimonium	O
Jérôme,	B-PER
Lettres,	L-PER
107,	O
1.	O
,	O
suivant	O
les	O
préceptes	O
de	O
la	O
nouvelle	O
religion.	O
Il	O
s’agit	O
dès	O
lors	O
de	O
fractionner	O
schématiquement	O
la	O
société	O
et	O
de	O
démontrer	O
que	O
l’identité	O
d’un	O
des	O
deux	O
groupes	O
est	O
vide	O
de	O
substance	O
ou,	O
à	O
tout	O
le	O
moins,	O
que	O
celle-ci	O
se	O
révèle	O
obsolète.	O
Il	O
recourt	O
alors	O
à	O
l’image	O
suivante	O
:	O
On	O
se	O
fait	O
chrétien,	O
on	O
ne	O
l’est	O
pas	O
de	O
naissance.	O
Les	O
ors	O
du	O
Capitole	U-LOC
s’écaillent,	O
la	O
suie	O
et	O
les	O
toiles	O
d’araignée	O
recouvrent	O
tous	O
les	O
temples	O
de	O
Rome	U-LOC
,	O
la	O
ville	O
est	O
remuée	O
jusqu’en	O
ses	O
assises,	O
les	O
houles	O
populaires	O
passent	O
devant	O
les	O
sanctuaires	O
à	O
demi	O
ruinés	O
et	O
déferlent	O
vers	O
les	O
tombeaux	O
des	O
martyrs.	O
Si	U-MISC
l’intelligence	O
ne	O
suffit	O
pas	O
à	O
forcer	O
la	O
foi,	O
que	O
du	O
moins	O
le	O
respect	O
humain	O
y	O
réussisse	O
!	O
Ibid.,	U-LOC
107,	O
1	O
:	O
Fiunt,	U-LOC
non	O
nascuntur	O
Christiani.	B-PER
Auratum	L-PER
squalet	O
Capitolium,	U-MISC
fuligine	O
et	O
aranearum	O
telis	O
omnia	O
Romae	U-PER
templa	O
cooperta	O
sunt;	O
mouetur	O
urbs	O
sedibus	O
suis,	O
et	O
inundans	O
populus	O
ante	O
delubra	O
semiruta	O
currit	O
ad	O
martyrum	O
tumulos.	O
Si	U-MISC
non	O
extorquet	O
fidem	O
prudentia,	O
extorqueat	O
saltim	O
uerecundia.	O
Ce	O
n’est	O
pas	O
un	O
hasard	O
si	O
Jérôme	U-PER
prend	O
en	O
premier	O
lieu	O
pour	O
cible	O
le	O
sanctuaire	B-LOC
du	I-LOC
Capitole	L-LOC
;	O
il	O
en	O
connaît	O
la	O
visibilité	O
matérielle	O
et	O
la	O
place	O
dans	O
l’imaginaire	O
collectif	O
déjà	O
constatée	O
chez	O
Ammien	U-PER
ou	O
Claudien	B-PER
L’importance	I-PER
du	I-PER
Capitole	L-PER
dans	O
l’imaginaire	O
de	O
l’Antiquité	O
tardive	O
est	O
au	O
cœur	O
de	O
l’étude	O
de	O
Grig	U-PER
2009.	O
.	O
Paulin	U-LOC
ne	O
s’y	O
trompe	O
pas	O
non	O
plus	O
en	O
déclarant	O
que	O
«	O
les	O
temples	O
du	O
Capitole	U-LOC
chancellent,	O
frappés	O
à	O
la	O
cime	O
»	O
(cf.	O
supra).	O
Ce	O
faisant,	O
ils	O
mobilisent	O
une	O
ancienne	O
tradition	O
rhétorique	O
consistant	O
à	O
utiliser	O
le	O
Capitole	U-LOC
comme	O
matérialisation	O
monumentale	O
du	O
topos	O
d’une	O
Rome	U-LOC
en	O
décadence	O
et,	O
d’une	O
certaine	O
manière,	O
ils	O
renouvellent	O
ce	O
stéréotype	O
Cette	O
association	O
rhétorique	O
et	O
son	O
exploitation	O
à	O
différentes	O
périodes	O
sont	O
examinées	O
par	O
Rey	U-PER
2013.	O
.	O
Chez	O
Jérôme,	U-PER
comme	O
chez	O
Paulin,	U-PER
on	O
travaille	O
à	O
briser	O
la	O
verticalité	O
symbolique	O
mise	O
en	O
exergue	O
du	O
côté	O
païen	O
en	O
mobilisant	O
l’image	O
de	O
la	O
chute	O
et	O
des	O
fondations	O
qui	O
s’affaissent.	O
Toutefois,	O
aucun	O
des	O
bâtiments	O
chrétiens	O
ne	O
peut	O
réellement	O
détrôner	O
le	O
Capitole	U-LOC
comme	O
point	O
saillant	O
du	O
territoire	O
et	O
l’ensemble	O
des	O
églises	O
ne	O
peut	O
rivaliser	O
avec	O
la	O
masse	O
monumentale	O
des	O
temples.	O
C’est	O
pourquoi	O
Paulin	U-LOC
remplace	O
cette	O
verticalité	O
matérielle	O
par	O
une	O
élévation	O
spirituelle	O
exprimée	O
au	O
travers	O
de	O
cette	O
«	O
sainte	O
clameur	O
de	O
louanges	O
au	O
Dieu	U-MISC
éternel	O
[qui]	O
frappe	O
la	O
voûte	O
du	O
ciel	O
»	O
(cf.	O
supra).	O
Sur	B-MISC
le	I-MISC
terrain,	I-MISC
l’acte	L-MISC
de	O
démolition	O
adresse	O
un	O
signal	O
fort	O
de	O
désappropriation,	O
étant	O
entendu	O
qu’il	O
revêt	O
la	O
signification	O
d’une	O
«	O
négation	O
symbolique,	O
métonymique	O
(le	O
contenant	O
pour	O
le	O
contenu)	O
de	O
l’autre	O
Veschambres	B-MISC
2004,	L-MISC
p.	O
76.	O
».	U-ORG
En	O
son	O
absence,	O
le	O
discours	O
doit	O
trouver	O
d’autres	O
techniques	O
pour	O
discréditer	O
la	O
matérialité	O
du	O
lieu	O
et,	O
partant,	O
en	O
affaiblir	O
la	O
légitimité.	O
Ainsi,	U-PER
les	O
deux	O
protagonistes	O
chrétiens	O
s’efforcent	O
d’insuffler	O
une	O
impression	O
de	O
délabrement	O
extrême	O
ou	O
d’abandon	O
de	O
ces	O
soi-disant	O
demeures	O
divines.	O
Prudence	U-LOC
aussi	O
convoque	O
ce	O
motif	O
et	O
l’intègre,	O
au	O
sein	O
de	O
sa	O
Passion	U-MISC
de	O
S.	B-PER
Laurent,	L-PER
dans	O
un	O
schéma	O
narratif	O
visant	O
à	O
créer	O
une	O
idée	O
de	O
simultanéité	O
entre	O
la	O
victorieuse	O
mort	O
du	O
martyr,	O
témoin	O
de	O
la	O
vérité	O
christique,	O
et	O
la	O
désertion	O
des	O
temples	O
qui	O
signe	O
la	O
défaite	O
du	O
démon	O
païen	O
:	O
À	O
partir	O
de	O
ce	O
jour-là,	O
le	O
culte	O
des	O
dieux	O
infâmes	O
perdit	O
de	O
sa	O
ferveur	O
:	O
le	O
peuple	O
se	O
fait	O
plus	O
rare	O
dans	O
les	O
sanctuaires,	O
on	O
accourt	O
à	O
la	O
tribune	O
du	O
Christ.	U-LOC
[…]	O
Cette	O
mort	O
d’un	O
saint	O
martyr	O
fut	O
en	O
réalité	O
la	O
mort	O
des	O
temples	O
;	O
alors,	B-LOC
Vesta	L-LOC
remarque	O
que	O
l’on	O
désertait	O
impunément	O
les	O
Lares	U-MISC
de	O
Pallas.	U-PER
Des	O
Quirites,	U-MISC
tous	O
ceux	O
qui	O
avaient	O
coutume	O
d’adresser	O
des	O
prières	O
à	O
la	O
coupelle	B-MISC
de	I-MISC
Numa,	L-MISC
visitant	O
en	O
nombre	O
les	O
demeures	O
du	O
Christ,	U-MISC
célèbrent	O
le	O
martyr	O
par	O
des	O
hymnes.	O
Même	O
les	O
ténors	O
du	O
Sénat,	U-LOC
autrefois	O
luperques	O
ou	O
flamines,	O
déposent	O
leurs	O
baisers	O
sur	O
les	O
seuils	O
des	O
apôtres	O
et	O
des	O
martyrs	O
Prudence,	O
Peristephanon,	B-PER
II,	L-PER
497-500	O
et	O
509-520	O
:	O
Refrixit	U-PER
ex	O
illo	O
die	O
/	O
cultus	O
deorum	O
turpium	O
:	O
/	O
plebs	O
in	O
sacellis	O
rarior,	O
/	O
Christi	U-LOC
ad	O
tribunal	O
curritur.	O
/	O
[…]	O
/	O
Mors	O
illa	O
sancti	O
martyris	O
/	O
mors	O
uera	O
templorum	O
fuit,	O
/	O
tunc	O
Vesta	B-LOC
Palladios	L-LOC
lares	O
/	O
impune	O
sensit	O
deseri.	O
/	O
Quidquid	O
Quiritum	O
sueuerat	O
/	O
orare	O
simpuuium	O
Numae,	U-MISC
/	O
Christi	U-LOC
frequentans	O
atria,	O
/	O
hymnis	O
resultat	O
martyrem.	O
/	O
Ipsa	U-ORG
et	O
senatus	O
lumina,	O
/	O
quondam	O
luperci	O
aut	O
flamines,	O
/	O
apostolorum	O
et	O
martyrum	O
/	O
exosculantur	O
limina.	O
.	O
Si	O
l’identité	O
entretient	O
un	O
rapport	O
à	O
l’espace,	O
elle	O
s’inscrit	O
également	O
dans	O
une	O
temporalité	O
;	O
au	O
travers	O
de	O
sa	O
construction,	O
le	O
passé,	O
le	O
présent	O
et	O
le	O
futur	O
s’organisent	O
pour	O
former	O
une	O
ligne	O
directrice	O
donnant	O
sens	O
à	O
l’être	O
et	O
au	O
groupe.	O
Cette	O
idée	O
de	O
synchronisme,	O
finalement	O
déjà	O
présente,	O
bien	O
que	O
plus	O
diffuse	O
et	O
moins	O
explicite,	O
chez	O
Paulin	U-ORG
qui	O
reliait	O
l’arrivée	O
des	O
apôtres	O
sur	O
le	O
sol	O
romain	O
au	O
constat	O
que	O
«	O
les	O
ténèbres	O
du	O
monde	O
se	O
dissipent,	O
peu	O
à	O
peu	O
Paulin	U-PER
de	O
Nole,	O
Poèmes,	O
19,	O
57-60	O
:	O
Sed	O
potiore	O
deo	O
nostram	O
reparare	O
salutem	O
/	O
quam	O
Satana	U-LOC
captos	O
etiam	O
nunc	O
fraude	O
tenere	O
/	O
rarescunt	O
tenebrae	O
mundi,	O
et	O
iam	O
paene	O
per	O
omnes	O
/	O
praeualuit	O
pietas	O
et	O
mortem	O
uita	O
subegit.	O
»,	U-LOC
est	O
exploitée	O
par	O
Prudence	U-LOC
pour	O
donner	O
l’apparence	O
de	O
la	O
cohérence	O
à	O
cette	O
temporalité	O
Cette	O
volonté	O
de	O
donner	O
cohérence	O
et	O
sens	O
au	O
temps	O
se	O
perçoit	O
encore	O
lorsque	O
Prudence,	B-PER
Peristephanon,	I-PER
XII,	L-PER
5-6	O
affirme	O
que	O
la	O
«	O
mort	O
magnifique	O
»	O
(superba	O
morte)	O
des	O
deux	O
apôtres	O
est	O
survenue	O
exactement	O
à	O
une	O
année	O
d’intervalle,	O
comme	O
si	O
tout	O
s’enchainait	O
parfaitement.	O
.	O
Parallèlement,	O
Prudence	U-LOC
exploite	O
d’une	O
autre	O
manière	O
l’histoire,	O
en	O
créant	O
des	O
ponts	O
qui	O
vont	O
faciliter	O
la	O
transition	O
identitaire,	O
y	O
compris	O
en	O
termes	O
de	O
représentation	O
spatiale.	O
Ainsi,	U-PER
l’extension	O
horizontale	O
qui	O
caractérise	O
les	O
discours	O
sur	O
le	O
territoire	O
de	O
l’Vrbs	O
et	O
qui	O
est	O
indubitablement	O
due	O
à	O
la	O
domination	O
de	O
ces	O
Romains	U-LOC
du	O
passé,	O
donc	O
païens,	O
est	O
réaffirmée	O
et	O
«	O
christianisée	O
»	O
moyennant	O
son	O
intégration	O
dans	O
un	O
schéma	O
providentialiste	O
:	O
Voici	O
que	O
tout	O
le	O
genre	O
des	O
mortels	O
s’est	O
rangé	O
sous	O
la	O
royauté	B-LOC
de	I-LOC
Rémus	L-LOC
:	O
les	O
usages	O
discordants	O
parlent	O
le	O
même	O
langage,	O
ils	O
ont	O
la	O
même	O
sensibilité.	O
Cela	O
fut	O
résolu	O
pour	O
que	O
la	O
juridiction	O
du	O
nom	O
chrétien	O
assemblât	O
mieux,	O
d’un	O
lien	O
unique,	O
toute	O
l’étendue	O
de	O
la	O
terre.	O
Donne,	U-ORG
ô	O
Christ,	U-MISC
à	O
tes	O
chers	O
Romains,	U-LOC
que	O
soit	O
chrétienne	O
leur	O
cité,	O
par	O
l’entremise	O
de	O
laquelle	O
tu	O
as	O
donné	O
à	O
toutes	O
les	O
autres	O
qu’il	O
y	O
ait	O
une	O
conception	O
unique	O
des	O
choses	O
sacrées	O
!	O
Prudence,	O
Peristephanon,	B-PER
II,	L-PER
425-432	O
:	O
En	O
omne	O
sub	O
regnum	O
Remi	U-PER
/	O
mortale	O
concessit	O
genus,	O
/	O
idem	O
loquuntur	O
dissoni	O
/	O
ritus,	O
id	O
ipsum	O
sentiunt.	O
/	O
Hoc	U-PER
destinatum,	O
quo	O
magis	O
/	O
ius	O
Christiani	U-PER
nominis,	O
/	O
quodcumque	O
terrarum	O
iacet,	O
/	O
uno	O
inligaret	O
uinculo.	O
L’horizontalité	O
chrétienne	O
romaine	O
n’est	O
plus	O
domination	O
par	O
la	O
force	O
et	O
apport	O
de	O
civilisation,	O
mais	O
propagation	O
pacifique	O
d’une	O
universalité,	O
dont	O
Rome	U-LOC
serait	O
le	O
centre	O
de	O
rayonnement,	O
au	O
travers	O
de	O
ce	O
flux	O
centrifuge	O
–	O
de	O
la	O
Ville	U-LOC
vers	O
les	O
cités	O
–,	O
doublé	O
d’un	O
mouvement	O
centripète,	O
celui	O
des	O
pèlerins	O
qui	O
y	O
affluent	O
de	O
tout	O
l’Empire.	O
Prudence,	U-PER
par	O
exemple,	O
laisse	O
entendre	O
dans	O
une	O
composition	O
en	O
l’honneur	O
de	O
S.	B-PER
Agnès	L-PER
que	O
la	O
bienheureuse,	O
dont	O
la	O
sépulture	O
côtoie	O
les	O
tours	O
de	O
la	O
cité,	O
double	O
cette	O
protection	O
matérielle	O
d’une	O
préservation	O
spirituelle	O
qui	O
ne	O
s’arrête	O
toutefois	O
pas	O
aux	O
Quirites,	U-MISC
c’est-à-dire	O
aux	O
habitants	O
de	O
Rome	B-LOC
Cf.	I-LOC
Fux	L-LOC
2003,	O
p.	O
468.	O
On	O
peut	O
trouver	O
un	O
autre	O
exemple	O
d’emploi	O
tardif	O
du	O
terme	O
avec	O
une	O
acception	O
similaire	O
chez	O
Venance	B-ORG
Fortunat,	L-ORG
Vie	O
de	O
saint	O
Martin,	B-PER
III,	L-PER
498.	O
,	O
mais	O
qui	O
s’étend	O
au	O
monde	O
grâce	O
à	O
ces	O
pèlerins	O
Prudence,	B-PER
Peristephanon,	I-PER
XIV,	I-PER
3-6.	L-PER
.	O
Un	O
point	O
commun	O
aux	O
textes	O
chrétiens	O
scrutés	O
jusqu’à	O
présent	O
réside	O
dans	O
la	O
place	O
primordiale	O
accordée	O
aux	O
sanctuaires	O
martyriaux	O
dans	O
la	O
représentation	O
du	O
territoire	B-LOC
de	I-LOC
la	L-LOC
Rome	U-LOC
chrétienne,	O
aux	O
dépens	O
des	O
églises	O
intra-muros.	O
Prudence	U-LOC
désigne	O
certes	O
un	O
métaphorique	O
et	O
imprécis	O
tribunal	O
Christi	U-LOC
et	O
use	O
de	O
la	O
formule	O
générique	O
d’atria	O
Christi,	U-MISC
mais	O
même	O
là	O
on	O
célèbre	O
avant	O
tout	O
un	O
martyr	O
et	O
surtout	O
il	O
affirme	O
que	O
c’est	U-MISC
«	O
sur	O
les	O
seuils	O
des	O
apôtres	O
et	O
des	O
martyrs	O
»	O
que	O
«	O
les	O
ténors	O
du	O
Sénat	U-ORG
[…]	O
déposent	O
leurs	O
baisers	O
»	O
(cf.	O
supra).	O
Quelques	O
vers	O
plus	O
loin,	O
il	O
ajoute	O
une	O
phrase	O
qui	O
illustre	O
parfaitement	O
cette	O
perspective	O
:	O
C’est	O
à	O
peine	O
si	O
la	O
renommée	O
en	O
est	O
connue	O
:	O
combien	O
Rome	U-LOC
est	O
remplie	O
de	O
saints	O
cachés,	O
combien,	O
riche,	O
elle	O
voit	O
fleurir	O
de	O
sépultures	O
sacrées	O
le	O
sol	O
de	O
la	O
ville	O
!	O
Mais	O
nous	O
qui	O
sommes	O
privés	O
de	O
ces	O
biens	O
et	O
ne	O
pouvons	O
voir	O
devant	O
nous	O
les	O
traces	O
du	O
sang,	O
de	O
loin,	O
nous	O
regardons	O
vers	O
le	O
ciel	O
Ibid.,	B-PER
II,	L-PER
541-548	O
:	O
Vix	O
fama	O
nota	O
est,	O
abditis	O
/	O
quam	O
plena	O
sanctis	O
Roma	B-MISC
sit,	L-MISC
/	O
quam	O
diues	O
urbanum	O
solum	O
/	O
sacris	O
sepulcris	O
floreat.	O
/	O
Sed	U-MISC
qui	O
caremus	O
his	O
bonis	O
/	O
nec	O
sanguinis	O
uestigia	O
/	O
uidere	O
coram	O
possumus,	O
/	O
caelum	O
intuemur	O
eminus.	O
.	O
Elle	O
fournit	O
en	O
même	O
temps	O
une	O
des	O
clés	O
qui	O
expliquent	O
ce	O
phénomène	O
au	O
travers	O
de	O
la	O
notion	O
de	O
sacré.	O
Pour	O
être	O
parfaitement	O
opérant	O
en	O
situation	O
concurrentielle,	O
le	O
processus	O
identitaire	O
d’une	O
nouvelle	O
communauté	O
doit	O
en	O
effet	O
emprunter	O
et	O
adapter	O
des	O
catégories	O
de	O
pensée	O
propres	O
à	O
l’ancienne.	O
Or,	U-ORG
une	O
des	O
caractéristiques	O
essentielles	O
de	O
la	O
définition	O
des	O
lieux	O
publics	O
du	O
religieux	O
dans	O
le	O
polythéisme	O
romain	O
est	O
leur	O
inscription,	O
par	O
l’autorité,	O
dans	O
le	O
domaine	O
du	O
sacer,	O
une	O
catégorie	O
juridico-religieuse.	O
La	O
qualification	O
de	O
locus	O
consecratus	O
ne	O
peut	O
convenir	O
à	O
un	O
édifice	O
privé	O
qui	O
n’a	O
pas	O
été	O
soumis	O
à	O
cette	O
procédure	O
publique,	O
mais	O
celui-ci	O
peut	O
tout	O
de	O
même	O
contenir	O
des	O
sacra	O
et	O
prendre	O
de	O
ce	O
fait	O
la	O
qualification	O
de	O
sacrarium.	O
Suivant	U-LOC
le	O
droit	O
romain,	O
un	O
lieu	O
peut	O
également	O
être	O
sanctus,	O
c’est-à-dire	O
protégé	O
par	O
une	O
sanctio,	O
bien	O
qu’il	O
ne	O
soit	O
pas	O
consacré	O
On	O
retrouve	O
cette	O
partition	O
chez	O
Ulpien	U-ORG
(Digeste,	O
I,	O
8,	O
9).	O
Sur	O
la	O
notion	O
de	O
sacré,	O
les	O
catégories	O
du	O
droit	O
divin	O
et	O
leurs	O
évolutions	O
sémantiques	O
jusque	O
sous	O
l’Empire	O
tardif,	O
voir	O
De	B-MISC
Souza	I-MISC
2004.	L-MISC
.	O
Du	O
côté	O
chrétien,	O
les	O
lieux	O
servant	O
de	O
cadre	O
à	O
l’office	O
ne	O
sont	O
pas,	O
dans	O
un	O
premier	O
temps,	O
intrinsèquement	O
considérés	O
comme	O
sacrés,	O
abritant	O
des	O
sacra,	O
qu’ils	O
soient	O
d’initiative	O
privée	O
ou	O
impériale.	O
En	O
cause	O
notamment,	O
un	O
besoin	O
de	O
distanciation	O
et	O
la	O
vision	O
d’un	O
dieu	O
qui	O
est	O
littéralement	O
omniprésent	O
et	O
qui	O
ne	O
peut	O
être	O
réduit	O
à	O
un	O
espace	O
confiné.	O
L’église	U-LOC
est	O
avant	O
tout	O
envisagée	O
comme	O
un	O
lieu	O
de	O
réunion	O
Sur	O
les	O
lieux	O
de	O
culte	O
chrétiens	O
et	O
le	O
sacré,	O
voir	O
entre	O
autres	O
Markus	U-LOC
1994	O
et	O
Sotinel	U-LOC
2005.	O
.	O
Toutefois,	U-PER
la	O
figure	O
du	O
martyr	O
vient	O
à	O
fonctionner	O
dans	O
l’imaginaire	O
comme	O
point	O
de	O
connexion	O
avec	O
la	O
sphère	O
chrétienne	O
du	O
divin	O
Sur	O
le	O
phénomène	O
et	O
le	O
succès	O
des	O
martyrs,	O
on	O
consultera	O
le	O
classique	O
de	O
Brown	U-PER
1984,	O
tandis	O
que	O
l’on	O
peut	O
se	O
reporter	O
à	O
Roberts	U-LOC
1993	O
pour	O
un	O
traitement	O
du	O
sujet	O
spécifiquement	O
dans	O
le	O
Peristephanon.	U-LOC
.	O
On	O
comprendra	O
donc	O
que	O
les	O
sanctuaires	O
des	O
martyrs	O
en	O
sont	O
venus	O
à	O
s’imposer	O
comme	O
des	O
espaces	O
sacrés,	O
des	O
lieux	O
saints	O
–	O
par	O
le	O
biais	O
d’un	O
glissement	O
et	O
d’une	O
simplification	O
sémantique	O
–,	O
ce	O
caractère	O
étant	O
engendré	O
par	O
la	O
présence	O
du	O
corps	O
du	O
saint	O
ou	O
d’une	O
partie	O
de	O
celui-ci	O
(les	O
reliques,	O
parfois	O
appelées	O
sacraria	O
Sotinel	U-LOC
2005,	O
p.	O
422.	O
)	O
Les	O
restes	O
corporels	O
rendent	O
véritablement	O
présente	O
la	O
figure	O
sainte	O
;	O
voir,	O
par	O
exemple,	O
Prudence,	B-PER
Peristephanon,	I-PER
II,	L-PER
529-532.	O
On	O
pointera	O
également	O
l’article	O
de	O
Bourrit	U-PER
2008	O
qui	O
s’intéresse	O
à	O
la	O
genèse	O
d’une	O
part,	O
et	O
à	O
l’intégration	O
par	O
l’Église	O
à	O
la	O
faveur	O
d’un	O
contexte	O
sociopolitique	O
précis	O
d’autre	O
part,	O
d’une	O
pratique,	O
celle	O
des	O
reliques,	O
qui	O
implique	O
un	O
rapport	O
au	O
corps	O
mort	O
en	O
rupture	O
avec	O
les	O
habitudes	O
romaines.	O
,	O
malgré	O
la	O
réticence	O
ou	O
la	O
prudence	O
dans	O
le	O
camp	O
des	O
intellectuels	O
chrétiens	O
On	O
lira	O
par	O
exemple	O
l’étude	B-MISC
de	I-MISC
Force	I-MISC
2003	L-MISC
sur	O
la	O
position	O
critique	O
de	O
Vigilance	B-PER
de	I-PER
Calagurris,	L-PER
lui-même	O
contré	O
par	O
Jérôme,	U-PER
ou	O
celle	O
de	O
Vannier	U-LOC
2003	O
sur	O
l’évolution	O
de	O
la	O
pensée	O
d’Augustin	O
à	O
ce	O
sujet.	O
Après	O
tout,	O
la	O
raison	O
première	O
de	O
l’utilisation	O
de	O
ces	O
parties	O
de	O
corps	O
ne	O
réside	O
sans	O
doute	O
pas	O
dans	O
leur	O
sacralité	O
;	O
voir	O
Bourrit	U-PER
2008.	O
.	O
Ces	O
seuils	O
des	O
apôtres	O
et	O
des	O
martyrs	O
(limina	O
apostolorum	O
et	O
martyrum)	U-PER
dont	O
parlait	O
Prudence	U-LOC
ne	O
constituent	O
pas	O
uniquement	O
une	O
tournure	O
poétique,	O
mais	O
ils	O
renvoient	O
à	O
une	O
véritable	O
«	O
limite	O
entre	O
le	O
monde	O
profane	O
et	O
le	O
sanctuaire	O
Fux	O
2003,	O
p.	O
222.	O
Ils	O
répondent	O
aux	O
seuils	O
néfastes	O
des	O
temples	O
(nefasta	O
limina)	U-LOC
que	O
Prudence	U-LOC
mentionne	O
quelques	O
vers	O
auparavant	O
(II,	O
479).	O
».	B-PER
La	I-PER
seconde	L-PER
partie	O
de	O
la	O
dernière	O
citation	O
de	O
Prudence	U-LOC
pointe	O
le	O
conducteur	O
par	O
excellence	O
du	O
sacré,	O
de	O
sa	O
transmission	O
de	O
la	O
personne	O
au	O
lieu	O
:	O
le	O
sang,	O
liquide	O
qui,	O
à	O
la	O
manière	O
de	O
l’eau,	O
imprègne	O
la	O
terre	O
et	O
s’y	O
diffuse	O
largement.	O
Au	O
final	O
se	O
forme	O
l’image	O
d’une	O
Rome	U-LOC
qui	O
devient,	O
par	O
contamination	O
de	O
son	O
sol,	O
dans	O
son	O
ensemble	O
un	O
territoire	O
sacré	O
chrétien,	O
comme	O
il	O
était	O
sacré	O
tout	O
court	O
pour	O
Rutilius.	U-MISC
La	O
configuration	O
idéale	O
se	O
produit	O
alors	O
lorsque	O
l’on	O
peut	O
rapprocher	O
l’emplacement	O
de	O
la	O
sépulture	O
et	O
le	O
lieu	O
du	O
martyre	O
au	O
cours	O
duquel	O
le	O
sang	O
du	O
saint	O
a	O
été	O
violemment	O
répandu.	O
Prudence	U-LOC
laisse	O
entrevoir	O
une	O
belle	O
mise	O
en	O
œuvre	O
de	O
cette	O
logique	O
dans	O
son	O
chant	O
dédié	O
à	O
Pierre	U-MISC
et	O
Paul	B-PER
Prudence,	L-PER
Peristephanon,	O
XII,	O
7-10.	O
.	O
Il	O
est	O
bien	O
entendu	O
que	O
la	O
place	O
privilégiée	O
des	O
sanctuaires	O
de	O
ces	O
deux	O
personnages	O
dans	O
la	O
construction	O
imaginaire	O
de	O
l’espace	O
chrétien	O
romain	O
tient	O
moins	O
à	O
cette	O
configuration,	O
qu’à	O
leur	O
contact	O
avec	O
le	O
Christ	U-MISC
vivant	O
ou	O
ressuscité	O
et	O
la	O
perception	O
d’un	O
rôle	O
de	O
premier	O
plan	O
dans	O
l’implantation	O
du	O
christianisme,	O
dans	O
le	O
monde	O
et	O
dans	O
la	O
ville	O
Les	O
deux	O
figures	O
incarnent	O
des	O
rôles	O
différents	O
(cf.	O
supra).	O
.	O
Le	O
poète	O
ibérique	O
exploite	O
néanmoins	O
habilement	O
la	O
position	O
des	O
deux	O
sépultures	O
apostoliques,	O
celle	O
de	O
Pierre	U-MISC
au	O
nord-ouest	O
de	O
la	O
Ville,	U-LOC
sur	O
la	O
rive	O
droite	O
du	O
Tibre,	B-LOC
l’autre	L-LOC
au	O
sud	O
de	O
la	O
cité	O
sur	O
la	O
rive	O
opposée	O
du	O
fleuve,	O
pour	O
suggérer	O
une	O
irradiation	O
de	O
leur	O
sacralité	O
à	O
l’élément	O
naturel	O
qui	O
semble	O
les	O
relier,	O
le	O
Tibre.	B-MISC
On	L-MISC
peut	O
presque	O
suivre	O
physiquement	O
le	O
parcours	O
de	O
la	O
substance	O
sacrée	O
qui	O
finit	O
par	O
s’y	O
diluer.	O
«	O
Le	O
Tibre	U-LOC
sépare	O
les	O
ossements	O
des	O
deux	O
[Apôtres],	O
l’une	O
et	O
l’autre	O
rive	O
le	O
rendent	O
sacré,	O
tandis	O
qu’il	O
s’écoule	O
entre	O
les	O
saintes	O
tombes	O
Prudence,	B-MISC
Peristephanon.,	I-MISC
XII,	L-MISC
29-30	O
:	O
Diuidit	U-ORG
ossa	O
duum	O
Thybris	U-LOC
sacer	O
ex	O
utraque	O
ripa,	O
/	O
inter	O
sacrata	O
dum	O
fluit	O
sepulcra.	O
»,	U-LOC
conclut	O
Prudence.	U-LOC
Les	O
Romains	U-LOC
des	O
siècles	O
passés	O
avaient	O
personnifié	O
le	O
Tibre	U-LOC
sous	O
une	O
forme	O
divine,	O
suivant	O
un	O
procédé	O
répandu	O
dans	O
l’ensemble	O
du	O
monde	O
gréco-romain,	O
et	O
ils	O
rendaient	O
un	O
culte	O
à	O
ce	O
fleuve	O
d’une	O
importance	O
majeure	O
pour	O
la	O
cité	O
Le	B-LOC
Gall	I-LOC
1953.	I-LOC
Le	I-LOC
Calendrier	I-LOC
de	I-LOC
354	L-LOC
enregistre	O
au	O
17	O
août	O
une	O
fête	O
nommée	O
Tiberinalia	U-PER
(Salzman	O
1990,	O
p.	O
156,	O
p.	O
164	O
et	O
180-181).	O
.	O
Prudence	O
en	O
quelque	O
sorte	O
le	O
«	O
convertit	O
».	B-PER
L’érigeant	L-PER
en	O
trait	O
d’union	O
entre	O
deux	O
des	O
principaux	O
sites	O
de	O
la	O
communauté	O
et	O
en	O
sillon	O
sanctifié	O
irradiant	O
toute	O
la	O
cité	O
qu’elle	O
traverse	O
de	O
part	O
en	O
part,	O
l’auteur	O
fait	O
de	O
cette	O
réalité	O
déterminante	O
de	O
la	O
vie,	O
passée	O
et	O
présente,	O
de	O
l’Vrbs	O
un	O
élément	O
de	O
liaison	O
renforçant	O
le	O
maillage	O
du	O
réseau	O
qui	O
compose	O
le	O
territoire	O
chrétien	O
de	O
Rome	U-LOC
en	O
pleine	O
formation.	O
Conclusion	U-ORG
Les	O
discours	O
sur	O
l’espace	O
et	O
leurs	O
spécificités	O
n’ont	O
rien	O
d’anecdotique,	O
a	O
fortiori	O
lorsqu’ils	O
sont	O
produits	O
dans	O
une	O
période	O
de	O
transition	O
identitaire	O
importante	O
;	O
les	O
clés	O
d’autres	O
disciplines	O
des	O
sciences	O
sociales	O
ont	O
contribué	O
à	O
en	O
saisir	O
les	O
procédés	O
et	O
à	O
en	O
comprendre	O
les	O
enjeux.	O
Empruntant	O
à	O
la	O
tradition	O
rhétorique	O
romaine	O
et	O
à	O
sa	O
topique,	O
mobilisant	O
ou	O
renouvelant	O
certains	O
stéréotypes,	O
mais	O
générant	O
aussi	O
une	O
dose	O
d’originalité,	O
ces	O
représentations	O
discursives	O
du	O
territoire	B-LOC
de	L-LOC
Rome	U-LOC
,	O
issues	O
d’auteurs	O
«	O
païens	O
»	O
ou	O
chrétiens,	O
oublient	O
certains	O
éléments,	O
en	O
pointent	O
d’autres	O
et	O
leur	O
donnent	O
sens	O
;	O
elles	O
revendiquent	O
un	O
territoire,	O
traduisent	O
une	O
identité	O
et	O
invitent	O
le	O
lecteur	O
à	O
épouser	O
celle-ci	O
ou	O
à	O
en	O
repousser	O
une	O
autre	O
pour	O
faire	O
partie	O
d’une	O
communauté.	O
Mêlant	O
identité	O
individuelle	O
et	O
collective,	O
elles	O
renvoient	O
à	O
des	O
appartenances	O
qui	O
peuvent	O
se	O
superposer.	O
Certains	O
cherchent,	O
en	O
tout	O
cas	O
en	O
apparence,	O
un	O
consensus	O
Sur	O
la	O
civitas	O
comme	O
espace	O
de	O
conciliation,	O
«	O
lieu	O
des	O
valeurs	O
communes	O
»,	U-LOC
on	O
peut	O
lire	O
les	O
réflexions	O
de	O
Lepelley	U-LOC
2002	O
sur	O
le	O
cas	O
africain.	O
;	O
d’autres	O
s’emploient	O
à	O
christianiser	O
le	O
territoire	O
romain	O
dans	O
l’imaginaire	O
ou,	O
en	O
réaction,	O
à	O
réactualiser	O
une	O
carte	O
mentale	O
fonctionnant	O
avec	O
des	O
repères	O
polythéistes.	O
D’un	O
côté	O
comme	O
de	O
l’autre,	O
face	O
à	O
un	O
Empire	U-LOC
si	O
étendu	O
qui	O
oblige	O
la	B-LOC
Ville	L-LOC
à	O
côtoyer	O
d’autres	O
merveilles	O
et	O
face	O
à	O
un	O
pouvoir	O
qui	O
transite	O
vers	O
une	O
autre	O
capitale,	O
on	O
ressent	O
le	O
besoin	O
de	O
redonner	O
à	O
l’Vrbs	O
son	O
statut	O
prééminent,	O
de	O
renforcer	O
une	O
conscience	O
de	O
supériorité,	O
qui,	O
dans	O
le	O
cas	O
chrétien,	O
se	O
double	O
de	O
la	O
question	O
interne	O
d’une	O
affirmation	O
de	O
la	O
primauté	O
épiscopale	O
romaine.	O
Les	U-LOC
protagonistes	O
se	O
retrouvent	O
autour	O
de	O
ce	O
patriotisme	O
romain.	O
Parmi	O
les	O
signes	O
exploités	O
dans	O
ces	O
constructions	O
identitaires	O
du	O
territoire,	O
le	O
temple	O
en	O
constitue	O
un	O
essentiel	O
et	O
se	O
révèle	O
polysémique.	O
Sur	B-MISC
le	I-MISC
terrain,	I-MISC
les	I-MISC
temples	I-MISC
ne	I-MISC
sont	I-MISC
pas	I-MISC
détruits	L-MISC
mais	O
font	O
l’objet	O
d’un	O
progressif	O
phénomène	O
de	O
patrimonalisation	O
Sur	O
la	O
transformation	O
des	O
temples	O
en	O
musées,	O
Lepelley	U-PER
1994.	O
qui	O
consiste	O
à	O
«	O
réinjecter	O
du	O
sens	O
dans	O
un	O
édifice	O
qui	O
a	O
généralement	O
perdu	O
ses	O
fonctions	O
d’origine	O
et	O
dont	O
la	O
désaffectation	O
remet	O
en	O
cause	O
la	O
pérennité	O
Veschambres	B-MISC
2004,	I-MISC
p.	L-MISC
75.	O
».	U-PER
Dans	O
la	O
mesure	O
où	O
les	O
éléments	O
du	O
territoire	O
«	O
hissés	O
au	O
rang	O
de	O
valeurs	O
patrimoniales	O
contribuent	O
à	O
fonder	O
ou	O
à	O
consolider	O
le	O
sentiment	O
d’identité	O
collective	O
des	O
hommes	O
qui	O
l’occupent	O
Di	B-ORG
Méo	L-ORG
2002,	O
p.	O
178.	O
»,	U-LOC
ce	O
processus	O
peut	O
représenter	O
«	O
un	O
enjeu	O
de	O
mémoire	O
Veschambres	O
2004,	O
p.	O
76.	O
».	U-ORG
Sur	O
le	O
plan	O
discursif,	O
il	O
sera	O
diversement	O
traité	O
parce	O
que	O
le	O
symbole	O
du	O
sanctuaire	O
est	O
investi	O
d’un	O
sens	O
différent.	O
Toutes	O
ces	O
démarches	O
témoignent	O
de	O
stratégies	O
identitaires	O
mises	O
en	O
œuvre	O
dans	O
le	O
domaine	O
du	O
rapport	O
à	O
l’espace	O
et	O
s’élaborant	O
face	O
à	O
des	O
bouleversements	O
culturels	O
majeurs	O
qui	O
se	O
produisirent	O
durant	O
l’Antiquité	O
tardive.	O
Naturellement,	U-ORG
ces	O
stratégies	O
se	O
sont	O
déployées	O
dans	O
d’autres	O
champs	O
et	O
ont	O
pu	O
différer	O
en	O
fonction	O
du	O
cadre	O
géographique	O
et	O
chronologique.	O
C’est	O
pourquoi,	O
il	O
convient	O
de	O
multiplier	O
ce	O
type	O
d’études	O
en	O
faisant	O
varier	O
l’angle	O
de	O
vue	O
et	O
les	O
critères	O
spatio-temporels,	O
en	O
alternant	O
plan	O
serré	O
et	O
démarche	O
comparatiste.	O
L’analyse	O
du	O
phénomène	O
ne	O
peut	O
qu’être	O
instructive	O
dans	O
un	O
monde	O
contemporain	O
confronté	O
à	O
ses	O
propres	O
secousses.	O
Bibliographie	O
