Revenant	O
sur	O
la	O
fondation	O
des	O
académies,	O
Lü	B-MISC
Zuqian	L-MISC
(1137-1181)	O
soulignait,	O
au	O
xii	O
e	O
siècle,	O
que	O
la	O
reconnaissance	O
et	O
le	O
soutien	O
de	O
l’État	O
distinguaient	O
les	O
académies	O
des	O
Song	U-MISC
(960-1279)	O
des	O
institutions	O
antérieures	O
:	O
Quand,	O
au	O
début	O
de	O
la	O
dynastie,	O
le	O
peuple	O
s’affranchit	O
des	O
malheurs	O
des	O
guerres	B-MISC
des	I-MISC
Cinq	I-MISC
Dynasties,	I-MISC
les	I-MISC
hommes	I-MISC
d’étude	L-MISC
étaient	O
encore	O
peu	O
nombreux.	O
Avec	O
le	O
retour	O
progressif	O
à	O
la	O
paix,	O
la	O
culture	O
fleurit	O
chaque	O
jour	O
davantage,	O
les	O
anciens	O
Confucéens	U-LOC
(ru)	O
se	O
servirent	O
des	O
montagnes	O
et	O
des	O
déserts	O
pour	O
y	O
enseigner,	O
et	O
les	O
grands	O
maîtres	O
se	O
comptaient	O
par	O
dizaines.	O
Songyang	U-LOC
,	O
Yuelu	U-LOC
,	O
Suiyang	U-LOC
et	O
la	O
Grotte	U-LOC
[du	O
Cerf	U-PER
blanc]	O
furent	O
[des	O
lieux]	O
particulièrement	O
célèbres,	O
que	O
l’on	O
désignait	O
dans	O
l’empire	O
comme	O
les	O
Quatre	O
académies.	O
Les	O
premiers	O
empereurs	O
de	O
la	O
dynastie,	O
qui	O
vénéraient	O
la	O
doctrine	O
confucéenne,	O
leur	O
distribuèrent	O
des	O
livres	O
officiels,	O
leur	O
allouèrent	O
rangs	O
et	O
traitements,	O
et	O
leur	O
octroyèrent	O
des	O
plaques	O
horizontales	O
[portant	O
leur	O
nom]	O
Lü	B-MISC
Donglai	L-MISC
wenji	O
(éd.	O
1937),	O
p.	O
138-139	O
;	O
Walton,	U-MISC
1999,	O
p.	O
25-26.	O
Outre	O
l’histoire	O
des	O
académies	O
par	O
Linda	B-PER
Walton,	L-PER
voir	O
Deng	B-PER
Hongbo	L-PER
(Deng,	O
2004).	O
.	O
Ces	O
réflexions	O
figurent	O
dans	O
le	O
texte	O
que	O
Lü	B-PER
Zuqian	L-PER
composa	O
en	O
1180	O
pour	O
célébrer	O
la	O
restauration	O
de	O
l’académie	O
de	O
la	O
Grotte	B-LOC
du	I-LOC
Cerf	I-LOC
blanc	L-LOC
(Bailudong	O
shuyuan).	O
Après	O
un	O
premier	O
essor	O
au	O
xi	O
e	O
siècle,	O
les	O
académies	O
avaient	O
décliné	O
en	O
raison	O
de	O
l’expansion	O
à	O
travers	O
le	O
pays	O
des	O
écoles	O
publiques	O
officielles,	O
jusqu’à	O
ce	O
que,	O
à	O
la	O
fin	O
du	O
xii	O
e	O
siècle,	O
des	O
lettrés,	O
issus	O
pour	O
la	O
plupart	O
de	O
la	O
communauté	O
confucéenne	O
de	O
l’étude	O
de	O
la	O
Voie	U-LOC
(Daoxue),	O
cherchent	O
à	O
les	O
faire	O
revivre	O
Sous	B-MISC
les	I-MISC
Song,	L-MISC
le	O
Daoxue	U-ORG
rassemblait	O
une	O
communauté	O
sociopolitique	O
beaucoup	O
plus	O
large	O
que	O
ne	O
le	O
faisaient	O
la	O
philosophie	O
ou	O
l’orthodoxie	O
des	O
frères	B-PER
Cheng	L-PER
et	O
de	O
Zhu	B-PER
Xi	L-PER
;	O
toutes	O
deux	O
font	O
partie	O
de	O
cet	O
ensemble	O
que	O
certains	O
désignent	O
du	O
terme	O
vague	O
de	O
«	O
néoconfucianisme	O
».	U-ORG
Voir	O
Tillman,	B-PER
1992a.	L-PER
.	O
Ces	O
lettrés	O
fonctionnaires	O
étaient	O
très	O
attachés	O
aux	O
principes	O
moraux	O
et	O
aux	O
valeurs	O
sociopolitiques	O
qui	O
avaient	O
cours	O
dans	O
leur	O
milieu	O
telles	O
que	O
le	O
travail	O
sur	O
soi,	O
dans	O
le	O
respect	O
des	O
rites,	O
en	O
s’engageant	O
à	O
développer	O
des	O
relations	O
idéales	O
dans	O
une	O
famille	O
élargie	O
et	O
dans	O
la	O
communauté	O
locale,	O
en	O
œuvrant	O
avec	O
allégeance	O
pour	O
étendre	O
le	O
pouvoir	O
des	O
Song	U-MISC
et	O
la	O
culture	O
confucéenne	O
à	O
l’ensemble	O
du	O
monde	O
chinois.	O
Et	O
ils	O
l’étaient	O
d’autant	O
plus	O
que,	O
à	O
leurs	O
yeux,	O
le	O
savoir	O
et	O
la	O
morale	O
étaient	O
négligés	O
dans	O
les	O
écoles	O
publiques	O
tout	O
entières	O
vouées	O
à	O
la	O
préparation	O
des	O
étudiants	O
aux	O
examens	O
officiels	O
et	O
au	O
métier	O
de	O
fonctionnaire	O
Sur	O
les	O
différences	O
avec	O
les	O
écoles	O
publiques,	O
voir	O
Lee,	O
2000	O
;	O
Davis,	U-MISC
1995.	O
Sur	B-MISC
la	I-MISC
culture	I-MISC
des	I-MISC
examens,	I-MISC
voir	I-MISC
Chaffee,	L-MISC
1985a	O
;	O
Lee,	O
1985	O
;	O
Elman,	O
2000.	O
.	O
Et,	O
si	O
leur	O
fondation	O
et	O
leur	O
restauration	O
reposaient	O
largement	O
sur	O
le	O
soutien	O
du	O
gouvernement,	O
les	O
académies	O
et	O
les	O
lettrés	O
fonctionnaires	O
qui	O
y	O
professaient	O
entretenaient	O
avec	O
l’État	O
une	O
relation	O
faite	O
à	O
la	O
fois	O
de	O
coopération	O
et	O
d’opposition.	O
L’académie	O
de	O
Yuelu,	U-MISC
qui	O
comptait	O
elle	O
aussi	O
au	O
nombre	O
des	O
«	O
Quatre	B-MISC
académies	L-MISC
»	O
les	O
plus	O
fameuses	O
de	O
l’Empire,	O
n’avait	O
pas	O
en	O
matière	O
d’éducation	O
confucéenne	O
l’ancienneté	O
de	O
la	O
Grotte	B-LOC
du	I-LOC
Cerf	L-LOC
blanc,	O
mais	O
elle	O
fut	O
la	O
première	O
à	O
recevoir	O
l’appellation	O
d’académie,	O
en	O
976,	O
un	O
an	O
avant	O
que	O
la	O
Grotte	U-LOC
ne	O
fût	O
reconnue	O
officiellement.	O
Sa	O
restauration	O
deux	O
siècles	O
plus	O
tard,	O
en	O
1165,	O
par	O
Zhang	B-PER
Shi	L-PER
(1133-1180),	O
servit	O
de	O
précédent	O
à	O
l’illustre	O
Zhu	B-PER
Xi	L-PER
(1130-1200)	O
quand,	O
entre	O
1179	O
et	O
1180,	O
il	O
entreprit	O
de	O
restaurer	O
le	B-LOC
Cerf	L-LOC
blanc.	O
Quoique	O
l’académie	O
de	O
la	O
Grotte	U-LOC
ne	O
fût	O
pas	O
aussi	O
novatrice	O
dans	O
ses	O
institutions	O
que	O
l’ont	O
prétendu	O
certains	O
commentateurs,	O
sous	O
l’égide	O
de	O
Zhu	B-PER
Xi	L-PER
,	O
elle	O
dépassa	O
en	O
renommée	O
Yuelu	U-LOC
et	O
devint	O
largement	O
le	O
modèle	O
des	O
académies	O
des	O
Song	B-MISC
du	I-MISC
Sud	L-MISC
(1127-1279)	O
Walton,	U-MISC
1999,	O
p.	O
32-35.	O
Voir	O
aussi	O
Chaffee,	U-MISC
1985b.	O
.	O
Une	O
présentation	O
générale	O
de	O
ces	O
deux	O
établissements	O
est	O
à	O
même	O
de	O
nous	O
éclairer	O
sur	O
ces	O
lieux	O
de	O
savoir	O
que	O
furent	O
les	O
académies	O
du	O
temps	O
des	O
Song	U-MISC
et	O
sur	O
leur	O
legs	O
historique.	O
L’académie	O
de	O
la	O
Grotte	B-LOC
du	I-LOC
Cerf	I-LOC
blanc	I-LOC
Magnifiquement	L-LOC
située	O
de	O
part	O
et	O
d’autre	O
d’un	O
ruisseau	O
et	O
entourée	O
par	O
la	O
forêt,	O
l’académie	O
de	O
la	O
Grotte	B-LOC
du	I-LOC
Cerf	I-LOC
blanc	L-LOC
fut	O
construite	O
sur	O
l’emplacement	O
d’un	O
temple	O
bouddhiste,	O
au	O
pied	O
des	O
pics	O
des	O
Cinq	B-ORG
Vieillards	L-ORG
du	O
mont	B-LOC
Lu,	L-LOC
dans	O
la	O
province	O
du	O
Jiangxi	U-LOC
,	O
à	O
environ	O
huit	O
kilomètres	O
de	O
la	O
cité	O
de	O
Nankang	U-LOC
.	O
L’histoire	O
et	O
le	O
nom	O
de	O
la	O
Grotte	U-LOC
en	O
tant	O
que	O
lieu	O
consacré	O
à	O
l’étude	O
remontent	O
à	O
la	O
fin	O
du	O
viii	O
e	O
siècle,	O
quand	O
un	O
lettré	O
s’y	O
retira	O
et	O
lui	O
donna	O
le	O
nom	O
de	O
l’animal	O
qui	O
partageait	O
sa	O
retraite	O
Sauf	B-MISC
mention	L-MISC
expresse,	O
tout	O
ce	O
qui	O
touche	O
à	O
l’académie	O
de	O
la	O
Grotte	U-LOC
se	O
fonde,	O
en	O
premier	O
lieu,	O
sur	O
les	O
textes	O
et	O
les	O
photographies	O
de	O
l’ouvrage	O
de	O
Zhu	B-PER
Hanmin	L-PER
(Zhu,	O
2002),	O
avec	O
une	O
introduction	O
en	O
anglais	O
par	O
Thomas	U-MISC
Lee,	O
et,	U-MISC
en	O
second	O
lieu,	O
sur	O
l’article	O
de	O
Wing-tsit	B-PER
Chan	L-PER
(Chan,	O
1989).	O
.	O
Ce	O
n’est	O
qu’en	O
977	O
que	O
l’académie	O
reçut	O
l’inscription	O
officielle	O
portant	O
son	O
nom	O
ainsi	O
que	O
des	O
lots	O
de	O
livres	O
pour	O
sa	O
bibliothèque.	O
L’expansion	O
des	O
écoles	O
publiques	O
entre	O
le	O
xi	O
e	O
et	O
le	O
début	O
du	O
xii	O
e	O
siècle	O
conduisit	O
à	O
son	O
abandon	O
;	O
et	O
lorsque,	O
en	O
1179,	O
Zhu	O
Xi	O
voulut	O
la	O
faire	O
revivre	O
en	O
tant	O
que	O
symbole	O
du	O
savoir	O
confucéen,	O
il	O
dut	O
louer	O
les	O
services	O
d’un	O
bûcheron	O
pour	O
en	O
retrouver	O
les	O
ruines	O
dans	O
la	O
forêt.	O
Quand	O
il	O
arriva	O
dans	O
son	O
poste	O
de	O
préfet	O
de	O
Nankang	U-LOC
,	O
Zhu	O
Xi	O
commença	O
par	O
donner,	O
une	O
fois	O
par	O
semaine,	O
des	O
conférences	O
à	O
l’école	O
publique	O
de	O
la	O
ville.	O
Mais	O
il	O
fut	O
déçu	O
par	O
la	O
résistance	O
qu’il	O
rencontrait	O
pour	O
détourner	O
l’attention	O
de	O
son	O
public	O
de	O
la	O
préparation	O
aux	O
examens	O
officiels	O
et	O
pour	O
l’amener	O
à	O
la	O
culture	O
personnelle	O
des	O
vertus	O
qu’il	O
professait	O
selon	O
les	O
classiques	O
confucéens.	O
Moins	O
d’un	O
mois	O
plus	O
tard,	O
il	O
demandait	O
au	O
gouvernement	O
central	O
de	O
l’aider	U-LOC
à	O
restaurer	O
l’académie	O
de	O
la	O
Grotte	B-LOC
du	I-LOC
Cerf	L-LOC
blanc	O
pour	O
qu’une	O
montagne	O
où	O
régnaient	O
sans	O
partage	O
les	O
temples	O
bouddhistes	O
et	O
taoïstes	O
possédât	O
un	O
lieu	O
d’enseignement	O
confucéen.	O
Zhu	O
Xi	O
mit	O
tant	O
de	O
détermination	O
à	O
faire	O
avancer	O
son	O
projet	O
qu’il	O
le	O
fit	O
aboutir	O
en	O
moins	O
d’un	O
an.	O
À	B-MISC
Lü	I-MISC
Zuqian	L-MISC
qui	O
l’avait	O
aidé	O
à	O
obtenir	O
l’aval	O
et	O
les	O
aides	O
du	O
gouvernement,	O
il	O
demanda	O
de	O
donner	O
un	O
récit	O
officiel	O
de	O
la	O
restauration,	O
dont	O
il	O
fit	O
graver	O
une	O
version	O
abrégée	O
sur	O
une	O
stèle	O
de	O
pierre	O
érigée	O
dans	O
l’académie.	O
Lü	U-MISC
y	O
déclarait	O
que	O
le	O
but	O
de	O
l’entreprise	O
était	O
de	O
répondre	O
à	O
trois	O
défis	O
:	O
la	O
concurrence	O
des	O
bouddhistes	O
et	O
des	O
taoïstes,	O
l’amélioration	O
du	O
système	O
éducatif	O
et	O
le	O
développement	O
du	O
confucianisme	O
de	O
l’étude	O
de	O
la	O
Voie	B-LOC
Tillman,	L-LOC
1992b,	O
p.	O
109-111	O
et	O
114.	O
.	O
C’est	O
cette	O
académie	O
qui,	O
une	O
fois	O
restaurée,	O
devint	O
un	O
modèle	O
bientôt	O
fameux.	O
Bien	O
qu’elle	O
ait	O
prospéré	O
et	O
influencé	O
le	O
développement	O
des	O
académies	O
de	O
l’Asie	O
orientale	O
pendant	O
des	O
siècles,	O
si	O
l’on	O
excepte	O
les	O
cent	O
cinquante-sept	O
stèles	O
et	O
les	O
cinquante-sept	O
calligraphies	O
gravées	O
sur	O
des	O
falaises	O
qui	O
furent	O
écrites	O
au	O
fil	O
du	O
temps	O
par	O
divers	O
intellectuels,	O
elle	O
n’est	O
plus	O
aujourd’hui	O
qu’un	O
musée	O
centré	O
sur	O
la	O
figure	O
de	O
Zhu	O
Xi	O
(comprenant	O
le	O
temple	O
historique	O
où	O
il	O
est	O
honoré)	O
–	O
le	O
tout	O
situé	O
dans	O
un	O
paysage	O
montagneux	O
inscrit	O
au	O
patrimoine	O
mondial.	O
L’académie	O
de	O
la	O
Grotte	B-LOC
du	I-LOC
Cerf	I-LOC
blanc	L-LOC
est	O
célèbre	O
pour	O
la	O
conférence	O
que	O
Lu	B-PER
Jiuyuan	L-PER
(1139-1193),	O
le	O
plus	O
renommé	O
des	O
orateurs	O
de	O
son	O
temps,	O
y	O
donna,	O
en	O
1181,	O
à	O
l’invitation	O
de	O
Zhu	B-PER
Xi	L-PER
.	O
«	O
L’homme	O
de	O
bien	O
comprend	O
le	O
juste,	O
l’homme	O
de	O
peu	O
comprend	O
le	O
profit	O
Lunyu,	U-MISC
4-16.	O
.	O
»	O
Expliquant	O
ce	O
passage	O
des	O
Analectes	U-MISC
de	O
Confucius,	O
il	O
fit	O
ce	O
commentaire	O
:	O
Ce	O
que	O
les	O
hommes	O
comprennent	O
tient	O
à	O
leur	O
pratique,	O
et	O
ce	O
qu’ils	O
pratiquent	O
tient	O
à	O
leurs	O
aspirations.	O
Si	O
vous	O
aspirez	O
au	O
juste,	O
votre	O
pratique	O
s’attachera	O
au	O
juste,	O
et	O
votre	O
pratique	O
s’étant	O
attachée	O
au	O
juste,	O
vous	O
comprendrez	O
le	O
juste.	O
Si	O
vous	O
aspirez	O
au	O
profit,	O
votre	O
pratique	O
s’attachera	O
au	O
profit,	O
et	O
votre	O
pratique	O
s’étant	O
attachée	O
au	O
profit,	O
vous	O
comprendrez	O
le	O
profit.	O
C’est	O
pourquoi	O
il	O
faut	O
bien	O
savoir	O
distinguer	O
les	O
aspirations	O
de	O
l’homme	U-LOC
d’étude.	O
Tout	O
en	O
reconnaissant	O
l’utilité	O
du	O
système	O
des	O
examens	O
officiels,	O
il	O
invitait	O
les	O
étudiants	O
à	O
ne	O
pas	O
le	O
considérer	O
comme	O
la	O
voie	O
normale	O
pour	O
devenir	O
un	O
homme	O
de	O
bien	O
(junzi).	O
Laisser	U-PER
sa	O
volonté	O
suivre	O
cette	O
voie	O
erronée	O
serait	O
trahir	O
les	O
sages	O
et	O
empêcherait	O
son	O
esprit	O
de	O
se	O
consacrer	O
aux	O
affaires	O
du	O
pays	O
et	O
aux	O
secours	O
à	O
apporter	O
au	O
peuple.	O
Il	O
proposa	O
ce	O
défi	O
à	O
ses	O
élèves	O
:	O
J’espère	O
sincèrement	O
que	O
vous	O
saurez	O
réfléchir	O
en	O
profondeur	O
sur	O
vous-mêmes,	O
que	O
vous	O
ne	O
vous	O
laisserez	O
pas	O
devenir	O
des	O
hommes	O
de	O
peu,	O
et	O
qu’emplis	O
de	O
cette	O
crainte	O
vous	O
éprouverez	O
une	O
vive	O
indignation	O
pour	O
la	O
pratique	O
du	O
profit	O
et	O
du	O
désir.	O
[J’espère	O
que]	O
vos	O
aspirations	O
s’attacheront	O
seulement	O
au	O
juste	O
et	O
que	O
vous	O
vous	O
exercerez	O
en	O
ce	O
sens	O
jour	O
après	O
jour	O
–	O
étudiant	O
de	O
manière	O
approfondie,	O
interrogeant	O
de	O
manière	O
précise,	O
méditant	O
soigneusement,	O
distinguant	O
clairement,	O
et	O
le	O
mettant	O
sérieusement	O
en	O
pratique.	O
Si	O
vous	O
agissez	O
de	O
la	O
sorte,	O
lorsque	O
vous	O
pénétrerez	O
dans	O
la	O
salle	O
d’examen,	O
vos	O
essais	O
refléteront	O
le	O
savoir	O
des	O
jours	O
ordinaires	O
comme	O
le	O
fond	O
de	O
votre	O
cœur,	O
et	O
vous	O
ne	O
serez	O
pas	O
en	O
opposition	O
avec	O
les	O
sages.	O
Si	O
vous	O
agissez	O
de	O
la	O
sorte,	O
lorsque	O
vous	O
tiendrez	O
un	O
emploi	O
public,	O
vous	O
remplirez	O
vos	O
devoirs,	O
vous	O
vous	O
dévouerez	O
aux	O
affaires,	O
votre	O
cœur	O
ira	O
au	O
pays	O
et	O
au	O
peuple,	O
et	O
vous	O
ne	O
ferez	O
pas	O
de	O
calculs	O
personnels.	O
Une	O
telle	O
réussite	O
n’est-elle	O
pas	O
digne	O
d’un	O
homme	O
de	O
bien	O
Lu	B-PER
Jiuyuan	L-PER
ji,	O
éd.	O
1980,	O
p.	O
275-276.	O
?	O
On	O
dit	O
que	O
Zhu	O
Xi	O
fut	O
si	O
touché	O
par	O
les	O
propos	O
de	O
Lu	B-PER
Jiuyuan	L-PER
qu’il	O
s’éventa	O
malgré	O
la	O
fraîcheur	O
du	O
temps	O
et	O
s’exclama,	O
à	O
l’issue	O
de	O
la	O
conférence,	O
que	O
jamais	O
ni	O
lui	O
ni	O
ses	O
étudiants	O
n’en	O
oublieraient	O
la	O
leçon.	O
Il	O
persuada	O
l’orateur	O
de	O
coucher	O
par	O
écrit	O
ses	O
propos,	O
qu’il	O
fit	O
graver	O
sur	O
une	O
pierre	O
dans	O
l’académie.	O
La	B-MISC
Grotte	I-MISC
du	I-MISC
Cerf	I-MISC
blanc	L-MISC
doit	O
surtout	O
sa	O
gloire	O
aux	O
«	O
Règles	U-LOC
pour	O
l’étude	O
»	O
que	O
Zhu	O
Xi	U-PER
y	O
fit	O
afficher.	O
Elles	O
exhortaient	O
les	O
étudiants	O
à	O
suivre	O
les	O
vertus	O
confucéennes	O
dans	O
leurs	O
relations	O
avec	O
leurs	O
parents	O
et	O
leurs	O
amis.	O
Rappelant	U-PER
quelles	O
étaient	O
les	O
cinq	O
relations	O
humaines	O
fondamentales,	O
elles	O
proclamaient	O
encore	O
que	O
«	O
la	O
seule	O
chose	O
qu’ils	O
avaient	O
à	O
apprendre	O
»	O
était	O
de	O
mettre	O
en	O
œuvre	O
la	O
vertu	O
appropriée	O
à	O
chaque	O
cas.	O
Fort	B-LOC
de	I-LOC
l’affirmation	L-LOC
que	O
le	O
respect	O
de	O
ces	O
vertus	O
constituait	O
le	O
fondement	O
et	O
le	O
but	O
de	O
l’étude,	U-ORG
Zhu	O
Xi	O
reconnaissait	O
cinq	O
façons	O
d’y	O
parvenir	O
selon	O
un	O
enchaînement	O
qu’il	O
considérait	O
comme	O
essentiel	O
(et	O
qu’il	O
reprenait	O
de	O
L’Invariable	B-PER
Milieu	L-PER
[Zhongyong])	O
:	O
Étudiez-le	O
de	O
manière	O
approfondie,	O
interrogez-le	O
de	O
manière	O
précise,	O
méditez-le	O
soigneusement,	O
distinguez-le	O
clairement	O
et	O
mettez-le	O
sérieusement	O
en	O
pratique.	O
Zhu	O
Xi	O
citait	O
encore	O
d’autres	O
passages	O
des	O
classiques	O
comme	O
autant	O
de	O
maximes	O
soulignant	O
ce	O
qui	O
était	O
l’essentiel	O
dans	O
la	O
culture	O
de	O
soi,	O
la	O
conduite	O
des	O
affaires	O
et	O
les	O
rapports	O
avec	O
les	O
autres.	O
Il	O
affirmait	O
en	O
commentant	O
ces	O
principes	O
:	O
Les	O
sages	O
et	O
les	O
saints	O
de	O
l’Antiquité	O
n’avaient	O
pas	O
d’autre	O
but	O
en	O
apprenant	O
aux	O
hommes	O
à	O
s’adonner	O
à	O
l’étude	O
que	O
de	O
les	O
aider	O
à	O
saisir	O
par	O
la	O
discussion	O
le	O
principe	O
moral,	O
afin	O
qu’ils	O
cultivent	O
leur	O
personne	O
et	O
qu’ensuite	O
ils	O
l’appliquent	O
aux	O
autres	O
hommes.	O
Zhu	B-PER
Xi	L-PER
regrettait	O
que,	O
contre	O
l’avis	O
des	O
sages,	O
les	O
étudiants	O
de	O
son	O
temps	O
donnent	O
la	O
priorité	O
à	O
la	O
mémorisation	O
des	O
textes	O
et	O
à	O
la	O
recherche	O
d’un	O
emploi	O
public.	O
Les	O
écoles	O
avaient	O
dû	O
instituer,	O
au	O
fil	O
des	O
siècles,	O
des	O
règlements	O
pour	O
les	O
contraindre	O
à	O
ne	O
pas	O
s’attacher	O
à	O
des	O
choses	O
aussi	O
secondaires,	O
qui	O
allaient	O
à	O
l’encontre	O
de	O
leur	O
culture	O
morale	O
:	O
les	O
élèves	O
de	O
Zhu	O
Xi	O
pouvaient	O
échapper	O
à	O
de	O
telles	O
contraintes	O
en	O
cultivant	O
les	O
principes	O
confucéens	O
énoncés	O
dans	O
ses	O
Règles.	U-MISC
Quand	O
celles-ci	O
furent	O
affichées	O
au	O
linteau	O
surmontant	O
la	O
porte	O
d’entrée,	O
il	O
invita	O
ses	O
étudiants	O
«	O
à	O
les	O
discuter	O
entre	O
eux,	O
à	O
les	O
suivre,	O
et	O
à	O
s’engager	O
à	O
les	O
faire	O
observer	O
Zhuzi	U-LOC
ji,	U-MISC
p.	O
3893-3895	O
;	O
De	B-LOC
Bary,	L-LOC
1999,	O
vol.	O
1,	O
p.	O
742-744.	O
».	U-ORG
Au	O
xiii	O
e	O
siècle,	O
le	O
gouvernement	O
des	O
Song	U-MISC
érigea	O
en	O
modèle	O
pour	O
les	O
académies	O
les	O
«	O
Règles	U-LOC
pour	O
l’étude	O
»	O
de	O
Zhu	O
Xi	O
,	O
qui	O
s’était	O
lui-même	O
inspiré	O
des	O
règlements	O
et	O
des	O
recommandations	O
proposés	O
par	O
Lü	B-PER
Zuqian	L-PER
.	O
Outre	O
l’invitation	O
faite	O
aux	O
étudiants	O
de	O
cultiver	O
les	O
vertus	O
confucéennes	O
dans	O
leurs	O
relations	O
personnelles,	O
Lü	B-MISC
s’était	I-MISC
occupé	I-MISC
de	I-MISC
détails	L-MISC
touchant	O
à	O
leur	O
comportement	O
et	O
au	O
déroulement	O
des	O
études,	O
et	O
il	O
semble	O
que	O
Zhu	B-PER
Xi	L-PER
ait	O
suivi	O
son	O
exemple	O
en	O
organisant	O
des	O
travaux	O
de	O
groupe	O
pour	O
s’assurer	O
que	O
les	O
étudiants	O
se	O
corrigeaient	O
de	O
leurs	O
fautes	O
Tillman,	O
1992a,	O
p.	O
112-114.	O
.	O
Bien	O
que	O
les	O
Règles	U-LOC
soient	O
une	O
compilation	O
de	O
passages	O
des	O
classiques	O
exposant	O
des	O
principes	O
généraux,	O
Zhu	B-PER
Xi	L-PER
avait	O
sûrement	O
dans	O
la	O
pratique	O
le	O
souci	O
des	O
détails	O
concernant	O
la	O
conduite	O
des	O
étudiants	O
et	O
leur	O
discipline	O
d’étude.	O
Un	B-MISC
ensemble	I-MISC
de	I-MISC
règles	I-MISC
datant	L-MISC
du	O
xiii	O
e	O
siècle	O
reflètent	O
les	O
attentes	O
de	O
Zhu	O
Xi	O
en	O
matière	O
de	O
comportement	O
:	O
en	O
usage	O
dans	O
l’académie	O
de	O
la	O
Voie	B-LOC
éclairée	L-LOC
(Mingdao	O
shuyuan)	O
de	O
Nankin	U-LOC
,	O
elles	O
s’appuyaient	O
sur	O
les	O
règles	O
de	O
la	O
Grotte	B-LOC
du	I-LOC
Cerf	L-LOC
blanc.	O
Outre	O
les	O
cérémonies	O
pratiquées	O
à	O
l’école	O
chaque	O
quinzaine,	O
l’ensemble	O
donnait	O
aussi	O
les	O
grandes	O
lignes	O
à	O
suivre	O
dans	O
les	O
études	O
et	O
la	O
vie	O
à	O
l’académie	O
:	O
ous	O
les	O
dix	O
jours,	O
le	O
directeur	O
viendra	O
dans	O
la	O
salle	O
et	O
rassemblera	O
les	O
étudiants	O
titulaires	O
qui	O
recevront	O
des	O
fiches	O
de	O
cours	O
;	O
les	O
conférences	O
se	O
dérouleront	O
selon	O
le	O
règlement,	O
trente-huit	O
d’entre	O
elles	O
portant	O
sur	O
les	O
classiques	O
et	O
seize	O
autres	O
sur	O
les	O
histoires	O
;	O
toutes	O
seront	O
consignées	O
sur	O
un	O
registre.	O
aque	O
mois	O
se	O
tiendront	O
trois	O
examens	O
consistant	O
en	O
questions	O
sur	O
les	O
classiques	O
dans	O
la	O
première	O
décade,	O
en	O
questions	O
sur	O
les	O
histoires	O
dans	O
la	O
deuxième,	O
et	O
en	O
une	O
préparation	O
aux	O
examens	O
officiels	O
dans	O
la	O
troisième.	O
Ceux	B-MISC
qui	I-MISC
s’y	I-MISC
illustreront	I-MISC
par	I-MISC
la	I-MISC
forme	I-MISC
et	I-MISC
par	I-MISC
le	I-MISC
fond	L-MISC
seront	O
inscrits	O
sur	O
le	O
registre	O
de	O
perfectionnement	O
moral	O
du	O
dortoir.	O
registre	O
sera	O
créé	O
pour	O
noter	O
les	O
progrès	O
moraux	O
des	O
étudiants	O
;	O
il	O
sera	O
tenu	O
par	O
le	O
surveillant	O
qui,	O
au	O
terme	O
de	O
trois	O
examens,	O
rétrogradera	O
les	O
uns	O
et	O
élèvera	O
les	O
autres.	O
’ils	U-PER
sortent	O
ou	O
qu’ils	O
entrent,	O
les	O
étudiants	O
titulaires	O
devront	O
porter	O
une	O
robe	O
longue.	O
y	O
aura	O
un	O
registre	O
pour	O
les	O
demandes	O
d’absence	O
;	O
ceux	O
qui	O
sortiront	O
sans	O
s’être	O
fait	O
inscrire	O
seront	O
punis.	O
s	O
lettrés	O
admis	O
à	O
l’académie	O
ne	O
seront	O
pas	O
autorisés	O
à	O
aller	O
au-dehors	O
briguer	O
des	O
faveurs	O
en	O
offrant	O
des	O
présents	O
[aux	O
fonctionnaires	O
locaux]	O
;	O
les	O
contrevenants	O
seront	O
jugés	O
et	O
punis	O
Jiankang	U-PER
zhi,	O
29	O
/	O
5b-6a	U-LOC
;	O
Walton,	U-MISC
1999,	O
p.	O
2-3.	O
.	O
De	O
telles	O
règles	O
donnent	O
une	O
idée	O
de	O
la	O
rigueur	O
du	O
programme	O
dans	O
les	O
études	O
académiques	O
et	O
les	O
exercices	O
moraux,	O
aussi	O
bien	O
que	O
dans	O
les	O
règles	O
vestimentaires	O
et	O
les	O
exigences	O
du	O
comportement.	O
L’académie	O
de	O
Yuelu	B-MISC
Contrairement	L-MISC
à	O
la	O
plupart	O
des	O
autres	O
académies	O
des	O
Song,	O
l’académie	O
de	O
Yuelu	U-LOC
à	O
Changsha	U-LOC
,	O
dans	O
la	O
province	O
du	O
Hunan	U-LOC
,	O
se	O
rapprochait	O
d’une	O
école	O
publique.	O
Fondée,	U-PER
en	O
976,	O
par	O
le	O
préfet	O
de	O
Tan	U-LOC
basé	O
à	O
Changsha	U-LOC
,	O
en	O
coopération	O
avec	O
l’élite	O
locale,	O
elle	O
connut	O
un	O
temps	O
de	O
déclin	O
avant	O
d’être	O
restaurée,	O
en	O
996,	O
par	O
un	O
nouveau	O
préfet,	O
qui	O
adressa	O
une	O
requête	O
au	O
Collège	B-ORG
impérial	L-ORG
afin	O
d’obtenir	O
l’aide	O
de	O
l’État	O
pour	O
elle	O
et	O
ses	O
soixante	O
étudiants.	O
L’empereur	B-PER
Zhenzong	L-PER
,	O
qui	O
portait	O
grand	O
intérêt	O
aux	O
académies	O
et	O
contribua	O
à	O
instaurer	O
un	O
climat	O
favorable	O
à	O
leur	O
développement	O
et	O
à	O
leur	O
rayonnement,	O
fit	O
venir,	O
en	O
1012,	O
à	O
la	O
capitale,	O
le	O
directeur	O
de	O
l’académie	O
de	O
Yuelu,	B-PER
Zhou	I-PER
Shi	L-PER
,	O
pour	O
qu’il	O
professe	O
au	O
Collège	B-LOC
impérial.	L-LOC
Mais	O
Zhou	O
Shi	O
soupirait	O
tant	O
après	O
son	O
académie	O
de	O
Changsha	U-LOC
que	O
l’empereur	O
le	O
laissa	O
s’en	O
retourner	O
en	O
l’an	O
1015.	O
Non	O
seulement	O
il	O
lui	O
octroya	O
des	O
lots	O
de	O
livres	O
de	O
la	O
Bibliothèque	U-LOC
impériale,	O
mais	O
il	O
lui	O
offrit	O
une	O
inscription	O
où	O
sa	O
main	O
avait	O
calligraphié	O
les	O
quatre	O
caractères	O
du	O
nom	O
de	O
l’académie,	U-LOC
dont	O
il	O
faisait	O
l’éloge	O
en	O
déclarant	O
qu’elle	O
était	O
pour	O
le	O
Hunan	U-LOC
un	O
foyer	O
où	O
s’assemblaient	O
les	O
talents	O
Sauf	B-MISC
mention	I-MISC
expresse,	I-MISC
ma	I-MISC
présentation	I-MISC
de	I-MISC
l’académie	I-MISC
de	I-MISC
Yuelu	L-MISC
est	O
fondée	O
sur	O
l’ouvrage	O
de	O
Zhu	B-PER
Hanmin	L-PER
(Zhu,	O
2002)	U-MISC
et	O
sur	O
le	O
CD-ROM	U-MISC
«	O
Qiannian	U-MISC
xuefu	O
»	O
édité	O
par	O
l’Institut	O
culturel	O
de	O
l’académie	O
de	O
Yuelu	U-LOC
de	O
l’Université	O
du	O
Hunan,	U-LOC
ainsi	O
que	O
sur	O
mes	O
recherches	O
effectuées	O
sur	O
place	O
en	O
décembre	O
2004	O
grâce	O
au	O
soutien	O
de	O
l’American	O
Academy	B-ORG
of	I-ORG
Learned	I-ORG
Societies.	I-ORG
Ma	I-ORG
compréhension	I-ORG
des	I-ORG
choses	L-ORG
doit	O
aussi	O
à	O
la	O
générosité	O
de	O
Zhu	B-PER
Hanmin	L-PER
et	O
de	O
ses	O
collègues.	O
.	O
Forte	O
d’un	O
tel	O
soutien,	O
l’académie	O
vit	O
sa	O
renommée	O
s’étendre	O
et	O
elle	O
devint	O
le	O
centre,	O
au	O
Hunan	U-LOC
,	O
d’une	O
école	O
du	O
confucianisme	O
de	O
l’étude	O
de	O
la	O
Voie.	B-MISC
Bien	L-MISC
que	O
cette	O
école	O
ait	O
atteint	O
son	O
zénith	O
au	O
temps	O
où	O
Zhang	U-MISC
Shi	O
y	O
enseignait,	O
elle	O
tendit	O
à	O
incorporer	O
des	O
idées	O
de	O
Zhu	O
Xi	O
lorsque,	O
devenu	O
préfet	O
de	O
Tan	U-LOC
,	O
il	O
aida	O
à	O
la	O
restauration	O
de	O
l’académie,	U-LOC
puis	O
lorsqu’il	O
revint	O
y	O
donner	O
des	O
conférences	O
en	O
1194.	O
Cette	O
évolution	O
fut	O
facilitée	O
par	O
la	O
visite	O
de	O
trois	O
mois	O
que	O
Zhu	B-PER
Xi	L-PER
avait	O
rendue	O
à	O
Zhang	B-PER
Shi,	L-PER
en	O
1167,	O
et	O
par	O
l’enseignement	O
que	O
les	O
deux	O
amis	O
avaient	O
dispensé	O
ensemble	O
dans	O
la	O
salle	O
de	O
conférences	O
de	O
l’académie.	O
Et	O
si	O
Yuelu	U-LOC
se	O
laissa	O
porter	O
par	O
les	O
courants	O
intellectuels	O
en	O
vogue	O
au	O
temps	O
des	O
Ming	U-MISC
(1368-1644),	O
puis	O
des	O
Qing	U-LOC
(1644-1911),	O
son	O
administrateur	O
d’aujourd’hui,	O
Zhu	B-PER
Hanmin	L-PER
,	O
est	O
un	O
descendant	O
de	O
Zhu	O
Xi	O
en	O
même	O
temps	O
que	O
l’un	O
des	O
meilleurs	O
spécialistes	O
chinois	O
de	O
son	O
ancêtre.	O
Elle	O
n’en	O
continue	O
pas	O
moins	O
de	O
révérer	O
l’héritage	O
de	O
Zhang	B-PER
Shi	L-PER
et	O
la	O
tradition	O
du	O
savoir	O
propre	O
au	O
Hunan	U-LOC
.	O
La	O
surveillance	O
des	O
académies	O
par	O
le	O
gouvernement	O
et	O
l’aide	O
qu’il	O
leur	O
apportait	O
augmentèrent	O
au	O
fil	O
des	O
siècles	O
selon	O
un	O
processus	O
que	O
les	O
historiens	O
ont	O
qualifié	O
d’étatisation	O
(officialization)	O
–	B-ORG
processus	L-ORG
qui	O
atteignit	O
logiquement	O
son	O
point	O
extrême	O
quand,	O
dans	O
la	O
première	O
moitié	O
du	O
xx	O
e	O
siècle,	O
toutes	O
les	O
académies	O
reçurent	O
l’ordre	O
de	O
devenir	O
des	O
écoles	O
modernes	O
proposant	O
un	O
cursus	O
moderne.	O
Bien	O
que	O
l’académie	O
de	O
Yuelu	U-LOC
eût,	O
par	O
trois	O
fois,	O
changé	O
de	O
dénomination	O
en	O
vingt-trois	O
ans,	O
son	O
nom	O
et	O
ses	O
statuts	O
se	O
fixèrent,	O
en	O
1926,	O
quand	O
elle	O
fut	O
intégrée	O
dans	O
l’Université	O
du	O
Hunan,	U-LOC
qui	O
était	O
devenue	O
un	O
établissement	O
d’enseignement	O
général	O
axé	O
sur	O
les	O
techniques	O
de	O
l’ingénieur	O
et	O
les	O
sciences	O
naturelles.	O
En	O
raison	O
du	O
prestige	O
et	O
de	O
l’importance	O
culturelle	O
de	O
la	O
région	O
du	O
Hunan	U-LOC
,	O
l’académie	O
de	O
Yuelu	U-LOC
fut	O
préservée	O
et	O
restaurée	O
au	O
fil	O
des	O
siècles	O
;	O
elle	O
est	O
sans	O
doute	O
aujourd’hui	O
l’académie	O
historique	O
la	O
mieux	O
conservée	O
de	O
Chine	U-LOC
.	O
Ses	O
bâtiments	O
du	O
temps	O
des	O
Song	U-MISC
furent	O
détruits	O
lors	O
de	O
la	O
conquête	O
de	O
Changsha	U-LOC
par	O
les	O
armées	O
mongoles	O
des	O
Yuan,	U-ORG
en	O
1275,	O
quand	O
les	O
huit	O
ou	O
neuf	O
dixièmes	O
des	O
maîtres	O
et	O
des	O
étudiants	O
de	O
l’académie	O
périrent	O
en	O
la	O
défendant.	O
Bien	O
que	O
le	O
portail	O
de	O
pierre	O
et	O
ses	O
deux	O
lions	O
sculptés	O
remontent	O
à	O
la	O
dynastie	O
des	O
Ming,	B-MISC
l’architecture	L-MISC
actuelle	O
date,	O
pour	O
l’essentiel,	O
des	O
xviii	O
e	O
et	O
xix	O
e	O
siècle,	O
et	O
une	O
restauration	O
en	O
a	O
commencé	O
au	O
début	O
des	O
années	O
1980.	O
Les	B-MISC
divers	I-MISC
travaux	I-MISC
entrepris	I-MISC
au	I-MISC
long	I-MISC
de	I-MISC
ses	I-MISC
mille	I-MISC
ans	I-MISC
d’histoire	L-MISC
ont	O
su	O
préserver	O
beaucoup	O
de	O
son	O
caractère	O
et	O
de	O
l’agencement	O
hérités	O
des	O
Song	U-MISC
;	O
et,	U-MISC
si	O
l’on	O
omet	O
les	O
installations	O
modernes	O
comme	O
les	O
éclairages	O
électriques,	O
l’environnement	O
matériel	O
de	O
l’académie	O
tel	O
qu’on	O
le	O
voit	O
aujourd’hui	O
est,	O
dans	O
l’ensemble,	O
en	O
accord	O
avec	O
les	O
textes	O
aussi	O
bien	O
qu’avec	O
les	O
vestiges	O
et	O
les	O
reconstructions	O
des	O
autres	O
académies	O
de	O
Chine	U-LOC
.	O
Aussi	O
sa	O
description	O
peut-elle	O
nous	O
aider	O
à	O
imaginer	O
ce	O
qu’étaient	O
la	O
vie	O
et	O
l’étude	O
dans	O
un	O
établissement	O
d’éducation	O
confucéenne	O
d’autrefois	O
en	O
Asie	U-LOC
orientale.	O
L’académie	U-LOC
est	O
située	O
sur	O
une	O
pente	O
au	O
pied	O
du	O
mont	O
Yuelu,	U-LOC
le	O
long	O
de	O
la	O
rive	O
ouest	O
de	O
la	O
rivière	O
Xiang,	U-LOC
presque	O
en	O
face	O
des	O
faubourgs	O
de	O
Changsha	U-LOC
.	O
Comme	O
pour	O
les	O
autres	O
académies,	O
la	O
beauté	O
du	O
cadre	O
et	O
la	O
tranquillité	O
nécessaire	O
à	O
l’étude	O
tinrent	O
une	O
place	O
importante	O
dans	O
le	O
choix	O
du	O
site.	O
La	O
montagne	O
offre	O
une	O
vue	O
imprenable	O
sur	O
la	O
rivière	O
et	O
la	O
ville.	O
Elle	O
servit	O
jadis	O
aux	O
taoïstes	O
de	O
lieu	O
de	O
retraite	O
et	O
d’isolement,	O
et	O
des	O
bouddhistes	O
commencèrent	O
d’y	O
construire	O
des	O
temples	O
dès	O
l’an	O
268.	O
Au	O
viii	O
e	O
siècle,	O
des	O
adeptes	O
de	O
Confucius	U-PER
lisaient	O
les	O
classiques	O
dans	O
des	O
cabinets	O
de	O
travail	O
installés	O
à	O
flanc	O
de	O
coteau,	O
si	O
bien	O
que	O
l’endroit	O
devint	O
peu	O
à	O
peu	O
l’emplacement	O
d’une	O
première	O
académie	O
confucéenne.	O
Le	O
portail	O
en	O
pierre	O
de	O
la	O
dynastie	O
des	O
Ming,	U-ORG
qui	O
conduit	O
au	O
temple	O
de	O
Confucius	U-PER
rattaché	O
à	O
l’académie	O
de	O
Yuelu	U-LOC
;	O
les	O
deux	O
caractères	O
«	O
Sheng	U-LOC
yu	O
»,	U-LOC
au-dessus	O
du	O
portail	O
intérieur,	O
rappellent	O
aux	O
pèlerins	O
qu’ils	O
ont	O
pénétré	O
dans	O
le	O
sanctuaire	O
du	O
Sage.	U-LOC
La	O
partie	O
de	O
l’ancienne	O
académie	O
que	O
l’on	O
rencontre	O
d’abord	O
en	O
montant	O
depuis	O
l’Université	O
du	O
Hunan	U-LOC
comprend	O
l’Étang	O
pour	O
abreuver	O
les	O
chevaux	O
(Yinma	O
chi)	U-ORG
et	O
le	O
pavillon	O
Fengyu.	U-PER
La	O
légende	O
raconte	O
qu’en	O
1167	O
l’étang	O
fut	O
asséché	O
par	O
les	O
montures	O
de	O
plus	O
de	O
mille	O
personnes	O
venues	O
écouter	O
Zhu	B-PER
Xi	L-PER
et	O
Zhang	B-PER
Shi	L-PER
professer	O
et	O
débattre	O
ensemble.	O
L’académie	O
proprement	O
dite	O
est	O
ceinte	O
par	O
un	O
haut	O
mur	O
blanc,	O
coiffé	O
de	O
briques	O
noires,	O
tandis	O
que	O
des	O
murs	O
intérieurs	O
et	O
des	O
bâtiments	O
la	O
divisent	O
en	O
autant	O
de	O
cours	O
et	O
d’espaces	O
fermés.	O
Les	O
académies	O
étaient	O
disposées	O
selon	O
le	O
style	O
traditionnel	O
avec	O
cours,	O
propre	O
aux	O
habitations	O
des	O
grandes	O
familles,	O
et	O
de	O
manière	O
assez	O
semblable	O
à	O
l’enclos	O
d’un	O
temple	O
ou	O
d’un	O
bâtiment	O
officiel.	O
L’entrée	U-LOC
se	O
faisait	O
par	O
la	O
porte	O
principale	O
conduisant	O
à	O
la	O
première	O
des	O
cours	O
entourée	O
de	O
bâtiments	O
sur	O
quatre	O
côtés.	O
Au	O
lieu	O
d’être	O
centrées	O
sur	O
la	O
salle	O
du	O
Bouddha	U-PER
,	O
les	O
académies	O
l’étaient	O
sur	O
la	O
salle	O
accueillant	O
les	O
cérémonies	O
et	O
les	O
conférences	O
confucéennes.	O
Depuis	O
la	O
dynastie	O
des	O
Qing,	O
un	O
portail	O
extérieur	O
conduit	O
dans	O
une	O
grande	O
cour	O
dominée	O
par	O
une	O
scène	O
de	O
théâtre	O
aux	O
toits	O
de	O
tuiles	O
arqués	O
dans	O
le	O
style	O
propre	O
à	O
la	O
région	O
du	O
Hunan.	U-LOC
Les	O
temples	O
bouddhistes	O
et	O
taoïstes	O
offraient	O
souvent	O
de	O
semblables	O
facilités	O
permettant	O
de	O
donner	O
des	O
représentations	O
en	O
l’honneur	O
des	O
divinités	O
et	O
de	O
drainer	O
des	O
foules	O
de	O
fidèles	O
avec,	O
de	O
la	O
même	O
manière,	O
une	O
scène	O
tournée	O
vers	O
la	O
salle	O
principale,	O
qui	O
apparaît	O
ainsi	O
de	O
dos	O
lorsqu’on	O
franchit	O
le	O
portail	O
extérieur.	O
Sur	O
les	O
murs	O
intérieurs,	O
de	O
part	O
et	O
d’autre	O
de	O
la	O
scène,	O
sont	O
peints	O
deux	O
grands	O
caractères	O
dorés,	O
de	O
trois	O
mètres	O
de	O
haut	O
chacun	O
:	O
le	O
caractère	O
de	O
la	O
bonne	O
fortune	O
(fu)	O
tracé	O
par	O
un	O
directeur	O
de	O
l’académie	O
de	O
l’époque,	U-LOC
et	O
celui	O
de	O
la	O
longévité	O
(shou)	U-MISC
dû	O
à	O
un	O
visiteur	O
taoïste.	O
Ces	O
caractères	O
qui	O
se	O
répondent,	O
tout	O
comme	O
les	O
hexagrammes	O
des	O
plafonds,	O
traduisent	O
à	O
la	O
fois	O
l’influence	O
réciproque	O
des	O
cultures	O
confucéenne	O
et	O
taoïste	O
et	O
la	O
demande	O
grandissante	O
qu’il	O
y	O
avait,	O
à	O
la	O
fin	O
de	O
l’Empire,	O
pour	O
des	O
divertissements	O
populaires.	O
D’autres	O
peintures	O
ornant	O
le	O
plafond	O
représentent	O
divers	O
thèmes	O
tirés	O
de	O
pièces	O
qui	O
furent	O
jouées	O
ici.	O
Le	B-MISC
nom	I-MISC
même	I-MISC
de	I-MISC
la	I-MISC
scène,	I-MISC
Hexi	L-MISC
(l’Aube	O
glorieuse),	O
n’en	O
évoque	O
pas	O
moins	O
l’héritage	O
de	O
Zhang	B-PER
Shi	L-PER
et	O
de	O
Zhu	O
Xi	O
.	O
Lors	O
de	O
leur	O
fameuse	O
rencontre	O
de	O
1167,	O
les	O
deux	O
hommes	O
contemplèrent	O
ensemble	O
un	O
lever	O
de	O
soleil	O
depuis	O
le	O
sommet	O
du	O
mont	O
Yuelu	U-LOC
qui	O
domine	O
l’académie	O
;	O
après	O
quoi	O
une	O
terrasse	O
couverte	O
fut	O
construite,	O
que	O
l’inscription	O
lapidaire	O
composée	O
par	O
Zhu	O
Xi	O
désigne	O
comme	O
la	O
scène	O
de	O
l’Aube	O
glorieuse.	O
Bien	O
que	O
l’on	O
puisse	O
se	O
demander	O
si	O
Zhu	O
Xi	O
et	O
Zhang	O
Shi	O
auraient	O
approuvé	O
les	O
spectacles	O
frivoles	O
qui	O
s’y	O
donnaient,	O
détournant	O
l’attention	O
des	O
étudiants	O
de	O
l’étude	O
de	O
leurs	O
textes,	O
le	O
nom	O
de	O
la	O
scène	O
n’en	O
resta	O
pas	O
moins	O
attaché	O
à	O
leur	O
souvenir.	O
Après	O
avoir	O
admiré	O
les	O
plus	O
ornés	O
des	O
toits	O
arqués	O
de	O
la	O
scène,	O
le	O
visiteur,	O
d’un	O
simple	O
demi-tour,	O
se	O
trouve	O
en	O
face	O
de	O
la	O
porte	O
principale	O
de	O
l’académie	O
proprement	O
dite.	O
L’axe	O
principal	O
de	O
l’académie	O
de	O
Yuelu	U-LOC
depuis	O
la	O
cour	O
de	O
la	O
salle	O
de	O
conférences,	O
tel	O
qu’il	O
apparaît,	O
à	O
travers	O
la	O
seconde	O
porte,	O
quand	O
on	O
se	O
retourne	O
vers	O
la	O
première	O
porte,	O
avec	O
dans	O
le	O
lointain	O
la	O
scène	O
de	O
l’Aube	O
glorieuse.	O
L’inscription	O
fait	O
allusion	O
au	O
fameux	O
bois	O
de	O
frêne	O
du	O
bassin	O
des	O
rivières	O
Xiao	U-LOC
et	O
Xiang	U-LOC
utilisé	O
dans	O
la	O
construction	O
de	O
l’académie,	O
et	O
donc	O
implicitement	O
aux	O
hommes	O
de	O
talent	O
de	O
la	O
région.	O
En	O
montant	O
les	O
marches	O
de	O
l’entrée	O
principale,	O
son	O
regard	O
va	O
à	O
la	O
pièce	O
de	O
bois	O
posée	O
en	O
avant	O
à	O
l’horizontale	O
avec,	O
sous	O
ses	O
yeux,	O
les	O
quatre	O
caractères	O
d’or	O
«	O
Académie	B-ORG
de	I-ORG
Yuelu	L-ORG
»	O
(Yuelu	O
shuyuan),	O
selon	O
la	O
calligraphie	O
de	O
l’empereur	O
Zhenzong	B-PER
des	I-PER
Song	L-PER
.	O
Une	O
paire	O
de	O
sentences	O
apposées	O
sur	O
les	O
montants	O
de	O
la	O
porte	O
proclament	O
que	O
ce	O
lieu	O
est	O
un	O
«	O
Foyer	U-PER
unique	O
de	O
talents	O
au	O
pays	O
de	O
Chu	U-LOC
»	O
et	O
qu’ils	O
y	O
sont	O
«	O
Plus	O
abondants	O
ici	O
qu’ailleurs	O
».	B-PER
Tirées	L-PER
du	O
Commentaire	B-ORG
de	I-ORG
Zuo	I-ORG
et	I-ORG
des	I-ORG
Analectes	L-ORG
de	O
Confucius,	B-MISC
elles	I-MISC
entendent	I-MISC
signifier,	L-MISC
sans	O
s’embarrasser	O
du	O
contexte,	O
que,	O
depuis	O
l’Antiquité	O
classique,	O
les	O
talents	O
ont	O
fleuri	O
dans	O
la	O
région.	O
La	O
porte	O
principale	O
franchie,	O
on	O
pénètre	O
dans	O
une	O
cour	O
plus	O
vaste	O
que	O
divise	O
en	O
deux	O
une	O
deuxième	O
porte,	O
avec	O
une	O
partie	O
avant	O
servant	O
à	O
accueillir	O
et	O
à	O
raccompagner	O
les	O
hôtes	O
et	O
une	O
partie	O
principale	O
faisant	O
face	O
à	O
la	O
salle	O
de	O
conférences.	O
Les	O
quatre	O
caractères	O
de	O
la	O
plaque	O
suspendue	O
au-dessus	O
de	O
cette	O
porte	O
proclament	O
:	O
«	O
Salle	U-PER
de	O
conférences	O
de	O
la	O
montagne	O
célèbre	O
».	U-ORG
Le	O
seuil	O
une	O
fois	O
franchi,	O
on	O
peut	O
voir	O
l’axe	O
principal	O
de	O
l’académie	O
avec,	O
en	O
arrière-plan	O
au	O
loin,	O
la	O
scène	O
de	O
l’Aube	O
glorieuse.	O
Au	O
temps	O
des	O
Song,	O
la	O
salle	O
des	O
rites	O
et	O
l’autel	O
de	O
Confucius	U-PER
se	O
trouvaient	O
ici	O
;	O
puis,	O
en	O
1507,	O
un	O
ensemble	O
de	O
bâtiments	O
destinés	O
à	O
servir	O
de	O
temple	O
dévolu	O
au	O
culte	O
de	O
Confucius	U-PER
fut	O
construit	O
dans	O
une	O
cour	O
adjacente	O
au	O
nord.	O
L’endroit	O
devint	O
alors	O
la	O
deuxième	O
entrée	O
comprenant	O
plusieurs	O
pièces.	O
La	O
modification	O
apportée	O
au	O
xvi	O
e	O
siècle	O
donna	O
plus	O
d’importance	O
à	O
la	O
salle	O
de	O
conférences	O
principale	O
qui	O
domine	O
cette	O
cour	O
et	O
se	O
situe	O
au	O
milieu	O
de	O
l’axe	O
de	O
l’académie.	O
La	O
salle,	O
spacieuse	O
et	O
ouverte	O
à	O
l’est,	O
est	O
encombrée	O
de	O
calligraphies	O
exhortant	O
les	O
élèves	O
à	O
étudier	O
et	O
à	O
cultiver	O
les	O
vertus	O
confucéennes.	O
Deux	B-MISC
inscriptions	I-MISC
horizontales,	I-MISC
placées	L-MISC
en	O
évidence	O
sur	O
le	O
haut	O
des	O
solives	O
centrales,	O
furent	O
offertes	O
par	O
les	O
deux	O
plus	O
puissants	O
souverains	O
des	O
Qing	U-LOC
au	O
cours	O
de	O
leurs	O
tournées	O
dans	O
les	O
provinces	O
méridionales.	O
L’une,	O
due	O
à	O
Kangxi	U-LOC
(1622-1722),	O
encourage	O
les	O
étudiants	O
par	O
ces	O
mots	O
:	O
«	O
L’étude	O
nourrit	O
les	O
dons	O
naturels	O
»	O
;	O
l’autre,	O
due	O
à	O
Qianlong	U-LOC
(1736-1795),	O
qualifie	O
l’académie	O
de	O
héraut	O
de	O
«	O
La	B-MISC
Voie	I-MISC
orthodoxe	L-MISC
confucéenne	O
dans	O
le	O
Sud	U-LOC
».	O
L’inscription	O
de	O
Qianlong	O
est	O
d’origine,	O
celle	O
de	O
Kangxi	U-LOC
est	O
une	O
copie.	O
Parmi	O
les	O
inscriptions	O
figurant	O
le	O
long	O
des	O
murs	O
nord	O
et	O
sud,	O
on	O
trouve	O
huit	O
grands	O
caractères	O
gravés	O
sur	O
des	O
pierres	O
noires,	O
d’environ	O
deux	O
mètres	O
de	O
haut	O
chacune,	O
enchâssées	O
à	O
même	O
le	O
mur,	O
et	O
dont	O
les	O
quatre	O
premiers	O
sont	O
réputés	O
avoir	O
été	O
calligraphiés	O
par	O
Zhu	O
Xi	O
lors	O
de	O
sa	O
visite	O
en	O
1167.	O
Ils	O
proposent	O
en	O
deux	O
sentences	O
un	O
résumé	O
des	O
principes	O
guidant	O
l’académie	O
:	O
«	O
loyauté,	O
piété	O
filiale,	O
pureté	O
et	O
honnêteté	O
»	O
;	O
«	O
ordre	O
et	O
sérieux	O
».	U-ORG
Sur	O
une	O
tribune	O
dominant	O
la	O
salle	O
trônent	O
deux	O
chaises	O
vides	O
pour	O
les	O
maîtres,	O
en	O
une	O
évocation	O
symbolique	O
de	O
Zhu	B-PER
Xi	L-PER
et	O
de	O
Zhang	B-PER
Shi	L-PER
.	O
De	O
la	O
tribune,	O
les	O
deux	O
hommes	O
pouvaient	O
s’adresser	O
à	O
l’assemblée	O
des	O
étudiants,	O
assis	O
derrière	O
des	O
pupitres	O
ou	O
de	O
petites	O
tables	O
leur	O
permettant	O
de	O
prendre	O
des	O
notes	O
avec	O
leur	O
pinceau	O
à	O
encre.	O
La	O
partie	O
avant	O
de	O
la	O
salle	O
de	O
conférences,	O
orientée	O
vers	O
l’est,	O
ne	O
comporte	O
pas	O
de	O
mur,	O
ce	O
qui	O
permettait	O
d’accueillir	O
les	O
flots	O
de	O
la	O
foule	O
qui	O
venait	O
assister	O
aux	O
conférences	O
spéciales.	O
Selon	O
une	O
tradition	O
conservée	O
à	O
l’académie,	O
plus	O
de	O
mille	O
personnes	O
vinrent	O
écouter	O
les	O
conférences	O
de	O
Zhu	B-PER
Xi	L-PER
.	O
Mais,	U-PER
plutôt	O
que	O
de	O
donner	O
de	O
grandes	O
conférences,	O
Zhu	O
Xi	O
et	O
la	O
plupart	O
des	O
maîtres	O
préféraient	O
enseigner	O
en	O
répondant	O
de	O
temps	O
à	O
autre	O
aux	O
questions	O
de	O
petits	O
groupes	O
d’étudiants.	O
Et	O
plus	O
qu’à	O
des	O
conférences,	O
les	O
disciples	O
occupaient	O
le	O
plus	O
clair	O
de	O
leur	O
temps,	O
jour	O
après	O
jour,	O
à	O
lire	O
et	O
mémoriser	O
des	O
textes,	O
et	O
à	O
les	O
discuter	O
entre	O
eux.	O
Même	O
dans	O
les	O
académies,	O
les	O
débats	O
publics,	O
tels	O
qu’ils	O
se	O
pratiquaient	O
couramment	O
dans	O
la	O
Grèce	U-LOC
ancienne,	O
étaient	O
rares	O
en	O
Chine	U-LOC
;	O
les	O
étudiants	O
en	O
Asie	B-LOC
orientale	L-LOC
se	O
contentaient	O
généralement	O
d’écouter	O
leur	O
maître	O
;	O
et,	U-MISC
quand	O
les	O
maîtres	O
«	O
débattaient	O
»	O
avec	O
l’un	O
ou	O
avec	O
l’autre,	O
ils	O
le	O
faisaient	O
habituellement	O
par	O
le	O
moyen	O
d’un	O
échange	O
de	O
lettres.	O
Dans	O
les	O
mois	O
qui	O
précédèrent	O
la	O
visite	O
de	O
Zhu	O
Xi	O
et	O
sa	O
première	O
conférence,	O
Zhang	U-MISC
Shi	O
écrivit	O
un	O
texte	O
de	O
présentation	O
historique	O
de	O
l’académie,	O
reproduit	O
aujourd’hui	O
sur	O
le	O
grand	O
écran	O
qui	O
sert	O
d’arrière-plan	O
à	O
la	O
tribune.	O
Écrite	U-MISC
pour	O
célébrer	O
la	O
restauration	O
de	O
1165,	O
la	O
présentation	O
de	O
Zhang	O
Shi	O
proclame	O
que	O
les	O
objectifs	O
de	O
la	O
philosophie	O
guidant	O
l’académie	O
vont	O
au-delà	O
de	O
la	O
préparation	O
aux	O
examens	O
officiels	O
:	O
l’éducation	O
vise	O
à	O
cultiver	O
les	O
talents	O
de	O
l’individu	O
par	O
le	O
moyen	O
des	O
vertus	O
confucéennes	O
:	O
Comment	O
serait-ce	O
de	O
faire	O
vivre	O
et	O
bavarder	O
ensemble	O
les	O
étudiants	O
en	O
escomptant	O
simplement	O
succès	O
aux	O
examens	O
et	O
carrières	O
lucratives	O
?	O
Comment	O
serait-ce	O
de	O
leur	O
apprendre	O
la	O
seule	O
maîtrise	O
du	O
verbe	O
et	O
de	O
l’écrit	O
?	O
Il	O
s’agit	O
de	O
former	O
des	O
talents	O
afin	O
de	O
transmettre	O
la	O
Voie	U-LOC
et	O
de	O
secourir	O
le	O
peuple.	O
[…]	O
En	O
quoi	O
consiste	O
[le	O
savoir]	O
transmis	O
[par	O
Confucius]	U-MISC
?	O
En	O
la	O
vertu	O
d’humanité,	U-MISC
qui	O
est	O
celle	O
du	O
cœur	O
de	O
l’homme,	U-MISC
celle	O
qui	O
guide	O
la	O
nature	O
humaine,	O
détermine	O
la	O
destinée	O
de	O
l’homme,	U-MISC
dirige	O
l’empire	O
et	O
gouverne	O
la	O
myriade	O
des	O
êtres	O
Nanxuan	U-LOC
ji,	O
10	O
/	O
1b	O
;	O
Walton,	U-MISC
1999,	O
p.	O
33-34.	O
.	O
Zhang	U-PER
ne	O
recommandait	O
pas	O
simplement	O
de	O
distinguer	O
clairement	O
entre	O
intégrité	O
et	O
intérêt	O
égoïste,	O
il	O
voulait	O
que	O
le	O
savoir	O
servît	O
au	O
gouvernement	O
du	O
monde	O
et	O
ne	O
se	O
perdît	O
pas	O
en	O
spéculations	O
philosophiques.	O
Parmi	O
les	O
autres	O
inscriptions	O
lapidaires	O
notables	O
figurant	O
sur	O
les	O
murs,	O
on	O
trouve	O
les	O
règlements	O
de	O
l’académie	O
tels	O
qu’il	O
furent	O
arrêtés	O
sous	O
les	O
Qing,	O
avec	O
leurs	O
exhortations	O
à	O
étudier	O
avec	O
diligence	O
et	O
à	O
cultiver	O
les	O
vertus	O
confucéennes.	O
Sur	B-MISC
les	I-MISC
côtés	I-MISC
nord	L-MISC
et	O
sud	O
de	O
la	O
cour	O
de	O
la	O
salle	O
de	O
conférences	O
se	O
trouvent	O
les	O
deux	O
longs	O
bâtiments	O
qui	O
servaient	O
de	O
dortoirs	O
aux	O
étudiants	O
et	O
au	O
personnel	O
enseignant.	O
Le	O
directeur	O
d’une	O
académie	O
disposait	O
d’une	O
chambre	O
et	O
d’un	O
cabinet	O
de	O
travail,	O
habituellement	O
situés	O
dans	O
une	O
cour	O
séparée	O
;	O
à	O
Yuelu,	U-MISC
il	O
résidait	O
même	O
dans	O
une	O
construction	O
distincte,	O
le	O
cabinet	O
des	O
Cent	B-MISC
Printemps,	L-MISC
qui	O
se	O
trouvait	O
dans	O
un	O
jardin	O
au	O
sud,	O
derrière	O
le	O
mur	O
de	O
l’enceinte	O
de	O
la	O
salle	O
de	O
conférences	O
et	O
des	O
dortoirs.	O
On	O
dit	O
que,	O
à	O
la	O
fin	O
du	O
xii	O
e	O
siècle,	O
l’académie	O
comptait	O
un	O
millier	O
d’étudiants	O
et	O
vivait	O
des	O
sept	O
cents	O
acres	O
de	O
terre	O
qui	O
lui	O
étaient	O
rattachées	O
Walton,	U-MISC
1999,	O
p.	O
36.	O
.	O
En	O
plus	O
de	O
leur	O
salaire	O
mensuel,	O
les	O
enseignants	O
et	O
le	O
personnel	O
recevaient	O
une	O
rémunération	O
journalière.	O
Nous	O
savons	O
par	O
la	O
liste	O
des	O
dépenses	O
d’une	O
autre	O
académie	O
des	O
Song,	O
l’académie	O
de	O
la	O
Voie	B-LOC
éclairée,	L-LOC
que	O
les	O
étudiants	O
touchaient	O
eux	O
aussi	O
salaires	O
et	O
indemnités	O
pour	O
leur	O
éclairage	O
et	O
leur	O
nourriture,	O
et	O
qu’en	O
hiver	O
des	O
mesures	O
de	O
charbon	O
étaient	O
fournies	O
aux	O
dortoirs	O
Jiankang	U-PER
zhi,	O
29	O
/	O
5a-5b	U-MISC
;	O
Walton,	U-MISC
1999,	O
p.	O
217.	O
.	O
Les	O
serviteurs	O
ou	O
les	O
employés,	O
tels	O
que	O
le	O
portier	O
et	O
les	O
cuisiniers,	O
résidaient	O
dans	O
des	O
chambres	O
à	O
proximité	O
de	O
l’entrée	O
principale	O
ou	O
de	O
la	O
cuisine.	O
Le	B-MISC
réfectoire	L-MISC
et	O
la	O
cuisine	O
occupaient	O
généralement	O
une	O
pièce	O
sur	O
le	O
côté	O
de	O
l’une	O
des	O
cours.	O
Les	B-MISC
étudiants	L-MISC
mangeaient	O
souvent	O
ensemble,	O
et	O
un	O
étudiant	O
marié	O
devait	O
abandonner	O
sa	O
femme	O
et	O
sa	O
famille	O
à	O
son	O
entrée	O
à	O
l’académie.	O
La	O
vie	O
en	O
dortoir	O
et	O
les	O
repas	O
en	O
commun	O
visaient	O
à	O
accroître	O
le	O
sens	O
de	O
l’apprentissage	O
en	O
groupe	O
dans	O
une	O
camaraderie	O
partagée.	O
Créer	U-PER
des	O
liens	O
de	O
camaraderie	O
entre	O
compagnons	O
ayant	O
des	O
valeurs	O
et	O
des	O
obligations	O
communes	O
fut	O
l’un	O
des	O
plus	O
grands	O
succès	O
de	O
ces	O
lieux	O
de	O
savoir	O
dirigés	O
par	O
les	O
confucéens	O
de	O
l’étude	O
de	O
la	O
Voie.	B-MISC
Derrière	L-MISC
la	O
salle	O
de	O
conférences,	O
un	O
pont	O
donne	O
accès	O
à	O
une	O
cour,	O
que	O
domine	O
le	O
bâtiment	O
de	O
la	O
bibliothèque.	O
Ce	B-MISC
pont	I-MISC
surplombe	I-MISC
un	I-MISC
vaste	I-MISC
bassin	L-MISC
qui	O
ne	O
contribuait	O
pas	O
seulement	O
à	O
la	O
beauté	O
des	O
lieux,	O
mais	O
servait	O
aussi	O
à	O
protéger	O
la	O
bibliothèque	O
en	O
cas	O
d’incendie	O
dans	O
les	O
dortoirs	O
ou	O
dans	O
la	O
salle	O
de	O
conférences.	O
Il	O
était	O
habituel	O
que	O
des	O
bassins	O
se	O
trouvent	O
près	O
des	O
bibliothèques,	O
leurs	O
réserves	O
d’eau	O
étant	O
toujours	O
prêtes	O
à	O
lutter	O
contre	O
le	O
feu	O
qui	O
menaçait	O
en	O
permanence	O
des	O
bâtiments	O
aux	O
structures	O
de	O
bois.	O
Dans	O
les	O
années	O
qui	O
suivirent	O
la	O
construction	O
de	O
la	O
bibliothèque,	O
l’empereur	O
Zhenzong	B-PER
des	I-PER
Song	L-PER
offrit	O
des	O
livres,	O
dont	O
en	O
particulier	O
la	O
série	O
des	O
classiques	O
confucéens	O
;	O
plusieurs	O
siècles	O
après,	O
l’empereur	O
Kangxi	B-PER
des	I-PER
Qing	L-PER
donna	O
un	O
ensemble	O
des	O
classiques	O
et	O
des	O
histoires	O
dynastiques	O
appartenant	O
à	O
la	O
collection	O
impériale.	O
Bien	O
que,	O
sous	O
la	O
dynastie	O
des	O
Ming,	U-ORG
la	O
bibliothèque	O
portât	O
un	O
nom	O
la	O
rattachant	O
aux	O
classiques	O
confucéens,	O
elle	O
fut	O
pendant	O
la	O
plus	O
grande	O
partie	O
de	O
son	O
histoire	O
marquée	O
par	O
le	O
souvenir	O
de	O
ces	O
dons	O
augustes	O
et	O
était	O
connue	O
sous	O
l’appellation	O
de	O
Pavillon	U-MISC
des	O
livres	O
impériaux	O
(Yushu	O
lou).	O
Au	O
xviii	O
e	O
siècle,	O
elle	O
abritait	O
vingt	O
mille	O
ouvrages,	O
nombre	O
énorme	O
pour	O
la	O
bibliothèque	O
d’un	O
établissement	O
académique.	O
Une	O
telle	O
richesse	O
de	O
textes	O
contribua	O
à	O
enrichir	O
la	O
vie	O
intellectuelle	O
des	O
lieux	O
et	O
éleva	O
le	O
niveau	O
de	O
l’étude	O
au	O
Hunan.	U-MISC
La	O
bibliothèque	O
n’était	O
pas	O
seulement	O
un	O
dépôt	O
de	O
livres,	O
elle	O
servait	O
aussi	O
de	O
lieu	O
d’instruction	O
supplémentaire.	O
Le	O
long	O
des	O
murs	O
de	O
la	O
cour,	O
des	O
couloirs	O
couverts	O
offraient	O
leur	O
ombre	O
aux	O
lecteurs.	O
Bibliothèque	B-ORG
de	I-ORG
l’académie	I-ORG
Yuelu,	L-ORG
appelée	O
le	O
«	O
Pavillon	B-MISC
des	I-MISC
livres	L-MISC
impériaux	O
».	U-ORG
Quand	O
le	O
visiteur	O
tourne	O
le	O
dos	O
à	O
la	O
bibliothèque,	O
son	O
attention	O
est	O
attirée	O
par	O
une	O
série	O
de	O
bâtiments	O
situés	O
à	O
gauche	O
et	O
au	O
nord	O
de	O
la	O
cour	O
;	O
plusieurs	O
de	O
ces	O
huit	O
structures	O
sont	O
des	O
autels	O
où	O
les	O
étudiants	O
vénéraient	O
des	O
philosophes	O
associés	O
au	O
savoir	O
orthodoxe	O
ainsi	O
que	O
les	O
plus	O
grands	O
maîtres	O
de	O
l’académie.	O
Bien	O
que	O
ces	O
constructions	O
ne	O
remontent	O
qu’aux	O
Yuan	U-MISC
et	O
aux	O
Ming,	U-ORG
il	O
faut	O
se	O
souvenir	O
que	O
les	O
rituels	O
de	O
vénération	O
de	O
la	O
plupart	O
de	O
ces	O
hommes	O
faisaient	O
partie	O
de	O
la	O
routine	O
quotidienne	O
aussi	O
bien	O
que	O
des	O
cérémonies	O
spéciales	O
qui	O
ponctuaient	O
la	O
vie	O
des	O
académies	O
des	O
Song	O
comme	O
celle	O
de	O
Yuelu.	U-PER
En	O
effet,	O
la	O
vénération	O
des	O
sages	O
et	O
des	O
saints	O
qui	O
relevaient	O
de	O
leur	O
école	O
fut	O
l’une	O
des	O
raisons	O
principales	O
qui	O
poussèrent	O
les	O
confucéens	O
de	O
l’étude	O
de	O
la	O
Voie	U-LOC
à	O
dépenser	O
tant	O
d’énergie	O
à	O
créer	O
et	O
développer	O
les	O
académies.	O
Ainsi,	U-PER
selon	O
le	O
témoignage	O
de	O
l’un	O
des	O
élèves	O
que	O
Zhu	O
Xi	O
accueillit	O
au	O
cabinet	O
du	O
Bosquet	U-MISC
de	O
bambous	O
(Zhulin	O
jingshe)	O
qu’il	O
fit	O
construire	O
en	O
1194	O
dans	O
la	O
province	B-LOC
du	I-LOC
Fujian	L-LOC
,	O
les	O
étudiants	O
participaient-ils	O
à	O
des	O
rites	O
quotidiens	O
dans	O
la	O
Salle	O
des	O
images	O
(yingtang)	O
ainsi	O
que	O
devant	O
la	O
tablette	O
et	O
la	O
statue	O
de	O
Confucius	U-PER
:	O
Chaque	O
matin,	O
le	O
Maître	U-PER
se	O
levait	O
tôt,	O
tandis	O
que	O
les	O
étudiants	O
de	O
l’académie	O
enfilaient	O
leur	O
robe,	O
puis	O
se	O
rendaient	O
devant	O
la	B-PER
Salle	L-PER
des	O
images	O
où	O
ils	O
sonnaient	O
la	O
cloche	O
et	O
attendaient	O
qu’il	O
parût.	O
La	O
porte	O
une	O
fois	O
ouverte,	O
le	O
Maître	U-PER
pénétrait	O
dans	O
la	O
salle	O
et	O
conduisait	O
les	O
étudiants,	O
rangés	O
en	O
ordre,	O
à	O
faire	O
révérence	O
et	O
brûler	O
de	O
l’encens,	O
puis	O
il	O
se	O
retirait	O
après	O
de	O
nouvelles	O
révérences.	O
L’un	U-LOC
d’eux	O
se	O
rendait	O
à	O
l’autel	O
du	O
Dieu	U-MISC
du	O
sol	O
pour	O
brûler	O
de	O
l’encens	U-LOC
et	O
faire	O
révérence.	O
Après	O
quoi,	O
accompagnant	O
le	O
Maître	U-PER
dans	O
le	O
pavillon,	O
nous	O
faisions	O
révérence	O
devant	O
la	O
statue	O
de	O
l’Ancien	B-PER
Sage	L-PER
avant	O
de	O
nous	O
asseoir	O
dans	O
la	O
salle	O
de	O
conférences	O
de	O
l’académie	O
Zhuzi	B-MISC
yulei,	L-MISC
p.	O
2674.	O
.	O
L’emploi	O
de	O
l’expression	O
«	O
Salle	U-PER
des	O
images	O
»	O
suggère	O
que	O
l’on	O
y	O
vénérait	O
des	O
portraits	O
de	O
saints	O
prédécesseurs	O
avant	O
de	O
gagner	O
un	O
autel	O
particulier	O
dédié	O
à	O
l’ancien	O
sage	O
et	O
premier	O
des	O
maîtres,	O
Confucius	U-PER
.	O
L’endroit	O
de	O
l’académie	O
de	O
Yuelu	U-LOC
dévolu	O
à	O
la	O
vénération	O
des	O
saints	O
abritait	O
aussi	O
des	O
autels	O
distincts	O
dédiés	O
à	O
Zhou	O
Dunyi	O
(1017-1073),	O
aux	O
frères	O
Cheng	O
Hao	O
(1032-1086)	O
et	O
Cheng	B-PER
Yi	L-PER
(1033-1107),	O
à	O
Zhu	B-PER
Xi	L-PER
et	O
Zhang	B-PER
Shi	L-PER
,	O
ainsi	O
qu’aux	O
six	O
maîtres	O
fondateurs	O
de	O
l’académie.	O
Sous	O
les	O
Song,	O
les	O
confucéens	O
de	O
l’étude	O
de	O
la	O
Voie	U-LOC
construisirent	O
de	O
nombreux	O
autels	O
pour	O
honorer	O
Zhou	O
Dunyi	O
et	O
les	O
frères	O
Cheng	O
comme	O
les	O
fondateurs	O
de	O
leur	O
école,	O
auxquels	O
ils	O
adjoignaient	O
parfois	O
quelques	O
autres	O
grandes	O
figures	O
du	O
confucianisme	O
des	O
Song	B-MISC
du	I-MISC
Nord	L-MISC
et	O
des	O
Song	B-MISC
du	I-MISC
Sud.	I-MISC
Particulièrement	L-MISC
remarquable	O
est	O
l’autel	O
spécialement	O
dédié	O
à	O
Zhu	B-PER
Xi	L-PER
et	O
à	O
Zhang	B-PER
Shi	L-PER
,	O
à	O
la	O
fois	O
comme	O
professeurs	O
de	O
l’académie	O
de	O
Yuelu	U-LOC
et	O
comme	O
chefs	O
de	O
la	O
tradition	O
orthodoxe	O
au	O
Hunan	U-LOC
.	O
Un	O
petit	O
temple	O
attenant	O
à	O
la	O
salle	O
de	O
conférences	O
fut	O
érigé	O
à	O
leur	O
intention	O
au	O
moins	O
dès	O
1314,	O
un	O
an	O
après	O
que	O
la	O
dynastie	O
mongole	O
des	O
Yuan	U-MISC
(1260-1368)	O
eut	O
rétabli	O
le	O
système	O
des	O
examens	O
et	O
suivi	O
le	O
précédent	B-LOC
des	I-LOC
Song	I-LOC
du	I-LOC
Sud	L-LOC
en	O
imposant	O
les	O
commentaires	O
de	O
Zhu	O
Xi	O
comme	O
base	O
du	O
programme.	O
Bien	O
qu’au	O
départ	O
les	O
deux	O
maîtres	O
aient	O
partagé	O
l’autel	O
avec	O
quelques	O
autres	O
grandes	O
figures	O
de	O
l’académie,	B-PER
Zhu	L-PER
Xi	O
et	O
Zhang	O
Shi	O
se	O
virent	O
conférer	O
un	O
autel	O
spécial	O
pour	O
eux	O
deux	O
en	O
1494,	O
tandis	O
qu’une	O
construction	O
séparée	O
était	O
élevée	O
pour	O
les	O
six	O
autres	O
maîtres	O
ayant	O
joué	O
un	O
rôle	O
de	O
premier	O
plan	O
dans	O
la	O
fondation	O
et	O
le	O
développement	O
de	O
l’académie.	O
Des	O
autels	O
dédiés	O
à	O
Zhu	O
Xi	O
commencèrent	O
d’apparaître	O
au	O
xiii	O
e	O
siècle	O
dans	O
diverses	O
académies	O
et	O
écoles,	O
qu’elles	O
lui	O
aient	O
été	O
associées	O
ou	O
qu’elles	O
aient	O
accueilli	O
de	O
ses	O
disciples.	O
Lors	O
de	O
la	O
rencontre	O
de	O
Zhu	O
Xi	O
et	O
de	O
Zhang	B-PER
Shi	L-PER
,	O
la	O
plupart	O
de	O
leurs	O
discussions	O
se	O
tinrent	O
au	O
cabinet	O
des	O
Cent	B-MISC
Printemps,	L-MISC
la	O
résidence	O
du	O
directeur	O
de	O
l’académie.	O
La	O
tradition	O
veut	O
qu’ils	O
aient	O
siégé	O
dans	O
la	O
véranda	O
dominant	O
le	O
bassin	O
et	O
que,	O
tout	O
en	O
écoutant	O
s’y	O
déverser	O
l’eau	O
venue	O
des	O
sources	O
de	O
la	O
montagne,	O
ils	O
aient	O
discuté	O
de	O
sujets	O
comme	O
la	O
vertu	O
d’humanité	O
et	O
L’Invariable	B-MISC
Milieu.	L-MISC
L’on	O
dit	O
même	O
qu’il	O
arriva	O
une	O
fois	O
que	O
les	O
deux	O
philosophes	O
fussent	O
si	O
habités	O
par	O
leur	O
sujet	O
qu’ils	O
discutèrent	O
sans	O
interruption	O
de	O
ce	O
classique	O
pendant	O
trois	O
jours	O
et	O
trois	O
nuits.	O
Quelques-uns	B-MISC
des	I-MISC
commentaires	L-MISC
de	O
Zhu	O
Xi	O
sur	O
cet	O
ouvrage,	O
dont	O
il	O
fit	O
l’un	O
des	O
quatre	O
classiques	O
fondamentaux	O
connus	O
sous	O
le	O
nom	O
de	O
«	O
quatre	O
livres	O
»,	U-PER
furent	O
gravés	O
avec	O
sa	O
calligraphie	O
sur	O
une	O
pierre,	O
aujourd’hui	O
conservée,	O
non	O
loin	O
de	O
là,	O
dans	O
la	O
Galerie	U-LOC
des	O
stèles.	O
Elle	O
fait	O
partie,	O
avec	O
une	O
autre	O
pierre	O
reproduisant	O
sa	O
calligraphie,	O
des	O
treize	O
stèles	O
les	O
plus	O
précieuses	O
de	O
Yuelu	U-LOC
;	O
vingt-sept	O
autres	O
ont	O
été	O
récemment	O
gravées	O
pour	O
conserver	O
des	O
textes	O
historiques	O
sur	O
l’académie.	O
La	O
plus	O
précieuse	O
par	O
sa	O
valeur	O
documentaire	O
se	O
trouve	O
dans	O
un	O
petit	O
pavillon	O
spécial	O
situé	O
dans	O
la	O
partie	O
sud	O
du	O
jardin.	O
Il	O
s’agit	O
de	O
la	O
«	O
stèle	O
du	O
Temple	B-LOC
du	I-LOC
mont	I-LOC
Yuelu	I-LOC
»,	L-LOC
qui	O
fut	O
gravée	O
en	O
l’an	O
730	O
par	O
un	O
lettré,	O
calligraphe	O
et	O
graveur	O
de	O
sceaux,	O
Li	B-PER
Yong	L-PER
.	O
Le	O
jardin	O
continue	O
d’offrir	O
aux	O
étudiants	O
d’aujourd’hui	O
un	O
bel	O
endroit	O
pour	O
étudier	O
ou	O
tenir	O
conversation	O
entre	O
esprits	O
pleins	O
de	O
curiosité.	O
La	O
visite	O
de	O
Zhu	B-PER
Xi	L-PER
et	O
son	O
empreinte	O
sur	O
la	O
tradition	O
confucéenne	O
sont	O
également	O
célébrées	O
aux	O
alentours	O
de	O
l’académie.	O
Outre	O
le	O
point	O
de	O
vue	O
couvert	O
que	O
Zhu	B-PER
Xi	L-PER
et	O
Zhang	O
Shi	O
firent	O
construire	O
au	O
sommet	O
de	O
la	O
montagne	O
de	O
Yuelu	U-LOC
et	O
d’où	O
ils	O
contemplèrent	O
ensemble	O
le	O
lever	O
du	O
soleil,	O
citons	O
le	O
refuge	O
estival	O
qui	O
servit	O
de	O
résidence	O
à	O
Zhu	B-PER
Xi	L-PER
pendant	O
sa	O
visite	O
et	O
qu’un	O
fonctionnaire	O
du	O
gouvernement	O
central	O
servant	O
à	O
Changsha	U-LOC
avait	O
édifié,	O
trois	O
ans	O
plus	O
tôt,	O
au-dessus	O
de	O
la	O
partie	O
boisée	O
de	O
la	O
montagne.	O
Zhu	U-PER
et	O
Zhang	U-PER
composèrent	O
ensemble	O
un	O
poème	O
intitulé	O
Chaumière	U-PER
de	O
montagne.	O
La	O
maison	O
fut	O
détruite	O
au	O
cours	O
des	O
guerres	O
de	O
la	O
fin	O
des	O
Song	U-MISC
;	O
mais,	O
en	O
1840,	O
le	O
directeur	O
de	O
l’académie	O
fit	O
construire	O
au	O
même	O
endroit	O
une	O
nouvelle	O
résidence	O
qu’il	O
nomma	O
«	O
la	O
Chaumière	U-PER
de	O
montagne	O
»	O
en	O
souvenir	O
de	O
Zhu	O
Xi	O
.	O
Un	O
autre	O
site	O
célébrant	O
indirectement	O
Zhu	O
Xi	O
est	O
le	O
pavillon	B-LOC
Zibei	L-LOC
qu’un	O
fonctionnaire	O
en	O
poste	O
à	O
Changsha	U-LOC
édifia	O
en	O
1688,	O
deux	O
cents	O
mètres	O
à	O
l’est	O
de	O
l’académie,	U-LOC
à	O
l’intention	O
des	O
pèlerins	O
désireux	O
de	O
se	O
reposer.	O
Le	B-MISC
pavillon	L-MISC
tirait	O
son	O
nom	O
d’une	O
réminiscence	O
de	O
L’Invariable	B-MISC
Milieu,	L-MISC
qui	O
se	O
rappelait	O
ainsi	O
au	O
souvenir	O
des	O
pèlerins	O
:	O
La	O
Voie	B-LOC
de	I-LOC
l’homme	L-LOC
de	O
bien	O
est	O
semblable	O
à	O
un	O
voyage	O
au	O
loin	O
:	O
on	O
part	O
du	O
point	O
le	O
plus	O
proche	O
;	O
elle	O
est	O
semblable	O
à	O
l’ascension	O
d’une	O
hauteur	O
:	O
«	O
On	O
part	O
du	O
point	O
le	O
plus	O
bas	O
»	O
(zibei)	O
Zhongyong	U-PER
[L’Invariable	O
Milieu],	O
15.	U-LOC
.	O
Le	O
statut	O
spécial	O
accordé	O
à	O
Zhu	B-PER
Xi	L-PER
se	O
manifestait	O
aussi	O
dans	O
le	O
temple	O
de	O
Confucius	U-PER
.	O
Sous	O
les	O
Song,	O
un	O
petit	O
temple	O
occupait	O
l’emplacement	O
où	O
se	O
trouve	O
aujourd’hui	O
la	O
deuxième	O
porte	O
d’entrée	O
;	O
en	O
l’an	O
1507,	O
sous	O
les	O
Ming,	O
un	O
ensemble	O
distinct	O
fut	O
construit,	O
dont	O
les	O
salles	O
servirent	O
de	O
temple	O
de	O
Confucius	U-PER
.	O
Bien	O
que	O
chaque	O
académie	O
possédât	O
un	O
autel	O
dédié	O
à	O
Confucius	U-PER
et	O
qu’au	O
temps	O
des	O
Song	U-MISC
la	O
plupart	O
des	O
écoles	O
fussent	O
disposées	O
autour	O
d’un	O
temple	O
de	O
Confucius,	U-LOC
ce	O
qui	O
leur	O
valut	O
l’appellation	O
d’«	O
écoles	O
du	O
temple	O
»,	U-PER
l’académie	O
de	O
Yuelu	U-LOC
avait	O
la	O
particularité	O
de	O
posséder	O
un	O
temple	O
de	O
Confucius	U-PER
adjacent	O
formant	O
un	O
ensemble	O
architectural	O
complet.	O
À	O
l’entrée	O
principale,	O
près	O
d’un	O
angle	O
de	O
l’ensemble,	O
se	O
trouve	O
un	O
portail	O
de	O
pierre	O
datant	O
du	O
xvi	O
e	O
siècle.	O
Des	O
inscriptions	O
sur	O
la	O
pierre	O
font	O
l’éloge	O
de	O
Confucius	U-PER
:	O
«	O
Sa	O
vertu	O
est	O
à	O
la	O
mesure	O
du	O
ciel	O
et	O
de	O
la	O
terre	O
»	O
;	O
«	O
Sa	B-MISC
Voie	I-MISC
s’étend	L-MISC
de	O
l’Antiquité	O
jusqu’au	O
présent	O
».	U-PER
On	O
y	O
trouve	O
aussi	O
une	O
paire	O
de	O
lions	O
en	O
pierre	O
montant	O
la	O
garde	O
;	O
un	O
mur	O
formant	O
écran	O
se	O
dressait	O
là	O
jadis,	O
qui	O
empêchait	O
tout	O
accès	O
direct	O
à	O
la	O
salle	O
consacrée.	O
Le	O
bâtiment	O
principal	O
abrite	O
des	O
images	O
de	O
Confucius	U-PER
et	O
de	O
ses	O
disciples,	O
les	O
«	O
dix	O
sages	O
philosophes	O
»,	U-PER
tandis	O
que	O
les	O
tablettes	O
des	O
esprits	O
des	O
principaux	O
hérauts	O
de	O
sa	O
doctrine	O
au	O
long	O
des	O
siècles	O
sont	O
disposées	O
dans	O
les	O
couloirs	O
latéraux	O
de	O
la	O
cour	O
principale.	O
Au	O
xiii	O
e	O
siècle,	O
le	O
gouvernement	O
des	O
Song	U-LOC
accorda	O
à	O
Zhu	B-PER
Xi	L-PER
et	O
Zhang	B-PER
Shi	L-PER
une	O
place	O
dans	O
les	O
couloirs	O
latéraux	O
du	O
temple	O
de	O
Confucius	U-PER
;	O
puis,	O
tandis	O
que	O
celui	O
de	O
l’académie	O
de	O
Yuelu	U-LOC
était	O
construit	O
sous	O
les	O
Ming,	U-ORG
la	O
mémoire	O
de	O
Zhu	B-PER
Xi	L-PER
commençait	O
son	O
ascension	O
;	O
et,	U-MISC
en	O
1712,	O
sa	O
tablette	O
était	O
placée	O
dans	O
la	O
salle	O
principale,	O
dite	O
du	O
Grand	B-LOC
Accomplissement,	L-LOC
à	O
la	O
suite	O
des	O
«	O
dix	O
sages	O
philosophes	O
Huang,	U-MISC
1994	O
;	O
Wilson,	U-LOC
2002,	O
p.	O
83,	O
85.	O
».	B-PER
Ainsi,	L-PER
quand	O
ils	O
rendaient	O
hommage	O
à	O
Confucius	U-PER
,	O
les	O
étudiants	O
pouvaient-ils	O
voir	O
la	O
prééminence	O
de	O
Zhu	O
Xi	O
dans	O
les	O
rites	O
officiels	O
comme	O
dans	O
la	O
tradition	O
de	O
leur	O
académie.	O
Et	O
si	O
Zhu	O
Xi	O
fut	O
à	O
l’origine	O
l’hôte	O
de	O
Zhang	B-PER
Shi	L-PER
,	O
il	O
finit	O
par	O
acquérir	O
un	O
statut	O
égal	O
et	O
même	O
supérieur	O
au	O
sien	O
à	O
la	O
fois	O
dans	O
la	O
tradition	O
de	O
l’académie	O
de	O
Yuelu	U-LOC
et	O
dans	O
l’affirmation	O
d’une	O
orthodoxie	O
d’État	O
fondée	O
sur	O
ses	O
enseignements.	O
L’évolution	O
d’ensemble	O
des	O
autels	O
des	O
académies	O
comme	O
du	O
temple	O
de	O
Confucius	U-PER
est	O
à	O
l’image	O
de	O
la	O
place	O
prise	O
par	O
l’orthodoxie	O
de	O
Zhu	B-PER
Xi	L-PER
dans	O
le	O
programme	O
des	O
examens	O
officiels.	O
Ces	O
développements	O
traduisent	O
aussi	O
l’étatisation	O
grandissante	O
des	O
académies	O
au	O
fur	O
et	O
à	O
mesure	O
que	O
le	O
gouvernement	O
central	O
se	O
préoccupait	O
de	O
les	O
surveiller	O
et	O
que	O
celles-ci	O
devenaient	O
de	O
plus	O
en	O
plus	O
dépendantes	O
du	O
soutien	O
et	O
des	O
aides	O
de	O
l’État.	O
De	B-MISC
la	I-MISC
même	I-MISC
façon,	I-MISC
et	I-MISC
bien	I-MISC
que	I-MISC
la	I-MISC
recherche	I-MISC
moderne	L-MISC
ait	O
montré	O
la	O
diversité	O
des	O
influences	O
autres	O
que	O
celle	O
de	O
Zhu	B-PER
Xi	L-PER
dans	O
l’expansion	O
et	O
le	O
développement	O
des	O
académies	O
sous	O
les	O
Song,	O
sa	O
marque	O
en	O
a	O
dominé	O
le	O
mouvement	O
dans	O
la	O
plupart	O
des	O
cas	O
Pour	B-MISC
la	I-MISC
diversité,	L-MISC
voir	O
Walton,	U-MISC
1999,	O
spécialement	O
p.	O
56-70	O
;	O
pour	O
une	O
vue	O
plus	O
centrée	O
sur	O
Zhu	B-PER
Xi,	L-PER
voir	O
Zhu,	O
2002,	O
et	O
Lee,	O
2000.	O
.	O
Certes,	O
à	O
la	O
fin	O
de	O
l’époque	O
des	O
Ming,	U-ORG
les	O
deux	O
académies	O
de	O
la	O
Grotte	B-LOC
du	I-LOC
Cerf	I-LOC
blanc	L-LOC
et	O
de	O
Yuelu	U-LOC
ont	O
subi	O
l’influence	O
du	O
courant	O
intellectuel	O
de	O
Wang	B-PER
Yangming	L-PER
puis,	O
sous	O
les	O
Qing,	O
celle	O
de	O
la	O
critique	O
textuelle	O
dite	O
«	O
de	O
l’école	O
des	O
Han	U-MISC
»,	O
mais	O
les	O
traditions	O
et	O
le	O
programme	O
des	O
académies,	O
comme	O
l’orthodoxie	O
officielle,	O
n’en	O
demeurèrent	O
pas	O
moins	O
enracinés	O
dans	O
l’enseignement	O
de	O
Zhu	B-PER
Xi.	I-PER
Bibliographie	L-PER
