Le	O
livre	O
imprimé	O
n’a	O
inventé	O
ni	O
la	O
table	O
des	O
matières	O
ni	O
l’index,	O
attestés	O
depuis	O
l’Antiquité	O
et	O
le	O
xiii	O
e	O
siècle	O
respectivement.	O
Néanmoins	O
les	O
nouvelles	O
conditions	O
technologiques	O
et	O
culturelles	O
présentes	O
à	O
la	O
Renaissance	O
ont	O
suscité	O
une	O
explosion	O
de	O
paratextes	O
de	O
ce	O
type,	O
souvent	O
novateurs.	O
L’imprimerie	O
a	O
facilité	O
la	O
production	O
de	O
gros	O
livres,	O
notamment	O
des	O
ouvrages	O
destinés	O
à	O
être	O
consultés	O
plutôt	O
que	O
lus	O
de	O
bout	O
en	O
bout.	O
Parmi	O
eux,	O
les	O
ouvrages	O
de	O
référence	O
de	O
la	O
culture	O
humaniste	O
qui,	O
présentant	O
une	O
vaste	O
matière,	O
attiraient	O
ainsi	O
toute	O
une	O
diversité	O
de	O
lecteurs,	O
ont	O
joué	O
un	O
rôle	O
important	O
dans	O
le	O
développement	O
ultérieur	O
des	O
outils	O
de	O
consultation.	O
Organisés	O
de	O
différentes	O
façons	O
(alphabétique,	O
systématique	O
ou	O
en	O
miscellanées),	O
ces	O
genres	O
comportaient	O
toujours	O
une	O
ou	O
plusieurs	O
aides	O
à	O
la	O
consultation	O
:	O
table	O
des	O
matières,	O
index	O
alphabétiques	O
multiples	O
(de	O
rubriques,	O
de	O
noms	O
propres,	O
de	O
«	O
mots	O
et	O
choses	O
mémorables	O
»	O
et,	U-MISC
très	O
rarement,	O
index	O
d’auteurs	O
cités)	O
et	O
diagrammes	O
à	O
embranchements.	O
Les	O
outils	O
de	O
consultation	O
sont	O
particulièrement	O
importants	O
dans	O
le	O
cas	O
de	O
gros	O
livres.	O
Or	B-MISC
l’imprimerie	L-MISC
a	O
facilité	O
la	O
production	O
et	O
la	O
diffusion	O
de	O
ces	O
derniers	O
autant	O
que	O
des	O
petits	O
volumes.	O
On	O
en	O
trouve	O
bien	O
sûr	O
avant	O
le	O
xv	O
e	O
siècle,	O
mais	O
ils	O
sont	O
plus	O
rares	O
et	O
presque	O
jamais	O
diffusés	O
en	O
entier.	O
Très	O
peu	O
de	O
gros	O
livres	O
de	O
l’Antiquité	O
sont	O
parvenus	O
complets	O
jusqu’à	O
nous	O
–	O
seule	O
l’Histoire	O
naturelle	O
de	O
Pline	U-PER
avec	O
quelque	O
450	O
000	O
mots.	O
Il	O
existait	O
d’autres	O
ouvrages	O
encyclopédiques,	O
mais	O
ils	O
n’ont	O
pas	O
survécu.	O
De	B-MISC
l’Histoire	L-MISC
de	O
Rome	B-LOC
de	I-LOC
Tite-Live	L-LOC
par	O
exemple	O
nous	O
n’avons	O
que	O
36	O
des	O
142	O
livres	O
rédigés	O
à	O
l’origine	O
;	O
de	O
la	O
littérature	O
ancienne	O
au	O
total	O
nous	O
n’avons	O
aujourd’hui	O
que	O
20	O
%	O
des	O
textes	O
produits	O
par	O
les	O
auteurs	O
dont	O
nous	O
connaissons	O
l’existence	O
Bardon,	U-LOC
1952,	O
p.	O
13.	O
.	O
Comme	O
le	O
papyrus	O
ne	O
survit	O
(sauf	O
circonstances	O
exceptionnelles)	O
pas	O
plus	O
de	O
deux	O
ou	O
trois	O
siècles,	O
un	O
texte	O
ancien	O
n’a	O
pu	O
être	O
transmis	O
que	O
s’il	O
a	O
été	O
recopié	O
assez	O
fréquemment	O
pour	O
assurer	O
qu’un	O
exemplaire	O
fiable	O
fût	O
disponible	O
lorsqu’un	O
scribe	O
chrétien	O
s’intéressait	O
à	O
en	O
faire	O
une	O
copie	O
sur	O
parchemin.	O
Or	O
toute	O
copie	O
exigeait	O
une	O
dépense	O
considérable,	O
et	O
les	O
plus	O
gros	O
livres	O
étaient	O
les	O
plus	O
coûteux	O
à	O
copier.	O
Au	O
Moyen	B-MISC
Âge	L-MISC
au	O
moins,	O
étant	O
donné	O
la	O
durabilité	O
du	O
parchemin,	O
des	O
textes	O
ont	O
pu	O
survivre	O
même	O
en	O
un	O
seul	O
exemplaire	O
;	O
mais	O
le	O
coût	O
de	O
la	O
copie	O
restait	O
très	O
élevé.	O
On	B-MISC
a	I-MISC
conservé	I-MISC
un	I-MISC
texte	I-MISC
énorme	I-MISC
du	L-MISC
Moyen	B-MISC
Âge,	L-MISC
le	O
Speculum	B-MISC
maius	L-MISC
de	O
Vincent	B-PER
de	I-PER
Beauvais	L-PER
,	O
qui	O
compte	O
plus	O
de	O
4,5	O
millions	O
de	O
mots,	O
chiffre	O
qui	O
ne	O
sera	O
égalé	O
par	O
un	O
ouvrage	O
de	O
référence	O
imprimé	O
qu’à	O
la	O
fin	O
du	O
xvi	O
e	O
siècle	O
Mon	B-MISC
décompte	I-MISC
est	I-MISC
fondé	I-MISC
sur	I-MISC
l’édition	I-MISC
de	I-MISC
1624	L-MISC
:	O
8	O
226	O
colonnes,	O
70	O
lignes	O
par	O
colonne	O
et	O
8	O
mots	O
par	O
ligne.	O
Pour	O
la	O
riche	O
littérature	O
sur	O
Vincent	B-PER
de	I-PER
Beauvais,	L-PER
voir	O
Paulmier-Foucart	U-LOC
et	O
al.,	O
1990	O
;	O
Lusignan	U-LOC
et	O
Paulmier-Foucart,	U-LOC
1997	O
;	O
Paulmier-Foucart,	B-MISC
2004	L-MISC
;	O
et	O
le	O
site	O
animé	O
par	O
Hans	B-PER
Voorbij	L-PER
:	O
http://www.cs.uu.nl/groups/IK/archives/vincent/bibl/subj/sh.htm	O
.	O
Le	O
Speculum	B-MISC
de	I-MISC
Vincent	L-MISC
,	O
divisé	O
en	O
quatre	O
parties	O
dont	O
la	O
dernière	O
fut	O
rédigée	O
après	O
la	O
mort	O
de	O
l’auteur,	O
eut	O
un	O
retentissement	O
considérable,	O
dont	O
témoignent	O
quelque	O
300	O
manuscrits	O
survivants	O
et	O
le	O
réemploi	O
de	O
sa	O
matière	O
dans	O
d’autres	O
encyclopédies	O
plus	O
brèves	O
Voorbij,	U-MISC
2000,	O
p.	O
41-43.	O
.	O
Mais	O
la	O
majorité	O
des	O
lecteurs	O
médiévaux	O
de	O
ce	O
texte	O
n’a	O
jamais	O
vu	O
qu’une	O
partie	O
du	O
manuscrit.	O
Sur	O
les	O
centaines	O
de	O
manuscrits	B-MISC
du	L-MISC
Speculum	U-MISC
qui	O
survivent,	O
deux	O
seulement	O
sont	O
complets	O
;	O
tous	O
les	O
autres	O
sont	O
des	O
copies	O
partielles	O
–	O
copies	O
du	O
Speculum	U-MISC
historiale	O
seulement	O
(la	O
partie	O
la	O
plus	O
diffusée),	O
ou	O
bien	O
transcriptions	O
de	O
passages	O
traitant	O
d’un	O
sujet	O
particulier,	O
pour	O
répondre	O
aux	O
intérêts	O
individuels	O
de	O
ceux	O
qui	O
en	O
avaient	O
commandé	O
la	O
copie.	O
L’ouvrage	O
de	O
Vincent	U-PER
n’a	O
donc	O
été	O
diffusé	O
dans	O
son	O
intégralité	O
que	O
dans	O
les	O
éditions	O
imprimées,	O
surtout	O
celles	O
de	O
1591	O
et	O
1624,	O
car	O
les	O
éditions	O
de	O
la	O
période	O
incunable	O
portent	O
toutes	O
sur	O
l’une	U-MISC
ou	O
l’autre	O
des	O
quatre	O
parties.	O
L’imprimerie	O
a	O
réduit	O
les	O
coûts	O
de	O
production	O
d’un	O
livre	O
pour	O
chaque	O
exemplaire	O
dès	O
lors	O
que	O
l’on	O
en	O
vendait	O
au	O
moins	O
quelques	O
centaines.	O
Cette	O
industrie	O
demandant	O
un	O
investissement	O
spéculatif	O
(puisque	O
les	O
livres	O
sont	O
imprimés	O
avant	O
d’avoir	O
trouvé	O
des	O
acheteurs),	O
les	O
éditeurs	O
recherchaient	O
des	O
livres	O
susceptibles	O
de	O
se	O
vendre	O
le	O
plus	O
largement	O
possible.	O
On	B-MISC
ne	I-MISC
peut	I-MISC
certes	I-MISC
parler	I-MISC
de	I-MISC
best-seller,	L-MISC
mais	O
l’écoulement	O
régulier	O
des	O
ouvrages	O
de	O
référence	O
généraux	O
(dictionnaire,	O
florilège,	O
collection	O
de	O
choses	O
mémorables	O
ou	O
de	O
lieux	O
communs),	O
était	O
assuré,	O
car	O
ils	O
pouvaient	O
intéresser	O
différents	O
types	O
de	O
lecteurs	O
:	O
prêcheurs,	O
magistrats,	O
enseignants,	O
étudiants	O
(s’ils	O
étaient	O
bien	O
nantis),	O
ainsi	O
que	O
les	O
nobles	O
et	O
les	O
hommes	O
d’action.	O
Auteurs	U-MISC
et	O
imprimeurs,	O
en	O
partie	O
dans	O
l’espoir	O
d’une	O
récompense,	O
invoquaient	O
souvent	O
ces	O
derniers	O
dans	O
les	O
dédicaces,	O
où	O
ils	O
faisaient	O
surtout	O
valoir	O
l’argument	O
que	O
les	O
hommes	O
d’action,	U-LOC
n’ayant	O
pas	O
le	O
temps	O
de	O
lire	O
beaucoup,	O
apprécieraient	O
l’accès	O
facile	O
aux	O
meilleurs	O
textes	O
que	O
promettaient	O
ces	O
collections.	O
Pour	O
subvenir	O
aux	O
besoins	O
de	O
tous	O
ces	O
lecteurs	O
différents,	O
les	O
auteurs	O
et	O
les	O
imprimeurs	O
d’ouvrages	O
de	O
référence	O
étaient	O
particulièrement	O
attentifs	O
aux	O
outils	O
de	O
consultation	O
dont	O
ils	O
dotaient	O
leurs	O
textes.	O
Ces	O
outils	O
étaient	O
les	O
points	O
d’accès	O
par	O
lesquels	O
chaque	O
lecteur	O
chercherait	O
la	O
matière	O
susceptible	O
de	O
l’intéresser.	O
Aussi	O
les	O
pages	O
de	O
titre	O
et	O
préfaces	O
vantaient-elles	O
fréquemment	O
la	O
présence	O
de	O
tables	O
et	O
d’index	O
plus	O
nombreux,	O
plus	O
fournis	O
et	O
plus	O
corrects	O
que	O
dans	O
les	O
éditions	O
précédentes	O
ou	O
rivales.	O
De	B-MISC
plus,	I-MISC
certains	I-MISC
exemplaires	L-MISC
portent	O
en	O
marge,	O
manuscrites,	O
des	O
annotations	O
qui	O
montrent	O
combien	O
les	O
lecteurs	O
ont	O
utilisé	O
ces	O
outils	O
de	O
consultation	O
en	O
leur	O
apportant	O
des	O
corrections,	O
des	O
ajouts	O
et	O
même	O
des	O
index	O
supplémentaires.	O
Je	B-MISC
fonde	I-MISC
mes	I-MISC
observations	I-MISC
sur	I-MISC
plusieurs	I-MISC
exemples	I-MISC
de	I-MISC
genre	I-MISC
différent.	L-MISC
La	B-MISC
Polyanthea	L-MISC
de	O
Domenico	B-PER
Nani	I-PER
Mirabelli	L-PER
,	O
un	O
professeur	O
humaniste,	O
reproduisait	O
la	O
forme	O
du	O
florilège	O
médiéval	O
:	O
citations	O
classées	O
sous	O
des	O
rubriques	O
organisées	O
alphabétiquement	O
(environ	O
40	O
éditions	O
entre	O
1503	O
et	O
1686).	O
Les	B-MISC
Adages	I-MISC
d’	L-MISC
Érasme	U-PER
(véritable	O
best-seller	O
avec	O
163	O
éditions	O
entre	O
1508	O
et	O
1696	O
Van	B-PER
Haeghem,	L-PER
1893.	O
)	O
ont	O
pris	O
une	O
forme	O
sans	O
antécédent	O
médiéval,	O
imitée	O
des	O
miscellanées	O
antiques	O
:	O
quelque	O
4	O
300	O
adages	O
commentés	O
sont	O
disposés	O
délibérément	O
sans	O
ordre,	O
ni	O
systématique	O
ni	O
alphabétique,	O
au	O
nom	O
du	O
plaisir	O
de	O
la	O
varietas	O
;	O
mais	O
les	O
index	O
que	O
fournit	O
Érasme	U-PER
lui-même	O
promettent	O
aussi	O
la	O
possibilité	O
d’y	O
trouver	O
ce	O
que	O
l’on	O
cherche	O
Pour	O
un	O
exemple	O
d’Érasme	O
au	O
travail	O
sur	O
un	O
index,	O
avec	O
son	O
amanuensis	O
Nicolaus	B-PER
Cannius,	L-PER
voir	O
Michelini	B-PER
Tocci,	L-PER
1989,	O
p.	O
39-49	O
et	O
fig.	O
6-7.	O
.	O
Plusieurs	O
encyclopédies	O
de	O
la	O
Renaissance	O
étaient	O
organisées	O
systématiquement	O
selon	O
toutes	O
sortes	O
de	O
principes	O
différents	O
(ordre	O
de	O
la	O
création,	O
hiérarchie	O
des	O
disciplines	O
entre	O
beaucoup	O
d’autres)	O
Michel,	U-LOC
2002.	O
.	O
La	O
collection	O
la	O
plus	O
vaste,	O
équivalente	O
du	O
Speculum	U-MISC
de	O
Vincent	B-PER
de	I-PER
Beauvais	L-PER
,	O
est	O
le	O
Theatrum	B-ORG
vitae	I-ORG
humanae	L-ORG
de	O
Theodor	B-PER
Zwinger	L-PER
,	O
médecin	O
et	O
érudit	O
bâlois,	O
dont	O
les	O
trois	O
éditions	O
successives	O
(1565,	O
1571	O
et	O
1586)	O
passèrent	O
de	O
1,5	O
à	O
4,5	O
millions	O
de	O
mots.	O
En	O
1631,	O
le	O
prélat	O
anversois	O
Laurentius	B-PER
Beyerlinck	L-PER
compila	O
un	O
Magnum	U-MISC
theatrum	O
vitae	O
humanae,	O
fondé	O
sur	O
le	O
texte	O
de	O
Zwinger	U-PER
,	O
qu’il	O
modifia	O
pour	O
un	O
public	O
catholique	O
et	O
augmenta	O
de	O
200	O
%	O
pour	O
lui	O
faire	O
atteindre	O
un	O
total	O
de	O
10	O
millions	O
de	O
mots,	O
soit	O
sept	O
volumes	O
in-folio	O
de	O
1	O
000	O
pages	O
chacun.	O
Dans	O
cette	O
refonte	O
de	O
l’ouvrage,	B-PER
Beyerlinck	L-PER
substitua	O
l’ordre	O
alphabétique	O
à	O
l’ordre	O
systématique	O
choisi	O
par	O
Zwinger	U-PER
Pour	O
un	O
traitement	O
plus	O
détaillé	O
de	O
ces	O
ouvrages	O
voir	O
Blair,	U-MISC
2010,	O
chap.	O
iv.	O
.	O
À	O
l’époque	O
moderne,	O
tous	O
ces	O
types	O
d’ouvrages,	O
y	O
compris	O
ceux	O
organisés	O
par	O
rubriques	O
alphabétiques,	O
dont	O
la	O
consultation	O
était	O
en	O
principe	O
déjà	O
aisée,	O
fournissaient	O
une	O
table	O
des	O
matières	O
:	O
liste	O
des	O
rubriques	O
ou	O
des	O
titres	O
de	O
chapitre	O
dans	O
l’ordre	O
du	O
texte.	O
Les	O
ouvrages	O
systématiques	O
et	O
miscellanées	O
présentaient	O
aussi	O
d’autres	O
outils	O
:	O
index	O
alphabétiques	O
de	O
différentes	O
sortes	O
et	O
dans	O
certains	O
cas	O
tables	O
graphiques.	O
La	O
table	O
des	O
matières	O
(elenchus	O
ou	O
series	O
titulorum)	U-MISC
La	B-MISC
table	I-MISC
des	I-MISC
matières	L-MISC
est	O
l’outil	O
de	O
consultation	O
le	O
plus	O
largement	O
répandu	O
et	O
le	O
plus	O
ancien.	O
Elle	O
énumère	O
les	O
divisions	O
(rubriques,	O
ou	O
titres	O
et	O
numéros	O
des	O
livres	O
et	O
chapitres)	U-PER
dans	O
l’ordre	O
du	O
texte	O
et	O
ne	O
demande	O
donc	O
pas	O
un	O
gros	O
travail	O
supplémentaire	O
(pas	O
de	O
travail	O
d’indexation).	O
On	O
trouve	O
des	O
tables	O
des	O
matières	O
dans	O
quelques	O
œuvres	O
antiques.	O
Pline	U-PER
consacre	O
le	O
premier	O
des	O
38	O
livres	O
de	O
son	O
Histoire	B-MISC
naturelle	L-MISC
à	O
une	O
liste	O
des	O
titres	O
des	O
livres	O
et	O
de	O
leurs	O
chapitres,	O
qui	O
suivent	O
une	O
succession	O
thématique	O
lâche.	O
Une	O
liste	O
similaire	O
au	O
début	O
des	O
Nuits	B-MISC
attiques	L-MISC
d’	O
Aulu	B-PER
Gelle	L-PER
est	O
particulièrement	O
utile	O
pour	O
la	O
consultation	O
de	O
cet	O
ouvrage	O
puisqu’il	O
était	O
délibérément	O
organisé	O
comme	O
des	O
miscellanées	O
désordonnées	O
(bien	O
que	O
les	O
historiens	O
y	O
aient	O
reconnu	O
une	O
association	O
d’idées	O
voire	O
un	O
plan	O
sous-jacent)	O
Holford-Strevens,	U-LOC
2003,	O
p.	O
35.	O
.	O
Dès	O
le	O
début	O
du	O
Moyen	B-MISC
Âge,	L-MISC
les	O
Étymologies	B-MISC
d’	I-MISC
Isidore	I-MISC
de	I-MISC
Séville	L-MISC
contenaient	O
une	O
table	O
des	O
matières,	O
due	O
à	O
son	O
jeune	O
collègue	O
Braulio	U-PER
qui	O
édita	O
le	O
texte	O
Henderson,	U-MISC
2007,	O
p.	O
19-21.	O
.	O
Les	O
grands	O
ouvrages	O
de	O
consultation	O
du	O
xii	O
e	O
siècle	O
comme	O
le	O
Décret	B-MISC
de	I-MISC
Gratien	L-MISC
et	O
les	O
Sentences	U-MISC
de	O
Pierre	B-PER
Lombard	L-PER
présentaient	O
une	O
liste	O
des	O
chapitres.	O
La	O
table	O
des	O
matières	O
devint	O
habituelle	O
dans	O
les	O
copies	O
de	O
manuscrits	O
faits	O
par	O
les	O
libraires	O
universitaires	O
à	O
partir	O
du	O
milieu	O
du	O
xiii	O
e	O
siècle	O
Minnis,	U-MISC
1979,	O
p.	O
394.	O
.	O
La	O
liste	O
des	O
matières	O
dans	O
l’ordre	O
de	O
leur	O
apparition	O
dans	O
le	O
livre	O
figure	O
également	O
dans	O
les	O
imprimés.	O
Ces	O
tables	O
sont	O
souvent	O
dénommées	O
«	O
index	O
»,	O
d’où	O
le	O
fait	O
que	O
les	O
pages	O
de	O
titre	O
annoncent	O
parfois	O
plus	O
d’index	O
dans	O
un	O
volume	O
que	O
le	O
lecteur	O
d’aujourd’hui	O
n’en	O
compte	O
en	O
utilisant	O
la	O
notion	O
moderne	O
de	O
ce	O
qu’est	O
un	O
index.	O
La	O
liste	O
des	O
matières	O
à	O
l’époque	O
moderne	O
ne	O
contient	O
souvent	O
pas	O
de	O
numéros	O
de	O
folios	O
ou	O
de	O
pages.	O
Dans	O
un	O
livre	O
organisé	O
par	O
rubriques	O
alphabétiques	O
comme	O
un	O
florilège,	O
la	O
table	O
(	O
elenchus	O
ou	O
series	O
titulorum	O
)	O
consiste	O
typiquement	O
en	O
une	O
liste	O
des	O
rubriques	O
en	O
plusieurs	O
colonnes	O
que	O
le	O
lecteur	O
peut	O
parcourir	O
rapidement	O
en	O
quête	O
de	O
son	O
meilleur	O
point	O
d’accès	O
;	O
les	O
lecteurs	O
lui	O
ajoutaient	O
parfois	O
des	O
numéros	O
de	O
pages	O
pour	O
faciliter	O
une	O
consultation	O
rapide	O
Dans	B-MISC
un	I-MISC
exemplaire	L-MISC
de	O
Stobaei	U-LOC
collectiones	O
(Venise,	O
1536),	O
British	O
Library	O
cote	O
653.a.7,	O
un	O
lecteur	O
anonyme	O
a	O
ajouté	O
des	O
numéros	O
de	O
pages	O
dans	O
la	O
liste	O
des	O
rubriques.	O
.	O
Dès	O
les	O
premières	O
éditions	O
des	O
Adages,	U-MISC
Érasme	U-PER
a	O
fourni	O
une	O
liste	O
de	O
257	O
rubriques	O
thématiques	O
sous	O
lesquelles	O
il	O
renvoyait	O
aux	O
adages	O
appropriés,	O
mais	O
cette	O
liste	O
était	O
désordonnée	O
et	O
exigeait	O
donc	O
qu’on	O
la	O
lise	O
en	O
entier	O
pour	O
trouver	O
une	O
rubrique	O
intéressante.	O
Dans	B-MISC
un	I-MISC
exemplaire	L-MISC
de	O
l’édition	O
de	O
1508,	O
un	O
lecteur	O
a	O
ajouté	O
en	O
manuscrit	O
un	O
index	O
alphabétique	O
à	O
cette	O
liste	O
désordonnée.	O
À	O
partir	O
de	O
1515,	O
les	O
éditions	O
érudites	O
des	O
Adages	U-MISC
comportaient	O
un	O
index	O
alphabétique	O
imprimé	O
pour	O
la	O
liste	O
de	O
rubriques	O
désordonnée.	O
Sans	O
présumer	O
un	O
contact	O
direct	O
entre	O
ce	O
lecteur	O
et	O
cet	O
éditeur	O
(leurs	O
systèmes	O
d’indexation	O
sont	O
différents),	O
on	O
peut	O
conclure	O
que	O
les	O
lecteurs	O
appréciaient	O
de	O
bons	O
outils	O
de	O
consultation	O
et	O
que	O
les	O
éditeurs	O
cherchaient	O
à	O
satisfaire	O
cette	O
demande	O
Pour	B-MISC
des	I-MISC
illustrations	I-MISC
de	I-MISC
ce	I-MISC
cas,	I-MISC
voir	L-MISC
Blair,	U-MISC
2008,	O
p.	O
278-86.	O
.	O
Le	O
Theatrum	B-LOC
de	I-LOC
Zwinger	L-LOC
,	O
le	O
premier	O
à	O
rivaliser	O
puis	O
à	O
dépasser	O
en	O
taille	O
le	O
Speculum	U-MISC
de	O
Vincent	B-PER
de	I-PER
Beauvais	L-PER
,	O
perfectionna	O
la	O
table	O
des	O
matières	O
pour	O
mettre	O
en	O
évidence	O
la	O
hiérarchie	O
des	O
subdivisions	O
par	O
l’emploi	O
de	O
tabulations	O
(«	O
indents	O
»).	U-MISC
Zwinger	U-PER
était	O
particulièrement	O
fier	O
de	O
l’organisation	O
systématique	O
complexe	O
du	O
Theatrum	B-ORG
qu’il	L-ORG
mit	O
en	O
valeur	O
de	O
cette	O
façon	O
novatrice.	O
Alors	O
que	O
dans	O
la	O
première	O
édition	O
l’	O
elenchus	O
titulorum	O
consistait	O
en	O
une	O
énumération	O
simple	O
des	O
rubriques,	O
en	O
1586	O
Zwinger	U-PER
fait	O
ressortir	O
quatre	O
niveaux	O
de	O
hiérarchie	O
à	O
l’intérieur	O
des	O
rubriques	O
importantes	O
par	O
l’emploi	O
de	O
tabulations.	O
En	O
1631,	O
Beyerlinck	U-ORG
étend	O
cette	O
présentation	O
sur	O
cinq	O
niveaux	O
de	O
divisions	O
hiérarchiques.	O
Il	O
présente	O
ainsi	O
d’une	O
manière	O
très	O
détaillée	O
la	O
structure	O
systématique	O
à	O
l’intérieur	O
des	O
rubriques	O
qui	O
se	O
succèdent	O
alphabétiquement.	O
En	O
ajoutant	O
des	O
numéros	O
de	O
pages	O
à	O
chaque	O
sous-rubrique,	O
cet	O
elenchus	O
particulièrement	O
sophistiqué	O
permet	O
à	O
la	O
fois	O
de	O
voir	O
la	O
structure	O
de	O
chaque	O
article	O
(dont	O
les	O
plus	O
longs,	O
notamment	O
pour	O
«	O
bellum	O
»,	O
ont	O
plus	O
de	O
cent	O
pages)	O
et	O
d’accéder	O
rapidement	O
à	O
une	O
sous-rubrique	O
particulière.	O
Une	O
table	O
des	O
matières	O
sophistiquée	O
indiquant	O
la	O
subdivision	O
de	O
chaque	O
sujet	O
dans	O
l’ordre	O
du	O
texte	O
:	O
«	O
Series	U-MISC
titulorum	O
»,	O
Theodor	B-MISC
Zwinger,	L-MISC
Theatrum	O
vitae	O
humanae	O
(1586),	O
University	B-ORG
of	I-ORG
Chicago	L-ORG
Library,	O
Special	O
Collections	O
Research	O
Center.	O
L’index	O
alphabétique	O
des	O
rubriques	O
La	O
liste	O
des	O
rubriques	O
par	O
ordre	O
d’apparition	O
servait	O
d’index	O
alphabétique	O
pour	O
des	O
livres	O
organisés	O
alphabétiquement	O
comme	O
la	O
Polyanthea	U-LOC
ou	O
le	O
Magnum	U-MISC
theatrum.	O
Mais	O
dans	O
le	O
cas	O
d’une	O
organisation	O
systématique,	O
comme	O
pour	O
le	O
Theatrum	B-LOC
de	I-LOC
Zwinger	L-LOC
,	O
un	O
index	O
alphabétique	O
des	O
rubriques	O
s’imposait	O
comme	O
moyen	O
d’accéder	O
à	O
une	O
matière	O
particulière	O
sans	O
qu’il	O
soit	O
nécessaire	O
de	O
maîtriser	O
l’organisation	O
de	O
l’énorme	O
ouvrage	O
ou	O
de	O
lire	O
toute	O
la	O
table	O
des	O
rubriques	O
dans	O
l’ordre	O
de	O
leur	O
traitement	O
dans	O
le	O
texte.	O
Ainsi	O
dès	O
sa	O
première	O
édition,	O
le	O
Theatrum	B-LOC
de	I-LOC
Zwinger	L-LOC
comprenait	O
un	O
index	O
titulorum	O
alphabétique,	O
même	O
si	O
l’imprimeur	O
a	O
dû	O
s’excuser	O
de	O
n’avoir	O
pu	O
réaliser	O
l’index	O
thématique	O
alphabétisé	O
qu’il	O
avait	O
prévu	O
en	O
raison	O
d’une	O
épidémie	O
de	O
peste	O
(et	O
de	O
sa	O
hâte	O
à	O
vendre	O
l’ouvrage	O
aux	O
foires	O
de	O
Francfort	U-LOC
)	O
Zwinger,	O
1565,	O
sig.	O
FFF[5r].	U-LOC
.	O
Effectivement,	U-LOC
l’index	O
alphabétique	O
des	O
rubriques	O
exigeait	O
un	O
travail	O
nettement	O
moins	O
onéreux	O
qu’une	O
indexation	O
thématique	O
puisqu’il	O
s’agissait	O
simplement	O
d’alphabétiser	O
les	O
rubriques	O
présentes	O
dans	O
la	O
table	O
ou	O
elenchus	O
.	O
Mais	O
même	O
ce	O
premier	O
index	O
alphabétique	O
rend	O
Zwinger	U-PER
conscient	O
de	O
la	O
difficulté	O
inhérente	O
aux	O
choix	O
de	O
rubriques	O
que	O
font	O
l’auteur	O
et	O
le	O
lecteur	O
en	O
quête	O
de	O
matière.	O
Alors	O
que	O
la	O
table	O
des	O
matières	O
demande	O
plutôt	O
aux	O
lecteurs	O
de	O
s’adapter	O
à	O
la	O
conception	O
de	O
l’auteur,	O
l’index	O
alphabétique	O
peut	O
sembler	O
leur	O
promettre	O
la	O
possibilité	O
de	O
trouver	O
exactement	O
ce	O
qu’ils	O
cherchent.	O
Or,	U-MISC
si	O
le	O
lecteur	O
cherche	O
de	O
la	O
matière	O
sous	O
des	O
rubriques	O
autres	O
que	O
celles	O
employées	O
par	O
l’auteur,	O
il	O
risque	O
de	O
ne	O
rien	O
trouver.	O
C’est	U-MISC
pourquoi	O
Zwinger	U-PER
ajoute	O
une	O
petite	O
préface	O
à	O
cet	O
index	O
(dans	O
l’édition	O
de	O
1586)	O
expliquant	O
la	O
nécessité	O
de	O
regarder	O
sous	O
plusieurs	O
termes	O
dans	O
l’index.	O
Si	U-MISC
les	O
choses	O
ne	O
paraissent	O
pas	O
sous	O
une	O
rubrique,	O
regardez	O
sous	O
un	O
terme	O
synonyme.	O
Ainsi	O
«	O
gloire	O
»	O
et	O
«	O
honneur	O
»,	U-PER
[…]	O
«	O
ruse	O
»	O
et	O
«	O
acuité	O
»,	U-PER
«	O
magistrat	O
»	O
et	O
«	O
prince	O
»	O
[…]	O
alors	O
qu’ils	O
sont	O
semblables	O
en	O
réalité	O
sont	O
différents	O
dans	O
leur	O
terminologie,	O
si	O
bien	O
que	O
fréquemment	O
les	O
choses	O
échapperont	O
à	O
quelqu’un	O
qui	O
cherche	O
sans	O
regarder	O
sous	O
des	O
rubriques	O
synonymes.	O
Nous	O
n’avons	O
pas	O
poursuivi	O
ces	O
petites	O
divisions	O
scrupuleusement	O
pour	O
éviter	O
de	O
favoriser	O
la	O
négligence	O
des	O
lecteurs	O
par	O
une	O
diligence	O
excessive	O
«	O
Est	O
et	O
alterum	O
hic	O
observandum	O
:	O
quae	O
sub	O
uno	O
fortasse	O
charactere	O
non	O
occurrent,	O
in	O
synonymo	O
quaerenda	O
esse.	O
Sic	B-PER
Gloria	L-PER
et	O
Honor,	O
Opes	O
et	O
Divitiae,	U-ORG
Magistratus	O
et	O
Principes,	U-LOC
Dolus	O
et	O
Fraus	U-LOC
et	O
Astutia	U-LOC
et	O
Calliditas,	U-LOC
Stultitia	U-LOC
et	O
Imprudentia	U-LOC
et	O
Stupiditas,	O
cum	O
re	O
conveniant,	O
nomenclatione	O
differant,	O
inquirentis	O
studium	O
non	O
raro	O
deludent,	O
nisi	O
a	O
synonymi	O
classe	O
subsidium	O
petatur.	O
Minutas	U-MISC
divisiones	O
scrupulose	O
non	O
sumus	O
persecuti,	O
ne	O
nimia	O
diligentia	O
aliorum	O
negligentiam	O
seu	O
potius	O
inertiam	O
foveremus.	O
»	O
(Zwinger,	O
1586,	O
sig.	O
AAaAAr.)	O
.	O
Zwinger	U-PER
cherchait	O
à	O
désarmer	O
la	O
critique	O
de	O
ceux	O
qui	O
risquaient	O
de	O
se	O
plaindre	O
de	O
ne	O
pas	O
trouver	O
ce	O
qu’ils	O
cherchaient	O
dans	O
l’index.	O
C’est	O
une	O
plainte	O
que	O
l’on	O
trouve	O
en	O
effet	O
chez	O
les	O
pédagogues	O
qui	O
décourageaient	O
leurs	O
étudiants	O
de	O
se	O
fier	O
aux	O
index,	O
avec	O
l’argument	O
que	O
ceux-ci	O
omettent	O
toujours	O
exactement	O
ce	O
que	O
l’on	O
cherche	O
Drexel,	B-MISC
1638,	L-MISC
p.	O
73.	O
.	O
Zwinger	U-PER
en	O
revanche	O
présentait	O
comme	O
une	O
vertu	O
l’absence	O
de	O
renvois	O
dans	O
l’index	O
(il	O
en	O
propose	O
certains	O
dans	O
le	O
texte	O
au	O
début	O
ou	O
à	O
la	O
fin	O
d’une	O
rubrique)	O
et	O
déclarait	O
ne	O
pas	O
vouloir	O
encourager	O
la	O
paresse	O
du	O
lecteur	O
en	O
lui	O
fournissant	O
des	O
renvois	O
exhaustifs.	O
Au	O
contraire,	O
affirmait	O
Zwinger	U-PER
,	O
c’est	U-MISC
au	O
lecteur	O
de	O
rester	O
actif	O
dans	O
la	O
poursuite	O
de	O
ses	O
recherches	O
et	O
attentif	O
aux	O
synonymes	O
qui	O
pourraient	O
lui	O
être	O
utiles.	O
Du	O
reste,	O
ce	O
conseil	O
n’a	O
rien	O
perdu	O
de	O
son	O
actualité	O
aujourd’hui	O
à	O
l’ère	O
des	O
mots	O
clés	O
et	O
des	O
recherches	O
électroniques.	O
Index	U-LOC
des	O
noms	O
propres	O
En	B-MISC
1571	I-MISC
Zwinger	L-MISC
ajoutait,	O
à	O
la	O
suite	O
de	O
l’index	O
alphabétique	O
des	O
rubriques,	O
un	O
index	O
exemplorum	O
,	O
c’est-à-dire	O
un	O
index	O
des	O
noms	O
des	O
individus,	O
lieux	O
ou	O
peuples	O
figurant	O
dans	O
chaque	O
exemplum	O
ou	O
paragraphe.	O
Zwinger	U-PER
expliquait	O
que	O
son	O
but	O
était	O
de	O
présenter	O
la	O
conduite	O
humaine	O
dans	O
toute	O
sa	O
diversité	O
en	O
offrant	O
des	O
milliers	O
d’anecdotes	O
ou	O
d’exemples	O
dont	O
le	O
lecteur	O
pourrait	O
tirer	O
des	O
leçons	O
de	O
morale	O
et	O
de	O
conduite.	O
En	O
introduisant	O
cet	O
index,	O
Zwinger	U-PER
remarquait	O
que	O
l’ordre	O
alphabétique	O
ne	O
respectait	O
malheureusement	O
pas	O
l’ordre	O
chronologique	O
mais	O
que	O
c’était	O
la	O
solution	O
la	O
plus	O
pratique.	O
Zwinger	U-PER
était	O
aussi	O
conscient	O
du	O
problème	O
des	O
noms	O
multiples	O
sous	O
lesquels	O
on	O
pouvait	O
désigner	O
et	O
connaître	O
un	O
personnage	O
:	O
nomen,	O
praenomen,	O
cognomen	O
ou	O
agnomen	O
(nom,	O
prénom,	O
surnom),	O
formes	O
vernaculaire	O
et	O
latine,	O
et	O
orthographes	O
multiples.	O
La	O
solution	O
de	O
Zwinger	U-PER
était	O
de	O
présenter	O
plusieurs	O
points	O
d’accès	O
à	O
un	O
même	O
personnage.	O
Plus	O
généralement	O
les	O
index	O
de	O
noms	O
propres	O
au	O
xvi	O
e	O
siècle	O
hésitaient	O
entre	O
le	O
prénom	O
et	O
le	O
nom	O
comme	O
mode	O
d’accès	O
principal.	O
Dans	O
sa	O
Bibliotheca	B-MISC
universalis	L-MISC
(1545),	O
Conrad	B-PER
Gesner	L-PER
organisa	O
sa	O
liste	O
de	O
quelque	O
3	O
000	O
auteurs	O
de	O
textes	O
en	O
latin,	O
grec	O
et	O
hébreu	O
par	O
prénoms	O
;	O
mais	O
il	O
fournit	O
aussi	O
un	O
index	O
de	O
correspondance	O
entre	O
noms	O
de	O
famille	O
et	O
prénoms	O
(«	O
Luther	U-PER
,	O
voir	O
Martin	B-PER
»).	L-PER
Dans	O
sa	O
Bibliothèque	B-LOC
française	I-LOC
(1584),	I-LOC
François	I-LOC
de	I-LOC
La	I-LOC
Croix	I-LOC
du	I-LOC
Maine	L-LOC
rangea	O
les	O
auteurs	O
par	O
leur	O
prénom,	O
mais	O
inclut	O
dans	O
l’index	O
les	O
noms	O
de	O
famille	O
et	O
leurs	O
variantes	O
orthographiques	O
(par	O
exemple	O
:	O
de	O
Crenne	B-PER
Elisenne	L-PER
et	O
de	O
Crenne	B-LOC
Helisenne	L-LOC
;	O
Seve	U-LOC
ou	O
Sceve	B-LOC
Maurice	L-LOC
)	O
La	B-MISC
Croix	I-MISC
du	I-MISC
Maine,	L-MISC
1584,	O
sigs.	O
eiijv,	O
oijv.	O
.	O
Il	O
souligna	O
aussi	O
l’avantage	O
de	O
l’ordre	O
alphabétique	O
qui	O
évitait	O
les	O
disputes	O
de	O
préséance	O
dans	O
l’ordre	O
de	O
présentation	O
de	O
personnes	O
Les	O
index	O
des	O
noms	O
propres	O
sont	O
encore	O
particulièrement	O
utiles	O
aujourd’hui	O
pour	O
accéder	O
aux	O
ouvrages	O
de	O
référence	O
du	O
passé,	O
car	O
les	O
noms	O
n’ont	O
pas	O
subi	O
autant	O
de	O
modifications	O
que	O
les	O
rubriques	O
et	O
les	O
catégories	O
intellectuelles	O
sur	O
lesquelles	O
ils	O
figurent.	O
.	O
Index	O
alphabétiques	O
généraux	O
L’index	O
alphabétique	O
général	O
souvent	O
appelé	O
«	O
index	O
des	O
mots	O
et	O
choses	O
mémorables	O
»	O
n’a	O
pas	O
toujours	O
été	O
le	O
premier	O
à	O
être	O
confectionné	O
dans	O
les	O
ouvrages	O
de	O
référence	O
modernes.	O
Il	O
n’apparaît	O
que	O
dans	O
la	O
quatrième	O
édition	O
du	O
Theatrum	U-ORG
publié	O
en	O
1604	O
après	O
la	O
mort	O
de	O
Theodor	B-PER
Zwinger	L-PER
par	O
son	O
fils	O
Jacob	U-PER
.	O
Dans	O
les	O
éditions	B-MISC
des	I-MISC
Adages	L-MISC
d’	O
Érasme	U-PER
,	O
l’index	O
général	O
était	O
le	O
troisième	O
index,	O
ajouté	O
en	O
1550,	O
après	O
l’index	O
des	O
adages	O
classés	O
par	O
incipit	O
,	O
puis	O
l’index	O
non	O
alphabétique	O
par	O
rubriques	O
de	O
lieux	O
communs	O
(doté	O
après	O
1515	O
d’un	O
petit	O
index	O
alphabétique	O
qui	O
ne	O
figure	O
pas	O
dans	O
le	O
total	O
des	O
index	O
annoncés	O
sur	O
la	O
page	O
de	O
titre).	O
Ce	O
troisième	O
index	O
était	O
défini	O
comme	O
un	O
«	O
index	O
de	O
choses	O
dignes	O
d’être	O
remarquées	O
et	O
qui	O
ne	O
sont	O
pas	O
contenues	O
dans	O
le	O
premier	O
index	O
».	U-MISC
Ainsi	O
les	O
deux	O
index	O
se	O
complètent-ils	O
:	O
«	O
rien	O
n’a	O
été	O
omis	O
[de	O
ce	O
troisième	O
index]	O
à	O
moins	O
qu’il	O
ne	O
figure	O
dans	O
le	O
premier	O
index	O
».	U-MISC
Le	B-LOC
Theatrum	L-LOC
et	O
les	O
Adages	U-MISC
d’	O
Érasme	U-PER
accumulèrent	O
chacun	O
quatre	O
index	O
différents	O
et	O
complémentaires	O
(pour	O
le	O
quatrième	O
index	O
des	O
Adages,	U-LOC
voir	O
infra).	O
La	O
multiplication	O
d’index	O
séparés	O
pouvait	O
prendre	O
des	O
proportions	O
remarquables.	O
Dans	B-MISC
l’Historia	I-MISC
animalium	I-MISC
(1551-1558)	L-MISC
de	O
Conrad	B-PER
Gesner	L-PER
,	O
chaque	O
volume	O
consacré	O
à	O
un	O
type	O
d’animal	O
(quadrupèdes,	O
reptiles,	O
oiseaux,	O
poissons)	O
comptait	O
une	O
dizaine	O
d’index	O
de	O
noms	O
d’espèces	O
différenciés	O
par	O
langue	O
(hébreu,	O
grec	O
et	O
latin,	O
et	O
plusieurs	O
vernaculaires).	O
De	O
même	O
l’Ornithologie	O
(1599)	O
d’	O
Ulisse	B-PER
Aldrovandi	L-PER
était	O
accompagnée	O
de	O
dix-sept	O
index	O
séparés	O
Pinon,	U-MISC
2003.	O
.	O
En	O
théologie,	O
la	O
Secunda	U-MISC
secundae	O
de	O
Thomas	U-MISC
d’Aquin	O
(partie	O
de	O
la	O
Somme	U-LOC
souvent	O
reproduite,	O
car	O
elle	O
traitait	O
des	O
vertus)	U-MISC
présentait	O
sept	O
index	O
portant	O
notamment	O
sur	O
les	O
lieux	O
communs,	O
les	O
citations	O
bibliques,	O
les	O
doctrines	O
mémorables,	O
les	O
hérésies	O
réfutées.	O
De	O
plus,	O
de	O
nombreux	O
index	O
du	O
xvi	O
e	O
siècle	O
n’étaient	O
pas	O
strictement	O
alphabétiques	O
et	O
ne	O
regroupaient	O
pas	O
les	O
entrées	O
concernant	O
le	O
même	O
terme	O
;	O
ainsi	O
trouve-t-on	O
une	O
dizaine	O
de	O
références	O
séparées	O
relatives	O
à	O
«	O
terra	O
»	O
dans	O
la	O
Margarita	B-LOC
philosophica	L-LOC
de	O
Gregor	B-PER
Reisch	L-PER
(dix	O
éditions	O
entre	O
1503	O
et	O
1599)	B-LOC
Reisch,	L-LOC
1973.	O
.	O
Cette	O
prolifération	O
d’index	O
et	O
de	O
termes	O
indexés	O
séparément	O
explique	O
en	O
partie	O
pourquoi	O
la	O
consultation	O
des	O
index	O
avait	O
la	O
réputation	O
d’être	O
pénible,	O
comme	O
l’observait	O
Gesner	U-PER
:	O
«	O
C’est	O
souvent	O
déplaisant	O
d’avoir	O
toujours	O
à	O
aller	O
à	O
l’index	O
pour	O
chercher	O
quelque	O
chose	O
Gesner,	U-LOC
1551,	O
sig.	O
b1v.	O
.	O
»	O
Pour	O
pallier	O
cette	O
prolifération,	O
certains	O
proposaient	O
des	O
entrées	O
regroupées	O
et	O
subdivisées	O
dans	O
un	O
index	O
unique.	O
Ainsi,	U-MISC
après	O
les	O
multiples	O
index	O
de	O
son	O
Historia	B-MISC
animalium	I-MISC
de	I-MISC
1551,	I-MISC
Gesner	L-MISC
se	O
vantait	O
de	O
présenter	O
un	O
seul	O
index	O
à	O
son	O
édition	O
des	O
collections	O
de	O
Stobée	U-PER
en	O
1559,	O
incluant	O
noms	O
propres	O
et	O
rubriques	O
thématiques.	O
De	O
même	O
Beyerlinck	U-LOC
dotait-il	O
son	O
Magnum	U-MISC
theatrum	O
de	O
1631	O
d’un	O
index	O
unique	O
de	O
687	O
pages,	O
attribué	O
à	O
un	O
certain	O
R.	B-PER
Princtius	L-PER
,	O
licencié	O
en	O
théologie,	O
qui	O
mentionnait	O
à	O
son	O
tour	O
une	O
«	O
diversité	O
de	O
collectionneurs	O
»	O
qui	O
y	O
avaient	O
sans	O
doute	O
contribué.	O
Cet	O
index	O
unique	O
incluait	O
toutes	O
les	O
rubriques	O
et	O
sous-rubriques,	O
les	O
noms	O
propres	O
et	O
les	O
thèmes	O
souvent	O
cachés	O
dans	O
un	O
exemple.	O
Ainsi	O
l’exemple	O
de	O
Paracelse	U-PER
puni	O
pour	O
avoir	O
demandé	O
un	O
prix	O
excessif	O
pour	O
ses	O
services	O
apparaît-il	O
sous	O
«	O
Paracelse	U-PER
»,	O
«	O
avarice	O
»	O
(la	O
rubrique	O
où	O
l’exemple	O
était	O
traité),	O
mais	O
aussi	O
sous	O
«	O
mercedis	O
defraudatio	O
punita	O
»	O
(fraude	O
mercantile	O
punie).	O
Il	O
n’y	O
a	O
aucun	O
doublon	O
non	O
plus	O
parmi	O
les	O
quelque	O
35	O
000	O
entrées	O
de	O
l’index	O
–	O
toutes	O
les	O
occurrences	O
d’un	O
terme	O
sont	O
regroupées.	O
Cet	O
index,	O
ainsi	O
que	O
celui	O
dont	O
Johann	B-PER
Heinrich	I-PER
Alsted	L-PER
équipa	O
son	O
Encyclopædia	U-MISC
(1630),	O
est	O
ainsi	O
comparable	O
aux	O
index	O
d’aujourd’hui	O
Voir	O
aussi	O
Blair,	U-PER
2000.	O
.	O
La	O
liste	O
des	O
autorités	O
(catalogus	O
autorum	O
et	O
index	O
autorum)	U-MISC
La	O
liste	O
des	O
autorités	O
existe	O
de	O
longue	O
date	O
dans	O
les	O
textes	O
d’érudition,	U-MISC
sans	O
avoir	O
pour	O
autant	O
souvent	O
servi	O
d’outil	O
de	O
consultation.	O
Ces	O
paratextes	O
qui	O
existaient	O
dès	O
l’Antiquité	O
furent	O
transmis	O
au	O
Moyen	B-MISC
Âge	L-MISC
notamment	O
dans	O
les	O
textes	O
légaux	O
tel	O
le	O
Digeste	U-ORG
qui	O
citait	O
les	O
38	O
auteurs	O
dont	O
sa	O
matière	O
était	O
tirée.	O
Comme	O
les	O
autorités	O
étaient	O
souvent	O
mentionnées	O
dans	O
les	O
marges	O
des	O
manuscrits	O
médiévaux	O
dès	O
le	O
xii	O
e	O
siècle,	O
il	O
suffisait	O
de	O
classer	O
ces	O
noms	O
dans	O
l’ordre	O
alphabétique	O
pour	O
compiler	O
les	O
listes	O
d’autorités.	O
Ces	O
listes	O
servaient	O
d’une	O
part	O
à	O
rehausser	O
l’autorité	O
du	O
texte	O
qui	O
les	O
citait,	O
mais	O
aussi	O
quelquefois	O
explicitement	O
à	O
encourager	O
le	O
lecteur	O
à	O
consulter	O
directement	O
les	O
sources	O
originales	O
–	O
c’est	U-MISC
le	O
but	O
que	O
mentionnait	O
le	O
Manipulus	B-LOC
florum,	L-LOC
un	O
florilège	O
de	O
1306,	O
en	O
préfaçant	O
une	O
liste	O
de	O
24	O
auteurs	O
et	O
de	O
leurs	O
376	O
ouvages,	O
liste	O
qui	O
circula	O
aussi	O
indépendamment	O
du	O
florilège	O
comme	O
une	O
sorte	O
de	O
bibliographie	O
choisie	O
Rouse,	U-MISC
1965.	O
.	O
Un	O
énorme	O
index	O
général	O
mêlant	O
noms	O
propres,	O
rubriques	O
et	O
«	O
choses	O
»	O
;	O
à	O
remarquer,	O
quelques	O
soulignements	O
d’un	O
lecteur	O
intéressé	O
par	O
les	O
Turcs	U-LOC
:	O
«	O
Index	U-LOC
rerum,	O
verborum	O
et	O
exemplorum	O
»,	O
Laurentius	B-MISC
Beyerlinck,	L-MISC
Magnum	O
theatrum	O
vitae	O
humanae	O
(1631),	O
University	B-ORG
of	I-ORG
Chicago	L-ORG
Library,	O
Special	O
Collections	O
Research	O
Center.	O
La	B-MISC
Polyanthea	L-MISC
imprimée	O
suivit	O
le	O
modèle	O
du	O
Manipulus	U-LOC
florum,	O
(d’où	O
Nani	U-PER
tira	O
aussi	O
nombre	O
de	O
citations)	O
en	O
incluant	O
une	O
liste	O
alphabétique	O
des	O
auteurs	O
utilisés	O
mais	O
sans	O
indiquer	O
les	O
titres.	O
Comme	O
souvent,	O
les	O
auteurs	O
de	O
la	O
liste	O
sont	O
parfois	O
difficiles	O
à	O
identifier	O
–	O
les	O
compilateurs	O
les	O
citaient	O
sans	O
doute	O
de	O
deuxième	O
main.	O
Dans	O
le	O
Theatrum,	B-MISC
Zwinger	L-MISC
incluait	O
un	O
catalogus	O
autorum	O
à	O
partir	O
de	O
la	O
deuxième	O
édition	O
ainsi	O
qu’une	O
justification	O
:	O
C’est	O
de	O
l’ostentation	O
de	O
citer	O
les	O
noms	O
des	O
auteurs	O
dont	O
on	O
n’a	O
jamais	O
vu	O
les	O
écrits	O
et	O
de	O
ne	O
pas	O
citer	O
les	O
auteurs	O
récents	O
qu’on	O
a	O
utilisés	O
par	O
honte	O
d’admettre	O
en	O
avoir	O
appris	O
quelque	O
chose,	O
mais	O
c’est	U-MISC
l’honnêteté	O
de	O
célébrer	O
avec	O
reconnaissance	O
la	O
mémoire	O
des	O
auteurs	O
que	O
l’on	O
a	O
trouvés	O
utiles.	O
Ainsi	O
avons-nous	O
énuméré	O
brièvement	O
une	O
liste	O
des	O
auteurs	O
sur	O
l’autorité	O
desquels	O
nous	O
nous	O
sommes	O
fondés	O
dans	O
ce	O
Theatrum	U-MISC
de	O
peur	O
que	O
nous	O
ne	O
paraissions	O
être	O
les	O
premiers	O
à	O
abandonner	O
une	O
habitude	O
généralement	O
observée	O
«	O
Ostentationis	U-LOC
est,	O
vetustissimorum	O
authorum	O
nomina,	O
quorum	O
scripta	O
nunquam	O
videris,	O
in	O
testimonium	O
adducere	O
et	O
dum	O
a	O
recentioribus	O
res	O
ipsas	O
discere	O
non	O
pudet,	O
ab	O
ijs	O
tamen	O
didicisse	O
aliquid	O
fateri	O
nolle.	O
At	U-MISC
ingenui	O
candoris,	O
gratam	O
eorum,	O
per	O
quos	O
profeceris,	O
memoriam	O
conservare	O
et	O
celebrare.	O
Ergo	U-MISC
eorum	O
scriptorum	O
catalogum,	O
quorum	O
auctoritates	O
in	O
hoc	O
Theatro	U-MISC
bona	O
fide	O
adductas	O
deprehendimus,	O
breviter	O
recensebimus,	O
vel	O
quia	O
Indicum	B-MISC
ratio	I-MISC
sic	L-MISC
efflagitabat,	O
vel	O
certe,	O
ut	O
ne	O
in	O
receptum	O
ab	O
omnibus	O
morem	O
delinquere	O
primi	O
videremur.	O
»	O
Zwinger,	O
1586,	O
sig.	O
YYyYY7r.	U-MISC
.	O
Zwinger	U-PER
reconnaît	O
ainsi	O
les	O
abus	O
de	O
ces	O
listes	O
qui	O
peuvent	O
mentionner	O
des	O
auteurs	O
que	O
le	O
compilateur	O
n’a	O
pas	O
lus	O
et	O
omettre	O
ceux	O
dont	O
il	O
s’est	O
le	O
plus	O
servi,	O
mais	O
il	O
n’ose	O
pas	O
renoncer	O
à	O
une	O
liste	O
qui	O
semblait	O
s’imposer	O
pour	O
le	O
genre	O
dans	O
lequel	O
il	O
écrivait.	O
On	O
trouve	O
quelques	O
exceptions	O
à	O
la	O
norme	O
d’une	O
simple	O
liste	O
de	O
noms	O
alphabétisés.	O
Une	O
édition	O
abrégée	O
in-8o	O
des	O
Adages	U-MISC
d’	O
Érasme	U-PER
(1530)	O
offrait	O
par	O
exemple	O
un	O
catalogue	O
des	O
auteurs	O
cités	O
groupés	O
par	O
catégories	O
–	O
historiens,	O
poètes,	O
orateurs,	O
etc.	O
Dans	B-MISC
ce	I-MISC
livre	I-MISC
de	I-MISC
format	L-MISC
réduit	O
destiné	O
à	O
un	O
public	O
moins	O
fortuné	O
et	O
moins	O
éduqué	O
que	O
le	O
grand	O
folio	O
que	O
rédigea	O
Érasme	U-PER
,	O
la	O
liste	O
fournissait	O
un	O
peu	O
plus	O
d’informations	O
sur	O
la	O
nature	O
des	O
auteurs	O
cités,	O
probablement	O
pour	O
instruire	O
les	O
lecteurs.	O
Plus	O
exceptionnel	O
est	O
le	O
«	O
quatrième	O
index	O
»	O
ajouté	O
à	O
l’édition	O
des	O
Adages	U-MISC
de	O
Froben	U-PER
en	O
1551	O
:	O
c’est	O
un	O
index	O
exhaustif	O
des	O
auteurs	O
cités	O
mentionnant	O
la	O
page	O
où	O
se	O
trouve	O
chaque	O
citation.	O
Il	O
s’agit	O
d’un	O
outil	O
d’érudition	O
d’une	O
grande	O
précision	O
mais	O
dont	O
les	O
érudits	O
eux-mêmes	O
n’avaient	O
pas	O
l’habitude	O
–	O
on	O
ne	O
le	O
retrouve	O
à	O
ma	O
connaissance	O
que	O
dans	O
l’édition	O
Froben	U-PER
de	O
1559.	O
Cet	O
index	O
exhaustif	O
des	O
auteurs	O
cités	O
se	O
fonde	O
peut-être	O
sur	O
le	O
précédent	O
des	O
listes	O
beaucoup	O
plus	O
brèves	O
des	O
passages	O
corrigés	O
par	O
un	O
humaniste,	O
qui	O
sont	O
présentes	O
notamment	O
dans	O
le	O
genre	O
des	O
leçons	O
antiques	O
Sur	O
ce	O
genre,	O
voir	O
Blair,	U-MISC
2006,	O
et,	U-MISC
comme	O
exemple,	O
Rhodiginus,	U-LOC
1542.	O
,	O
listes	O
qui	O
permettaient	O
à	O
l’auteur	O
humaniste	O
d’attirer	O
l’attention	O
sur	O
ses	O
contributions	O
à	O
l’édition	O
textuelle	O
des	O
auteurs	O
anciens	O
dont	O
il	O
était	O
particulièrement	O
fier,	O
en	O
corrigeant	O
(ou	O
en	O
surcorrigeant)	O
les	O
erreurs	O
des	O
éditions	O
antérieures.	O
Un	B-MISC
catalogue	I-MISC
d’autorités	I-MISC
typique,	I-MISC
sans	I-MISC
références	L-MISC
au	O
texte	O
:	O
Theodor	B-MISC
Zwinger,	L-MISC
Theatrum	O
vitae	O
humanae	O
(1586),	O
University	B-ORG
of	I-ORG
Chicago	L-ORG
Library,	O
Special	O
Collections	O
Research	O
Center.	O
Un	O
index	O
exceptionnel	O
d’auteurs	O
cités	O
indiquant	O
les	O
pages	O
où	O
figurent	O
les	O
citations	O
:	O
Érasme,	O
Adagiorum	U-PER
chiliades	O
quatuor	O
(Bâle,	O
Froben,	B-MISC
1551),	L-MISC
Houghton	O
Library,	O
Harvard	O
University.	O
Le	O
diagramme	O
dichotomique	O
Au	O
xvi	O
e	O
siècle	O
on	O
désignait	O
du	O
nom	O
de	O
tabula	O
différentes	O
formes	O
de	O
présentation	O
graphique	O
d’un	O
matériel	O
textuel	O
:	O
la	O
table	O
en	O
rangées	O
et	O
colonnes	O
bien	O
connue	O
par	O
la	O
diffusion	O
des	O
tables	O
chronologiques	O
d’	O
Eusèbe	U-PER
et	O
le	O
diagramme	O
dichotomique	O
souvent	O
attribué	O
à	O
Pierre	B-PER
de	I-PER
La	I-PER
Ramée	L-PER
(1515-1572),	O
mais	O
qui	O
était	O
d’un	O
usage	O
répandu	O
déjà	O
au	O
Moyen	B-MISC
Âge	L-MISC
et	O
dans	O
l’imprimé	O
avant	O
la	O
pédagogie	O
ramiste	O
Grafton	U-LOC
et	O
Williams,	B-MISC
2006	L-MISC
;	O
Höltgen,	U-MISC
1965.	O
.	O
La	O
plupart	O
du	O
temps	O
le	O
diagramme	O
dichotomique	O
offrait	O
non	O
pas	O
un	O
outil	O
de	O
consultation	O
du	O
texte,	O
mais	O
plutôt	O
une	O
division	O
logique	O
du	O
sujet	O
qui	O
souvent	O
ne	O
correspondait	O
pas	O
directement	O
au	O
texte.	O
Ainsi	O
dans	O
la	O
Polyanthea	U-LOC
de	O
Nani	B-PER
Mirabelli	L-PER
,	O
quelque	O
seize	O
articles	O
contiennent	O
un	O
diagramme	O
à	O
embranchements	O
qui	O
ne	O
se	O
rapportent	O
en	O
rien	O
au	O
contenu	O
de	O
l’article	O
;	O
ces	O
diagrammes	O
sont	O
des	O
citations	O
graphiques	O
de	O
passages	O
de	O
Thomas	U-PER
d’Aquin	O
qui	O
correspondaient	O
à	O
la	O
rubrique	O
en	O
question	O
Nani	B-PER
Mirabelli,	L-PER
1503,	O
s.	O
v.	O
«	O
abusio	O
».	U-PER
.	O
Le	O
schéma	O
pouvait	O
servir	O
en	O
particulier	O
de	O
guide	O
à	O
une	O
présentation	O
systématique	O
du	O
sujet	O
notamment	O
par	O
un	O
prêcheur	O
ou	O
un	O
enseignant.	O
Conrad	B-PER
Gesner	L-PER
utilisa	O
un	O
diagramme	O
à	O
embranchements	O
au	O
début	O
des	O
Pandectes	B-MISC
(1548)	L-MISC
–	O
énorme	O
projet	O
d’indexation	O
thématique	O
des	O
livres	O
énumérés	O
dans	O
sa	O
Bibliotheca	B-MISC
universalis	I-MISC
de	I-MISC
1545.	L-MISC
Le	B-MISC
diagramme	I-MISC
permettait	I-MISC
d’observer	I-MISC
la	I-MISC
succession	I-MISC
des	I-MISC
vingt	I-MISC
livres	L-MISC
des	O
Pandectes,	U-MISC
mais	O
ne	O
contenait	O
aucun	O
numéro	O
de	O
page	O
–	O
c’était	O
un	O
guide	O
abstrait	O
plutôt	O
qu’utile.	O
De	U-PER
même	O
Theodor	B-PER
Zwinger	L-PER
a-t-il	O
consacré	O
plusieurs	O
pages	O
de	O
chaque	O
préface	O
à	O
son	O
Theatrum	U-LOC
à	O
un	O
diagramme	O
dichotomique	O
qui	O
était	O
censé	O
expliquer	O
l’organisation	O
complexe	O
de	O
son	O
texte.	O
S’échelonnant	U-ORG
sur	O
une	O
dizaine	O
de	O
pages	O
liées	O
l’une	U-MISC
à	O
l’autre	O
par	O
des	O
astérisques	O
ou	O
d’autres	O
symboles,	O
il	O
est	O
d’une	O
lecture	O
difficile	O
et	O
ne	O
fournit	O
pas	O
de	O
références	O
précises	O
au	O
texte	O
imprimé	O
qui	O
suit.	O
Un	B-MISC
diagramme	I-MISC
figure	L-MISC
aussi	O
au	O
début	O
de	O
chaque	O
livre	O
du	O
Theatrum	O
(29	O
livres	O
en	O
1586)	U-MISC
pour	O
présenter	O
l’organisation	O
logique	O
du	O
sujet	O
que	O
Zwinger	U-PER
suit	O
avec	O
plus	O
ou	O
moins	O
de	O
fidélité	O
dans	O
le	O
texte	O
(on	O
trouve	O
par	O
exemple	O
des	O
rubriques	O
dans	O
le	O
diagramme	O
qui	O
ne	O
sont	O
pas	O
dans	O
le	O
texte).	O
Zwinger	U-PER
reconnut	O
sa	O
dette	O
envers	O
Pierre	B-PER
de	I-PER
La	I-PER
Ramée	L-PER
avec	O
qui	O
il	O
étudia	O
à	O
Paris	U-LOC
,	O
tout	O
en	O
refusant	O
de	O
le	O
suivre	O
dans	O
sa	O
critique	O
d’	O
Aristote	U-PER
Gilly,	U-ORG
1979,	O
p.	O
130-132.	O
.	O
Comme	O
La	B-PER
Ramée	L-PER
,	O
Zwinger	U-PER
considérait	O
la	O
disposition	O
d’un	O
sujet	O
et	O
de	O
ses	O
subdivisions	O
comme	O
une	O
étape	O
essentielle	O
de	O
leur	O
maîtrise	O
cognitive.	O
Ainsi,	U-MISC
dans	O
chaque	O
nouvelle	O
édition	O
de	O
son	O
Theatrum,	B-PER
Zwinger	L-PER
proposait-il	O
une	O
nouvelle	O
disposition	O
de	O
sa	O
matière,	O
plus	O
complexe	O
et	O
plus	O
correcte,	O
après	O
y	O
avoir	O
consacré	O
de	O
toute	O
évidence	O
un	O
travail	O
considérable.	O
Il	O
semblerait	O
cependant	O
que	O
les	O
contemporains	O
de	O
Zwinger	U-PER
n’aient	O
pas	O
trouvé	O
que	O
ses	O
diagrammes	O
ou	O
son	O
organisation	O
fussent	O
très	O
utiles.	O
Un	O
contemporain	O
de	O
marque,	O
Bartholomaeus	O
Keckermann	O
(1573-1609),	O
professeur	O
de	O
philosophie	O
et	O
de	O
théologie	O
à	O
Heidelberg	U-LOC
puis	O
à	O
Dantzig	U-LOC
,	O
se	O
plaignait	O
explicitement	O
de	O
l’organisation	O
systématique	O
du	O
Theatrum	U-LOC
:	O
Dans	O
le	O
Theatrum	U-LOC
[	O
Zwinger	U-PER
]	O
essaya	O
d’inclure	O
des	O
rubriques	O
de	O
toutes	O
les	O
choses	O
par	O
un	O
travail	O
énorme	O
mais	O
je	O
ne	O
sais	O
pas	O
s’il	O
produisit	O
un	O
fruit	O
à	O
la	O
hauteur	O
de	O
son	O
travail.	O
En	O
effet	O
l’ordre	O
[qu’il	O
suit]	O
n’est	U-MISC
pas	O
constitué	O
selon	O
la	O
logique	O
et	O
il	O
n’est	O
pas	O
tel	O
que	O
l’on	O
puisse	O
y	O
référer	O
toutes	O
les	O
choses	O
ni	O
trouver	O
ce	O
que	O
l’on	O
veut	O
sans	O
grande	O
difficulté	O
à	O
moins	O
qu’on	O
ne	O
prenne	O
appui	O
sur	O
l’index	O
alphabétique	O
«	O
Plenior	U-PER
ordo	O
alienus	O
in	O
rebus	O
seu	O
volumen	O
plenius,	O
praescriptum	O
est	O
a	O
Zwingero	B-MISC
in	I-MISC
Theatro	L-MISC
vitae	O
hum.	O
quo	O
ordine	O
conatus	O
est	O
ille	O
vir	O
omnium	O
rerum	O
titulos	O
comprehendere,	O
ingenti	O
quidem	O
labore,	O
sed	O
nescio	O
an	O
pari	O
fructu	O
:	O
nam	O
nec	O
secundum	O
Logicam	U-PER
accurate	O
is	O
ordo	O
constitutus	O
est,	O
nec	O
talis,	O
ut	O
omnia	O
ad	O
eum	O
possis	O
referre	O
nec	O
denique	O
talis	O
ut	O
sine	O
difficultate	O
magna	O
possis	O
reperire	O
id	O
quod	O
cupis	O
nisi	O
confugias	O
ad	O
indicem	O
alphabetarium.	O
»	O
(Keckermann,	O
1614,	O
col.	O
225	O
[numéroté	O
211	O
par	O
erreur].)	O
.	O
Beyerlinck	U-LOC
expliquait	O
aussi,	O
dans	O
sa	O
préface	O
au	O
Magnum	U-MISC
theatrum,	O
que	O
les	O
lecteurs	O
appréciaient	O
davantage	O
l’ordre	O
alphabétique	O
Beyerlinck,	U-MISC
1631,	O
sig.	O
e3v.	U-MISC
.	O
J’ai	U-MISC
trouvé	O
en	O
effet	O
en	O
consultant	O
de	O
nombreux	O
exemplaires	O
un	O
seul	O
cas	O
d’annotation	O
d’un	O
diagramme	O
de	O
Zwinger	U-PER
,	O
alors	O
que	O
ses	O
index	O
étaient	O
souvent	O
annotés.	O
Conclusion	U-PER
Les	O
ouvrages	O
de	O
référence	O
humanistes,	O
nombreux	O
et	O
souvent	O
réédités,	O
ont	O
joué	O
un	O
rôle	O
important	O
dans	O
le	O
développement	O
des	O
outils	O
de	O
consultation	O
et	O
dans	O
la	O
familiarisation	O
des	O
lecteurs	O
modernes	O
à	O
leur	O
emploi.	O
Au	B-MISC
xiii	I-MISC
e	I-MISC
siècle	I-MISC
l’accès	I-MISC
aux	I-MISC
index	L-MISC
alphabétiques,	O
aux	O
concordances	O
bibliques	O
ou	O
au	O
Speculum	U-MISC
de	O
Vincent	B-PER
de	I-PER
Beauvais	L-PER
était	O
limité	O
à	O
une	O
petite	O
élite,	O
surtout	O
cléricale.	O
L’imprimerie	O
a	O
facilité	O
la	O
production	O
et	O
la	O
diffusion	O
d’ouvrages	O
volumineux	O
munis	O
d’index	O
et	O
de	O
tables	O
de	O
plusieurs	O
types.	O
Pendant	O
le	O
xvi	O
e	O
siècle	O
ces	O
outils	O
sont	O
souvent	O
accompagnés	O
d’explications	O
–	O
sur	O
l’emploi	O
des	O
index	O
ou	O
l’utilité	O
d’un	O
volume	O
organisé	O
alphabétiquement.	O
En	O
1551,	O
Gesner	U-PER
observait	O
dans	O
la	O
préface	O
de	O
son	O
Historia	B-MISC
animalium	I-MISC
qu’il	I-MISC
était	I-MISC
plus	I-MISC
utile	I-MISC
de	I-MISC
consulter	L-MISC
ce	O
livre	O
«	O
par	O
intervalles	O
»	O
que	O
de	O
le	O
lire	O
de	O
bout	O
en	O
bout	O
Gesner,	U-LOC
1551,	O
sig.	O
b1v.	O
.	O
À	O
la	O
fin	O
du	O
xvii	O
e	O
siècle,	O
ces	O
explications	O
n’étaient	O
plus	O
nécessaires	O
:	O
les	O
termes	O
latins	O
et	O
vernaculaires	O
pour	O
la	O
lecture	O
de	O
consultation	O
sont	O
bien	O
établis	O
(consulere,	O
consulter,	O
look	O
up,	U-MISC
nachschlagen).	O
Le	B-MISC
Dictionnaire	I-MISC
historique	L-MISC
et	O
critique	O
de	O
Pierre	B-PER
Bayle	L-PER
et	O
plusieurs	O
autres	O
ouvrages	O
de	O
référence	O
en	O
langue	O
vernaculaire	O
de	O
la	O
fin	O
du	O
xvii	O
e	O
siècle	O
marquent	O
le	O
début	O
d’une	O
période	O
connue	O
même	O
à	O
l’époque	O
comme	O
l’âge	U-MISC
des	O
dictionnaires	O
et	O
de	O
l’Encyclopédie.	O
Ces	O
développements	O
essentiels	O
à	O
l’âge	U-MISC
des	O
Lumières	U-MISC
reposaient	O
sur	O
les	O
expériences	O
des	O
auteurs,	O
imprimeurs	O
et	O
lecteurs	O
des	O
ouvrages	O
de	O
référence	O
imprimés	O
aux	O
xvi	O
e	O
et	O
xvii	O
e	O
siècle.	O
Ceux-ci	O
ont	O
diffusé	O
parmi	O
un	O
public	O
éduqué	O
une	O
culture	O
latine	O
humaniste	O
mais	O
aussi	O
des	O
habitudes	O
de	O
lecture	O
de	O
consultation	O
qui	O
étaient	O
essentielles	O
au	O
succès	O
des	O
grandes	O
encyclopédies	O
en	O
langue	O
vernaculaire	O
–	O
index,	O
tables	O
et	O
renvois.	O
Ces	O
compilateurs	O
humanistes	O
ont	O
aussi	O
souligné	O
certaines	O
difficultés	O
inhérentes	O
à	O
la	O
gestion	O
du	O
savoir,	O
dont	O
nous	O
faisons	O
l’expérience	O
aujourd’hui	O
encore,	O
comme	O
le	O
choix	O
des	O
rubriques	O
ou	O
des	O
mots	O
clés,	O
et	O
les	O
orthographes	O
multiples.	O
Bibliographie	O
