Dans	O
l’histoire	O
intellectuelle	O
du	O
Moyen	B-MISC
Âge	L-MISC
occidental,	O
le	O
xii	O
e	O
siècle	O
est	O
un	O
tournant	O
décisif.	O
Avec	O
l’essor	O
économique,	O
les	O
villes	O
renaissent,	O
et	O
l’État	O
se	O
renforce,	O
favorisant	O
une	O
circulation	O
accrue	O
des	O
manuscrits	O
et	O
des	O
personnes,	O
des	O
textes	O
et	O
des	O
idées.	O
Tandis	U-LOC
que	O
déclinent	O
les	O
écoles	O
monastiques,	O
comme	O
celle	O
du	O
Bec-Helluin	U-LOC
qu’avait	O
illustrée	O
saint	B-PER
Anselme	L-PER
,	O
la	O
«	O
Renaissance	B-MISC
du	I-MISC
xii	L-MISC
e	O
siècle	O
»	O
s’appuie	O
sur	O
un	O
maillage	O
de	O
plus	O
en	O
plus	O
serré	O
d’écoles	O
urbaines,	O
surtout	O
dans	O
la	B-LOC
France	L-LOC
du	O
Nord	O
:	O
écoles	O
cathédrales	O
placées	O
sous	O
l’autorité	O
de	O
l’évêque	O
comme	O
à	O
Laon	U-LOC
,	O
Chartres	U-LOC
ou	O
Paris	U-LOC
,	O
écoles	O
temporaires,	O
parfois	O
itinérantes,	O
liées	O
à	O
la	O
personne	O
d’un	O
maître	O
fameux	O
comme	O
celle	O
que	O
Pierre	B-PER
Abélard	L-PER
entraînait	O
à	O
sa	O
suite.	O
Avec	O
l’augmentation	O
progressive	O
du	O
nombre	O
des	O
maîtres	O
et	O
des	O
étudiants	O
se	O
crée	O
un	O
milieu	O
dynamique	O
et	O
cohérent,	O
propice	O
à	O
l’affinement	O
des	O
méthodes	O
intellectuelles	O
et	O
pédagogiques,	O
à	O
une	O
curiosité	O
renouvelée	O
pour	O
les	O
ouvrages	O
des	O
Pères	U-MISC
et	O
des	O
Anciens,	U-LOC
tout	O
autant	O
qu’à	O
la	O
production	O
de	O
textes	O
nouveaux	O
et	O
à	O
l’accueil	O
de	O
traductions	O
du	O
grec	O
et	O
de	O
l’arabe.	O
Ainsi	O
apparaît	O
un	O
esprit	O
nouveau,	O
fait	O
de	O
confiance	O
en	O
la	O
nature	O
et	O
en	O
la	O
raison,	O
d’un	O
sens	O
plus	O
vif	O
de	O
l’individu	O
et	O
d’une	O
relation	O
complexe	O
au	O
passé	O
:	O
rêve	O
d’un	O
retour	O
à	O
la	O
pureté	O
des	O
origines	O
et	O
conscience	O
néanmoins	O
d’un	O
progrès	O
historique	O
Verger,	U-MISC
1996.	O
.	O
Le	O
temps	O
n’est	O
pas	O
loin	O
où	O
ces	O
écoles	O
urbaines	O
se	O
regrouperont	O
et	O
se	O
structureront	O
en	O
corporations.	O
Au	O
tournant	O
du	O
xiii	O
e	O
siècle	O
apparaissent	O
alors	O
les	O
premières	O
universités.	O
C’est	O
dans	O
cette	O
période	O
d’effervescence	O
et	O
de	O
mutations	O
accélérées	O
que	O
s’établit	O
en	O
bordure	O
de	O
Paris	U-LOC
l’école	O
de	O
Saint-Victor,	U-PER
bientôt	O
illustre	O
à	O
travers	O
l’Europe	O
entière	O
par	O
une	O
succession	O
de	O
maîtres	O
prestigieux,	O
l’ampleur	O
du	O
rayonnement	O
qu’ils	O
ont	O
exercé	O
dans	O
les	O
domaines	O
les	O
plus	O
divers	O
et	O
l’originalité	O
de	O
leur	O
projet	O
pédagogique,	O
indissolublement	O
intellectuel	O
et	O
spirituel	O
La	O
bibliographie	O
des	O
études	O
victorines	O
est	O
rassemblée	O
dans	O
Châtillon,	U-MISC
1952,	O
p.	O
139-162	O
et	O
247-272	O
et	O
complétée	O
par	O
Poirel,	O
1998a,	O
p.	O
187-207.	O
.	O
À	O
mi-chemin	O
entre	O
les	O
écoles	O
monastiques	O
du	O
haut	O
Moyen	B-PER
Âge	L-PER
et	O
les	O
universités	O
des	O
xiii	O
e-xv	O
e	O
siècles,	O
Saint-Victor	U-LOC
de	O
Paris	U-LOC
attire	O
l’attention	O
par	O
son	O
humanisme	O
encyclopédique	O
et	O
la	O
haute	O
place	O
qu’on	O
y	O
accorde	O
à	O
tous	O
les	O
savoirs,	O
de	O
la	O
technique	O
à	O
la	O
mystique	O
en	O
passant	O
par	O
les	O
Lettres	U-LOC
classiques,	O
l’érudition,	U-LOC
les	O
disciplines	O
scientifiques	O
et	O
une	O
théologie	O
tout	O
autant	O
spéculative	O
que	O
pastorale.	O
Un	B-MISC
mot	I-MISC
d’ordre	L-MISC
d’	O
Hugues	B-PER
de	I-PER
Saint-Victor	L-PER
résume	O
cette	O
ouverture	O
à	O
toutes	O
les	O
connaissances	O
:	O
«	O
Apprends	U-LOC
tout,	O
tu	O
verras	O
ensuite	O
que	O
rien	O
n’est	U-MISC
inutile	O
Hugues	U-PER
de	O
Saint-Victor,	B-PER
Didascalicon,	L-PER
VI,	O
3,	O
p.	O
115.	O
.	O
»	O
Comment	O
cet	O
idéal	O
illimité	O
s’est-il	U-LOC
réalisé	O
en	O
un	O
temps	O
et	O
un	O
lieu	O
précis	O
?	O
Quelle	O
conception	O
du	O
savoir	O
a-t-il	O
suscitée	O
?	O
Comment	O
s’est-il	U-LOC
concilié	O
avec	O
la	O
destination	O
avant	O
tout	O
religieuse	O
d’un	O
établissement	O
de	O
chanoines	O
réguliers	O
?	O
Pour	O
répondre	O
à	O
ces	O
questions,	O
on	O
s’attachera	O
d’abord	O
à	O
la	O
communauté	O
des	O
victorins,	O
en	O
décrivant	O
les	O
grandes	O
étapes	O
de	O
son	O
histoire,	O
son	O
cadre	O
de	O
vie	O
et	O
les	O
réseaux	O
à	O
travers	O
lesquels	O
elle	O
exerce	O
une	O
influence	O
sur	O
la	O
société	O
contemporaine.	O
Passant	O
ensuite	O
du	O
«	O
lieu	O
»	O
au	O
«	O
savoir	O
»,	U-LOC
on	O
présentera	O
le	O
programme	O
pédagogique	O
victorin	O
en	O
cherchant	O
à	O
définir	O
son	O
centre	O
de	O
gravité.	O
De	O
cette	O
façon,	O
on	O
sera	O
en	O
mesure	O
de	O
dégager	O
l’«	O
esprit	O
»	O
de	O
Saint-Victor,	U-PER
c’est-à-dire	O
la	O
façon	O
particulière	O
dont	O
un	O
mode	O
de	O
vie	O
et	O
un	O
idéal	O
éducatif	O
s’y	O
sont	O
historiquement	O
rejoints	O
pour	O
façonner	O
une	O
certaine	O
manière	O
de	O
penser,	O
de	O
pratiquer	O
et	O
d’honorer	O
le	O
savoir.	O
La	B-MISC
communauté	I-MISC
victorine	L-MISC
Saint-Victor	O
de	O
Paris	U-LOC
est	O
d’abord	O
une	O
abbaye	O
de	O
chanoines	O
réguliers,	O
comme	O
il	O
en	O
naquit	O
tant	O
d’autres	O
aux	O
xi	O
e-xii	O
e	O
siècles.	O
Avec	O
l’essor	O
monastique	O
et	O
le	O
renforcement	O
de	O
la	O
papauté,	O
le	O
renouveau	O
canonial	O
est	O
en	O
effet	O
une	O
des	O
composantes	O
essentielles	O
de	O
la	O
Réforme	O
grégorienne	O
Châtillon,	B-MISC
1992.	L-MISC
.	O
Au	O
contraire	O
du	O
moine	O
bénédictin,	O
consacré	O
par	O
sa	O
règle	O
à	O
une	O
existence	O
de	O
solitude	O
et	O
de	O
contemplation,	O
le	O
chanoine	O
régulier	O
est	O
d’abord	O
un	O
clerc,	O
voué	O
comme	O
tel	O
à	O
la	O
célébration	O
des	O
sacrements,	O
mais	O
qui,	O
pour	O
mieux	O
exercer	O
son	O
sacerdoce,	O
a	O
choisi	O
de	O
vivre	O
la	O
pauvreté	O
en	O
communauté	O
suivant	O
la	O
règle	O
de	O
saint	B-PER
Augustin	L-PER
.	O
Son	O
état	O
de	O
vie	O
tient	O
donc	O
un	O
souple	O
équilibre	O
entre	O
la	O
contemplation	O
et	O
l’action	O
pastorale.	O
À	B-MISC
ce	I-MISC
statut	I-MISC
commun	L-MISC
à	O
l’ensemble	O
des	O
chanoines	O
réguliers	O
s’ajoute	O
chez	O
les	O
victorins	O
une	O
dimension	O
intellectuelle,	O
présente	O
dès	O
les	O
origines	O
de	O
la	O
communauté	O
et	O
qui	O
explique	O
son	O
rayonnement	O
considérable	O
dès	O
le	O
premier	O
siècle	O
de	O
son	O
histoire.	O
De	O
Guillaume	B-PER
de	I-PER
Champeaux	L-PER
à	O
Jean	B-PER
de	I-PER
Saint-Victor	L-PER
Le	O
fondateur,	O
Guillaume	B-PER
de	I-PER
Champeaux	L-PER
(†	O
1121)	U-MISC
est	O
un	O
des	O
principaux	O
maîtres	O
de	O
son	O
temps	O
en	O
rhétorique,	O
en	O
dialectique	O
et	O
en	O
théologie.	O
En	O
1108,	O
il	O
se	O
retire	O
sur	O
une	O
pente	O
déserte	O
de	O
la	O
montagne	B-LOC
Sainte-Geneviève	L-LOC
(à	O
l’emplacement	O
actuel	O
de	O
l’Université	O
de	O
Jussieu)	U-LOC
pour	O
mener	O
avec	O
quelques	O
étudiants	O
une	O
vie	O
de	O
solitude	O
et	O
de	O
prière.	O
Après	O
quelques	O
hésitations,	O
il	O
y	O
reprend	O
son	O
enseignement.	O
Élu	U-PER
évêque	O
de	O
Châlons-sur-Marne	U-LOC
en	O
1113,	O
il	O
obtient	O
à	O
ce	O
moment	O
la	O
transformation	O
de	O
sa	O
communauté	O
en	O
abbaye	O
de	O
chanoines	O
réguliers	O
consacrée	O
à	O
saint	O
Victor	B-PER
de	I-PER
Marseille	I-PER
Bautier,	L-PER
1991,	O
p.	O
23-52,	O
253-369.	O
.	O
C’est	O
peu	O
après	O
qu’	O
Hugues	U-PER
(†	O
1141),	O
originaire	O
de	B-LOC
Saxe	L-LOC
,	O
entre	O
en	O
scène.	O
L’un	O
des	O
esprits	O
les	O
plus	O
brillants	O
de	O
son	O
temps,	O
il	O
ne	O
tarde	O
pas	O
à	O
reprendre	O
la	O
chaire	O
qu’occupait	O
Guillaume	U-PER
et	O
à	O
donner	O
à	O
Saint-Victor	U-LOC
ses	O
caractéristiques	O
intellectuelles	O
:	O
la	O
lecture	O
de	O
la	B-MISC
Bible	L-MISC
selon	O
les	O
trois	O
sens	O
(historique,	O
allégorique,	O
tropologique)	O
s’articule	O
avec	O
un	O
humanisme	O
encyclopédique,	O
ouvert	O
aux	O
sciences	O
et	O
même	O
aux	O
techniques	O
Poirel,	O
1998a	O
;	O
Sicard,	U-LOC
1991.	O
.	O
Après	O
lui,	O
son	O
héritage	O
est	O
comme	O
réparti	O
entre	O
une	O
pléiade	O
d’écrivains	O
et	O
de	O
maîtres	O
:	O
Adam	U-PER
le	O
chantre	O
des	O
fêtes	O
liturgiques	O
(†	O
av.	O
1146),	B-PER
André	L-PER
le	O
bibliste	O
(†	O
1175),	B-PER
Achard	L-PER
le	O
métaphysicien	O
(†	O
1171),	O
Richard	U-PER
le	O
spirituel	O
et	O
le	O
théologien	O
de	O
la	O
Trinité	U-MISC
(†	O
1173),	O
Simon	U-PER
le	O
poète	O
(†	O
apr.	O
1173),	O
Gauthier	U-PER
le	O
censeur	O
(†	O
v.	O
1180),	O
Godefroid	U-MISC
l’humaniste	O
(†	O
apr.	O
1194),	O
Absalon	U-LOC
le	O
prédicateur	O
(†	O
v.	O
1196),	O
Pierre	U-MISC
(†	O
apr.	O
1216)	U-LOC
et	O
Robert	U-PER
(†	O
av.	O
1234)	O
les	O
théologiens	O
de	O
la	O
pénitence,	O
Thomas	B-PER
Gallus	I-PER
(†	I-PER
1246)	L-PER
le	O
commentateur	O
du	O
pseudo-Denys	U-LOC
.	O
Au	O
xiii	O
e	O
siècle,	O
la	O
production	O
littéraire	O
victorine	O
fléchit	O
:	O
l’abbaye	O
semble	O
avoir	O
eu	O
besoin	O
d’un	O
temps	O
nécessaire	O
pour	O
s’adapter	O
aux	O
changements	O
intellectuels	O
que	O
suscitent	O
la	O
naissance	O
de	O
l’Université	O
et	O
l’essor	O
des	O
traductions	O
de	O
l’arabe	O
et	O
du	O
grec.	O
Face	O
à	O
un	O
aristotélisme	O
peu	O
à	O
peu	O
triomphant,	O
Hugues	U-PER
et	O
Richard	U-PER
font	O
alors	O
figure	O
d’autorités	O
traditionnelles.	O
En	O
1237	O
toutefois,	O
la	O
chaire	O
de	O
théologie	O
de	O
Saint-Victor	U-MISC
est	O
rattachée	O
à	O
l’Université	O
de	O
Paris,	U-PER
hommage	O
rendu	O
à	O
la	O
qualité	O
de	O
sa	O
tradition	O
intellectuelle.	O
Au	O
début	O
du	O
xiv	O
e	O
siècle,	O
l’abbé	O
Jean	O
de	O
u	O
.name>	O
(1311-1329)	O
affecte	O
une	O
part	O
des	O
revenus	O
de	O
l’abbaye	O
à	O
l’entretien	O
d’un	O
maître	O
en	O
théologie	O
et	O
de	O
quatre	O
étudiants	O
et	O
organise	O
un	O
centre	O
d’étude	O
(studium)	U-PER
calqué	O
sur	O
celui	O
des	O
dominicains	O
et	O
des	O
augustins.	O
Dans	B-MISC
un	I-MISC
cadre	I-MISC
de	I-MISC
vie	I-MISC
resté	I-MISC
monastique,	L-MISC
les	O
victorins	O
ont	O
alors	O
totalement	O
assimilé	O
la	O
nouvelle	O
culture	O
scolastique.	O
C’est	O
ce	O
qui	O
transparaît	O
dans	O
les	O
Quaestiones	U-LOC
conservées	O
de	O
Gérard	U-PER
et	O
Jean	U-PER
,	O
tandis	O
qu’un	O
autre	O
Jean	U-PER
(†	O
v.	O
1351)	O
plus	O
fameux	O
compose	O
une	O
chronique	O
universelle	O
de	O
la	O
création	O
à	O
l’an	O
1322,	O
sans	O
doute	O
prenant	O
appui	O
sur	O
un	O
travail	O
d’équipe	O
Guyot-Bachy,	U-LOC
2000.	O
.	O
Ainsi	O
récapitulée,	O
l’histoire	O
littéraire	O
de	O
Saint-Victor	U-LOC
peut	O
donner	O
le	O
sentiment	O
d’un	O
déclin,	O
après	O
un	O
xii	O
e	O
siècle	O
singulièrement	O
brillant.	O
Cependant,	O
à	O
Saint-Victor	U-LOC
comme	O
dans	O
toute	O
maison	O
de	O
réguliers,	O
la	O
spéculation,	O
si	O
honorée	O
soit-elle,	O
demeure	O
subordonnée	O
à	O
une	O
destination	O
religieuse.	O
Or	O
le	O
premier	O
siècle	O
est	O
la	O
période	O
des	O
origines,	O
où	O
tout	O
est	O
à	O
fonder	O
:	O
de	O
là	O
les	O
traités	O
profanes	O
et	O
sacrés,	O
les	O
sommes	O
et	O
les	O
aide-mémoire,	O
les	O
programmes	O
d’études	O
comme	O
le	O
Didascalicon	B-MISC
d’	L-MISC
Hugues	B-PER
de	I-PER
Saint-Victor	I-PER
Giard,	L-PER
1991.	O
.	O
Passé	O
les	O
premières	O
générations,	O
une	O
fois	O
construit	O
l’environnement	O
intellectuel	O
nécessaire	O
à	O
leur	O
activité	O
naturelle,	O
les	O
chanoines	O
victorins	O
peuvent	O
se	O
consacrer	O
à	O
celle-ci,	O
c’est-à-dire	O
à	O
la	O
prédication,	O
l’administration	O
des	O
sacrements	O
et	O
la	O
théologie	O
pastorale	O
Poirel,	B-MISC
1998c.	L-MISC
.	O
Bref,	U-LOC
pour	O
comprendre	O
l’école,	O
il	O
faut	O
la	O
réinsérer	O
dans	O
l’abbaye.	O
La	B-MISC
vie	L-MISC
à	O
Saint-Victor	B-ORG
Entrons	L-ORG
dans	O
celle-ci,	O
virtuellement	O
du	O
moins,	O
puisque	O
sous	O
la	O
Révolution	U-MISC
et	O
l’Empire	O
les	O
bâtiments	O
abbatiaux	O
ont	O
été	O
démolis	O
:	O
seules	O
demeurent	O
des	O
arcades	O
encore	O
visibles	O
au	O
4	O
de	O
la	O
rue	B-LOC
Linné	L-LOC
et	O
au	O
6	O
de	O
la	O
rue	O
Cuvier.	U-PER
Il	O
faut	O
donc	O
faire	O
appel	O
à	O
l’imagination	O
–	O
nous	O
sommes	O
bien	O
là	O
dans	O
une	O
tradition	O
victorine	O
–	O
pour	O
reconstituer	O
par	O
l’«	O
œil	O
intérieur	O
»	O
le	O
cadre	O
spatial	O
où	O
se	O
déroulait	O
la	O
journée	O
du	O
chanoine,	O
au	O
milieu	O
d’une	O
communauté	O
hiérarchiquement	O
ordonnée.	O
1.	O
Les	O
lieux	O
Les	O
premières	O
années,	O
Guillaume	B-PER
de	I-PER
Champeaux	L-PER
et	O
ses	O
compagnons	O
durent	O
se	O
contenter	O
d’un	O
oratoire	O
dédié	O
à	O
saint	B-PER
Victor,	L-PER
peut-être	O
aussi	O
d’un	O
bâtiment	O
annexe	O
en	O
guise	O
de	O
logement.	O
Autour	B-MISC
d’eux	I-MISC
des	I-MISC
vignes	I-MISC
séparées	L-MISC
en	O
«	O
clos	O
»	O
et	O
mouillées	O
à	O
leur	O
pied	O
par	O
les	O
eaux	O
marécageuses	O
de	O
la	O
Bièvre	U-LOC
couvrent	O
les	O
pentes	O
de	O
la	O
montagne	B-LOC
Sainte-Geneviève.	I-LOC
Bientôt,	L-LOC
les	O
donations	O
de	O
l’évêque	O
de	O
Paris,	U-PER
puis	O
celle	O
d’	O
Hugues	U-PER
,	O
archidiacre	O
de	O
Halberstadt	U-LOC
,	O
entré	O
dans	O
la	O
nouvelle	O
communauté	O
à	O
la	O
suite	O
d’	O
Hugues	U-PER
,	O
son	O
fameux	O
neveu,	O
enfin	O
les	O
largesses	O
du	O
roi	O
et	O
de	O
la	O
Cour	U-ORG
à	O
partir	O
de	O
1133	O
permettent	O
à	O
l’abbaye	O
de	O
se	O
doter	O
dès	O
le	O
xii	O
e	O
siècle	O
d’un	O
complexe	O
abbatial	O
assez	O
stable	O
jusqu’au	O
début	O
du	O
xvi	O
e	O
siècle	O
Willesme,	U-MISC
1991,	O
p.	O
97-115.	O
.	O
Suivant	O
un	O
plan	O
classique,	O
l’ensemble	O
des	O
bâtiments	O
s’ordonne	O
autour	O
d’un	O
cloître	O
d’environ	O
trente	O
mètres	O
de	O
côté,	O
à	O
plusieurs	O
points	O
de	O
vue	O
le	O
centre	O
véritable	O
de	O
l’abbaye.	O
Lieu	B-MISC
de	I-MISC
passage	L-MISC
entre	O
les	O
divers	O
bâtiments,	O
lieu	O
de	O
transition	O
entre	O
l’architecture	O
et	O
une	O
nature	O
maîtrisée,	O
c’est	O
aussi	O
une	O
sorte	O
de	O
sas	O
entre	O
la	O
parole	O
et	O
le	O
silence,	O
l’étude	O
et	O
la	O
prière,	O
la	O
convivialité	O
et	O
le	O
recueillement.	O
À	O
certaines	O
heures,	O
on	O
s’y	O
rassemble	O
en	O
petits	O
groupes	O
pour	O
répéter	O
les	O
chants	O
de	O
la	O
liturgie,	O
converser	O
sous	O
la	O
direction	O
d’un	O
chanoine	O
plus	O
expérimenté,	O
lire	O
et	O
commenter	O
à	O
quelques-uns	O
le	O
même	O
ouvrage	O
;	O
obligation	O
est	O
alors	O
faite	O
de	O
tenir	O
un	O
livre.	O
Ce	O
cloître	O
est	O
bordé	O
au	O
nord	O
par	O
l’église	O
abbatiale,	O
sur	O
les	O
autres	O
côtés	O
par	O
des	O
bâtiments	O
réservés	O
aux	O
chanoines	O
:	O
le	O
réfectoire	O
où	O
l’on	O
mange	O
en	O
silence,	O
pendant	O
qu’est	O
lu	O
recto	O
tono	O
un	O
texte	O
édifiant	O
ou	O
une	O
homélie	O
;	O
le	O
dortoir	O
où	O
l’on	O
vient	O
se	O
changer	O
entre	O
les	O
activités	O
et	O
dormir	O
sur	O
une	O
couche	O
rudimentaire	O
;	O
la	O
salle	O
du	O
chapitre	O
où	O
la	O
communauté	O
se	O
réunit	O
pour	O
les	O
affaires	O
communes.	O
La	O
bibliothèque	O
a	O
plusieurs	O
fois	O
changé	O
d’emplacement,	O
sans	O
doute	O
pour	O
faire	O
face	O
à	O
la	O
croissance	O
continue	O
du	O
nombre	O
de	O
manuscrits,	O
mais	O
la	O
salle	O
de	O
lecture	O
a	O
longtemps	O
occupé	O
un	O
bâtiment	O
donnant	O
sur	O
le	O
cloître.	O
Selon	O
l’usage,	O
les	O
livres	O
liturgiques	O
sont	O
conservés	O
dans	O
l’église,	O
ceux	O
destinés	O
à	O
la	O
lecture	O
à	O
table	O
sont	O
déposés	O
dans	O
un	O
bâtiment	O
attenant	O
au	O
réfectoire.	O
En	B-MISC
retrait	L-MISC
se	O
tiennent	O
les	O
lieux	O
dévolus	O
à	O
des	O
catégories	O
particulières	O
de	O
membres	O
:	O
noviciat,	O
infirmerie,	O
logement	O
des	O
frères	O
convers,	O
résidence	O
des	O
hôtes.	O
Parmi	O
ces	O
derniers,	O
une	O
place	O
à	O
part	O
est	O
faite	O
aux	O
évêques	O
de	O
Paris	U-LOC
,	O
qui	O
aiment	O
à	O
se	O
retirer	O
à	O
Saint-Victor	U-LOC
:	O
ils	O
y	O
ont	O
leur	O
maison,	O
leur	O
chapelle	O
et	O
même	O
une	O
salle	O
épiscopale.	O
On	O
est	O
mal	O
renseigné	O
sur	O
l’emplacement	O
originel	O
des	O
écoles	O
:	O
école	O
claustrale	O
et	O
école	O
des	O
novices.	O
Toutefois	O
la	O
première,	O
ouverte	O
à	O
des	O
étudiants	O
extérieurs	O
au	O
moins	O
jusqu’au	O
milieu	O
du	O
xii	O
e	O
siècle,	O
devait	O
pour	O
cette	O
raison	O
se	O
trouver	O
à	O
l’écart	O
du	O
cloître	O
et	O
des	O
lieux	O
réservés	O
aux	O
chanoines.	O
2.	O
La	B-MISC
journée	I-MISC
du	I-MISC
victorin	I-MISC
À	I-MISC
cette	I-MISC
répartition	I-MISC
des	I-MISC
lieux	L-MISC
correspond	O
une	O
distribution	O
des	O
temps	O
et	O
des	O
fonctions.	O
Le	O
temps,	O
d’abord,	O
est	O
scandé	O
par	O
la	O
liturgie,	O
fin	O
première	O
de	O
la	O
vocation	O
canoniale.	O
De	O
fait,	O
la	O
journée	O
et	O
même	O
la	O
nuit	O
du	O
victorin	O
sont	O
rythmées	O
par	O
les	O
deux	O
messes	O
(celle	O
des	O
défunts	O
le	O
matin	O
et	O
la	O
grand-messe	O
en	O
milieu	O
de	O
journée)	O
et	O
les	O
huit	O
offices	O
quotidiens	O
:	O
matines,	O
laudes,	O
prime,	O
tierce,	O
sexte,	O
none,	O
vêpres	O
et	O
complies.	O
Dans	B-MISC
les	I-MISC
espaces	I-MISC
de	I-MISC
temps	I-MISC
intermédiaires,	L-MISC
le	O
victorin	O
se	O
consacre	O
le	O
matin	O
au	O
travail	O
manuel,	O
dans	O
les	O
jardins	O
et	O
les	O
ateliers,	O
peut-être	O
aussi	O
dans	O
le	O
scriptorium	O
,	O
local	O
consacré	O
à	O
la	O
copie	O
de	O
manuscrits.	O
Aux	O
temps	O
fixés,	O
il	O
étudie,	O
converse	O
ou	O
médite	O
dans	O
le	O
cloître.	O
À	O
d’autres	O
moments,	O
il	O
rejoint	O
ses	O
confrères	O
dans	O
les	O
lieux	O
assignés	O
:	O
au	O
réfectoire,	O
pour	O
prendre	O
un	O
petit	O
déjeuner	O
vers	O
neuf	O
heures	O
et	O
un	O
déjeuner	O
après	O
la	O
grand-messe	O
;	O
dans	O
la	O
salle	O
du	O
chapitre,	O
pour	O
se	O
voir	O
attribuer	O
les	O
tâches	O
de	O
la	O
vie	O
commune,	O
pour	O
régler	O
de	O
façon	O
ritualisée	O
et	O
sous	O
l’autorité	O
de	O
l’abbé	O
les	O
litiges	O
et	O
les	O
manquements	O
à	O
la	O
règle	O
commune,	O
pour	O
entendre	O
lectures	O
et	O
prédications	O
et	O
pour	O
se	O
souvenir	O
des	O
défunts	O
;	O
enfin	O
au	O
dortoir,	O
pour	O
se	O
changer,	O
faire	O
la	O
sieste	O
en	O
été,	O
dormir	O
après	O
vêpres	O
d’un	O
sommeil	O
coupé	O
par	O
matines	O
et	O
laudes.	O
Miniature	U-LOC
extraite	O
du	O
manuscrit	O
De	B-MISC
vanitate	I-MISC
mundi	L-MISC
de	O
Hugues	B-PER
de	I-PER
Saint-Victor,	L-PER
fol.	O
230r,	O
xii	O
e	O
siècle.	O
3.	O
Les	O
fonctions	O
dans	O
l’abbaye	O
D’un	O
temps	O
à	O
l’autre,	O
d’un	O
lieu	O
à	O
l’autre,	O
la	O
communauté	O
se	O
déplace	O
en	O
procession,	O
ostension	O
dynamique	O
de	O
son	O
unité	O
et	O
de	O
sa	O
hiérarchie.	O
L’abbaye	O
est	O
en	O
effet	O
un	O
monde	O
stratifié,	O
où	O
les	O
différences	O
de	O
statuts	O
et	O
de	O
fonctions	O
se	O
marquent	O
par	O
le	O
rang	O
et	O
l’habit	O
Jocqué,	U-MISC
1991,	O
p.	O
53-95.	O
.	O
Les	O
chanoines	O
eux-mêmes,	O
vêtus	O
d’un	O
surplis	O
blanc	O
recouvert	O
d’une	O
chape	O
noire	O
à	O
capuche,	O
se	O
distinguent	O
du	O
premier	O
coup	O
d’œil	O
des	O
frères	O
convers	O
vêtus	O
de	O
gris.	O
Remplissant	O
des	O
fonctions	O
subalternes,	O
ces	O
religieux	O
laïcs,	O
parfois	O
de	O
haute	O
naissance,	O
ont	O
un	O
dortoir	O
et	O
un	O
réfectoire	O
séparés	O
et	O
communient	O
à	O
part.	O
Certains	O
chanoines	O
sont	O
d’ordinaire	O
absents	O
:	O
affectés	O
par	O
petits	O
groupes	O
à	O
des	O
prieurés	O
extérieurs	O
dépendant	O
de	O
l’abbaye,	O
ces	O
«	O
obédientiels	O
»	O
s’y	O
consacrent	O
au	O
service	O
liturgique	O
et	O
paroissial,	O
parfois	O
à	O
la	O
gestion	O
de	O
domaines	O
assurant	O
les	O
revenus	O
de	O
l’abbaye	O
parisienne.	O
La	O
responsabilité	O
de	O
la	O
communauté	O
est	O
assurée	O
par	O
des	O
officiers	O
claustraux	O
:	O
abbé,	O
prieur	O
et	O
sous-prieur,	O
assistés	O
du	O
chambrier	O
et	O
du	O
sous-chambrier	O
pour	O
la	O
gestion	O
du	O
patrimoine.	B-PER
L’abbé	L-PER
est	O
librement	O
élu	O
par	O
un	O
collège	O
restreint	O
d’anciens,	O
qui	O
le	O
conseille	O
en	O
cas	O
de	O
décisions	O
importantes.	O
D’autres	O
officiers	O
ont	O
la	O
charge	O
du	O
ravitaillement,	O
de	O
l’habillement,	U-LOC
de	O
l’infirmerie,	O
des	O
relations	O
avec	O
l’extérieur	O
–	O
aumônes	O
aux	O
pauvres,	O
accueil	O
des	O
étrangers	O
ou	O
service	O
des	O
hôtes	O
–	O
et	O
de	O
la	O
bibliothèque.	O
Celle-ci	O
est	O
administrée	O
par	O
un	O
armarius,	O
qui	O
est	O
également	O
chantre,	O
archiviste	O
et	O
directeur	O
du	O
scriptorium	O
.	O
Il	O
est	O
donc	O
le	O
maître	O
de	O
chant	O
et	O
des	O
cérémonies	O
en	O
même	O
temps	O
que	O
le	O
gardien	O
de	O
l’écrit.	O
C’est	O
lui	O
qui	O
contrôle	O
la	O
communication	O
des	O
manuscrits,	O
à	O
l’extérieur	O
comme	O
à	O
l’intérieur	O
de	O
l’abbaye,	U-PER
et	O
veille	O
à	O
leur	O
bonne	O
conservation	O
et	O
à	O
leur	O
copie,	O
soumise	O
à	O
l’autorisation	O
de	O
l’abbé.	O
L’	U-LOC
armarius	O
n’a	O
guère	O
d’initiative	O
dans	O
l’exercice	O
de	O
sa	O
charge	O
:	O
il	O
suit	O
les	O
règles	O
internes	O
de	O
l’abbaye	O
et	O
se	O
soumet	O
pour	O
le	O
reste	O
aux	O
consignes	O
particulières	O
de	O
l’abbé.	O
À	O
ces	O
fonctions	O
il	O
faut	O
ajouter	O
celle	O
de	O
maître,	O
curieusement	O
absente	O
du	O
coutumier	O
victorin	O
qui	O
ne	O
connaît	O
qu’un	O
maître	O
des	O
novices	O
:	O
sans	O
doute	O
parce	O
qu’elle	O
était	O
une	O
particularité	O
de	O
l’abbaye	O
mère.	O
On	O
est	O
mal	O
renseigné	O
sur	O
ce	O
rôle	O
de	O
maître,	O
successivement	O
exercé	O
par	O
Guillaume	B-PER
de	I-PER
Champeaux	L-PER
(jusqu’en	O
1113),	O
Hugues	U-PER
(jusqu’à	O
sa	O
mort	O
en	O
1141)	U-MISC
puis	O
sans	O
doute	O
André	U-MISC
,	O
Achard	U-PER
,	O
Richard	U-PER
et	O
bien	O
d’autres	O
comme	O
Thomas	B-PER
Gallus	L-PER
ou	O
Gérard	U-PER
:	O
la	O
liste	O
précise	O
reste	O
à	O
établir.	O
En	O
dehors	O
d’	O
Hugues	U-PER
,	O
qui	O
paraît	O
avoir	O
été	O
peu	O
mêlé	O
au	O
fonctionnement	O
général	O
de	O
l’abbaye,	O
la	O
plupart	O
des	O
autres	O
maîtres	O
ne	O
tardent	O
pas	O
à	O
occuper	O
des	O
fonctions	O
de	O
prieur	O
ou	O
d’abbé,	O
à	O
Saint-Victor	U-LOC
ou	O
dans	O
d’autres	O
établissements	O
affiliés.	O
Outre	O
le	O
monde	O
des	O
écoles,	O
l’aristocratie	O
semble	O
avoir	O
spécialement	O
alimenté	O
la	O
communauté	O
victorine	O
:	O
le	O
coutumier	O
recommande	O
de	O
ne	O
regarder	O
ni	O
à	O
la	O
naissance	O
ni	O
aux	O
richesses,	O
mais	O
avant	O
tout	O
aux	O
bonnes	O
mœurs,	O
tout	O
spécialement	O
à	O
la	O
douceur	O
et	O
à	O
la	O
docilité.	O
Pendant	O
un	O
mois	O
au	O
minimum,	O
les	O
aspirants	O
à	O
la	O
vie	O
canoniale	O
sont	O
coupés	O
du	O
monde	O
extérieur	O
et	O
confiés	O
au	O
maître	O
des	O
novices.	O
À	O
son	O
école,	O
ils	O
apprennent	O
tout	O
ce	O
qui	O
leur	O
permettra	O
de	O
s’intégrer	O
harmonieusement	O
à	O
la	O
vie	O
conventuelle	O
:	O
mémorisation	O
et	O
chant	O
des	O
Psaumes,	O
assimilation	O
des	O
rites	O
liturgiques,	O
des	O
coutumes	O
de	O
l’abbaye	O
et	O
du	O
langage	O
des	O
signes	O
pour	O
les	O
temps	O
de	O
silence,	O
pratique	O
des	O
vertus,	O
discipline	O
de	O
l’habillement,	O
de	O
la	O
parole,	O
des	O
gestes	O
et	O
du	O
comportement	O
dans	O
les	O
diverses	O
circonstances	O
de	O
la	O
vie	O
claustrale,	O
par	O
exemple	O
quand	O
se	O
lever	O
et	O
quand	O
s’asseoir,	U-MISC
comment	O
se	O
comporter	O
à	O
telle	O
heure	O
ou	O
dans	O
tel	O
lieu,	O
quand	O
se	O
taire	O
et	O
quand	O
parler,	O
comment	O
s’adresser	O
aux	O
divers	O
membres	O
de	O
la	O
communauté.	O
Lorsque	U-LOC
prend	O
fin	O
le	O
temps	O
de	O
probation,	O
ils	O
sont	O
jugés	O
dignes	O
d’être	O
agrégés	O
et	O
font	O
solennellement	O
profession	O
au	O
cours	O
d’une	O
messe.	O
Dans	O
son	O
traité	O
Sur	B-MISC
la	I-MISC
formation	I-MISC
des	I-MISC
novices,	L-MISC
Hugues	B-PER
de	I-PER
Saint-Victor	L-PER
a	O
marqué	O
l’importance	O
qu’il	O
attache	O
à	O
l’harmonie	O
du	O
comportement	O
extérieur	O
et	O
des	O
relations	O
humaines	O
Feiss	U-LOC
et	O
al.,	O
1997,	O
p.	O
7-114.	O
.	O
La	O
juste	O
mesure	O
dans	O
l’habillement,	B-MISC
le	I-MISC
geste,	I-MISC
la	I-MISC
parole	I-MISC
et	I-MISC
la	I-MISC
façon	I-MISC
de	I-MISC
manger	L-MISC
ne	O
reflète	O
pas	O
seulement	O
les	O
dispositions	O
intérieures	O
du	O
novice,	O
d’une	O
certaine	O
façon	O
elle	O
les	O
éduque	O
et	O
les	O
façonne.	O
Le	B-MISC
plus	I-MISC
petit	I-MISC
geste	L-MISC
a	O
des	O
répercussions	O
esthétiques,	O
éthiques,	O
politiques	O
et	O
spirituelles	O
:	O
équilibré,	O
il	O
produit	O
de	O
la	O
beauté,	O
traduit	O
et	O
renforce	O
la	O
maîtrise	O
de	O
soi,	O
affermit	O
la	O
concorde	O
entre	O
frères	O
et	O
rapproche	O
l’homme	O
de	O
Dieu.	B-MISC
Lieu	L-MISC
de	O
sociabilité,	O
l’abbaye	O
de	O
Saint-Victor	U-LOC
enseigne	O
les	O
bonnes	O
manières	O
comme	O
moyen	O
de	O
parfaire	O
les	O
bonnes	O
mœurs	O
Schmitt,	U-PER
1990,	O
passim.	O
.	O
La	O
communauté	O
de	O
réception	O
Comme	O
ce	O
traité	O
Sur	B-MISC
la	I-MISC
formation	I-MISC
des	I-MISC
novices,	L-MISC
pour	O
lequel	O
on	O
compte	O
près	O
de	O
deux	O
cents	O
manuscrits	O
conservés	O
dans	O
les	O
bibliothèques	O
publiques	O
européennes,	O
l’enseignement	O
victorin	O
touche	O
des	O
milieux	O
divers,	O
qui	O
composent	O
des	O
cercles	O
plus	O
ou	O
moins	O
concentriques.	O
En	O
premier	O
lieu	O
viennent	O
naturellement	O
les	O
chanoines	O
victorins,	O
dont	O
les	O
effectifs	O
semblent	O
avoir	O
oscillé	O
autour	O
d’une	O
cinquantaine.	O
À	O
ces	O
membres	O
résidents	O
de	O
l’abbaye	O
parisienne	O
il	O
faut	O
ajouter	O
les	O
obédienciers,	O
qui	O
revenaient	O
régulièrement	O
à	O
Saint-Victor	U-LOC
pour	O
les	O
besoins	O
de	O
leur	O
charge,	O
mais	O
aussi	O
pour	O
se	O
retremper	O
dans	O
le	O
climat	O
intellectuel	O
et	O
spirituel	O
de	O
la	O
maison	O
mère.	O
Par	O
leur	O
intermédiaire,	O
l’enseignement	O
du	O
maître	O
sort	O
des	O
bâtiments	O
claustraux	O
et	O
se	O
diffuse	O
à	O
travers	O
paroisses	O
et	O
prieurés,	O
jusqu’à	O
toucher	O
des	O
auditeurs	O
laïcs.	O
Au-delà	B-MISC
de	I-MISC
ce	I-MISC
réseau,	I-MISC
surtout	I-MISC
implanté	I-MISC
dans	I-MISC
le	I-MISC
bassin	I-MISC
de	I-MISC
la	L-MISC
Seine,	U-LOC
il	O
existe,	O
principalement	O
au	O
xiii	O
e	O
siècle,	O
une	O
fédération	O
internationale	O
de	O
Saint-Victor,	U-PER
qui	O
compte	O
jusqu’à	U-PER
quarante	O
abbayes	O
sous	O
Louis	B-PER
VIII	L-PER
.	O
En	O
France	U-LOC
,	O
en	O
Normandie	U-LOC
,	O
en	O
Angleterre	U-LOC
,	O
en	O
Italie	U-LOC
,	O
en	O
Allemagne	U-LOC
et	O
jusqu’en	O
Scandinavie,	B-ORG
des	I-ORG
abbayes	L-ORG
de	O
chanoines	O
reçoivent	O
un	O
victorin	O
pour	O
abbé	O
et	O
entrent	O
dans	O
la	O
mouvance	O
de	O
celle	O
de	O
Paris	U-LOC
.	O
Le	O
coutumier	O
décrit	O
à	O
leur	O
intention	O
les	O
usages	O
en	O
vigueur	O
dans	O
la	O
communauté	O
parisienne.	O
Les	O
liens	O
entre	O
ces	O
différentes	O
abbayes	O
qui	O
ne	O
furent	O
jamais	O
très	O
stricts	O
se	O
distendent	O
même	O
et	O
cessent	O
au	O
xiv	O
e	O
siècle.	O
Toutefois,	U-LOC
cette	O
fédération	O
servit	O
la	O
diffusion,	O
dans	O
une	O
large	O
partie	O
de	O
l’Europe	O
occidentale,	O
des	O
valeurs	O
intellectuelles	O
et	O
spirituelles	O
de	O
l’abbaye	O
mère.	O
Diverses	O
solidarités,	O
religieuses,	O
politiques	O
et	O
idéologiques,	O
élargissent	O
encore	O
la	O
sphère	O
d’influence	O
des	O
maîtres	O
victorins.	O
Fer	U-PER
de	O
lance	O
de	O
la	B-MISC
Réforme	L-MISC
grégorienne	O
dans	O
le	O
monde	O
canonial,	O
Saint-Victor	U-LOC
est	O
à	O
ce	O
titre	O
l’alliée	O
des	O
nouveaux	O
ordres	O
monastiques,	O
cisterciens,	O
chartreux,	O
prémontrés,	O
voire	O
clunisiens	O
réformés.	O
Ces	O
liens	O
favorisent	O
les	O
échanges	O
de	O
manuscrits,	O
de	O
textes,	O
de	O
lettres,	O
comme	O
entre	O
Hugues	B-PER
de	I-PER
Saint-Victor	L-PER
et	O
Bernard	B-PER
de	I-PER
Clairvaux	L-PER
.	O
En	O
dehors	O
de	O
l’Église,	O
l’abbaye	O
parisienne	O
trouve	O
un	O
solide	O
appui	O
auprès	O
du	O
roi	O
et	O
des	O
grands.	O
Fondation	O
royale,	O
dotée	O
dès	O
l’origine	O
par	O
Louis	B-PER
VI	L-PER
,	O
Saint-Victor	U-LOC
bénéficie	O
plus	O
encore	O
des	O
largesses	O
de	O
ce	O
roi	O
et	O
des	O
princes	O
après	O
l’assassinat	O
du	O
prieur	O
Thomas	U-PER
en	O
1133,	O
martyr	O
de	O
la	B-MISC
Réforme	L-MISC
en	O
Île-de-France.	O
Son	O
abbé	B-PER
Gilduin	L-PER
devient	O
un	O
familier	O
du	O
roi	O
Louis	B-PER
VI	L-PER
,	O
et	O
plusieurs	O
victorins	O
entrent	O
au	O
service	O
de	O
la	O
chancellerie	O
royale.	O
Jusque	U-PER
sous	O
Philippe	B-PER
le	I-PER
Bel	L-PER
(†	O
1314)	O
au	O
moins,	O
le	O
prestige	O
moral	O
de	O
l’abbaye	O
est	O
considérable.	O
Ces	O
réseaux	O
de	O
communautés	O
affiliées	O
ou	O
alliées	O
et	O
d’appuis	O
ecclésiastiques	O
ou	O
laïcs	O
renforcent	O
le	O
rayonnement	O
intellectuel	O
de	O
l’abbaye	O
parisienne,	O
qui	O
s’exerce	O
d’abord	O
à	O
travers	O
l’enseignement	O
oral	O
et	O
écrit	O
de	O
ses	O
maîtres.	O
Au	O
xii	O
e	O
siècle,	O
l’école	O
est	O
ouverte	O
à	O
des	O
étudiants	O
extérieurs	O
à	O
l’abbaye.	O
Divers	B-ORG
témoignages	L-ORG
confirment	O
l’attraction	O
que	O
l’école	O
de	O
Saint-Victor	U-LOC
exerce	O
sur	O
les	O
étudiants	O
français	O
et	O
étrangers.	O
À	B-MISC
la	I-MISC
fin	I-MISC
du	I-MISC
xii	I-MISC
e	I-MISC
siècle	I-MISC
ou	I-MISC
au	I-MISC
début	I-MISC
du	I-MISC
xiii	I-MISC
e	I-MISC
siècle,	I-MISC
l’école	L-MISC
se	O
ferme	O
peu	O
à	O
peu	O
pour	O
devenir	O
une	O
école	O
interne,	O
sans	O
doute	O
en	O
réaction	O
contre	O
l’urbanisation	O
de	O
la	O
montagne	B-LOC
Sainte-Geneviève	L-LOC
et	O
l’augmentation	O
rapide	O
du	O
nombre	O
des	O
étudiants	O
à	O
Paris	U-LOC
.	O
Cette	O
fermeture	O
ne	O
coupe	O
cependant	O
pas	O
l’abbaye	O
parisienne	O
du	O
monde	O
universitaire,	O
puisque	O
au	O
xiii	O
e	O
siècle	O
elle	O
se	O
voit	O
confier	O
la	O
pastorale	O
pénitentielle	O
des	O
étudiants	O
parisiens.	O
Au	O
nom	O
de	O
l’abbé	B-PER
de	I-PER
Saint-Victor,	L-PER
un	O
chanoine	O
reçoit	O
alors	O
la	O
fonction	O
de	O
«	O
pénitencier	O
».	U-ORG
À	O
défaut	O
d’être	O
restée	O
le	O
lieu	O
par	O
excellence	O
de	O
tous	O
les	O
savoirs,	O
l’abbaye	O
demeure	O
un	O
lieu	O
privilégié	O
où	O
les	O
savoirs	O
sont	O
ordonnés	O
en	O
une	O
sagesse	O
chrétienne,	O
intégrant	O
une	O
éthique	O
et	O
une	O
spiritualité	O
de	O
la	O
connaissance	O
Longère,	U-PER
1991,	O
p.	O
291-313.	O
.	O
Par	O
l’écrit	O
plus	O
encore,	O
les	O
maîtres	O
de	O
Saint-Victor	U-MISC
prennent	O
part	O
aux	O
débats	O
de	O
leur	O
temps,	O
répondent	O
à	O
des	O
consultations	O
sur	O
la	O
doctrine	O
chrétienne,	O
discutent	O
avec	O
les	O
théologiens	O
d’alors	O
Ott,	O
1935.	O
,	O
s’expriment	O
sur	O
des	O
questions	O
d’actualité	O
:	O
ainsi	O
Hugues	U-PER
écrit-il	O
à	O
l’archevêque	O
de	O
Séville	U-LOC
pour	O
blâmer	O
un	O
reniement	O
tactique	O
devant	O
les	O
Sarrasins.	U-PER
De	O
même	O
Richard	U-PER
reproche	O
à	O
Robert	B-PER
de	I-PER
Melun	L-PER
,	O
théologien	O
devenu	O
évêque,	O
sa	O
tiédeur	O
dans	O
le	O
conflit	O
entre	O
Thomas	B-PER
Becket	L-PER
et	O
le	O
roi	O
d’	O
Angleterre	U-LOC
.	O
À	O
la	O
reconnaissance	O
d’une	O
compétence	O
particulière	O
en	O
matière	O
intellectuelle	O
se	O
joint	O
une	O
solide	O
autorité	O
morale,	O
qui	O
fonde	O
les	O
maîtres	O
victorins	O
à	O
faire	O
la	O
leçon	O
à	O
des	O
prélats.	O
Au-delà	O
de	O
leurs	O
destinataires	O
immédiats,	O
les	O
écrits	O
d’	O
Hugues	U-PER
et	O
de	O
Richard	U-PER
jouissent	O
très	O
tôt	O
d’une	O
vaste	O
diffusion,	O
en	O
raison	O
certes	O
de	O
leur	O
valeur	O
propre,	O
mais	O
grâce	O
aussi	O
à	O
une	O
politique	O
volontariste	O
de	O
l’abbaye.	O
Ainsi	O
à	O
la	O
mort	O
d’	O
Hugues	U-PER
en	O
1141,	O
Gilduin	U-PER
a	O
organisé	O
une	O
sorte	O
d’édition	O
des	O
Opera	B-ORG
omnia	L-ORG
de	O
son	O
fameux	O
confrère,	O
dont	O
les	O
écrits	O
sont	O
rassemblés,	O
retranscrits	O
au	O
propre,	O
sans	O
doute	O
en	O
deux	O
exemplaires,	O
puis	O
largement	O
copiés	O
sur	O
place,	O
cahier	O
par	O
cahier	O
pour	O
accélérer	O
le	O
travail	O
de	O
copie	O
Poirel,	B-MISC
2002,	L-MISC
p.	O
27-86.	O
.	O
En	O
France	U-LOC
,	O
en	O
Angleterre	U-LOC
,	O
en	O
Allemagne	U-LOC
,	O
divers	O
établissements	O
se	O
soucient	O
d’obtenir	O
un	O
corpus	O
complet	O
des	O
ouvrages	O
du	O
victorin.	O
À	O
leur	O
tour,	O
ils	O
se	O
font	O
le	O
relais	O
de	O
son	O
influence	O
auprès	O
des	O
établissements	O
voisins.	O
Humanisme	U-PER
encyclopédique	O
et	O
sagesse	O
chrétienne	O
Prédication	U-MISC
interne	O
et	O
externe,	O
réforme	O
d’autres	O
établissements,	O
enseignement,	O
rédaction	O
et	O
copie	O
massive	O
d’ouvrages,	O
correspondance,	O
pastorale	O
des	O
étudiants	O
:	O
par	O
tous	O
ces	O
moyens,	O
l’abbaye	O
de	O
Saint-Victor	U-LOC
diffuse	O
de	O
proche	O
en	O
proche	O
à	O
travers	O
toute	O
l’Europe	O
son	O
programme	O
éducatif.	O
En	O
quoi	O
celui-ci	O
consiste-t-il	O
?	O
Quels	O
savoirs	O
sont-ils	O
enseignés,	O
propagés	O
ou	O
encouragés	O
à	O
Saint-Victor	U-LOC
?	O
À	O
lire	O
Hugues	U-PER
,	O
la	O
réponse	O
tient	O
en	O
un	O
mot	O
:	O
tous.	O
Tous	O
les	O
savoirs,	O
y	O
compris	O
les	O
arts	O
mécaniques,	O
ont	O
leur	O
place	O
dans	O
le	O
modèle	O
de	O
sagesse	O
chrétienne	O
que	O
décrit	O
le	O
Didascalicon	B-ORG
Giard,	L-ORG
1991,	O
p.	O
253-269.	O
.	O
Cette	O
tendance	O
à	O
l’exhaustivité	O
se	O
reflète	O
dans	O
un	O
tableau	O
des	O
arts	O
et	O
disciplines	O
profanes	O
:	O
Cette	O
curiosité	O
universelle	O
n’aurait	O
aucun	O
sens	O
sans	O
les	O
livres	O
nécessaires	O
pour	O
la	O
satisfaire.	O
Dès	B-MISC
le	I-MISC
xii	I-MISC
e	I-MISC
siècle,	I-MISC
l’abbaye	I-MISC
put	I-MISC
s’enorgueillir	I-MISC
d’une	I-MISC
riche	I-MISC
bibliothèque,	L-MISC
qui	O
ne	O
cessa	O
de	O
croître	O
au	O
Moyen	U-LOC
Âge,	O
jusqu’à	O
sembler	O
à	O
Rabelais	U-PER
le	O
type	O
même	O
de	O
la	O
collection	O
burlesquement	O
universelle.	O
Les	O
manuscrits	O
et	O
les	O
premiers	O
inventaires	O
conservés	O
attestent	O
qu’elle	O
eut	O
très	O
tôt	O
une	O
orientation	O
généraliste,	O
ainsi	O
qu’un	O
plan	O
de	O
classement	O
sans	O
doute	O
inspiré	O
du	O
Didascalicon.	U-LOC
Les	O
lectures	O
encouragées	O
demeurent	O
cependant	O
la	O
Bible,	U-ORG
ses	O
principaux	O
commentateurs,	O
Pères	B-LOC
de	I-LOC
l’Église	I-LOC
notamment,	I-LOC
les	I-LOC
passionnaires	L-LOC
ou	O
recueils	O
de	O
Vies	B-MISC
de	I-MISC
saints,	I-MISC
les	I-MISC
Vies	I-MISC
des	I-MISC
Pères	L-MISC
et	O
les	O
homéliaires,	O
tous	O
ouvrages	O
destinés	O
au	O
progrès	O
spirituel	O
et	O
moral	O
ou	O
à	O
la	O
prédication	O
:	O
ces	O
livres	O
«	O
communs	O
»	O
ou	O
«	O
quotidiens	O
»	O
sont	O
laissés	O
à	O
la	O
libre	O
disposition	O
des	O
religieux.	O
Les	O
autres	O
sont	O
communiqués	O
sur	O
demande.	O
La	O
culture	O
victorine	O
a	O
donc	O
pour	O
centre	O
de	O
gravité	O
les	O
études	O
bibliques	O
et	O
pour	O
fin	O
le	O
progrès	O
indissolublement	O
intellectuel,	O
spirituel	O
et	O
moral	O
du	O
chanoine.	O
On	O
comprend	O
qu’une	O
forme	O
littéraire	O
privilégiée	O
soit	O
le	O
commentaire	O
biblique,	O
qui	O
peut	O
être	O
mené	O
selon	O
les	O
sens	O
historique,	O
allégorique	O
et	O
tropologique.	O
Par	O
le	O
premier,	O
les	O
maîtres	O
de	O
Saint-Victor	U-MISC
ont	O
donné	O
un	O
essor	O
majeur	O
aux	O
sciences	O
bibliques,	O
de	O
la	O
grammaire	O
à	O
l’histoire	O
en	O
passant	O
par	O
la	O
philologie	O
et	O
le	O
recours	O
aux	O
exégèses	O
rabbiniques	O
Dahan,	O
1999	O
;	O
Smalley,	U-LOC
1983.	O
.	O
Les	O
travaux	O
sur	O
le	O
sens	O
allégorique	O
–	U-ORG
qui	O
montre	O
en	O
quoi	O
le	O
mystère	O
du	O
Christ	U-PER
est	O
au	O
centre	O
des	O
Écritures	U-MISC
–	O
débouchent	O
sur	O
la	O
théologie	O
spéculative,	O
trinitaire	O
spécialement.	O
Enfin,	U-MISC
la	O
lecture	O
tropologique	O
de	O
l’Ancien	O
et	O
du	O
Nouveau	B-MISC
Testament	L-MISC
se	O
déploie	O
en	O
une	O
abondante	O
littérature	O
spirituelle.	O
La	O
reprise	O
d’un	O
même	O
thème	O
d’une	O
œuvre	O
à	O
une	O
autre	O
montre	O
comment	O
l’assimilation	O
quotidienne	O
des	O
Écritures	U-MISC
féconde	O
la	O
science	O
victorine.	O
D’abord,	U-LOC
celle-ci	O
s’épanche	O
dans	O
la	O
sentence	O
brève,	O
sorte	O
de	O
méditation	O
libre,	O
le	O
plus	O
souvent	O
inspirée	O
par	O
la	O
rumination	O
d’un	O
verset.	O
À	O
partir	O
de	O
là,	O
elle	O
se	O
construit	O
dans	O
la	O
discussion	O
–	O
une	O
part	O
non	O
négligeable	O
de	O
la	O
production	O
victorine	O
prend	O
son	O
origine	O
dans	O
le	O
dialogue	O
–	O
ou	O
dans	O
l’enseignement	O
oral,	O
dont	O
on	O
conserve	O
quelques	O
mises	O
par	O
écrit,	O
éventuellement	O
révisées	O
par	O
le	O
maître,	O
ou	O
encore	O
dans	O
la	O
forme	O
du	O
commentaire.	O
Si	O
telle	O
question	O
mérite	O
d’être	O
traitée	O
pour	O
elle-même,	O
par	O
exemple	O
pour	O
répondre	O
à	O
une	O
consultation,	O
elle	O
fait	O
l’objet	O
d’un	O
traité.	O
Lorsqu’elle	U-LOC
offre	O
des	O
prolongements	O
propices	O
à	O
l’édification	O
morale	O
et	O
spirituelle,	O
elle	O
peut	O
donner	O
lieu	O
à	O
un	O
sermon.	O
Enfin,	B-MISC
Hugues	L-MISC
et	O
Richard	U-PER
surtout	O
ont	O
tenté	O
de	O
ramasser	O
l’ensemble	O
de	O
la	O
foi	O
chrétienne	O
en	O
un	O
abrégé	O
synthétique,	O
articulant	O
entre	O
elles	O
les	O
différentes	O
affirmations	O
de	O
la	O
doctrine	O
:	O
le	O
De	B-ORG
sacramentis	I-ORG
hugonien	L-ORG
est	O
ainsi	O
le	O
premier	O
exemple	O
d’une	O
longue	O
série	O
de	O
sommes	O
de	O
théologie	O
médiévales.	O
«	O
Hugues	B-PER
de	I-PER
Saint-Victor	L-PER
enseignant	O
à	O
ses	O
élèves	O
»,	U-LOC
miniature	O
extraite	O
du	O
manuscrit	O
Laud	B-MISC
Misc.	L-MISC
409,	O
fol.	O
3v,	O
vers	O
1250,	O
Oxford,	O
Bodleian	O
Library.	O
L’«	O
esprit	O
»	O
victorin	O
L’attitude	U-PER
profonde	O
qui	O
sous-tend	O
et	O
réunit	O
la	O
vie	O
de	O
la	O
communauté	O
et	O
l’orientation	O
générale	O
de	O
son	O
activité	O
intellectuelle	O
définissent	O
l’«	U-ORG
esprit	O
»	O
victorin.	O
Assurément,	U-LOC
l’abbaye	O
de	O
Saint-Victor	U-LOC
n’est	O
pas	O
la	O
seule	O
communauté	O
canoniale,	O
elle	O
n’est	O
pas	O
non	O
plus	O
le	O
seul	O
lieu	O
où	O
s’acquiert	O
une	O
science	O
aussi	O
complète	O
que	O
possible.	O
Ce	O
qui	O
en	O
revanche	O
fait	O
l’originalité	O
du	O
projet	O
victorin,	O
c’est	U-MISC
la	O
façon	O
singulière	O
dont	O
un	O
mode	O
de	O
vie	O
et	O
un	O
modèle	O
du	O
savoir	O
s’articulent	O
et	O
se	O
fécondent	O
mutuellement.	O
Une	O
science	O
canoniale	O
Par	O
leur	O
statut,	O
les	O
victorins	O
sont	O
avant	O
tout	O
des	O
hommes	O
d’Église,	O
dédiés	O
à	O
la	O
célébration	O
des	O
sacrements	O
chrétiens,	O
à	O
la	O
prière	O
liturgique	O
et	O
à	O
l’encadrement	O
pastoral	O
et	O
doctrinal	O
des	O
fidèles.	O
Cela	O
informe	O
en	O
profondeur	O
l’enseignement	O
qu’ils	O
dispensent	O
:	O
ces	O
lointains	O
héritiers	O
de	O
la	O
Renaissance	O
carolingienne	O
sont	O
en	O
effet	O
convaincus	O
que	O
la	O
réforme	O
de	O
l’Église	O
et	O
de	O
la	O
société	O
passe	O
par	O
le	O
savoir	O
;	O
bien	O
plus,	O
qu’elle	O
demande	O
des	O
clercs	O
exemplaires	O
non	O
seulement	O
par	O
la	O
vertu	O
mais	O
encore	O
par	O
la	O
science,	O
celle-ci	O
étant	O
le	O
moyen	O
de	O
consolider,	O
d’étendre	O
et	O
de	O
faire	O
rayonner	O
celle-là.	O
Pleinement	O
clercs,	O
ils	O
le	O
sont	O
donc	O
au	O
double	O
sens	O
de	O
prêtres	O
et	O
de	O
savants.	O
Œuvrant	O
non	O
seulement	O
à	O
leur	O
propre	O
salut,	O
mais	O
à	O
celui	O
des	O
autres	O
fidèles,	O
ils	O
ont	O
pour	O
mission	O
d’«	O
enseigner	O
par	O
la	O
parole	O
et	O
par	O
l’exemple	B-MISC
Bynum,	L-MISC
1982,	O
p.	O
22-58.	O
».	U-PER
La	O
science	O
leur	O
est	O
donc	O
nécessaire	O
à	O
un	O
double	O
titre	O
:	O
pour	O
enseigner	O
une	O
doctrine	O
droite,	O
mais	O
aussi	O
pour	O
s’attirer	O
l’estime	O
et	O
la	O
confiance	O
de	O
leurs	O
auditeurs.	O
Au	O
prestige	O
du	O
sacerdoce	O
et	O
au	O
respect	O
qu’inspire	O
la	O
vie	O
régulière,	O
ils	O
s’efforcent,	O
pour	O
mieux	O
édifier,	O
d’ajouter	O
l’autorité	O
du	O
savoir.	O
En	B-MISC
retour,	I-MISC
cette	I-MISC
conscience	I-MISC
canoniale	L-MISC
informe	O
leur	O
conception	O
du	O
savoir.	O
Par	O
exemple,	O
si,	O
d’	O
Hugues	U-PER
à	O
Jean	B-PER
de	I-PER
Saint-Victor	L-PER
,	O
l’histoire	O
occupe	O
une	O
place	O
dominante	O
dans	O
la	O
production	O
littéraire,	O
dans	O
la	O
pratique	O
de	O
l’exégèse	O
et	O
même	O
dans	O
la	O
spéculation	O
théologique,	O
c’est	U-MISC
probablement	O
parce	O
que	O
les	O
écrivains	O
victorins	O
se	O
sentent	O
les	O
héritiers	O
d’une	O
longue	O
tradition	O
de	O
prêtres	O
et	O
de	O
docteurs.	O
Tandis	U-LOC
qu’un	O
Pierre	B-PER
Abélard	L-PER
applique	O
sa	O
virtuosité	O
dialectique	O
à	O
accorder	O
entre	O
eux	O
les	O
sens	O
d’énoncés	O
bibliques,	O
conciliaires	O
et	O
patristiques,	O
presque	O
traités	O
comme	O
des	O
sentences	O
intemporelles,	O
les	O
victorins	O
se	O
démarquent	O
par	O
la	O
relation	O
de	O
familiarité	O
qu’ils	O
entretiennent	O
avec	O
leurs	O
devanciers	O
les	O
Pères	U-MISC
de	O
l’Église,	O
les	O
connaissant	O
intimement	O
mais	O
les	O
citant	O
peu,	O
comme	O
s’ils	U-PER
étaient	O
de	O
plain-pied	O
avec	O
eux.	O
Étant	B-MISC
non	I-MISC
leurs	I-MISC
serviteurs,	L-MISC
mais	O
leurs	O
fils,	O
ils	O
les	O
expliquent	O
moins	O
qu’ils	O
ne	O
les	O
continuent.	O
Ils	O
s’appuient	O
moins	O
sur	O
des	O
«	O
autorités	O
»	O
antérieures	O
qu’ils	O
ne	O
parlent	O
à	O
leur	O
tour	O
avec	O
autorité.	O
La	O
conscience	O
d’être,	O
par	O
le	O
sacerdoce	O
hiérarchique,	O
en	O
lien	O
direct	O
avec	O
la	O
tradition	O
de	O
l’Église	O
leur	O
donne	O
une	O
grande	O
liberté	O
d’interprétation.	O
Pour	O
rejoindre	O
et	O
prolonger	O
les	O
Pères	U-MISC
de	O
l’Église,	O
ils	O
n’ont	O
pas	O
besoin	O
de	O
se	O
cramponner	O
à	O
la	O
lettre	O
des	O
textes,	O
puisqu’ils	O
sont	O
déjà	O
unis	O
à	O
eux	O
par	O
leur	O
statut	O
de	O
clercs	O
et	O
de	O
collaborateurs	O
privilégiés	O
de	O
l’évêque.	O
Ces	O
longues	O
listes	O
de	O
personnages	O
sacrés,	O
d’	O
Adam	U-PER
jusqu’au	O
pape	O
contemporain,	O
qui	O
traversent	O
la	O
Chronique	U-LOC
et	O
l’arche	O
hugoniennes	O
ne	O
sont	O
pas	O
seulement	O
des	O
jalons	O
chronologiques,	O
elles	O
sont	O
les	O
preuves	O
d’une	O
filiation	O
apostolique	O
et	O
sacramentelle,	O
qui	O
confère	O
aux	O
maîtres	O
victorins	O
une	O
autorité	O
particulière	O
Poirel,	O
2004,	O
p.	O
643-668.	O
.	O
Cette	O
conscience	O
cléricale	O
et	O
canoniale	O
se	O
marque	O
de	O
nombreuses	O
façons	O
dans	O
leur	O
œuvre	O
:	O
par	O
la	O
décision	O
de	O
structurer	O
l’exposé	O
de	O
la	O
foi	O
chrétienne	O
autour	O
de	O
la	O
notion	O
de	O
«	O
sacrement	O
»	O
;	O
par	O
la	O
préférence	O
pour	O
certaines	O
options	O
théologiques,	O
comme	O
l’affirmation	O
alors	O
controversée	O
du	O
rôle	O
majeur	O
du	O
prêtre	O
dans	O
l’absolution	O
des	O
péchés	O
;	O
enfin	O
par	O
la	O
production	O
massive	O
de	O
sermons	O
et	O
la	O
rédaction	O
d’ouvrages	O
destinés	O
à	O
l’action	O
pastorale,	O
comme	O
les	O
manuels	O
pour	O
les	O
confesseurs.	O
Cela	O
explique	O
sans	O
doute	O
aussi	O
l’intérêt	O
d’	O
Hugues	U-PER
pour	O
la	O
Hiérarchie	U-LOC
céleste	O
du	O
pseudo-Denys	U-LOC
:	O
car	O
que	O
représente	O
pour	O
celui-ci	O
la	O
structure	O
hiérarchique	O
de	O
l’univers	O
angélique,	O
sinon	O
un	O
modèle	O
épuré	O
de	O
l’organisation	O
ecclésiastique,	O
dans	O
laquelle	O
le	O
clerc	O
est,	O
à	O
l’image	O
de	O
l’ange,	O
un	O
envoyé,	O
un	O
messager	O
et	O
un	O
intermédiaire	O
entre	O
Dieu	U-MISC
et	O
les	O
hommes	O
?	O
Entre	O
la	O
théologie	O
monastique	O
d’un	O
Bernard	B-PER
de	I-PER
Clairvaux	L-PER
et	O
la	O
théologie	O
déjà	O
scolastique	O
d’un	O
Pierre	B-PER
Abélard	L-PER
,	O
les	O
maîtres	O
de	O
Saint-Victor	U-MISC
donnent	O
l’exemple	U-LOC
d’une	O
tierce	O
façon	O
d’explorer	O
et	O
d’enseigner	O
le	O
mystère	O
chrétien,	O
cette	O
théologie	O
canoniale	O
mi-spirituelle	O
mi-didactique	O
qui	O
cherche	O
à	O
la	O
fois	O
à	O
instruire	O
et	O
à	O
toucher.	O
Une	O
sagesse	O
réflexive	O
Un	B-MISC
autre	I-MISC
trait	I-MISC
caractérise	I-MISC
l’école	I-MISC
de	I-MISC
Saint-Victor	L-MISC
:	O
c’est	U-MISC
l’aspect	O
réflexif	O
de	O
son	O
enseignement.	O
Hugues	U-PER
en	O
particulier	O
ne	O
se	O
soucie	O
pas	O
seulement	O
de	O
pratiquer	O
la	O
lectio	O
divina	O
,	O
la	O
spéculation	O
théologique	O
et	O
la	O
recherche	O
du	O
progrès	O
moral	O
et	O
spirituel	O
;	O
par	O
un	O
retour	O
sur	O
lui-même	O
il	O
s’efforce	O
en	O
outre	O
de	O
faire	O
la	O
théorie	O
de	O
cette	O
pratique.	O
De	B-MISC
là	I-MISC
les	I-MISC
nombreux	I-MISC
«	I-MISC
arts	I-MISC
»	L-MISC
ou	O
traités	O
de	O
la	O
méthode,	O
dont	O
il	O
est	O
l’auteur	O
:	O
art	O
de	O
lire	O
ou	O
Didascalicon	U-MISC
,	O
art	O
de	O
méditer	O
ou	O
De	B-MISC
meditatione	I-MISC
,	I-MISC
art	I-MISC
de	I-MISC
prier	L-MISC
ou	O
De	B-MISC
virtute	I-MISC
orandi	L-MISC
,	O
art	O
de	O
maîtriser	O
son	O
comportement	O
extérieur	O
ou	O
De	B-MISC
institutione	I-MISC
novitiorum	L-MISC
;	O
mais	O
aussi	O
art	O
de	O
la	O
mémoire	O
dans	O
la	O
préface	O
du	O
Chronicon,	U-MISC
art	O
de	O
l’exégèse	O
dans	O
le	O
De	B-ORG
Scripturis	L-ORG
et	O
scriptoribus	O
sacris,	O
art	O
de	O
contempler	O
la	O
création	O
dans	O
le	O
De	B-MISC
tribus	I-MISC
diebus,	I-MISC
art	I-MISC
d’unifier	I-MISC
les	I-MISC
désirs	I-MISC
du	I-MISC
cœur	I-MISC
dans	I-MISC
le	L-MISC
De	B-MISC
archa	I-MISC
Noe,	I-MISC
art	I-MISC
d’aimer	L-MISC
ou	O
Soliloquium	U-MISC
de	O
arrha	O
animae…	O
L’éducation	O
victorine	O
se	O
compose	O
non	O
seulement	O
d’une	O
matière	O
à	O
assimiler,	O
mais	O
plus	O
encore	O
d’opérations	O
à	O
maîtriser.	O
Quelles	U-PER
sont	O
ces	O
opérations	O
?	O
Par	O
deux	O
fois,	O
Hugues	U-PER
a	O
décrit	O
les	O
cinq	O
étapes	O
du	O
progrès	O
intérieur	O
:	O
lecture,	O
méditation,	O
prière,	O
action	O
et	O
contemplation	O
Hugues	U-PER
de	O
Saint-Victor,	B-MISC
Didascalicon,	L-MISC
V,	O
9,	O
p.	O
109-110	O
;	O
Hugues	B-PER
de	I-PER
Saint-Victor,	L-PER
De	O
meditatione,	O
p.	O
16-19.	O
.	O
Le	O
terme	O
de	O
tout	O
apprentissage	O
est	O
donc	O
la	O
contemplation	O
béatifique	O
de	O
Dieu,	U-PER
toujours	O
incomplète	O
ici-bas,	O
mais	O
que	O
les	O
élus	O
recevront	O
en	O
plénitude.	O
Dans	O
cette	O
vision	O
en	O
effet,	O
ils	O
retrouveront	O
toute	O
réalité,	O
toute	O
connaissance	O
et	O
tout	O
désir	O
présents,	O
mais	O
réordonnés,	O
transfigurés	O
et	O
unifiés	O
en	O
un	O
Dieu	U-MISC
«	O
tout	O
en	O
tous	O
».	U-MISC
Pour	O
s’approcher	O
de	O
cette	O
ultime	O
étape,	O
le	O
point	O
de	O
départ	O
est	O
la	O
lecture,	O
solitaire	O
ou	O
sous	O
la	O
conduite	O
du	O
maître,	O
aussitôt	O
suivie	O
de	O
la	O
méditation,	O
effort	O
de	O
l’âme	U-MISC
pour	O
approfondir	O
et	O
récapituler	O
ce	O
qu’on	O
a	O
lu	O
et	O
en	O
saisir	O
l’unité.	O
De	B-MISC
ce	I-MISC
primat	I-MISC
de	I-MISC
la	I-MISC
lecture,	L-MISC
il	O
ne	O
faudrait	O
pas	O
conclure	O
au	O
caractère	O
livresque	O
de	O
la	O
sagesse	O
hugonienne.	O
Il	O
s’agit	O
moins	O
de	O
réduire	O
toute	O
connaissance	O
à	O
ce	O
que	O
contiennent	O
les	O
livres	O
que	O
de	O
faire	O
d’une	O
opération	O
intellectuelle	O
le	O
principe	O
de	O
tout	O
progrès	O
intérieur.	O
La	O
lectio	O
victorine	O
n’est	O
pas	O
seulement	O
lecture,	O
mais	O
aussi	O
étude,	O
apprentissage	O
;	O
c’est	U-MISC
l’examen	O
attentif	O
d’une	O
réalité	O
composite	O
et	O
parcellaire	O
pour	O
en	O
recueillir	O
la	O
signification.	O
Ainsi	O
la	O
nature	O
visible	O
est-elle	O
comparée	O
à	O
un	O
livre,	O
et	O
son	O
observation	O
à	O
une	O
lecture	O
:	O
comme	O
s’il	O
se	O
trouvait	O
devant	O
une	O
page,	O
son	O
observateur	O
est	O
convié	O
à	O
dépasser	O
un	O
regard	O
morcelé	O
sur	O
des	O
objets	O
distincts	O
–	O
les	O
créatures,	O
les	O
lettres	O
–	O
pour	O
parvenir	O
à	O
une	O
vision	O
globale,	O
ordonnée	O
et	O
signifiante	O
de	O
l’ensemble.	O
Le	O
regard	O
que	O
jette	O
le	O
victorin	O
sur	O
toutes	O
choses,	O
livres,	O
monde	O
extérieur,	O
vie	O
intérieure,	O
est	O
d’emblée	O
un	O
regard	O
exégétique,	O
qui	O
s’efforce	O
de	O
trouver	O
partout	O
l’unité	O
du	O
sens.	O
Après	O
la	O
lecture	O
et	O
la	O
méditation,	O
la	O
prière	O
et	O
l’action	O
incorporent	O
ce	O
qui	O
a	O
été	O
découvert	O
à	O
une	O
existence	O
chrétienne	O
ouverte	O
à	O
la	O
présence	O
de	O
Dieu	U-MISC
et	O
à	O
la	O
transformation	O
du	O
monde.	O
Le	O
savoir,	O
en	O
effet,	O
n’est	O
jamais	O
séparé	O
du	O
désir,	O
dont	O
la	O
prière	O
est	O
la	O
forme	O
la	O
plus	O
haute,	O
ni	O
de	O
l’action,	U-LOC
sans	O
laquelle	O
il	O
ne	O
serait	O
qu’une	O
vaine	O
curiosité.	O
Aussi	O
la	O
réflexion	O
d’	O
Hugues	U-PER
sur	O
la	O
méthodologie	O
de	O
l’apprentissage	O
a-t-elle	O
un	O
volet	O
éthique.	O
Dans	O
le	O
Didascalicon,	U-MISC
Hugues	U-PER
ne	O
se	O
demande	O
pas	O
seulement	O
«	O
que	O
lire	O
?	O
»,	U-LOC
mais	O
aussi	O
«	O
dans	O
quel	O
ordre	O
le	O
lire	O
?	O
»	O
et	O
«	O
comment	O
le	O
lire	O
?	O
».	B-MISC
À	I-MISC
la	I-MISC
troisième	I-MISC
interrogation	I-MISC
il	I-MISC
répond	I-MISC
en	L-MISC
commentant	O
les	O
vers	O
de	O
Bernard	B-PER
de	I-PER
Chartres	L-PER
:	O
«	O
l’esprit	O
humble,	O
l’ardeur	O
à	O
chercher,	O
la	O
vie	O
calme,	O
l’enquête	O
en	O
silence,	O
la	O
pauvreté,	O
la	O
terre	O
étrangère	O
;	O
ainsi	O
s’ouvre	O
souvent	O
ce	O
que	O
beaucoup	O
lisent	O
d’obscur	O
Hugues	B-PER
de	I-PER
Saint-Victor,	I-PER
Didascalicon,	I-PER
III,	L-PER
12,	O
p.	O
61.	O
».	U-ORG
Au	O
fond,	O
ces	O
circonstances	O
favorables	O
décrivent	O
bien	O
le	O
cadre	O
de	O
la	O
vie	O
communautaire	O
propre	O
à	O
Saint-Victor	U-LOC
:	O
se	O
retirer	O
du	O
monde	O
pour	O
mieux	O
se	O
vouer	O
à	O
une	O
contemplation	O
indissolublement	O
intellectuelle	O
et	O
spirituelle.	O
L’humilité,	U-LOC
commentée	O
la	O
première	O
et	O
le	O
plus	O
longuement,	O
n’est	O
pas	O
seulement	O
requise	O
par	O
l’orientation	O
chrétienne	O
du	O
traité	O
:	O
elle	O
est	O
aussi,	O
simultanément,	O
une	O
vertu	O
épistémologique.	O
Ne	O
dédaigner	O
aucun	O
savoir,	O
ne	O
rougir	O
d’apprendre	O
de	O
personne,	O
ne	O
pas	O
mépriser	O
les	O
autres	O
une	O
fois	O
qu’on	O
est	O
devenu	O
plus	O
savant	O
:	O
telles	O
sont	O
les	O
conditions	O
du	O
véritable	O
progrès	O
intellectuel.	O
Vouloir	U-LOC
paraître	O
sage	O
avant	O
l’heure	O
:	O
tel	O
est	O
en	O
revanche	O
le	O
plus	O
sûr	O
moyen	O
de	O
ne	O
jamais	O
le	O
devenir.	O
Reconnaître	O
son	O
ignorance	O
et	O
vouloir	O
la	O
combler	O
exige	O
donc	O
un	O
effort	O
sur	O
soi.	O
On	O
est	O
là	O
fort	O
loin	O
des	O
écoles	O
séculières,	O
comme	O
celle	O
de	O
Pierre	B-PER
Abélard	L-PER
,	O
où	O
l’émulation	O
entre	O
étudiants,	O
voire	O
entre	O
maîtres,	O
est	O
encouragée	O
au	O
moyen	O
de	O
la	O
«	O
dispute	O
scolaire	O
»,	U-LOC
sorte	O
de	O
tournoi	O
rhétorique	O
ou	O
dialectique,	O
dans	O
lequel	O
chaque	O
orateur	O
cherche	O
à	O
triompher	O
de	O
son	O
adversaire	O
à	O
force	O
d’arguments	O
logiques.	O
À	O
cette	O
conception	O
agonistique	O
de	O
la	O
recherche	O
de	O
la	O
vérité	O
s’oppose	O
radicalement	O
la	O
paisible	O
humilité	O
promue	O
à	O
Saint-Victor	U-LOC
:	O
pour	O
Hugues	U-PER
,	O
la	O
controverse	O
favorise	O
l’orgueil	O
et	O
l’opiniâtreté,	O
elle	O
empêche	O
d’accueillir	O
ou	O
même	O
d’entendre	O
ce	O
qu’il	O
y	O
a	O
de	O
valable	O
dans	O
la	O
position	O
adverse.	O
Si	O
lui-même	O
prend	O
part	O
aux	O
débats	O
théologiques	O
de	O
son	O
temps,	O
il	O
le	O
fait	O
sans	O
éclat	O
polémique,	O
mais	O
affirme	O
sa	O
thèse	O
clairement	O
et	O
avec	O
autorité	O
et	O
sait	O
y	O
distinguer	O
ce	O
qui,	O
selon	O
lui,	O
s’impose	O
à	O
tous	O
de	O
ce	O
qui	O
ressortit	O
à	O
une	O
position	O
personnelle	O
et	O
discutable	O
:	O
Il	O
y	O
a	O
une	O
seule	O
chose	O
que	O
pour	O
ma	O
part	O
j’affirme	O
sans	O
hésiter.	O
[…]	O
Celui	O
qui	O
ne	O
me	O
croit	O
pas	O
en	O
ce	O
que	O
je	O
crois	O
ceci	O
ne	O
croit	O
pas	O
bien.	O
Quant	O
au	O
reste,	O
je	O
ne	O
contrains	O
pas,	O
mais	O
conseille.	O
Qui	O
me	O
croit	O
là-dessus,	O
croit	O
avec	O
moi	O
;	O
qui	O
ne	O
me	O
croit	O
pas,	O
qu’il	O
se	O
croie	O
lui-même,	O
jusqu’à	O
ce	O
qu’il	O
parvienne	O
là	O
où	O
il	O
croira	O
avec	O
moi,	O
mais	O
qu’entre-temps	O
chacun	O
s’efforce	O
d’abonder	O
humblement	O
dans	O
son	O
sens,	O
non	O
de	O
préjuger	O
hautainement	O
De	O
sapientia	O
Christi,	B-MISC
in	I-MISC
PL,	I-MISC
176,	L-MISC
856CD.	O
.	O
À	O
la	O
dispute	O
scolastique	O
s’opposent	O
donc	O
la	O
méditation	O
victorine	O
et	O
le	O
dialogue	O
à	O
l’ombre	O
du	O
cloître,	O
sous	O
l’autorité	O
d’un	O
maître	O
qui	O
guide	O
les	O
débats	O
et	O
contrôle	O
leur	O
déroulement	O
courtois	O
et	O
dépassionné.	O
Universalité	U-LOC
et	O
unification	O
De	U-MISC
là	O
vient	O
peut-être	O
que,	O
mieux	O
que	O
tout,	O
le	O
sens	O
de	O
l’universel	O
est	O
ce	O
qui	O
caractérise	O
l’école	O
de	O
Saint-Victor.	U-LOC
Ce	O
que	O
d’autres	O
courants	O
séparent	O
y	O
est	O
méthodiquement	O
articulé,	O
réconcilié,	O
réuni.	O
Ainsi	O
voit-on	O
les	O
maîtres	O
victorins	O
maintenir	O
l’équilibre	O
entre	O
les	O
arts	O
du	O
langage	O
et	O
les	O
arts	O
du	O
quadrivium	O
;	O
entre	O
les	O
arts	O
libéraux	O
au	O
complet	O
et	O
la	O
science	O
sacrée	O
;	O
dans	O
celle-ci,	O
entre	O
l’exégèse	O
historique	O
et	O
l’interprétation	O
spirituelle	O
(allégorique	O
et	O
tropologique)	O
des	O
Écritures.	U-LOC
Contre	O
la	O
tendance	O
dominante,	O
au	O
moins	O
parmi	O
les	O
maîtres	O
parisiens,	O
à	O
une	O
spécialisation	O
et	O
une	O
technicisation	O
des	O
disciplines,	O
Saint-Victor	U-MISC
maintient	O
fermement	O
leur	O
interdépendance	O
et	O
leur	O
complémentarité.	O
Rien	O
de	O
ce	O
qui	O
est	O
humain	O
ne	O
doit	O
être	O
laissé	O
en	O
dehors	O
de	O
son	O
projet	O
pédagogique,	O
et	O
c’est	U-MISC
pourquoi	O
même	O
les	O
arts	O
mécaniques	O
y	O
trouvent	O
place.	O
Il	O
est	O
vrai	O
que	O
même	O
eux	O
participent	O
à	O
leur	O
façon	O
d’un	O
sens	O
victorin	O
de	O
l’universel,	O
telle	O
la	O
navigation	O
qui,	O
explique	O
Hugues	U-PER
,	O
«	O
pénètre	O
les	O
lieux	O
secrets	O
du	O
monde,	O
aborde	O
des	O
côtes	O
jamais	O
vues,	O
parcourt	O
des	O
déserts	O
horribles	O
et	O
pratique	O
le	O
commerce	O
de	O
l’humanité	O
avec	O
des	O
nations	O
barbares,	O
dans	O
des	O
langues	O
inconnues.	O
Sa	O
pratique	O
réconcilie	O
les	O
peuples,	O
calme	O
les	O
guerres,	O
affermit	O
la	O
paix	O
et	O
fait	O
tourner	O
les	O
biens	O
privés	O
à	O
l’utilité	O
commune	O
de	O
tous	O
Hugues	B-PER
de	I-PER
Saint-Victor,	I-PER
Didascalicon,	I-PER
II,	L-PER
23,	O
p.	B-MISC
41.	I-MISC
».	I-MISC
Bien	I-MISC
sûr,	L-MISC
il	O
n’est	O
pas	O
possible	O
de	O
tout	O
lire,	O
et	O
Hugues	U-PER
lui-même	O
ne	O
prône	O
pas	O
une	O
curiosité	O
boulimique,	O
qui	O
accumulerait	O
les	O
connaissances	O
sans	O
les	O
unifier.	O
La	O
sagesse,	O
selon	O
Hugues	U-PER
,	O
n’est	O
pas	O
une	O
omniscience	O
invertébrée	O
;	O
toute	O
son	O
œuvre	O
apparaît	O
au	O
contraire	O
comme	O
un	O
effort	O
constant	O
pour	O
montrer	O
à	O
ses	O
étudiants,	O
dans	O
la	O
totalité	O
du	O
savoir	O
ou	O
dans	O
chacune	O
de	O
ses	O
parties,	O
l’essentiel	O
à	O
connaître,	O
le	O
cœur	O
de	O
ce	O
qui	O
est	O
à	O
comprendre,	O
le	O
minimum	O
indispensable	O
auquel	O
tout	O
le	O
reste	O
pourra	O
ensuite,	O
progressivement,	O
se	O
raccorder.	O
La	O
plupart	O
de	O
ses	O
traités	O
consistent	O
donc	O
en	O
des	O
compendia,	O
sortes	O
d’abrégés	O
de	O
ce	O
qu’il	O
faut	O
retenir	O
dans	O
un	O
domaine	O
quelconque	O
du	O
savoir.	O
Le	B-MISC
Didascalicon	L-MISC
lui-même	O
ne	O
se	O
contente	O
pas	O
de	O
décrire	O
les	O
régions	O
du	O
savoir	O
à	O
explorer	O
;	O
selon	O
son	O
sous-titre	O
:	O
«	O
art	O
de	O
lire	O
»,	U-LOC
il	O
définit	O
aussi	O
pour	O
chacune	O
quels	O
sont	O
les	O
auteurs	O
fondamentaux	O
et	O
ce	O
qu’il	O
faut	O
lire	O
en	O
priorité.	O
En	O
théologie,	O
par	O
exemple,	O
il	O
déconseille	O
fortement	O
de	O
tout	O
lire	O
:	O
Sur	O
l’océan	O
si	O
vaste	O
des	O
livres	O
et	O
les	O
sinuosités	O
si	O
complexes	O
des	O
pensées,	O
qui	O
souvent	O
abasourdissent	O
l’esprit	O
du	O
lecteur	O
par	O
leur	O
nombre	O
et	O
leur	O
obscurité,	O
on	O
aura	O
du	O
mal	O
à	O
recueillir	O
fût-ce	O
une	O
seule	O
chose	O
si	O
on	O
ne	O
reconnaît	O
pas	O
d’abord	O
sommairement,	O
dans	O
chaque	O
genre	O
pour	O
ainsi	O
dire,	O
un	O
principe	O
certain	O
[…]	O
auquel	O
tout	O
puisse	O
se	O
rapporter	O
Hugues	B-PER
de	I-PER
Saint-Victor,	I-PER
Didascalicon,	I-PER
VI,	L-PER
4,	O
p.	O
120.	O
.	O
Dans	O
cette	O
perspective,	O
le	O
Didascalicon	U-MISC
encourage	O
l’acquisition	O
d’une	O
culture	O
générale,	O
et	O
le	O
précepte	O
«	O
apprends	O
tout	O
»	O
invite	O
non	O
pas	O
à	O
tout	O
lire	O
et	O
à	O
tout	O
connaître	O
indistinctement,	O
mais	O
plutôt	O
à	O
ne	O
mépriser	O
aucune	O
branche	O
du	O
savoir	O
:	O
il	O
n’est	O
aucune	O
science,	O
aucune	O
discipline	O
qui	O
n’apporte	O
à	O
la	O
sagesse	O
sa	O
contribution	O
spécifique.	O
À	O
rebours	O
de	O
certains	O
courants	O
monastiques	O
qui	O
expriment	O
leur	O
méfiance	O
devant	O
l’appétit	O
de	O
connaître,	O
ou	O
invitent	O
à	O
privilégier	O
certaines	O
études	O
au	O
détriment	O
d’autres,	O
Saint-Victor	U-LOC
se	O
signale	O
par	O
son	O
regard	O
positif	O
sur	O
la	O
globalité	O
du	O
savoir.	O
Celui-ci	O
est	O
encouragé	O
non	O
pas	O
malgré	O
la	O
vocation	O
religieuse	O
du	O
chanoine	O
victorin,	O
mais	O
à	O
cause	O
d’elle	O
précisément.	O
C’est	O
que	O
lire,	O
apprendre	O
et	O
enseigner	O
participent	O
à	O
l’œuvre	O
de	O
rédemption.	O
Par	O
le	O
péché	O
originel,	O
l’homme	O
a	O
été	O
blessé	O
dans	O
toutes	O
ses	O
dimensions	O
:	O
son	O
corps	O
a	O
été	O
touché	O
par	O
la	O
maladie	O
et	O
la	O
mort,	O
sa	O
capacité	O
de	O
connaître	O
par	O
l’erreur,	U-MISC
sa	O
capacité	O
d’aimer	O
par	O
l’égoïsme.	O
L’être	O
humain	O
qui	O
en	O
résulte	O
demeure	O
essentiellement	O
bon,	O
mais	O
atrophié	O
dans	O
ses	O
facultés	O
et	O
vicié	O
dans	O
leur	O
mise	O
en	O
œuvre.	O
Il	O
a	O
donc	O
besoin	O
d’être	O
guéri,	O
rééduqué,	O
restauré	O
dans	O
toutes	O
ses	O
dimensions.	O
De	O
même	O
que	O
la	O
technique	O
est	O
bonne	O
en	O
ce	O
qu’elle	O
pallie	O
les	O
faiblesses	O
de	O
ce	O
corps	O
mortel,	O
jusqu’à	U-PER
ce	O
qu’il	O
soit	O
restauré	O
dans	O
l’immortalité	O
prévue	O
par	O
Dieu,	U-PER
de	O
même	O
l’application	O
à	O
l’étude	O
et	O
la	O
pratique	O
des	O
vertus	O
sont-elles	O
bonnes,	O
en	O
ce	O
que	O
elles	O
recréent	O
peu	O
à	O
peu	O
en	O
l’âme	O
la	O
sagesse,	O
avant-goût	O
de	O
la	O
contemplation	O
des	O
élus	O
Hugues	B-PER
de	I-PER
Saint-Victor,	I-PER
Didascalicon,	I-PER
I,	L-PER
5-8,	O
p.	O
12-16	O
;	O
Richard	U-PER
de	O
Saint-Victor,	B-PER
Liber	L-PER
exceptionum,	O
I,	O
1-5,	O
p.	O
104-106.	O
.	O
La	O
science	O
et	O
la	O
raison	O
ne	O
sont	O
donc	O
nullement	O
suspectes,	O
elles	O
sont	O
au	O
contraire	O
ordonnées	O
au	O
salut	O
de	O
l’homme.	O
L’adage	O
«	O
apprends	O
tout	O
»	O
ne	O
résume	O
pas	O
seulement	O
le	O
manifeste	O
hugonien	O
d’un	O
humanisme	O
encyclopédique,	O
c’est	U-MISC
aussi	O
une	O
invitation	O
à	O
reformer,	O
par	O
l’ascèse	O
de	O
l’étude,	O
l’image	O
et	O
la	O
ressemblance	O
divines	O
en	O
l’homme.	O
Dans	O
l’histoire	O
intellectuelle	O
du	O
Moyen	B-LOC
Âge,	I-LOC
Saint-Victor	L-LOC
de	O
Paris	U-LOC
marque	O
un	O
point	O
d’équilibre	O
fragile	O
entre	O
une	O
ouverture	O
de	O
l’intelligence	O
à	O
tous	O
les	O
savoirs	O
et	O
la	O
volonté	O
d’articuler	O
ceux-ci	O
dans	O
une	O
vision	O
chrétienne	O
de	O
la	O
personne	O
humaine	O
et	O
de	O
ses	O
relations	O
avec	O
Dieu,	U-PER
la	O
nature	O
et	O
les	O
autres	O
hommes.	O
La	B-MISC
grandeur	I-MISC
de	I-MISC
l’idéal	I-MISC
victorin	L-MISC
est	O
d’avoir	O
dès	O
l’origine	O
fait	O
coïncider	O
ce	O
programme	O
avec	O
l’état	O
presque	O
complet	O
des	O
connaissances	O
disponibles	O
dans	O
la	O
première	O
moitié	O
du	O
xii	O
e	O
siècle	O
;	O
sa	O
misère	O
vient	O
de	O
ce	O
que,	O
la	O
science	O
ne	O
cessant	O
d’augmenter,	O
la	O
multiplication	O
des	O
livres	O
et	O
des	O
connaissances,	O
surtout	O
l’entrée	O
d’	O
Aristote	U-PER
et	O
de	O
la	O
littérature	O
gréco-arabe,	O
ont	O
en	O
un	O
siècle	O
rendu	O
ce	O
programme	O
obsolète.	O
Désormais	O
«	O
tout	O
apprendre	O
»	O
semble	O
impossible.	O
Pourtant,	O
à	O
en	O
juger	O
par	O
l’essor	O
actuel	O
des	O
études	O
victorines,	O
l’idéal	O
pédagogique	O
d’un	O
Hugues	U-PER
continue	O
de	O
fasciner,	O
peut-être	O
parce	O
que,	O
en	O
antidote	O
à	O
notre	O
ultraspécialisation,	O
il	O
nous	O
rappelle	O
que	O
le	O
savoir,	O
si	O
complet	O
soit-il,	O
ne	O
saurait	O
combler	O
l’homme	O
à	O
moins	O
de	O
se	O
structurer	O
en	O
sagesse.	O
Bibliographie	O
