D’un	O
terrain	O
à	O
l’autre,	O
le	O
système	O
de	O
notation	O
adopté	O
par	O
un	O
ethnologue	O
n’est	O
jamais	O
figé.	O
Chaque	O
chercheur	O
l’adapte	O
en	O
fonction	O
de	O
l’évolution	O
conjointe	O
de	O
son	O
objet	O
de	O
recherche,	O
de	O
ses	O
méthodes	O
de	O
travail,	O
de	O
ses	O
présupposés	O
théoriques	O
et	O
de	O
ses	O
objectifs	O
scientifiques	O
ou	O
littéraires.	O
Pour	O
analyser	O
les	O
transformations	O
formelles	O
des	O
notes	O
ethnographiques,	O
cet	O
article	O
prend	O
pour	O
exemple	O
les	O
papiers	O
rédigés	O
par	O
Marcel	B-PER
Griaule	L-PER
au	O
cours	O
de	O
l’ensemble	O
de	O
ses	O
enquêtes,	O
de	O
1926	O
à	O
1956	O
Les	O
notes	O
de	O
ce	O
chercheur	O
se	O
répartissent	O
aujourd’hui	O
entre	O
les	O
fonds	O
Marcel-Griaule	U-LOC
et	O
Dakar-Djibouti.	U-LOC
.	O
L’aspiration	U-LOC
monographique	O
:	O
mettre	O
une	O
société	O
en	O
fiches	O
(1926-1939)	O
Ancien	O
militaire	O
avide	O
d’explorations	O
lointaines,	O
Marcel	B-PER
Griaule	L-PER
est	O
l’un	O
des	O
premiers	O
ethnographes	O
de	O
métier	O
formé	O
par	O
l’Institut	B-ORG
d’ethnologie	L-ORG
créé	O
à	O
Paris	U-LOC
en	O
1925.	O
Privilégiant	O
les	O
populations	O
exotiques	O
et	O
l’espace	O
colonial,	O
les	O
cours	O
dispensés	O
dans	O
ce	O
cadre	O
universitaire	O
visent	O
à	O
former	O
des	O
chercheurs	O
de	O
terrain	O
rompus	O
aux	O
techniques	O
d’enquête,	O
de	O
collecte	O
et	O
d’enregistrement.	O
À	O
cette	O
époque,	O
l’ethnologie	O
française	O
cherche	O
en	O
effet	O
à	O
se	O
professionnaliser	O
et	O
à	O
s’imposer	O
comme	O
une	O
discipline	O
autonome	O
en	O
se	O
dotant	O
à	O
la	O
fois	O
d’un	O
cursus,	O
d’un	O
objet	O
de	O
recherche	O
spécifique	O
–	O
les	O
«	O
sociétés	O
sans	O
machinisme	O
»,	U-PER
selon	O
l’expression	O
de	O
Griaule	U-PER
–	O
et,	U-MISC
enfin,	O
d’une	O
méthode	O
ethnographique	O
précise,	O
rigoureuse	O
et	O
moderne.	O
Première	U-MISC
expérimentation	O
:	O
les	O
vignettes	O
ethnographiques	O
de	O
1926-1928	O
Pour	O
mettre	O
en	O
pratique	O
ce	O
nouvel	O
enseignement,	O
Marcel	B-PER
Griaule	L-PER
commence	O
par	O
s’exercer	O
à	O
l’enquête	O
orale	O
chez	O
lui,	O
dans	O
son	O
bureau	O
de	O
Boulogne	U-LOC
.	O
Entre	O
1926	O
et	O
1928,	O
il	O
y	O
interroge	O
de	O
jeunes	O
étudiants	O
éthiopiens	O
sur	O
leur	O
région	O
d’origine,	O
en	O
inscrivant	O
leurs	O
réponses	O
sur	O
un	O
calepin	O
de	O
brouillon	O
non	O
paginé	O
Cf.	O
Mercier,	U-PER
1993,	O
p.	O
46-49	O
;	O
Jolly,	B-MISC
2001/2002,	L-MISC
p.	O
82.	O
,	O
aux	O
feuilles	O
quadrillées	O
et	O
au	O
format	O
15,5	O
cm	O
×	O
17	O
cm.	O
Les	O
renseignements	O
glanés	O
sont	O
notés	O
dans	O
l’ordre	O
chronologique	O
de	O
leur	O
recueil	O
et	O
à	O
la	O
suite,	O
sans	O
saut	O
de	O
page,	O
en	O
étant	O
séparés	O
par	O
un	O
simple	O
trait	O
horizontal.	O
Il	O
s’agit	O
d’informations	O
ethnographiques	O
variées,	O
concises	O
et	O
indépendantes	O
les	O
unes	O
des	O
autres.	O
D’un	O
trait,	O
Griaule	U-PER
peut	O
ainsi	O
passer	O
d’un	O
détail	O
concernant	O
les	O
modalités	O
d’enterrement	O
à	O
la	O
description	O
d’une	O
lampe	O
à	O
huile	O
:	O
un	O
tel	O
éclectisme	O
traduit	O
d’emblée	O
l’objectif	O
de	O
ses	O
entretiens	O
et	O
de	O
ses	O
notes.	O
Au	O
lieu	O
de	O
se	O
donner	O
un	O
fil	O
directeur,	O
lié	O
à	O
un	O
objet	O
ou	O
à	O
un	O
axe	O
de	O
recherche	O
particulier,	O
Griaule	U-PER
vise	O
l’inventaire	O
exhaustif	O
de	O
toutes	O
les	O
composantes	O
de	O
la	O
société	O
ou	O
de	O
la	O
culture	O
éthiopienne.	O
Malgré	B-MISC
l’existence	I-MISC
de	I-MISC
quelques	I-MISC
thèmes	I-MISC
récurrents,	L-MISC
il	O
enquête	O
donc	O
sur	O
tous	O
les	O
sujets	O
à	O
la	O
fois.	O
Privilégiant	U-MISC
les	O
croquis	O
annotés	O
et	O
les	O
phrases	O
brèves	O
mais	O
complètes	O
Même	O
l’information	O
la	O
plus	O
courte	O
–	O
par	O
exemple	O
«	O
Il	O
y	O
a	O
du	O
platine	O
au	O
Choa	U-LOC
»	O
–	O
est	O
consignée	O
sous	O
forme	O
de	O
phrase	O
complète,	O
isolée	O
entre	O
deux	O
traits	O
(fonds	O
Marcel-Griaule).	U-MISC
,	O
Griaule	U-PER
schématise	O
les	O
informations	O
retenues,	O
les	O
isole	O
et	O
les	O
dépouille	O
de	O
leur	O
contexte	O
d’énonciation	O
pour	O
les	O
transformer	O
en	O
données	O
ethnographiques	O
«	O
primaires	O
»,	U-LOC
non	O
triées.	O
Plus	O
proche	O
d’une	O
collection	O
de	O
faits	O
«	O
bruts	O
»	O
que	O
d’une	O
transcription	O
ou	O
d’un	O
mémento,	O
ce	O
brouillon	O
s’inscrit	O
clairement	O
dans	O
une	O
perspective	O
positiviste	O
et	O
monographique.	O
Fiche	U-MISC
de	O
Marcel	B-PER
Griaule	L-PER
sur	O
la	O
fabrication	O
d’un	O
parchemin	O
éthiopien,	O
d’après	O
des	O
informations	O
obtenues	O
en	O
1926,	O
à	O
Boulogne,	U-LOC
auprès	O
d’un	O
étudiant	O
éthiopien.	O
La	O
plupart	O
des	O
informations	O
écrites	O
au	O
brouillon	O
sur	O
les	O
calepins	O
sont	O
ensuite	O
redistribuées	O
et	O
recopiées	O
au	O
propre	O
et	O
à	O
l’encre	O
au	O
recto	O
de	O
ﬁches	O
cartonnées	O
presque	O
carrées	O
(14	O
cm	O
×	O
12,5	O
cm).	O
Pour	B-MISC
cette	I-MISC
seconde	I-MISC
strate	I-MISC
de	I-MISC
notes,	L-MISC
Griaule	B-MISC
s’autorise	L-MISC
rarement	O
à	O
modiﬁer	O
les	O
phrases	O
et	O
les	O
croquis	O
originaux	O
;	O
il	O
se	O
contente	O
de	O
les	O
réorganiser	O
et	O
de	O
les	O
déplacer	O
selon	O
un	O
procédé	O
proche	O
du	O
couper-coller,	O
puisque	O
les	O
éléments	O
recopiés	O
sont	O
immédiatement	O
barrés	O
d’un	O
ou	O
de	O
plusieurs	O
traits	O
sur	O
le	O
calepin.	O
Sur	O
chaque	O
fiche,	O
on	O
retrouve	O
donc,	O
selon	O
une	O
nouvelle	O
composition,	O
soit	O
la	O
fraction	O
d’écrits	O
et	O
de	O
dessins	O
déjà	O
isolée	O
sur	O
le	O
calepin	O
par	O
des	O
traits	O
de	O
séparation,	O
soit	O
une	O
addition	O
de	O
plusieurs	O
de	O
ces	O
éléments	O
s’ils	O
sont	O
jugés	O
complémentaires	O
Comparées	U-LOC
aux	O
notes	O
recopiées	O
sur	O
le	O
terrain,	O
ces	O
fiches	O
rédigées	O
dans	O
le	O
confort	O
d’un	O
bureau	O
se	O
distinguent	O
par	O
le	O
soin	O
apporté	O
à	O
leur	O
élaboration.	O
Griaule	U-PER
répartit	O
texte	O
et	O
croquis	O
sur	O
l’ensemble	O
de	O
la	O
fiche	O
afin	O
de	O
composer	O
une	O
image	O
commentée	O
(avec	O
un	O
grand	O
dessin	O
réaliste	O
au	O
centre	O
et	O
des	O
notes	O
explicatives	O
en	O
contrebas	O
et	O
sur	O
le	O
côté),	O
ou	O
inversement	O
un	O
texte	O
illustré	O
(avec	O
une	O
longue	O
description	O
au	O
centre	O
et	O
de	O
petits	O
croquis	O
explicatifs	O
dans	O
la	O
marge).	O
.	O
À	O
l’époque,	O
ce	O
procédé	O
de	O
mise	O
en	O
ﬁches	O
vise	O
à	O
construire	O
une	O
«	O
donnée	O
»	O
ethnographique	O
«	O
carrée	O
»,	U-LOC
objective,	O
déﬁnitive	O
et	O
indépendante,	O
susceptible	O
d’être	O
classée	O
à	O
l’intérieur	O
d’un	O
ﬁchier.	O
Pour	O
atteindre	O
cet	O
objectif,	O
Griaule	U-PER
va	O
faire	O
passer	O
chaque	O
note	O
d’information	O
par	O
quatre	O
étapes	O
:	O
1)	O
il	O
la	O
détache	O
du	O
carnet	O
de	O
terrain,	O
en	O
la	O
coupant	O
simultanément	O
de	O
la	O
chronologie	O
de	O
l’enquête	O
;	O
2)	U-LOC
il	O
la	O
ﬁge	O
en	O
passant	O
du	O
crayon	O
à	O
la	O
plume	O
;	O
3)	U-ORG
il	O
lui	O
donne	O
un	O
format	O
standard	O
;	O
4)	O
et	O
enfin	O
il	O
lui	O
attribue	O
deux	O
titres	O
thématiques.	O
Si	U-MISC
le	O
titre	O
calligraphié	O
en	O
haut	O
et	O
à	O
gauche	O
de	O
chaque	O
fiche	O
sert	O
à	O
définir	O
son	O
contenu,	O
le	O
titre	O
générique	O
placé	O
en	O
haut	O
et	O
au	O
centre	O
du	O
carton	O
est	O
celui	O
de	O
la	O
subdivision	O
thématique	O
dans	O
laquelle	O
sera	O
rangée	O
cette	O
note,	O
à	O
l’intérieur	O
du	O
fichier.	O
Ce	O
mot	O
classificateur	O
est	O
inscrit	O
au	O
moment	O
où	O
une	O
place	O
unique	O
est	O
attribuée	O
à	O
chaque	O
fiche,	O
selon	O
un	O
choix	O
en	O
partie	O
arbitraire.	O
Par	O
exemple,	O
si	O
la	O
fiche	O
«	O
École	B-ORG
»	L-ORG
est	O
finalement	O
identifiée	O
par	O
son	O
titre	O
central	O
comme	O
une	O
«	O
Habitation	B-PER
»,	L-PER
et	O
classée	O
comme	O
telle,	O
elle	O
aurait	O
pu	O
aussi	O
bien	O
être	O
rangée	O
à	O
l’entrée	O
«	O
Éducation	U-MISC
».	B-PER
Opter	L-PER
pour	O
l’un	O
de	O
ces	O
deux	O
classements	O
est	O
une	O
obligation	O
car	O
tout	O
doublon	O
est	O
exclu	O
à	O
l’intérieur	O
d’un	O
fichier	O
construit	O
à	O
l’image	O
de	O
la	O
société	O
étudiée,	O
c’est-à-dire,	O
selon	O
les	O
conceptions	O
de	O
l’époque,	U-LOC
comme	O
une	O
totalité	O
ordonnée.	O
D’abord	O
fragmentée	O
au	O
brouillon	O
en	O
éléments	O
indépendants,	O
chaque	O
société	O
que	O
l’on	O
veut	O
«	O
archiver	O
»	O
est	O
ainsi	O
mise	O
en	O
fiches	O
puis	O
mise	O
en	O
boîte,	O
en	O
étant	O
répartie	O
dans	O
les	O
diverses	O
subdivisions	O
du	O
fichier,	O
de	O
A	U-LOC
comme	O
agriculture	O
à	O
Z	U-MISC
comme	O
zoologie.	O
Les	O
carnets	O
et	O
la	O
notation	O
en	O
continu	O
:	O
l’inventaire	O
monographique	O
Entre	O
1928	O
et	O
1939,	O
Marcel	B-PER
Griaule	L-PER
va	O
diriger	O
cinq	O
expéditions	O
ethnographiques	O
en	O
Afrique.	U-LOC
À	O
l’exception	O
de	O
la	O
première,	O
réalisée	O
dans	O
la	O
province	O
éthiopienne	O
du	O
Godjam	U-LOC
(1928-1929),	O
les	O
quatre	O
suivantes	O
–	B-LOC
Dakar	L-LOC
-	O
Djibouti	U-LOC
(1931-1933),	O
Sahara-	U-LOC
Soudan	O
(1935),	O
Sahara-	U-LOC
Cameroun	U-LOC
(1936)	O
et	O
Niger	U-LOC
-Lac	O
Iro	U-LOC
(1938-1939)	O
–	U-LOC
sont	O
des	O
missions	O
collectives,	O
pluridisciplinaires	O
et	O
itinérantes	O
dont	O
le	O
principal	O
objectif	O
est	O
la	O
collecte	O
ou	O
l’enregistrement	O
de	O
témoignages	O
de	O
toutes	O
natures	O
(objets,	O
écrits,	O
photographies,	O
films…).	O
Si	O
l’immense	O
majorité	O
des	O
notes	O
de	O
terrain	O
sont	O
des	O
fiches,	O
Griaule	U-PER
a	O
également	O
consigné	O
certaines	O
informations	O
ethnographiques	O
sur	O
de	O
petits	O
carnets	O
thématiques	O
consacrés	O
par	O
exemple	O
aux	O
nœuds	O
(1928-1929	O
et	O
1931).	O
Chaque	O
calepin	O
isole	O
d’emblée	O
un	O
thème	O
qui	O
a	O
été	O
volontairement	O
privilégié	O
dès	O
le	O
départ	O
en	O
prévision	O
de	O
la	O
publication	O
rapide	O
d’une	O
petite	O
monographie	O
sur	O
le	O
sujet	O
retenu.	O
En	O
d’autres	O
termes,	O
ce	O
support	O
particulier	O
a	O
été	O
choisi	O
non	O
pas	O
en	O
fonction	O
de	O
la	O
nature	O
des	O
informations	O
à	O
enregistrer,	O
mais	O
en	O
fonction	O
de	O
leur	O
utilisation	O
future.	O
Sur	O
les	O
différents	O
nœuds,	O
les	O
informations	O
se	O
suivent	O
sans	O
saut	O
de	O
page	O
ni	O
trait	O
de	O
séparation.	O
Souvent	O
composées	O
d’un	O
dessin	O
et	O
d’un	O
court	O
texte	O
descriptif,	O
elles	O
forment	O
toutefois	O
de	O
petits	O
blocs	O
distincts,	O
séparés	O
par	O
un	O
espace	O
et	O
numérotés	O
dans	O
l’ordre	O
de	O
leur	O
inscription	O
sur	O
le	O
carnet	O
(1,	O
2,	O
3…).	O
Ces	O
calepins	O
visent	O
la	O
même	O
exhaustivité	O
que	O
les	O
fiches	O
thématiques,	O
mais	O
sur	O
un	O
thème	O
précis,	O
en	O
privilégiant	O
le	O
regroupement	O
d’informations	O
et	O
l’inventaire	O
numéroté.	O
Ils	O
obéissent	O
ainsi	O
à	O
une	O
autre	O
logique	O
de	O
notation	O
et	O
de	O
classement,	O
davantage	O
adaptée	O
aux	O
feuillets	O
reliés.	O
Dans	B-MISC
l’esprit	L-MISC
de	O
Griaule	U-PER
,	O
chacun	O
de	O
ces	O
carnets	O
thématiques	O
a	O
par	O
ailleurs	O
la	O
forme	O
et	O
le	O
statut	O
d’une	O
pré-publication	O
monographique.	O
S’il	O
sert	O
également	O
à	O
inventorier,	O
le	O
carnet	O
de	O
Dakar	U-LOC
-	O
Djibouti	U-LOC
intitulé	O
«	O
Enquêtes	U-LOC
à	O
faire	O
et	O
objets	O
à	O
acheter	O
Fonds	O
Dakar-Djibouti.	O
»	O
n’archive	O
rien,	O
en	O
revanche.	O
Ce	O
calepin	O
collectif	O
liste,	O
tout	O
au	O
long	O
du	O
trajet,	O
les	O
thèmes	O
à	O
traiter	O
ou,	O
plus	O
marginalement,	O
les	O
objets	O
ethnographiques	O
à	O
acquérir,	O
afin	O
de	O
combler	O
au	O
fur	O
et	O
à	O
mesure	O
les	O
lacunes	O
de	O
l’enquête	O
ou	O
de	O
la	O
collecte	O
matérielle.	O
De	O
Bamako	U-LOC
à	O
Addis-Abeba	U-LOC
,	O
chaque	O
membre	O
de	O
la	O
mission	O
y	O
note	O
brièvement	O
la	O
nature	O
du	O
complément	O
à	O
apporter	O
en	O
ajoutant	O
éventuellement	O
le	O
nom	O
de	O
l’informateur	O
ou	O
de	O
l’enquêteur	O
concerné.	O
À	B-MISC
l’image	I-MISC
du	I-MISC
calepin	I-MISC
de	I-MISC
brouillon	L-MISC
de	O
1926-1928,	U-MISC
ces	O
notes,	O
sans	O
rapport	O
les	O
unes	O
avec	O
les	O
autres,	O
se	O
suivent	O
en	O
étant	O
nettement	O
séparées	O
par	O
des	O
traits	O
horizontaux,	O
puis	O
sont	O
barrées	O
ou	O
hachurées	O
dès	O
que	O
la	O
lacune	O
est	O
comblée.	O
Facilement	U-MISC
consultable	O
par	O
l’ensemble	O
des	O
membres	O
de	O
la	O
mission,	O
ce	O
carnet	O
fait	O
office	O
d’aide-mémoire	O
et	O
de	O
guide	O
d’enquête	O
avec	O
toujours	O
le	O
même	O
objectif	O
en	O
ligne	O
de	O
mire	O
:	O
boucher	O
les	O
trous,	O
de	O
manière	O
concertée,	O
pour	O
enregistrer	O
ou	O
saisir	O
la	O
société	O
étudiée	O
dans	O
sa	O
totalité.	O
Les	O
fiches	O
manifolds	O
:	O
isoler	O
et	O
classer	O
des	O
faits	O
ou	O
des	O
témoignages	O
À	O
partir	O
de	O
l’expédition	O
Dakar	U-LOC
-	O
Djibouti	U-LOC
,	O
leadms	O
ﬁches	O
des	O
missions	O
Griaule	U-LOC
ont	O
toutes	O
un	O
format	O
standard	O
et	O
elles	O
sont	O
produites	O
instantanément	O
en	O
double	O
exemplaire	O
grâce	O
à	O
l’utilisation	O
de	O
papier	O
carbone.	O
Il	O
s’agit	O
de	O
feuillets	O
quadrillés	O
13,5	O
cm	O
×	O
19,5	O
cm,	O
écrits	O
uniquement	O
au	O
recto	O
et	O
aisément	O
détachables	O
d’un	O
carnet	O
manifold.	O
Dans	O
les	O
années	O
1930,	O
chaque	O
ethnographe	O
des	O
missions	O
Griaule	U-LOC
les	O
remplit	O
au	O
crayon	O
en	O
indiquant	O
dans	O
les	O
coins	O
supérieurs	O
le	O
lieu,	O
la	O
population	O
concernée	O
et,	U-MISC
éventuellement,	O
l’identité	O
de	O
l’informateur.	O
En	O
haut	O
et	O
au	O
centre,	O
il	O
donne	O
également	O
un	O
titre	O
thématique	O
à	O
la	O
ﬁche	O
sous	O
forme	O
de	O
mot	O
unique	O
écrit	O
indifféremment	O
en	O
majuscules	O
ou	O
en	O
minuscules.	O
Qu’elle	U-LOC
soit	O
ensuite	O
recopiée	O
au	O
propre	O
ou	O
conservée	O
au	O
brouillon,	O
cette	O
note	O
manuscrite	O
est	O
toujours	O
produite	O
en	O
double	O
exemplaire	O
grâce	O
au	O
carbone,	O
puis	O
détachée	O
de	O
la	O
souche	O
du	O
carnet.	O
Le	O
duplicata	O
est	O
transmis	O
à	O
la	O
personne	O
travaillant	O
sur	O
le	O
sujet	O
en	O
question,	O
tandis	O
que	O
l’original	O
est	O
versé	O
dans	O
l’un	O
des	O
ﬁchiers	O
communs	O
en	O
étant	O
classé	O
dans	O
la	O
section	O
thématique	O
correspondant	O
à	O
son	O
titre.	O
Idéalement,	O
chaque	O
ﬁchier	O
regroupe	O
l’ensemble	O
des	O
ﬁches	O
ethnographiques	O
portant	O
sur	O
une	O
même	O
population	O
ou	O
un	O
même	O
pays,	O
quel	O
que	O
soit	O
leur	O
rédacteur	O
Dans	B-MISC
la	I-MISC
pratique,	I-MISC
les	I-MISC
expéditions	I-MISC
itinérantes	I-MISC
de	I-MISC
type	L-MISC
Dakar-Djibouti	U-MISC
produisent	O
néanmoins	O
un	O
fichier	O
thématique	O
transrégional,	O
plus	O
ou	O
moins	O
«	O
fourre-tout	O
»	O
et	O
très	O
peu	O
exploité.	O
.	O
Comme	O
il	O
vise	O
l’exhaustivité,	U-ORG
il	O
continue	O
parfois	O
de	O
s’enrichir	O
d’une	O
mission	O
à	O
l’autre	O
Dans	O
le	O
fonds	O
Marcel-Griaule,	U-PER
le	O
premier	O
fichier	O
dogon	O
rassemble	O
ainsi	O
plus	O
de	O
deux	O
mille	O
fiches	O
rédigées	O
entre	O
1931	O
et	O
1937	O
par	O
les	O
membres	O
de	O
trois	O
missions	O
successives.	O
,	O
mais	O
les	O
feuillets	O
manifolds,	O
qui	O
ont	O
valeur	O
d’archives	O
intangibles,	O
ne	O
sont	O
jamais	O
corrigés,	O
éliminés	O
ou	O
complétés.	O
L’ensemble	O
de	O
ces	O
procédés	O
de	O
notation	O
et	O
de	O
classement	O
répond	O
aux	O
exigences	O
d’une	O
enquête	O
collective,	O
méthodique	O
et	O
rapide,	O
avec	O
des	O
notes	O
standard	O
immédiatement	O
indexées,	O
dédoublées,	O
isolées	O
et	O
classées	O
dans	O
un	O
fichier	O
commun	O
consultable	O
et	O
exploitable	O
par	O
tous.	O
Dans	O
les	O
années	O
1930,	O
ce	O
système	O
de	O
fiches	O
et	O
de	O
fichiers	O
est	O
par	O
ailleurs	O
conforme	O
aux	O
présupposés	O
de	O
la	O
discipline	O
et	O
à	O
ses	O
objectifs	O
:	O
archiver	O
dans	O
l’urgence	U-LOC
et	O
en	O
totalité	O
des	O
sociétés	O
lointaines	O
conçues	O
comme	O
des	O
ensembles	O
clos,	O
homogènes	O
et	O
figés,	O
incapables	O
de	O
s’adapter	O
au	O
«	O
monde	O
moderne	O
»	O
et	O
condamnés	O
à	O
ce	O
titre	O
à	O
disparaître	O
rapidement.	O
Rangée	U-MISC
dans	O
un	O
fichier,	O
chaque	O
société	O
se	O
trouve	O
enregistrée,	O
«	O
sauvegardée	O
»	O
et	O
ordonnée	O
selon	O
un	O
découpage	O
purement	O
occidental.	O
D’autre	O
part,	O
chaque	O
fiche	O
est	O
censée	O
correspondre	O
à	O
une	O
donnée	O
objective	O
et	O
définitive,	O
indépendante	O
de	O
son	O
contexte	O
de	O
notation	O
;	O
ce	O
qui	O
conduit	O
à	O
l’occultation	O
de	O
toute	O
question,	O
interrogation	O
ou	O
interprétation.	O
Ce	B-MISC
positivisme	L-MISC
se	O
conjugue,	O
dans	O
le	O
cas	O
de	O
Griaule	U-PER
,	O
à	O
une	O
conception	O
policière	O
et	O
judiciaire	O
de	O
l’enquête	O
de	O
terrain,	O
avec	O
l’idée	O
que	O
chaque	O
fiche	O
doit	O
être	O
autant	O
une	O
note	O
d’information	O
dépourvue	O
d’analyse	O
qu’un	O
document	O
attestant	O
ou	O
établissant	O
un	O
fait	O
;	O
et	O
cette	O
exigence	O
de	O
preuve	O
a	O
bien	O
sûr	O
une	O
incidence	O
sur	O
la	O
rédaction.	O
Qualifiées	B-MISC
de	I-MISC
«	I-MISC
fiches	L-MISC
d’interrogation	O
»,	U-PER
voire	O
de	O
«	O
fiches	O
d’interrogatoire	O
»	O
Cf.	B-LOC
Jamin,	L-LOC
1982,	O
p.	O
87-89.	O
,	O
les	O
notes	O
provenant	O
d’enquêtes	O
orales	O
sont	O
considérées	O
explicitement	O
comme	O
des	O
«	O
témoignages	O
»	O
enregistrés	O
par	O
écrit	O
ou,	O
mieux	O
encore,	O
comme	O
des	O
«	O
dépositions	O
»	O
Cf.	O
Griaule,	U-LOC
1957,	O
p.	O
73	O
et	O
75.	O
.	O
Ce	O
terme	O
juridique	O
est	O
d’ailleurs	O
apposé	O
sur	O
certaines	O
fiches	O
de	O
Griaule	U-PER
,	O
à	O
travers	O
l’expression	O
«	O
déposition	O
d’untel	O
»,	U-PER
non	O
tant	O
pour	O
préciser	O
l’identité	O
du	O
«	O
témoin	O
»	O
que	O
pour	O
présenter	O
son	O
témoignage	O
comme	O
un	O
élément	O
de	O
preuve.	O
Dans	O
le	O
même	O
esprit,	O
le	O
nom	O
de	O
l’informateur	O
est	O
très	O
souvent	O
indiqué	O
dans	O
le	O
coin	O
supérieur	O
droit	O
de	O
la	O
fiche,	O
et	O
cette	O
«	O
signature	O
»	O
répond	O
plus	O
à	O
une	O
exigence	O
d’authentification	O
ou	O
de	O
vérification	O
qu’à	O
un	O
souci	O
de	O
contextualisation.	O
En	O
effet,	O
pour	O
les	O
ethnologues	O
des	O
années	O
1930,	O
et	O
pour	O
Griaule	U-PER
en	O
particulier,	O
il	O
n’existe	O
qu’une	O
Vérité	B-ORG
collective	L-ORG
dont	O
chaque	O
informateur	O
peut	O
témoigner,	O
ou	O
des	O
secrets	O
jalousement	O
gardés	O
exigeant	O
des	O
«	O
révélations	O
»	O
ou	O
des	O
«	O
aveux	O
».	U-PER
Pour	O
les	O
obtenir,	O
l’ethnographe	O
doit	O
se	O
transformer	O
en	O
«	O
détective	O
»	O
ou	O
en	O
«	O
juge	O
d’instruction	O
»	O
Cf.	O
Griaule,	U-LOC
1957,	O
p.	O
59	O
;	O
1933,	O
p.	O
10.	O
,	O
soumettre	O
ses	O
informateurs	O
à	O
des	O
interrogatoires	O
et,	U-MISC
avec	O
l’aide	O
d’autres	O
collègues,	O
confronter	O
ou	O
recouper	O
leurs	O
témoignages.	O
Le	O
compte	O
rendu	O
d’une	O
enquête	O
réalisée	O
en	O
pays	O
dogon	O
en	O
1931	O
est	O
à	O
cet	O
égard	O
révélateur:	O
Ambara	U-PER
,	O
en	O
catimini,	O
se	O
décide	O
à	O
un	O
demi-aveu	O
…	O
.	O
Tabyon	U-MISC
,	O
qui	O
ignore	O
cette	O
indiscrétion,	O
est	O
immédiatement	O
convoqué	O
par	O
le	O
deuxième	O
enquêteur,	O
qui	O
lui	O
fait	O
avouer,	O
par	O
le	O
canal	O
d’un	O
interprète	O
inhabituel	O
et	O
en	O
jouant	O
sur	O
la	O
déposition	O
d’	O
Ambara	U-PER
,	O
que	O
la	O
pièce	O
de	O
bois	O
n’est	U-MISC
pas	O
un	O
masque	O
mais	O
un	O
«	O
grand	O
masque	O
»	O
Cf.	O
Griaule,	U-LOC
1933,	O
p.	O
12.	O
.	O
Au	O
début	O
de	O
la	O
mission	O
Dakar	U-LOC
-	O
Djibouti	U-LOC
,	O
les	O
notes	O
gardent	O
parfois	O
la	O
trace	O
de	O
cette	O
«	O
ethnographie	O
policière	O
L’expression	U-MISC
est	O
employée	O
par	O
Griaule	U-PER
dans	O
un	O
article	O
sur	O
ses	O
enquêtes	O
de	O
1931	O
en	O
pays	O
dogon	O
(Lyon-Républicain,	O
16	O
juillet	O
1933).	O
»	O
et	O
de	O
cette	O
quête	O
d’une	O
vérité	O
cachée,	O
à	O
l’image	O
des	O
deux	O
premières	O
fiches	O
rédigées	O
par	O
Griaule	U-PER
sur	O
le	O
totémisme	O
dogon.	O
Entre	O
deux	O
informations,	O
Griaule	U-PER
ajoute,	O
en	O
les	O
encadrant,	O
les	O
commentaires	O
suivants	O
à	O
propos	O
des	O
«	O
secrets	O
»	O
arrachés	O
à	O
l’un	O
de	O
ses	O
informateurs	O
dogon	O
:	O
«	O
Noter	U-LOC
que	O
l’hésitation	O
du	O
chef	O
a	O
été	O
grande.	O
…	O
La	O
déclaration	O
a	O
été	O
faite	O
sur	O
un	O
ton	O
très	O
bas,	O
rapidement,	O
comme	O
on	O
parle	O
d’un	O
grand	O
cataclysme	O
de	O
famille	O
;	O
c’était	O
aussi	O
comme	O
un	O
aveu	O
à	O
un	O
juge	O
d’instruction	O
qui	O
a	O
des	O
preuves	O
en	O
main.	O
»	O
Dans	O
un	O
second	O
«	O
encart	O
»	O
au	O
style	O
très	O
juridique,	O
un	O
autre	O
membre	O
de	O
la	O
mission	O
–	O
Éric	B-PER
Lutten	L-PER
–	O
confirme	O
par	O
recoupement	O
la	O
déposition	O
de	O
l’informateur	O
de	O
Griaule	U-PER
:	O
«	O
Le	O
fait	O
ci-dessus	O
est	O
reconnu	O
exact	O
par	O
Sanga	B-LOC
Bilu	L-LOC
…	O
.	O
»	O
Validé,	O
ce	O
témoignage	O
devient	O
ainsi,	O
littéralement,	O
un	O
«	O
fait	O
»	O
indiscutable.	O
Sur	O
la	O
forme,	O
ces	O
remarques	O
–	O
qui	O
authentifient	O
l’information	O
–	O
entrent	O
toutefois	O
en	O
contradiction	O
avec	O
la	O
volonté	O
de	O
donner	O
à	O
la	O
fiche	O
l’image	O
graphique	O
d’un	O
bloc,	O
synonyme	O
de	O
donnée	O
brute,	O
consignée	O
sans	O
analyse	O
ni	O
commentaire.	O
Elles	O
ne	O
sont	O
donc	O
acceptables	O
qu’à	O
condition	O
d’être	O
brèves	O
et	O
isolées	O
du	O
texte	O
principal,	O
en	O
étant	O
généralement	O
encadrées	O
et	O
reléguées	O
en	O
marge	O
ou	O
en	O
bas	O
de	O
page,	O
conformément	O
à	O
leur	O
statut	O
de	O
renseignements	O
périphériques.	O
Au	O
cours	O
de	O
la	O
mission	O
Dakar	U-LOC
-	O
Djibouti	U-LOC
,	O
un	O
procès-verbal	O
traduit	O
également	O
cette	O
volonté	O
d’établir	O
par	O
écrit	O
des	O
témoignages	O
probants,	O
au	O
besoin	O
en	O
procédant	O
par	O
ruse.	O
Pour	O
démontrer	O
la	O
permanence	O
d’un	O
commerce	O
d’esclaves	O
en	O
Éthiopie	U-LOC
malgré	O
son	O
interdiction	O
officielle,	O
Griaule	U-PER
fait	O
transcrire	O
par	O
Éric	B-PER
Lutten	L-PER
,	O
caché	O
derrière	O
la	O
cloison	O
d’une	O
tente,	O
l’intégralité	O
de	O
sa	O
conversation	O
avec	O
un	O
marchand,	O
à	O
l’insu	O
de	O
ce	O
dernier.	O
Ne	O
maîtrisant	O
pas	O
la	O
sténographie,	O
Lutten	U-MISC
note	O
en	O
abrégé,	O
sur	O
son	O
carnet	O
manifold,	O
les	O
échanges	O
entre	O
les	O
deux	O
hommes	O
Plus	O
exactement,	O
il	O
note	O
en	O
français	O
les	O
questions	O
de	O
Griaule	U-PER
et	O
leurs	O
réponses	O
traduites	O
par	O
un	O
interprète.	O
,	O
et	O
ce	O
dialogue	O
légèrement	O
tronqué	O
est	O
ensuite	O
reconstitué	O
au	O
propre,	O
par	O
Griaule	U-PER
,	O
sur	O
de	O
nouvelles	O
fiches.	O
Si	O
ce	O
procès-verbal	O
illustre	O
parfaitement	O
le	O
regard	O
inquisiteur	O
et	O
les	O
méthodes	O
policières	O
revendiquées	O
à	O
l’époque	O
par	O
Griaule	U-PER
,	O
il	O
est	O
unique	O
dans	O
sa	O
forme,	O
à	O
plusieurs	O
titres.	O
C’est	O
d’abord	O
le	O
seul	O
exemple	O
de	O
fiches	O
de	O
brouillon	O
conservées	O
en	O
dépit	O
de	O
leur	O
réécriture	O
au	O
propre.	O
Une	O
telle	O
exception	O
a	O
une	O
double	O
explication	O
:	O
en	O
raison	O
du	O
procédé	O
utilisé,	O
les	O
deux	O
strates	O
d’écriture	O
sont	O
produites	O
par	O
deux	O
ethnographes	O
différents,	O
et	O
le	O
procès-verbal	O
original	O
–	O
qui	O
révèle	O
des	O
pratiques	O
illicites	O
–	U-ORG
a	O
sans	O
doute	O
été	O
sauvegardé	O
à	O
titre	O
de	O
«	O
preuve	O
».	U-ORG
Pour	O
l’ensemble	O
des	O
missions	O
Griaule	O
,	O
ce	O
document	O
est	O
également	O
la	O
seule	O
transcription	O
intégrale	O
d’un	O
entretien	O
et,	O
par	O
voie	O
de	O
conséquence,	O
l’unique	O
note	O
à	O
contenir	O
un	O
ensemble	O
de	O
questions	O
et	O
de	O
réponses.	O
Il	O
reste	O
donc	O
à	O
s’interroger	O
sur	O
les	O
raisons	O
de	O
cet	O
usage	O
exceptionnel	O
d’un	O
procédé	O
–	O
la	O
transcription	O
intégrale	O
d’un	O
discours	O
ou	O
d’un	O
entretien	O
–	O
qui	O
semble	O
pourtant,	O
de	O
prime	O
abord,	O
répondre	O
aux	O
objectifs	O
de	O
l’ethnographie	O
des	O
années	O
1930	O
en	O
permettant	O
un	O
enregistrement	O
fidèle	O
des	O
témoignages	O
à	O
archiver.	O
Dans	O
ses	O
cours,	O
Griaule	U-PER
reconnaît	O
d’ailleurs	O
qu’il	O
s’agit	O
de	O
la	O
technique	O
idéale,	O
a	O
fortiori	O
si	O
l’enquêteur	O
transcrit	O
la	O
«	O
déposition	O
entière	O
»	O
dans	O
la	O
langue	O
du	O
locuteur,	O
et	O
non	O
la	O
traduction	O
proposée	O
par	O
l’interprète	O
Cf.	O
Griaule,	U-LOC
1957,	O
p.	O
75.	O
.	O
Toutefois,	U-PER
il	O
conseille,	O
d’un	O
point	O
de	O
vue	O
pratique,	O
«	O
une	O
rédaction	O
dans	O
la	O
langue	O
de	O
l’enquêteur,	U-MISC
émaillée	O
de	O
tous	O
les	O
termes	O
indigènes	O
nécessaires	O
dès	O
qu’il	O
y	O
a	O
le	O
plus	O
léger	O
doute	O
de	O
traduction	O
»	O
afin,	O
ajoute-t-il,	O
de	O
conserver	O
«	O
une	O
plus	O
grande	O
maîtrise	O
de	O
son	O
partenaire	O
»	O
Ibid.	U-MISC
,	O
c’est-à-dire	O
de	O
l’informateur	O
interrogé.	O
Si	U-MISC
la	O
raison	O
invoquée	O
peut	O
aujourd’hui	O
surprendre,	O
elle	O
est	O
particulièrement	O
éclairante.	O
Dans	O
les	O
années	O
1930,	O
les	O
ethnographes	O
des	O
missions	O
Griaule	U-LOC
ne	O
s’imaginent	O
pas	O
en	O
auditeurs	O
et	O
en	O
transcripteurs	O
effacés,	O
recueillant	O
la	O
parole	O
des	O
Dogon	U-MISC
ou	O
des	O
Éthiopiens.	U-PER
Dans	O
un	O
contexte	O
colonial	O
et	O
dans	O
le	O
cadre	O
d’expéditions	O
collectives,	O
ils	O
se	O
voient	O
plutôt,	O
on	O
l’a	O
dit,	O
en	O
enquêteurs	O
pressés	O
et	O
pressants,	O
ou	O
en	O
«	O
limiers	O
du	O
fait	O
social	O
»,	U-MISC
maîtrisant	O
et	O
contrôlant	O
à	O
la	O
fois	O
leur	O
terrain,	O
leurs	O
enquêtes,	O
les	O
déclarations	O
de	O
leurs	O
informateurs	O
et,	O
au	O
final,	O
la	O
rédaction	O
de	O
leurs	O
notes.	O
Or,	U-ORG
le	O
système	O
des	O
carnets/inventaires	O
et	O
des	O
fiches/témoins	O
se	O
prête	O
parfaitement	O
à	O
ce	O
désir	O
de	O
tout	O
contrôler,	O
ordonner	O
et	O
normaliser,	O
avec	O
méthode	O
et	O
efficacité.	O
Sur	O
leurs	O
feuillets	O
manifolds,	O
les	O
ethnographes	O
ne	O
reportent	O
que	O
des	O
bribes	O
de	O
«	O
déclarations	O
»	O
mises	O
en	O
ordre	O
pour	O
produire	O
rapidement,	O
dans	O
un	O
format	O
standard	O
et	O
dans	O
leur	O
langue,	O
des	O
témoignages	O
normatifs	O
Revendiquée	U-LOC
explicitement	O
par	O
Griaule	U-PER
(Griaule,	O
1957,	O
p.	O
105),	O
cette	O
quête	O
de	O
la	O
norme	O
exige	O
«	O
une	O
élaboration	O
et	O
peut-être	O
une	O
élimination	O
de	O
certains	O
détails	O
jugés	O
sans	O
importance	O
».	U-ORG
et	O
des	O
affirmations	O
concises	O
et	O
incontestables,	O
authentifiés	O
par	O
quelques	O
termes	O
vernaculaires.	O
En	O
revanche,	O
la	O
transcription	O
littérale	O
d’un	O
discours,	O
intégrale	O
ou	O
même	O
partielle,	O
ne	O
convient	O
guère	O
au	O
format	O
«	O
fiche	O
»,	U-LOC
ni	O
à	O
l’urgence	O
de	O
l’enquête	O
collective	O
et	O
à	O
ses	O
exigences	O
de	O
normativité	O
;	O
elle	O
interdit	O
en	O
outre	O
la	O
mise	O
en	O
ordre	O
du	O
texte	O
et	O
la	O
dépersonnalisation	O
des	O
locuteurs,	O
qu’ils	O
soient	O
informateurs	O
ou	O
enquêteurs.	O
Enfin,	U-MISC
elle	O
oblige	O
l’ethnographe	O
à	O
perdre	O
la	O
maîtrise	O
de	O
l’entretien	O
et	O
à	O
quitter	O
ses	O
habits	O
de	O
juge	O
ou	O
de	O
détective,	O
à	O
moins	O
d’une	O
transcription	O
réalisée	O
clandestinement	O
par	O
une	O
tierce	O
personne,	O
sous	O
forme	O
de	O
témoignage	O
à	O
charge,	O
comme	O
dans	O
l’exemple	B-MISC
précédent.	L-MISC
Ne	O
visant	O
pas	O
l’obtention	O
d’aveux,	O
les	O
«	O
fiches	O
descriptives	O
»	O
des	O
missions	O
Griaule	U-LOC
sont	O
établies	O
–	O
à	O
partir	O
d’observations	O
directes	O
–	O
dans	O
un	O
esprit	O
plus	O
militaire	O
que	O
judiciaire,	O
en	O
particulier	O
au	O
moment	O
de	O
l’expédition	O
Dakar	U-LOC
-	O
Djibouti	U-LOC
.	O
Lorsqu’ils	U-LOC
se	O
transforment	O
en	O
scrutateurs,	O
à	O
l’occasion	O
d’un	O
rituel	O
par	O
exemple,	O
les	O
ethnographes	O
de	O
cette	O
mission	O
tentent	O
en	O
effet	O
de	O
maîtriser	O
l’espace	O
en	O
s’y	O
déployant	O
de	O
manière	O
concertée	O
et	O
en	O
y	O
occupant	O
des	O
positions	O
stratégiques	O
dans	O
le	O
dessein	O
de	O
tout	O
voir	O
et	O
tout	O
enregistrer	O
selon	O
des	O
angles	O
différents.	O
Leur	O
quadrillage	O
du	O
terrain	O
et	O
le	O
croisement	O
de	O
leurs	O
regards	O
remplacent	O
donc	O
le	O
contrôle	O
et	O
le	O
recoupement	O
des	O
témoignages	O
d’informateurs.	O
Qualifiée	B-MISC
d’«	I-MISC
observation	L-MISC
plurielle	O
»,	U-PER
cette	O
technique	O
d’enquête	O
–	O
efficace	O
mais	O
envahissante	O
–	O
a	O
évidemment	O
des	O
répercussions	O
sur	O
les	O
procédés	O
de	O
notation.	O
L’exemple	O
le	O
plus	O
célèbre	O
et	O
le	O
plus	O
significatif	O
est,	O
de	O
loin,	O
la	O
couverture	O
des	O
funérailles	O
d’un	O
chasseur	O
dogon,	O
en	O
octobre	O
1931	O
Cf.	O
Griaule,	U-LOC
1933,	O
p.	O
10-11	O
;	O
1957,	O
p.	O
48-50.	O
.	O
Postés	U-PER
à	O
trois	O
endroits	O
différents	O
de	O
la	O
place	O
publique,	O
quatre	O
ethnographes	O
de	O
la	O
mission	O
Dakar	U-LOC
-	O
Djibouti	U-LOC
se	O
chargent	O
d’enregistrer	O
en	O
continu,	O
sur	O
leurs	O
carnets	O
manifolds,	O
toutes	O
les	O
séquences	O
successives	O
de	O
cette	O
cérémonie.	O
Griaule	U-PER
reproduit	O
heure	O
par	O
heure,	O
sur	O
une	O
série	O
de	O
dix	O
plans	O
numérotés,	O
les	O
positions	O
et	O
les	O
mouvements	O
des	O
différents	O
acteurs	O
du	O
rituel.	O
De	O
leur	O
côté,	O
Leiris	U-PER
et	O
Lutten	U-LOC
se	O
relaient	O
pour	O
livrer,	O
sur	O
des	O
fiches	O
numérotées,	O
une	O
description	O
chronologique,	O
minutieuse	O
et	O
minutée.	O
Enfin,	B-PER
André	I-PER
Schaeffner	L-PER
,	O
ethnomusicologue,	O
s’occupe	O
au	O
même	O
moment	O
de	O
la	O
partie	O
musicale	O
et	O
chorégraphique	O
en	O
transcrivant	O
notamment	O
les	O
chants	O
et	O
les	O
rythmes.	O
Recopiées	U-LOC
au	O
propre	O
et	O
classées	O
à	O
l’entrée	O
«	O
Funérailles	U-LOC
–	O
chasseur	O
»,	U-PER
toutes	O
ces	O
fiches	O
forment	O
des	O
liasses	O
différentes	O
sous-titrées	O
«	O
plans	O
»,	U-LOC
«	O
compte	O
rendu	O
»,	U-LOC
«	O
chants	O
et	O
danses	O
».	U-PER
En	O
effet,	O
ces	O
trois	O
types	O
de	O
documents	O
ne	O
seront	O
fondus	O
en	O
un	O
même	O
papier	O
qu’à	O
l’étape	O
suivante	O
de	O
la	O
publication.	O
En	B-MISC
revanche,	L-MISC
chaque	O
rédacteur	O
insère,	O
dans	O
le	O
corps	O
du	O
texte	O
et	O
entre	O
parenthèses,	O
de	O
multiples	O
références	O
et	O
renvois	O
aux	O
numéros	O
de	O
plans,	O
dessins	O
et	O
chants	O
notés	O
sur	O
les	O
autres	O
fiches.	O
La	O
méthode	O
d’observation	O
plurielle	O
–	O
qui	O
consiste	O
à	O
croiser	O
les	O
regards,	O
les	O
compétences,	O
les	O
techniques	O
d’enregistrement	O
et	O
les	O
thématiques	O
–	O
aboutit	O
ainsi,	O
logiquement,	O
à	O
des	O
notes	O
croisées	O
et	O
à	O
un	O
faisceau	O
d’informations	O
convergentes	O
(et	O
non	O
à	O
une	O
simple	O
addition	O
de	O
données	O
indépendantes).	O
Plan	U-LOC
no	O
8	O
de	O
Marcel	B-PER
Griaule	L-PER
sur	O
le	O
déroulement	O
de	O
funérailles	O
dogon	O
en	O
octobre	O
1931	O
(mission	O
Dakar-Djibouti,	U-MISC
fichier	O
dogon).	O
La	B-MISC
recherche	I-MISC
d’un	L-MISC
système	O
:	O
mettre	O
de	O
l’ordre	O
dans	O
les	O
discours	O
(1946-1956)	O
Interrompues	U-PER
par	O
la	O
guerre,	O
les	O
missions	O
Griaule	U-LOC
reprennent	O
dès	O
1946	O
en	O
étant	O
désormais	O
centrées	O
sur	O
le	O
pays	O
dogon.	O
L’époque	O
des	O
expéditions	O
transafricaines,	O
pluridisciplinaires	O
et	O
flamboyantes	O
est	O
en	O
effet	O
révolue.	O
Avec	O
la	O
fin	O
du	O
colonialisme	O
triomphant,	O
la	O
fascination	O
pour	O
les	O
«	O
explorations	O
scientifiques	O
»	O
s’est	O
estompée,	O
tandis	O
que	O
l’ethnologie,	O
après	O
avoir	O
acquis	O
son	O
autonomie	O
disciplinaire,	O
s’est	O
éloignée	O
de	O
la	O
muséographie,	O
de	O
la	O
préhistoire,	O
de	O
la	O
linguistique	O
et,	U-MISC
plus	O
encore,	O
de	O
l’anthropologie	O
physique.	O
Cette	O
évolution	O
signe	O
la	O
fin	O
des	O
collectes	O
systématiques	O
de	O
faits,	O
de	O
mots,	O
d’ossements	O
et	O
d’objets	O
témoins	O
à	O
des	O
fins	O
d’archivage.	O
Après	O
guerre,	O
Griaule	U-PER
ne	O
vise	O
plus	O
l’inventaire	O
exhaustif	O
et	O
le	O
fichage	O
méthodique	O
de	O
la	O
société	O
dogon	O
grâce	O
à	O
l’addition	O
et	O
à	O
la	O
redistribution	O
thématique	O
de	O
témoignages	O
simples	O
et	O
impersonnels.	O
Son	O
but	O
est	O
désormais	O
de	O
recueillir	O
en	O
profondeur,	O
auprès	O
de	O
quelques	O
informateurs	O
privilégiés,	O
une	O
connaissance	O
supérieure	O
révélant	O
une	O
cosmogonie	O
et	O
une	O
classification	O
complexes	O
fondées	O
selon	O
lui	O
sur	O
un	O
même	O
système	O
symbolique.	O
Au	O
niveau	O
de	O
ses	O
notes	O
de	O
terrain,	O
ce	O
changement	O
d’orientation	O
se	O
traduit	O
par	O
trois	O
modifications	O
importantes	O
:	O
la	O
disparition	O
des	O
carnets	O
thématiques	O
;	O
l’apparition	O
de	O
fiches	O
non	O
thématiques	O
respectant	O
la	O
chronologie	O
des	O
entretiens	O
;	O
et,	O
par	O
incidence,	O
l’abandon	O
progressif	O
des	O
fichiers	O
et	O
leur	O
remplacement,	O
à	O
partir	O
de	O
1952,	O
par	O
de	O
grands	O
registres	O
successifs	O
autorisant	O
la	O
mise	O
en	O
ordre	O
des	O
discours	O
«	O
savants	O
».	B-PER
En	L-PER
aval,	O
la	O
forme	O
et	O
la	O
nature	O
des	O
publications	O
scientifiques	O
s’en	O
trouvent	O
bien	O
sûr	O
modifiées	O
:	O
notes	O
documentaires,	O
catalogues/inventaires	O
et	O
«	O
monographies	O
à	O
tiroirs	O
»	O
laissent	O
peu	O
à	O
peu	O
la	O
place	O
à	O
des	O
constructions	O
mythologiques	O
ou	O
à	O
des	O
travaux	O
de	O
systématisation.	O
Pour	O
ces	O
deux	O
strates	O
d’écriture,	O
l’objectif	O
n’est	O
plus	O
d’additionner	O
ou	O
de	O
coller	O
à	O
la	O
suite	O
des	O
informations	O
élémentaires,	O
mais	O
de	O
combiner	O
des	O
données	O
conçues	O
comme	O
des	O
éléments	O
d’un	O
système.	O
D’un	O
recueil	O
de	O
notes	O
chronologiques	O
à	O
l’émergence	O
d’un	O
discours	O
«	O
savant	O
»	O
Dans	O
le	O
système	O
de	O
notation	O
et	O
de	O
classement	O
adopté	O
par	O
Griaule	U-PER
,	O
la	O
première	O
rupture	O
date	O
incontestablement	O
de	O
ses	O
entretiens	O
quotidiens	O
avec	O
le	O
vieil	O
aveugle	O
Ogotemmêli	U-MISC
,	O
entre	O
octobre	O
et	O
décembre	O
1946.	O
Alors	U-MISC
que	O
le	O
discours	O
de	O
cet	O
informateur	O
dogon	O
est	O
encore	O
consigné	O
sur	O
des	O
fiches,	O
celles-ci	O
ne	O
sont	O
pas	O
versées	O
dans	O
le	O
fichier	O
«	O
dogon	O
»	O
de	O
1946	O
;	O
elles	O
sont	O
rangées	O
pour	O
la	O
première	O
fois	O
à	O
part,	O
à	O
l’intérieur	O
de	O
deux	O
reliures	O
mobiles.	O
Pourquoi	O
deux	O
recueils	O
de	O
fiches	O
?	O
Au	O
début	O
des	O
entretiens,	O
Griaule	U-PER
ne	O
change	O
rien	O
à	O
sa	O
méthode	O
et	O
continue	O
de	O
fragmenter	O
les	O
propos	O
de	O
son	O
nouvel	O
informateur	O
en	O
les	O
répartissant	O
entre	O
des	O
fiches	O
thématiques	O
intitulées	O
«	O
circoncision	O
»,	U-LOC
«	O
nommo	O
»	O
(génie	O
d’eau),	O
etc.	O
Mais	O
dès	O
qu’il	O
est	O
convaincu	O
du	O
caractère	O
exceptionnel	O
des	O
«	O
révélations	O
»	O
en	O
cours,	O
il	O
regroupe	O
dans	O
une	O
première	O
liasse	O
les	O
120	O
feuillets	O
déjà	O
écrits	O
et,	U-MISC
du	O
14	O
novembre	O
jusqu’au	O
2	O
décembre,	O
il	O
note	O
en	O
continu,	O
sur	O
des	O
fiches	O
successives,	O
la	O
totalité	O
des	O
développements	O
mythologiques	O
et	O
des	O
explications	O
symboliques	O
d’	O
Ogotemmêli	U-MISC
.	O
Cette	O
seconde	O
série	O
de	O
172	O
fiches	O
–	O
toutes	O
numérotées,	O
datées	O
et	O
rangées	O
dans	O
l’ordre	O
de	O
leur	O
rédaction	O
–	O
correspond	O
à	O
la	O
deuxième	O
liasse,	O
intitulée	O
«	O
création	O
»	O
Cette	O
liasse	O
de	O
notes	O
en	O
continu,	O
conservées	O
à	O
part,	O
signe	O
bien	O
sûr	O
la	O
fin	O
de	O
la	O
fiche	O
conçue	O
comme	O
une	O
information	O
élémentaire	O
et	O
indépendante.	O
.	O
Seules	O
les	O
fiches	O
tirées	O
des	O
entretiens	O
entre	O
Griaule	U-PER
et	O
Ogotemmêli	U-MISC
sont	O
conservées	O
séparément,	O
alors	O
que	O
les	O
quelques	O
renseignements	O
transmis	O
par	O
le	O
même	O
informateur	O
à	O
un	O
autre	O
membre	O
de	O
la	O
mission	O
sont	O
classés	O
dans	O
le	O
fichier	O
commun.	O
Cette	O
différence	O
de	O
traitement	O
est	O
révélatrice,	O
en	O
1946,	O
du	O
changement	O
de	O
statut	O
de	O
l’informateur	O
mais	O
aussi	O
de	O
l’ethnographe.	O
Dans	O
sa	O
relation	O
avec	O
Griaule	U-PER
,	O
Ogotemmêli	U-MISC
n’est	O
plus	O
un	O
«	O
témoin	O
»	O
parmi	O
d’autres,	U-PER
déposant	O
devant	O
un	O
juge	O
ou	O
un	O
greffier	O
;	O
il	O
est	O
présenté	O
comme	O
un	O
«	O
maître	O
»	O
instruisant	O
progressivement	O
un	O
élève,	O
et	O
devient	O
à	O
ce	O
titre	O
un	O
«	O
informateur	O
privilégié	O
».	B-PER
En	L-PER
retour,	O
l’enquêteur	O
impliqué	O
dans	O
cet	O
apprentissage	O
ou	O
cette	O
«	O
initiation	O
»	O
n’est	O
plus	O
un	O
simple	O
transcripteur	O
passif	O
et	O
il	O
peut	O
dès	O
lors	O
revendiquer	O
un	O
droit	O
de	O
propriété	O
intellectuelle	O
sur	O
ses	O
notes	O
de	O
terrain,	O
soustraites	O
au	O
fichier	O
collectif.	O
Quant	O
aux	O
déclarations	O
d’	O
Ogotemmêli	U-MISC
,	O
elles	O
cessent	O
d’être	O
assimilées	O
à	O
un	O
aveu	O
ou	O
à	O
une	O
déposition,	O
nécessitant	O
de	O
patients	O
recoupements,	O
pour	O
devenir	O
synonymes	O
de	O
révélations	O
initiatiques,	O
par	O
essence	O
non	O
vérifiables.	O
Tous	O
ces	O
changements	O
de	O
perspective	O
ont	O
évidemment	O
une	O
incidence	O
sur	O
la	O
notation.	O
Destinataire	O
de	O
ces	O
révélations	O
aux	O
saveurs	O
de	O
secrets,	O
Griaule	U-PER
tente	O
d’en	O
saisir	O
le	O
fil	O
et	O
de	O
leur	O
donner	O
d’emblée	O
une	O
forme	O
de	O
récit	O
linéaire	O
et	O
cohérent,	O
lors	O
de	O
l’entretien	O
d’abord,	O
grâce	O
à	O
plusieurs	O
procédés	O
:	O
une	O
notation	O
chronologique,	O
des	O
croquis	O
de	O
synthèse,	O
et	O
enfin	O
des	O
remarques,	O
ajouts	O
et	O
suppressions	O
visant	O
à	O
traquer	O
et	O
à	O
gommer	O
les	O
contradictions,	O
les	O
flottements	O
et	O
les	O
incohérences	O
dans	O
les	O
propos	O
d’	O
Ogotemmêli	U-PER
.	O
Dans	O
le	O
corps	O
du	O
texte,	O
Griaule	U-PER
accole	O
en	O
effet	O
à	O
certaines	O
informations	O
les	O
commentaires	O
suivants	O
:	O
«	O
grosse	O
erreur	O
»,	U-PER
«	O
faux	O
»,	U-LOC
«	O
vaseux	O
»,	U-LOC
«	O
inutile	O
»,	U-LOC
«	O
contradictoire	O
»,	U-LOC
«	O
embrouillé	O
»…	O
Il	O
souligne	O
ces	O
brèves	O
objections	O
ou	O
les	O
note	O
en	O
majuscules	O
pour	O
mieux	O
les	O
faire	O
ressortir,	O
afin	O
de	O
demander	O
des	O
éclaircissements	O
immédiats	O
ou	O
différés	O
à	O
son	O
informateur,	O
comme	O
le	O
prouve	O
une	O
réflexion	O
notée	O
sur	O
la	O
première	O
fiche	O
de	O
la	O
liasse	O
«	O
création	O
»,	U-LOC
après	O
la	O
mention	O
«	O
FAUX	U-MISC
»	O
:	O
«	O
Le	O
vieux	O
persiste	O
à	O
dire	O
que	O
les	O
1ers	O
hommes	O
sont	O
des	O
Y	B-ORG
éban	L-ORG
et	O
N	U-PER
ommo	O
devenus	O
puru	O
impurs	O
.	O
Contradiction.	U-PER
»	O
Au	O
fil	O
du	O
temps,	O
ce	O
procédé	O
–	O
qui	O
consiste	O
à	O
réinterroger	O
Ogotemmêli	U-MISC
pour	O
corriger	O
les	O
incohérences	O
supposées	O
de	O
son	O
discours	O
–	O
semble	O
toutefois	O
donner	O
les	O
résultats	O
escomptés,	O
au	O
regard	O
des	O
phrases	O
barrées,	O
rectifiées	O
ou	O
complétées.	O
Sur	O
les	O
fiches,	O
les	O
dessins	O
de	O
Griaule	U-PER
répondent	O
eux	O
aussi	O
à	O
une	O
volonté	O
de	O
synthèse,	O
visuelle	O
puis	O
textuelle.	O
Transformant	U-PER
les	O
représentations	O
mythologiques	O
en	O
réalités	O
graphiques,	O
chaque	O
croquis	O
sert	O
de	O
modèle	O
de	O
référence	O
pour	O
diriger,	O
organiser	O
et	O
synthétiser	O
le	O
discours	O
plus	O
ou	O
moins	O
décousu	O
d’	O
Ogotemmêli	U-PER
.	O
Par	O
conséquent,	O
le	O
texte	O
–	O
comme	O
l’entretien	O
–	O
se	O
structure	O
ou	O
se	O
construit	O
en	O
partie	O
autour	O
de	O
ces	O
illustrations	O
explicites,	O
notamment	O
à	O
propos	O
de	O
l’arche	O
mythique.	O
Le	B-MISC
soir,	I-MISC
ce	I-MISC
travail	I-MISC
de	I-MISC
synthèse	L-MISC
amorcé	O
au	O
cours	O
de	O
l’entretien	O
se	O
poursuit	O
avec	O
l’interprète	O
Koguem	U-MISC
qui,	O
sous	O
la	O
direction	O
de	O
Griaule	U-PER
,	O
récapitule,	O
commente	O
ou	O
reproduit	O
de	O
mémoire	O
les	O
déclarations	O
de	O
l’informateur,	O
pour	O
en	O
dégager	O
la	O
cohérence	O
ou	O
pour	O
compléter	O
le	O
système	O
symbolique	O
ainsi	O
esquissé	O
Cf.	O
Doquet,	U-MISC
1999,	O
p.	O
89	O
et	O
97.	O
.	O
Cette	O
mise	O
au	O
point	O
est	O
notée	O
sur	O
des	O
feuillets	O
complémentaires	O
qui	O
sont	O
ensuite	O
annexés	O
aux	O
fiches	O
d’	O
Ogotemmêli	U-PER
rédigées	O
le	O
même	O
jour,	O
avec	O
pour	O
seule	O
marque	O
distinctive	O
la	O
signature	O
«	O
Koguem	U-MISC
»	O
dans	O
le	O
coin	O
supérieur	O
droit.	O
Dès	O
la	O
première	O
étape	O
des	O
notes,	O
ces	O
procédés	O
permettent	O
de	O
faire	O
émerger	O
une	O
construction	O
mythologique	O
«	O
savante	O
»	O
et	O
homogène	O
à	O
partir	O
d’un	O
discours	O
individuel,	O
et	O
cette	O
mise	O
en	O
forme	O
se	O
poursuit	O
bien	O
sûr	O
dans	O
les	O
publications,	O
en	O
particulier	O
dans	O
le	O
célèbre	O
Dieu	B-MISC
d’eau	I-MISC
Cf.	I-MISC
Griaule,	I-MISC
1948.	L-MISC
.	O
Ce	O
n’est	O
pas	O
un	O
hasard	O
si	O
les	O
seules	O
fiches	O
de	O
Griaule	U-PER
écrites	O
en	O
continu	O
et	O
classées	O
par	O
ordre	O
chronologique	O
aboutissent	O
à	O
l’unique	O
ouvrage	O
reconstituant	O
à	O
la	O
fois	O
une	O
série	O
d’entretiens	O
et	O
une	O
cosmogonie	O
complexe.	O
Tableaux	B-MISC
classificatoires	L-MISC
en	O
quête	O
de	O
systèmes	O
:	O
des	O
fiches	O
aux	O
registres	O
Si	U-MISC
les	O
années	O
1940	O
marquent	O
la	O
fin	O
des	O
recherches	O
documentaires	O
à	O
visée	O
monographique,	O
cette	O
évolution	O
n’a	O
rien	O
d’une	O
rupture	O
dans	O
le	O
cas	O
de	O
Griaule	U-PER
.	O
Il	O
s’agit	O
plutôt	O
d’un	O
changement	O
de	O
perspective.	O
Après	O
avoir	O
classé	O
et	O
archivé	O
méthodiquement	O
les	O
documents	O
témoins	O
de	O
la	O
société	O
dogon,	O
Griaule	U-PER
continue	O
après	O
guerre	O
à	O
tout	O
ordonner	O
et	O
à	O
tout	O
inventorier,	O
mais	O
cette	O
fois	O
du	O
point	O
de	O
vue	O
local,	O
en	O
postulant	O
l’existence	O
d’un	O
système	O
taxinomique	O
dogon	O
dans	O
lequel	O
chaque	O
élément	O
–	O
matériel,	O
végétal,	O
animal,	O
numérique,	O
graphique…	O
–	U-LOC
occuperait	O
une	O
place	O
et	O
une	O
seule.	O
En	O
1948,	O
il	O
demande	O
ainsi	O
à	O
un	O
informateur	O
dogon	O
–	O
Akundyo	B-PER
Dolo	L-PER
–	O
de	O
tout	O
classer	O
par	O
série	O
de	O
huit	O
:	O
insectes,	O
armes,	O
végétaux,	O
vêtements,	O
etc.	O
Dans	B-MISC
le	I-MISC
fichier	I-MISC
dogon	I-MISC
de	I-MISC
1948,	L-MISC
cela	O
se	O
traduit	O
par	O
la	O
création	O
d’une	O
nouvelle	O
section	O
intitulée	O
«	O
classification	O
»,	U-LOC
avec	O
des	O
fiches	O
constituées	O
chacune	O
d’une	O
liste	O
numérotée	O
de	O
huit	O
éléments	O
d’une	O
même	O
catégorie,	O
rangés	O
généralement	O
en	O
deux	O
colonnes.	O
Prenant	U-PER
la	O
forme	O
de	O
tableaux	O
synthétiques	O
Si	O
ces	O
tableaux	O
existaient	O
auparavant,	O
notamment	O
pour	O
les	O
fiches	O
linguistiques,	O
ils	O
servaient	O
simplement	O
à	O
échantillonner	O
ou	O
à	O
comparer,	O
et	O
pas	O
encore	O
à	O
systématiser.	O
,	O
ces	O
fiches	O
ne	O
visent	O
plus	O
l’exhaustivité	O
et	O
s’affranchissent	O
de	O
toute	O
vérification	O
:	O
l’objectif	O
n’est	O
plus	O
de	O
recouper	O
mais	O
de	O
découper	O
et	O
d’énumérer	O
afin	O
de	O
construire	O
et	O
de	O
figer	O
des	O
taxinomies	O
qui	O
n’existent	O
que	O
sur	O
le	O
papier.	O
À	O
la	O
différence	O
de	O
l’oral,	O
l’écrit	O
permet	O
en	O
effet	O
de	O
subdiviser,	O
de	O
sérier	O
et	O
d’ordonner	O
à	O
volonté	O
des	O
mots,	O
des	O
faits	O
ou	O
des	O
idées	O
sous	O
forme	O
de	O
listes	O
numérotées	O
ou	O
de	O
tableaux,	O
comme	O
l’a	O
montré	O
Jack	B-PER
Goody	L-PER
dans	O
La	B-MISC
Raison	I-MISC
graphique	I-MISC
(1979).	L-MISC
Dans	O
le	O
cas	O
d’un	O
découpage	O
systématique	O
par	O
groupe	O
de	O
huit,	O
le	O
format	O
de	O
la	O
fiche	O
est	O
parfaitement	O
adapté,	O
mais,	O
à	O
partir	O
des	O
années	O
1950,	O
Griaule	U-PER
recherche	O
un	O
système	O
de	O
classification	O
fondé	O
sur	O
des	O
subdivisions	O
en	O
22	O
«	O
familles	O
»	O
et	O
en	O
266	O
éléments	O
;	O
il	O
lui	O
faut	O
donc	O
des	O
feuillets	O
plus	O
grands.	O
En	O
1952,	O
l’abandon	O
définitif	O
des	O
fiches	O
au	O
profit	O
de	O
volumineux	O
registres,	O
paginés	O
à	O
la	O
suite	O
comme	O
des	O
tomes	O
successifs,	O
répond	O
en	O
partie	O
à	O
cette	O
exigence	O
de	O
classification	O
et	O
d’énumération	O
plus	O
complexes.	O
Au	O
fil	O
des	O
pages,	O
Griaule	U-PER
peut	O
ainsi	O
compléter	O
et	O
réorganiser	O
sans	O
cesse	O
ses	O
listes	O
de	O
signes,	O
d’insectes	O
ou	O
de	O
plantes,	O
grâce	O
à	O
une	O
notation	O
et	O
à	O
une	O
numérotation	O
en	O
continu.	O
Dans	B-MISC
ces	I-MISC
sept	I-MISC
grands	I-MISC
cahiers	I-MISC
reliés,	L-MISC
les	O
informations	O
consignées	O
ne	O
sont	O
plus	O
assimilées	O
à	O
des	O
dépositions	O
indépendantes,	O
mais	O
à	O
des	O
révélations	O
croisées	O
dispensées	O
par	O
une	O
poignée	O
d’informateurs	O
privilégiés.	O
Lorsqu’elles	O
sont	O
recopiées	O
au	O
propre	O
sur	O
les	O
registres,	O
ces	O
«	O
révélations	O
»	O
prennent	O
parfois	O
la	O
forme	O
de	O
tableaux,	O
soit	O
pour	O
esquisser	O
des	O
synthèses,	O
soit	O
pour	O
dégager	O
des	O
correspondances	O
symboliques.	O
Par	O
exemple,	O
à	O
la	O
page	O
284	O
du	O
second	O
registre	O
de	O
1952,	O
Griaule	U-PER
relie	O
deux	O
à	O
deux	O
les	O
22	O
familles	O
d’insectes	O
–	O
identifiées	O
par	O
des	O
nombres	O
–	O
en	O
les	O
répartissant	O
en	O
deux	O
fois	O
deux	O
colonnes	O
:	O
le	O
1	O
face	O
au	O
12,	O
le	O
2	O
face	O
au	O
13,	O
etc.	O
Pour	O
établir	O
ces	O
correspondances,	O
il	O
part	O
d’une	O
déclaration	O
préalable	O
de	O
son	O
informateur	O
Koguem	U-MISC
évoquant	O
en	O
quelques	O
mots	O
l’existence	O
d’un	O
lien	O
entre	O
familles	O
mâles	O
(numérotées	O
de	O
1	O
à	O
11)	O
et	O
femelles	O
(numérotées	O
de	O
12	O
à	O
22).	O
Grâce	O
aux	O
combinaisons	O
méthodiques	O
qu’il	O
impose,	O
le	O
tableau	O
transforme	O
ainsi	O
en	O
système	O
Cf.	B-MISC
Goody,	L-MISC
1979,	O
p.	O
118-119.	O
un	O
bref	O
commentaire	O
de	O
nature	O
plutôt	O
symbolique,	O
sans	O
valeur	O
classificatrice.	O
Du	O
reste,	O
sur	O
la	O
page,	O
les	O
correspondances	O
entre	O
telle	O
ou	O
telle	O
famille	O
d’insectes	O
ne	O
sont	O
précisées	O
et	O
commentées	O
par	O
Koguem	U-MISC
qu’après	O
avoir	O
été	O
mises	O
en	O
évidence	O
par	O
la	O
disposition	O
graphique	O
de	O
ces	O
22	O
éléments.	O
En	O
d’autres	O
termes,	O
c’est	U-MISC
le	O
tableau	O
qui	O
construit	O
le	O
système	O
décrit	O
ensuite	O
par	O
Koguem	U-MISC
,	O
et	O
non	O
l’inverse.	O
Liste	O
numérotée	O
d’animaux	O
rendant	O
compte	O
de	O
la	O
taxinomie	O
dogon	O
(page	O
354	O
du	O
registre	O
no	O
2	O
de	O
Marcel	U-PER
Griaule,	O
mai-décembre	O
1952).	O
Grâce	O
à	O
ce	O
type	O
de	O
tableaux	O
et	O
à	O
une	O
notation	O
en	O
continu,	O
les	O
registres	O
permettent	O
de	O
mettre	O
sur	O
le	O
même	O
plan	O
–	O
dans	O
tous	O
les	O
sens	O
du	O
terme	O
–	O
des	O
énoncés	O
produits	O
par	O
des	O
locuteurs	O
différents,	O
à	O
des	O
moments	O
et	O
dans	O
des	O
lieux	O
différents.	O
Regroupées	U-LOC
dans	O
un	O
même	O
«	O
livre	O
»,	U-LOC
réordonnées	O
par	O
l’écriture,	U-MISC
ou	O
découpées	O
pour	O
entrer	O
dans	O
les	O
cases	O
prévues,	O
ces	O
paroles	O
individuelles	O
variées	O
et	O
variables	O
sont	O
combinées	O
ou	O
fusionnées	O
pour	O
composer	O
progressivement	O
un	O
mythe	O
linéaire	O
et	O
un	O
système	O
de	O
classification	O
collectifs	O
et	O
anonymes	O
qui,	O
dans	O
l’esprit	O
de	O
Griaule	U-PER
,	O
s’appliquent	O
à	O
l’ensemble	O
des	O
Dogon.	U-MISC
Si	O
les	O
fiches	O
visaient	O
l’addition	O
exhaustive	O
d’informations	O
élémentaires,	O
le	O
registre	O
participe	O
à	O
la	O
synthèse	O
de	O
discours	O
savants	O
en	O
leur	O
conférant	O
d’emblée	O
une	O
unité	O
et	O
une	O
cohérence	O
formelles.	O
Par	O
ailleurs,	O
contrairement	O
aux	O
fichiers,	O
les	O
développements	O
mis	O
en	O
forme	O
dans	O
les	O
registres	O
n’ont	O
plus	O
de	O
valeur	O
cumulative	O
aux	O
yeux	O
de	O
Griaule	U-LOC
:	O
dans	O
sa	O
quête	O
des	O
couches	O
supérieures	O
ou	O
des	O
tréfonds	O
du	O
savoir	O
dogon,	O
la	O
dernière	O
version	O
recueillie	O
lui	O
paraît	O
toujours	O
la	O
meilleure	O
et	O
la	O
plus	O
aboutie,	O
et	O
elle	O
se	O
substitue	O
ainsi	O
aux	O
précédentes.	O
Or,	U-ORG
la	O
notation	O
chronologique	O
autorise	O
et	O
favorise	O
cette	O
réactualisation	O
et	O
cette	O
complexification	O
continuelles,	O
alors	O
que	O
les	O
fiches	O
–	O
qui	O
ont	O
une	O
vocation	O
d’archivage	O
–	O
tendent	O
au	O
contraire	O
à	O
fixer	O
des	O
informations	O
brutes.	O
Le	O
passage	O
des	O
fiches	O
aux	O
registres	O
s’explique	O
également,	O
bien	O
sûr,	O
par	O
l’individualisation	O
croissante	O
des	O
recherches	O
menées	O
par	O
Griaule	U-PER
:	O
à	O
partir	O
de	O
1950,	O
les	O
fichiers	O
communs	O
disparaissent	O
pour	O
être	O
remplacés	O
par	O
des	O
cahiers	O
rédigés	O
entièrement	O
de	O
sa	O
main.	O
Du	O
reste,	O
cette	O
notation	O
plus	O
personnelle	O
se	O
traduit,	O
au	O
hasard	O
des	O
pages,	O
par	O
quelques	O
parenthèses	O
intimistes	O
sur	O
des	O
événements	O
impliquant	O
directement	O
Griaule	U-PER
ou	O
ses	O
informateurs.	O
Images	B-MISC
de	I-MISC
synthèse	L-MISC
et	O
symboles	O
mathématiques	O
Entre	O
1946	O
et	O
1956,	O
les	O
croquis	O
réalisés	O
par	O
Griaule	U-PER
sur	O
ses	O
fiches	O
ou	O
ses	O
registres	O
répondent	O
eux	O
aussi	O
à	O
une	O
volonté	O
de	O
synthèse	O
et	O
de	O
systématisation.	O
Cela	O
débute,	O
on	O
l’a	O
vu,	O
avec	O
les	O
schémas	O
donnant	O
forme	O
aux	O
représentations	O
mythologiques	O
esquissées	O
oralement	O
par	O
Ogotemmêli	U-MISC
,	O
en	O
1946.	O
Sur	B-MISC
les	I-MISC
fiches	I-MISC
de	I-MISC
1948,	I-MISC
les	I-MISC
croquis	L-MISC
de	O
Griaule	U-PER
prennent	O
parfois	O
un	O
aspect	O
plus	O
technique,	O
surtout	O
lorsqu’ils	O
concernent	O
des	O
objets	O
bien	O
réels,	O
reproduits	O
à	O
la	O
fois	O
de	O
face	O
et	O
de	O
profil	O
avec	O
mention	O
de	O
leurs	O
dimensions.	O
À	O
première	O
vue,	O
rien	O
ne	O
les	O
distingue	O
des	O
dessins	O
documentaires	O
de	O
la	O
décennie	O
précédente,	O
et	O
pourtant	O
ils	O
n’ont	O
plus	O
la	O
même	O
fonction	O
;	O
ils	O
servent	O
désormais	O
de	O
modèles	O
pour	O
établir	O
des	O
correspondances	O
symboliques	O
par	O
comparaison	O
avec	O
d’autres	O
figures	O
représentant	O
un	O
corps	O
humain,	O
un	O
animal	O
ou	O
un	O
objet.	O
Autrement	O
dit,	O
leur	O
objectif	O
ultime	O
n’est	O
plus	O
de	O
témoigner	O
d’une	O
réalité	O
observable,	O
mais	O
au	O
contraire	O
de	O
révéler	O
et	O
de	O
schématiser	O
des	O
systèmes	O
symboliques	O
et	O
des	O
mythes	O
connus	O
des	O
seuls	O
«	O
initiés	O
».	U-ORG
L’exemple	O
le	O
plus	O
significatif	O
est	O
certainement	O
la	O
liasse	O
de	O
28	O
fiches	O
intitulées	O
«	O
guitare	O
»,	U-LOC
avec	O
des	O
dessins	O
d’une	O
harpe-luth	O
dogon	O
accompagnés	O
de	O
commentaires	O
successifs	O
associant	O
systématiquement	O
chaque	O
pièce	O
de	O
l’instrument	O
à	O
une	O
partie	O
du	O
métier	O
à	O
tisser	O
et	O
à	O
un	O
organe	O
ou	O
à	O
un	O
membre	O
du	O
génie	O
d’eau.	O
Visuellement,	U-PER
ces	O
schémas	O
de	O
référence	O
ébauchent	O
littéralement	O
les	O
correspondances	O
recherchées	O
et	O
guident	O
par	O
conséquent	O
les	O
réponses	O
des	O
informateurs.	O
Bien	O
entendu,	O
cela	O
ne	O
concerne	O
pas	O
seulement	O
la	O
mission	O
de	O
1948.	O
Après	O
guerre,	O
dans	O
les	O
fiches	O
comme	O
dans	O
les	O
registres,	O
Griaule	U-PER
«	O
dessine	O
»	O
ou	O
«	O
esquisse	O
»	O
d’abord	O
les	O
systèmes	O
symboliques	O
qu’il	O
entrevoie	O
avant	O
de	O
les	O
mettre	O
en	O
tableau,	O
et	O
un	O
tel	O
procédé	O
réapparaît	O
clairement	O
dans	O
un	O
grand	O
nombre	O
de	O
ses	O
publications.	O
Dans	B-MISC
le	I-MISC
texte,	I-MISC
des	I-MISC
croquis	I-MISC
rendent	L-MISC
compte	O
d’un	O
ensemble	O
de	O
correspondances	O
à	O
travers	O
tel	O
ou	O
tel	O
exemple,	O
tandis	O
que	O
les	O
dernières	O
pages	O
de	O
l’article	O
ou	O
du	O
livre	O
proposent	O
une	O
synthèse	O
générale	O
à	O
travers	O
un	O
tableau	O
plus	O
global	O
Cf.	O
Griaule,	U-LOC
1948,	O
p.	O
266-267	O
;	O
Griaule	U-PER
et	O
Dieterlen,	U-PER
1950,	O
p.	O
225-226.	O
.	O
Pour	O
structurer	O
le	O
discours	O
de	O
ses	O
informateurs	O
ou	O
pour	O
lui	O
donner	O
plus	O
de	O
cohérence,	O
Griaule	U-PER
semble	O
toujours	O
s’appuyer	O
sur	O
une	O
image,	O
qu’elle	O
soit	O
graphique	O
ou	O
simplement	O
mentale,	O
en	O
particulier	O
dans	O
ses	O
registres.	O
Au	B-MISC
fil	I-MISC
des	I-MISC
pages,	L-MISC
Griaule	U-PER
mêle	O
en	O
effet	O
:	O
des	O
croquis	O
de	O
démonstration	O
dessinés	O
à	O
la	O
demande	O
par	O
ses	O
informateurs	O
;	O
des	O
signes	O
dogon	O
classés	O
par	O
numéro	O
;	O
des	O
correspondances	O
construites	O
en	O
disposant	O
mentalement	O
deux	O
images	O
en	O
vis-à-vis.	O
Une	O
bonne	O
illustration	O
de	O
ce	O
procédé	O
est	O
fournie	O
par	O
un	O
questionnaire	O
rédigé	O
au	O
brouillon	O
sur	O
une	O
feuille	O
volante	O
glissée	O
dans	O
le	O
premier	O
registre	O
de	O
1952.	O
L’une	O
des	O
questions	O
vise	O
manifestement	O
à	O
faire	O
correspondre	O
toutes	O
les	O
parties	O
d’un	O
poisson	O
aux	O
différents	O
éléments	O
d’un	O
grenier	O
dogon	O
afin	O
de	O
compléter	O
une	O
image	O
ou	O
une	O
équivalence	O
jusqu’alors	O
sans	O
queue	O
ni	O
tête,	O
ou	O
perçue	O
comme	O
telle	O
:	O
«	O
Le	O
grenier	O
est	O
un	O
poisson.	O
Où	O
est	O
la	O
tête,	O
la	O
queue	O
?	O
C’est	O
un	O
poisson	O
vertical	O
?	O
Entrer	U-PER
dans	O
le	O
grenier,	O
c’est	U-MISC
donc	O
entrer	O
dans	O
un	O
poisson.	O
»	O
Bien	O
entendu,	O
la	O
réponse	O
est	O
induite.	O
Pour	O
ne	O
pas	O
donner	O
l’impression	O
de	O
se	O
contredire,	O
l’informateur	O
interrogé	O
est	O
contraint	O
de	O
trouver	O
une	O
tête	O
et	O
une	O
queue	O
au	O
grenier.	O
C’est	O
là	O
le	O
piège	O
de	O
l’écrit,	O
surtout	O
lorsqu’il	O
fige	O
une	O
déclaration	O
conçue	O
comme	O
une	O
révélation	O
intangible	O
:	O
chaque	O
affirmation	O
notée	O
devient	O
une	O
vérité	O
définitive	O
qui	O
ne	O
peut	O
plus	O
être	O
remise	O
en	O
question	O
et	O
qui	O
exige	O
de	O
nouveaux	O
développements	O
allant	O
tous	O
dans	O
le	O
même	O
sens.	O
La	O
question	O
griffonnée	O
au	O
brouillon	O
dérive	O
elle-même	O
d’une	O
première	O
série	O
d’équivalences	O
algébriques	O
posées	O
grâce	O
à	O
des	O
symboles	O
mathématiques	O
:	O
«	O
Le	O
grenier	O
=	O
le	O
poisson.	O
La	O
porte	O
=	O
le	O
ventre.	O
La	O
clé	O
de	O
la	O
porte	O
=	O
la	O
clavicule	O
du	O
poisson	O
»	O
(registre	O
de	O
1952,	O
page	O
114).	O
Fréquemment	U-MISC
utilisé	O
par	O
Griaule	U-PER
,	O
ce	O
type	O
de	O
notation	O
–	O
qui	O
s’éloigne	O
là	O
encore	O
de	O
l’oral	O
–	U-ORG
a	O
des	O
conséquences	O
autant	O
sur	O
la	O
forme	O
que	O
sur	O
le	O
fond	O
:	O
il	O
transforme	O
en	O
effet	O
des	O
rapprochements	O
d’ordre	O
symbolique,	O
analogique	O
ou	O
métaphorique	O
en	O
équivalences	O
strictes,	O
et	O
des	O
énoncés	O
individuels	O
variables	O
en	O
axiomes,	O
d’une	O
exactitude	O
indiscutable.	O
Réduites	U-LOC
à	O
des	O
équations	O
mathématiques,	O
les	O
relations	O
établies	O
par	O
les	O
informateurs	O
entre	O
tel	O
ou	O
tel	O
élément	O
peuvent	O
dès	O
lors	O
être	O
organisées	O
en	O
système.	O
De	B-MISC
la	I-MISC
«	I-MISC
mentalité	I-MISC
prélogique	I-MISC
»	L-MISC
à	O
une	O
logique	O
bivalente	O
et	O
«	O
systémique	O
»	O
Les	O
études	O
préalables	O
de	O
Griaule	U-PER
en	O
mathématique,	O
son	O
expérience	O
militaire	O
d’observateur	O
aérien	O
et	O
sa	O
gestion	O
des	O
grandes	O
missions	O
ethnographiques	O
des	O
années	O
1930	O
ne	O
sont	O
probablement	O
pas	O
étrangères	O
à	O
sa	O
volonté	O
de	O
tout	O
ordonner,	O
classer,	O
quadriller,	O
numéroter	O
et	O
schématiser	O
graphiquement	O
Lors	B-MISC
de	I-MISC
la	I-MISC
mission	L-MISC
Dakar-Djibouti,	U-MISC
dirigée	O
par	O
Griaule,	U-PER
l’organisation	O
logistique	O
impose	O
de	O
tout	O
numéroter,	O
inventorier	O
et	O
ranger	O
afin	O
que	O
chaque	O
chose	O
soit	O
à	O
sa	O
place	O
à	O
l’intérieur	O
d’une	O
caisse,	O
d’un	O
camion,	O
d’une	O
tente	O
ou	O
d’un	O
fichier	O
(cf.	O
Jolly,	U-MISC
2007,	O
p.	O
894).	O
en	O
jonglant	O
avec	O
les	O
chiffres,	O
en	O
découpant	O
les	O
phrases,	O
en	O
construisant	O
des	O
tableaux,	O
en	O
«	O
dessinant	O
»	O
des	O
synthèses	O
et	O
en	O
usant	O
de	O
symboles	O
mathématiques.	O
Mais	O
au-delà	O
du	O
parcours	O
personnel	O
de	O
Griaule	U-PER
,	O
ces	O
procédés	O
s’expliquent	O
également	O
par	O
un	O
changement	O
de	O
contexte	O
et	O
d’objectif	O
scientifique.	O
Après	O
la	O
guerre,	O
la	O
tendance	O
n’est	O
plus	O
à	O
l’inventaire	O
exhaustif	O
des	O
sociétés	O
coloniales,	O
mais	O
à	O
la	O
valorisation	O
des	O
cultures,	O
des	O
mythologies	O
et	O
des	O
philosophies	O
africaines,	O
sur	O
fond	O
de	O
négritude.	O
Dans	O
les	O
travaux	O
de	O
Griaule	U-PER
et	O
de	O
Dieterlen	U-LOC
,	O
cela	O
se	O
traduit,	O
à	O
partir	O
de	O
1946,	O
par	O
une	O
inversion	O
du	O
point	O
de	O
vue	O
développé	O
jusqu’au	O
milieu	O
des	O
années	O
1930	O
par	O
Lucien	B-PER
Lévy-Bruhl	L-PER
,	O
l’un	O
des	O
fondateurs	O
de	O
l’Institut	O
d’ethnologie.	O
Au	O
lieu	O
de	O
chercher	O
à	O
définir	O
une	O
«	O
mentalité	O
primitive	O
»	O
et	O
«	O
prélogique	O
»	O
irréductible	O
à	O
la	O
pensée	O
occidentale,	O
les	O
deux	O
ethnologues	O
s’appliquent	O
au	O
contraire	O
à	O
démontrer	O
la	O
complexité	O
et	O
l’universalité	O
du	O
système	O
de	O
pensée	O
ou	O
de	O
la	O
cosmogonie	O
dogon	O
ou	O
bambara	O
Ce	O
renversement	O
de	O
perspective	O
est	O
d’ailleurs	O
souligné	O
par	O
Claude	B-PER
Lévi-Strauss	L-PER
(Lévi-Strauss,	O
1953,	O
p.	O
114).	O
,	O
comparables	O
selon	O
eux	O
aux	O
mythologies	O
grecque	O
ou	O
chrétienne.	O
Or,	U-ORG
en	O
visant	O
une	O
telle	O
comparaison,	O
ils	O
postulent	O
également	O
la	O
fixité	O
et	O
l’unité	O
ou	O
l’homogénéité	O
des	O
mythes	O
ou	O
des	O
taxinomies	O
dogon,	O
en	O
oubliant	O
que	O
l’oral	O
n’a	O
pas	O
les	O
mêmes	O
propriétés	O
que	O
l’écrit	O
et	O
autorise,	O
en	O
pays	O
dogon	O
comme	O
ailleurs,	O
de	O
multiples	O
variantes	O
et	O
variations.	O
Leur	U-LOC
objectif	O
et	O
leur	O
présupposé	O
les	O
conduisent	O
à	O
«	O
enregistrer	O
»	O
par	O
écrit	O
les	O
discours	O
de	O
leurs	O
informateurs	O
selon	O
une	O
logique	O
bivalente	O
et	O
«	O
systémique	O
».	B-MISC
Forcément	L-MISC
univoque,	O
chaque	O
énoncé	O
mythologique	O
ou	O
symbolique	O
va	O
occuper	O
une	O
place,	O
et	O
une	O
seule,	O
au	O
sein	O
d’un	O
inventaire	O
numéroté,	O
d’un	O
tableau,	O
d’un	O
dessin	O
ou	O
d’un	O
récit,	O
en	O
tant	O
qu’élément	O
d’un	O
système	O
ou	O
d’un	O
mythe	O
invariable	O
et	O
unique.	O
Dans	O
cette	O
configuration,	O
l’apparition	O
d’un	O
double	O
dénote	O
une	O
erreur	O
ou	O
un	O
niveau	O
de	O
savoir	O
différent,	O
tandis	O
que	O
la	O
présence	O
d’un	O
vide	O
ou	O
d’un	O
trou	O
correspond	O
nécessairement	O
à	O
une	O
lacune,	O
à	O
combler	O
au	O
plus	O
vite.	O
Entre	O
1926	O
et	O
1956,	O
la	O
méthode	O
de	O
notation	O
ethnographique	O
de	O
Griaule	U-LOC
évolue	O
ainsi	O
nettement	O
en	O
répondant	O
à	O
deux	O
logiques	O
successives	O
presque	O
opposées.	O
Avant	O
guerre,	O
Griaule	U-PER
dissocie	O
et	O
isole	O
les	O
informations	O
sur	O
des	O
fiches	O
indépendantes	O
afin	O
de	O
constituer,	O
sous	O
forme	O
de	O
fichier,	O
une	O
collection	O
documentaire	O
complète	O
et	O
ordonnée,	O
dans	O
une	O
perspective	O
archivistique	O
et	O
monographique.	O
En	O
revanche,	O
après	O
guerre,	O
il	O
met	O
en	O
ordre	O
ses	O
données	O
sur	O
des	O
feuillets	O
reliés	O
en	O
procédant	O
au	O
contraire	O
par	O
association	O
et	O
par	O
synthèse	O
afin	O
d’aboutir	O
concrètement	O
à	O
des	O
mythes,	O
des	O
systèmes	O
ou	O
des	O
graphies	O
complexes,	O
homogènes	O
et	O
en	O
tout	O
point	O
admirables,	O
sur	O
un	O
plan	O
intellectuel,	O
philosophique,	O
littéraire	O
ou	O
esthétique.	O
Après	B-MISC
les	I-MISC
performances	I-MISC
et	I-MISC
les	I-MISC
collectes	I-MISC
massives	I-MISC
des	I-MISC
années	L-MISC
1930,	O
Griaule	U-PER
est	O
en	O
effet	O
en	O
quête	O
de	O
«	O
superbes	O
»	O
résultats,	O
plus	O
qualitatifs	O
que	O
quantitatifs,	O
et	O
de	O
nature	O
à	O
la	O
fois	O
littéraire,	O
graphique	O
et	O
ethnographique.	O
En	O
définitive,	O
en	O
dépit	O
de	O
leur	O
nette	O
évolution	O
sur	O
trois	O
décennies,	O
les	O
notes	O
de	O
terrain	O
de	O
Griaule	U-PER
visent	O
toujours	O
à	O
décrire	O
ou	O
à	O
dépeindre	O
l’ensemble	O
d’une	O
société,	O
mais	O
sous	O
trois	O
formes	O
différentes	O
:	O
monographies	O
exhaustives,	O
tableaux	O
rigides	O
ou	O
fresques	O
somptueuses.	O
Sa	B-MISC
mise	I-MISC
en	I-MISC
ordre	I-MISC
des	I-MISC
données	L-MISC
est	O
également	O
indissociable	O
de	O
sa	O
vision	O
relativement	O
stable	O
des	O
populations	O
qu’il	O
étudie	O
Ce	O
lien	O
n’a	O
évidemment	O
rien	O
d’étonnant	O
puisque	O
les	O
notes	O
de	O
terrain	O
sont,	O
à	O
l’époque,	U-LOC
un	O
moyen	O
de	O
penser	O
les	O
cultures	O
des	O
autres,	O
comme	O
l’écrit	O
George	B-PER
Bond	L-PER
(Bond,	O
1990,	O
p.	O
288).	O
.	O
De	O
1926	O
à	O
1956,	O
Griaule	U-PER
perçoit	O
idéalement	O
ces	O
sociétés	O
comme	O
des	O
ensembles	O
harmonieux,	O
homogènes	O
et	O
figés,	O
à	O
l’intérieur	O
desquels	O
tout	O
est	O
ordonné	O
de	O
façon	O
définitive,	O
du	O
mythe	O
à	O
l’organisation	O
sociale,	O
ou	O
de	O
l’objet	O
au	O
signe	O
ésotérique.	O
Au	O
sein	O
de	O
cet	O
ensemble,	O
chaque	O
élément	O
a	O
bien	O
sûr	O
une	O
place	O
et	O
une	O
signification	O
uniques	O
aux	O
yeux	O
de	O
Griaule	U-LOC
,	O
et	O
cela	O
l’autorise	O
à	O
mettre	O
en	O
ordre	O
ses	O
données	O
de	O
façon	O
à	O
restituer	O
cette	O
utopie,	O
d’abord	O
en	O
les	O
redistribuant	O
dans	O
un	O
fichier	O
thématique,	O
puis	O
en	O
les	O
classant	O
dans	O
des	O
tableaux	O
ou	O
dans	O
des	O
inventaires	O
numérotés.	O
Dans	O
Penser/classer,	O
Georges	B-PER
Perec	L-PER
écrivait	O
:	O
«	O
derrière	O
toute	O
utopie,	O
il	O
y	O
a	O
un	O
grand	O
dessein	O
taxinomique	O
:	O
une	O
place	O
pour	O
chaque	O
chose	O
et	O
chaque	O
chose	O
à	O
sa	O
place	B-MISC
Cf.	I-MISC
Perec,	L-MISC
2003,	O
p.	O
153.	O
».	B-MISC
Or,	L-MISC
une	O
telle	O
formule	O
s’applique	O
parfaitement	O
à	O
l’ensemble	O
du	O
travail	O
de	O
Griaule	U-PER
,	O
de	O
ses	O
notes	O
de	O
terrain	O
à	O
ses	O
publications.	O
Il	O
reste	O
simplement	O
à	O
ajouter	O
que	O
cette	O
utopie,	O
partagée	O
à	O
l’époque	O
par	O
un	O
grand	O
nombre	O
de	O
ses	O
collègues,	O
le	O
pousse	O
non	O
seulement	O
à	O
tout	O
ordonner,	O
mais	O
aussi	O
à	O
imaginer	O
des	O
fictions	O
littéraires	O
et	O
graphiques.	O
Pour	B-MISC
rendre	I-MISC
compte	I-MISC
de	I-MISC
sociétés	I-MISC
idéales,	L-MISC
et	O
a	O
fortiori	O
pour	O
les	O
valoriser,	O
il	O
est	O
en	O
effet	O
tentant	O
de	O
construire	O
de	O
merveilleux	O
récits,	O
illustrés	O
de	O
dessins	O
exemplaires,	O
en	O
allant	O
ainsi	O
à	O
l’encontre	O
des	O
clichés	O
occidentaux	O
les	O
plus	O
péjoratifs.	O
Et	O
cette	O
tentation	O
est	O
encore	O
plus	O
forte,	O
bien	O
sûr,	O
si	O
le	O
chercheur	O
a	O
un	O
penchant	O
pour	O
les	O
beaux	O
dessins,	O
les	O
formules	O
saillantes	O
et	O
les	O
narrations	O
colorées,	O
dialogiques	O
et	O
mythologiques.	O
Bibliographie	B-MISC
Bond,	I-MISC
1990	L-MISC
:	O
George	B-PER
C.	I-PER
Bond,	L-PER
«	O
Fieldnotes	B-MISC
:	I-MISC
Research	I-MISC
in	I-MISC
Past	I-MISC
Occurrences	I-MISC
»,	I-MISC
in	L-MISC
Roger	B-PER
Sanjek	L-PER
(éd.),	O
Fieldnotes.	U-MISC
The	O
Makings	O
of	O
Anthropology,	O
Ithaca,	O
p.	O
273-289.	O
Doquet,	B-MISC
1999	L-MISC
:	O
Anne	B-PER
Doquet,	L-PER
Les	O
Masques	U-MISC
dogon.	O
Ethnologie	O
d’une	O
société	O
savante	O
et	O
ethnologie	O
autochtone,	O
Paris.	U-PER
Goody,	O
1979	O
:	O
Jack	B-PER
Goody,	L-PER
La	O
Raison	O
graphique.	O
La	O
domestication	O
de	O
la	O
pensée	O
sauvage,	O
Paris.	U-PER
Griaule,	O
1933	O
:	O
Marcel	B-PER
Griaule,	L-PER
«	O
Introduction	U-MISC
méthodologique	O
»,	B-MISC
Minotaure,	L-MISC
2,	O
p.	O
7-12.	O
Griaule,	U-LOC
1948	O
:	O
M.	O
Griaule,	O
Dieu	O
d’eau.	O
Entretiens	O
avec	O
Ogotemmêli,	B-ORG
Paris.	L-ORG
Griaule,	O
1957	O
:	O
M.	O
Griaule,	O
Méthode	O
de	O
l’ethnographie,	B-PER
Paris.	L-PER
Griaule	O
et	O
Dieterlen,	U-PER
1950	O
:	O
Marcel	B-PER
Griaule	L-PER
et	O
Germaine	B-PER
Dieterlen,	L-PER
«	O
La	O
harpe-luth	O
des	O
Dogon	B-MISC
»,	I-MISC
Journal	I-MISC
de	I-MISC
la	I-MISC
société	I-MISC
des	I-MISC
africanistes,	L-MISC
XX,	U-MISC
p.	O
209-228.	O
Jamin,	O
1982	O
:	O
Jean	B-PER
Jamin,	L-PER
«	O
Objets	U-LOC
trouvés	O
des	O
paradis	O
perdus	O
(à	O
propos	O
de	O
la	O
mission	O
Dakar-Djibouti)	B-MISC
»,	I-MISC
in	I-MISC
J.	I-MISC
Hainard	L-MISC
et	O
R.	B-PER
Kaehr	L-PER
(éd.),	O
Collection	B-MISC
passion,	I-MISC
Neuchâtel,	L-MISC
p.	O
69-100.	O
Jolly,	O
2001/2002	O
:	O
Éric	B-PER
Jolly,	L-PER
«	O
Du	B-MISC
fichier	I-MISC
ethnographique	L-MISC
au	O
fichier	O
informatique.	O
Le	O
fonds	O
Marcel	B-PER
Griaule	L-PER
et	O
le	O
classement	O
des	O
notes	O
de	O
terrain	O
»,	B-LOC
Gradhiva,	L-LOC
30/31,	O
p.	O
81-103.	O
Jolly,	O
2007	O
:	O
É.	O
Jolly,	O
«	O
La	B-MISC
mission	I-MISC
ethnographique	L-MISC
Dakar-Djibouti	U-LOC
:	O
collecte	O
itinérante	O
et	O
maîtrise	O
du	O
terrain	O
»,	U-PER
in	O
Christian	O
Jacob	O
(dir.),	O
Lieux	U-LOC
de	O
savoir.	O
Espaces	U-MISC
et	O
communautés,	O
Paris,	U-PER
p.	O
875-896.	O
Lévi-Strauss,	B-MISC
1953	L-MISC
:	O
Claude	B-PER
Lévi-Strauss,	L-PER
«	O
Panorama	B-PER
de	I-PER
l’ethnologie	L-PER
(1950-1952)	O
»,	B-LOC
Diogène,	L-LOC
2,	O
p.	O
96-123.	O
Mercier,	U-ORG
1993	O
:	O
Jacques	B-PER
Mercier,	L-PER
«	O
Rencontres,	O
fiches	O
et	O
savoir.	O
Le	O
butin	O
des	O
zar	O
»,	B-LOC
Gradhiva,	L-LOC
14,	O
p.	O
41-50.	O
Perec,	O
2003	O
:	O
Georges	B-PER
Perec,	L-PER
Penser/classer	O
1985	O
,	O
Paris.	U-PER
