Une	O
conférencière	O
vient	O
d’analyser	O
les	O
explications	O
antiques	O
d’un	O
épisode	O
célèbre	O
de	O
l’Iliade	O
;	O
un	O
spécialiste	O
de	O
rhétorique	O
l’interroge	O
sur	O
une	O
scholie	O
qu’elle	O
a	O
traduite	O
:	O
selon	O
le	O
commentateur,	O
les	O
Siciliens	B-ORG
Corax	L-ORG
et	O
Tisias	U-PER
auraient	O
«	O
orné	O
»	O
l’art	O
de	O
la	O
parole.	O
Ne	O
l’ont-ils	O
pas	O
plutôt	O
«	O
ordonné	O
»	O
et	O
institué,	O
comme	O
le	O
veut	O
la	O
tradition	O
?	O
Le	O
verbe	O
grec	O
qui	O
figure	O
dans	O
le	O
texte,	O
kosmeô	O
,	O
peut	O
avoir	O
les	O
deux	O
sens.	O
Pendant	O
la	O
discussion,	O
un	O
auditeur	O
ouvre	O
son	O
ordinateur	O
portable.	O
Il	O
commence	O
par	O
y	O
contrôler	O
l’article	O
du	O
dictionnaire	O
de	O
référence.	O
Mais	O
il	O
s’agit	O
en	O
l’occurrence	O
d’une	O
forme	O
peu	O
habituelle,	O
ek-kosmeô	O
,	O
qui	O
n’y	O
est	O
pas	O
répertoriée.	O
Une	B-MISC
rapide	I-MISC
recherche	I-MISC
lui	I-MISC
permet	I-MISC
de	I-MISC
préciser	L-MISC
que	O
le	O
verbe	O
ne	O
se	O
rencontre	O
pourvu	O
de	O
ce	O
préfixe	O
que	O
dans	O
quatre	O
textes.	O
Un	B-MISC
auteur	I-MISC
du	I-MISC
ii	I-MISC
e	I-MISC
siècle	I-MISC
de	I-MISC
notre	L-MISC
ère	O
évoque	O
les	O
inscriptions	O
qui	O
«	O
ornent	O
»	O
un	O
temple	O
de	O
Delphes	U-LOC
;	O
quelques	O
siècles	O
plus	O
tard,	O
sa	O
remarque	O
est	O
glosée	O
par	O
deux	O
érudits	O
anonymes.	O
Le	B-MISC
quatrième	I-MISC
emploi	L-MISC
connu	O
figure	O
dans	O
le	O
texte	O
examiné	O
Scholies	U-LOC
à	O
l’Iliade,	O
IX,	U-MISC
443	O
(T).	O
.	O
En	O
prétendant	O
qu’	B-PER
Homère	L-PER
connaissait	O
à	O
la	O
fois	O
le	O
nom	O
et	O
l’art	O
de	O
la	O
rhétorique,	O
le	O
scholiaste	O
affirme	O
que	O
les	O
fondateurs	O
n’ont	O
fait	O
que	O
perfectionner	O
une	O
invention	O
antérieure.	O
Si	O
l’on	O
admet	O
qu’il	O
tente	O
de	O
concilier	O
une	O
information	O
attendue	O
avec	O
ce	O
qu’il	O
considère	O
comme	O
le	O
témoignage	O
du	O
poète,	O
les	O
deux	O
interprétations	O
sont	O
envisageables	O
:	O
soit	O
les	O
premiers	O
techniciens	O
ont	O
conféré	O
une	O
belle	O
apparence	O
à	O
ce	O
qui	O
existait	O
longtemps	O
avant	O
eux,	O
soit	O
ils	O
ont	O
organisé	O
un	O
ensemble	O
de	O
pratiques	O
et	O
de	O
savoirs.	O
Ce	O
ne	O
sont	O
pas	O
des	O
passages	O
parallèles	O
ni	O
les	O
autres	O
emplois	O
du	O
terme	O
qui	O
autoriseront	O
à	O
faire	O
la	O
part	O
de	O
la	O
logique	O
singulière	O
du	O
passage	O
et	O
celle	O
de	O
la	O
culture	O
commune	O
aux	O
savants	O
grecs.	O
Cependant,	O
il	O
faut	O
avoir	O
observé	O
les	O
usages	O
du	O
mot	O
dans	O
les	O
textes	O
qui	O
sont	O
parvenus	O
jusqu’à	O
nous	O
pour	O
faire	O
des	O
hypothèses	O
en	O
connaissance	O
de	O
cause,	O
proposer	O
une	O
traduction	O
du	O
commentaire	O
et	O
compléter	O
la	O
description	O
de	O
cette	O
langue	O
éteinte.	O
Cette	O
scène	O
de	O
la	O
vie	O
scientifique	O
ne	O
relève	O
pas	O
de	O
la	O
fiction.	O
Au	O
moyen	O
d’ordinateurs	O
de	O
plus	O
en	O
plus	O
portatifs	O
et	O
de	O
moins	O
en	O
moins	O
coûteux,	O
les	O
hellénistes	O
accèdent	O
à	O
un	O
gigantesque	O
corpus	O
en	O
cours	O
de	O
constitution	O
depuis	O
les	O
années	O
1970,	O
dont	O
les	O
millions	O
de	O
mots	O
sont	O
désormais	O
reliés	O
aux	O
entrées	O
du	O
Greek-English	U-ORG
Lexicon	O
publié	O
par	O
Liddell	U-PER
et	O
Scott	U-PER
en	O
1843.	O
Ce	O
corpus	O
est	O
le	O
Thesaurus	U-MISC
Linguae	B-PER
Graecae	L-PER
(TLG).	O
Présenter	O
cet	O
outil	O
fondamental,	O
l’histoire	O
dans	O
laquelle	O
il	O
s’inscrit	O
et	O
les	O
usages	O
qui	O
en	O
sont	O
faits,	O
ce	O
n’est	O
pas	O
fournir	O
un	O
mode	O
d’emploi	O
ou	O
un	O
compte	O
rendu	O
–	O
du	O
reste,	O
nous	O
n’avons	O
pas	O
affaire	O
à	O
un	O
logiciel,	O
mais	O
avant	O
tout	O
à	O
une	O
base	O
de	O
données,	O
devenue	O
«	O
bibliothèque	O
numérique	O
»	O
à	O
l’ère	O
du	O
réseau	O
mondial.	O
C’est	O
bien	O
plutôt	O
explorer	O
un	O
«	O
lieu	O
»	O
emblématique	O
des	O
transformations	O
de	O
la	O
philologie	O
:	O
en	O
réfléchissant	O
au	O
maniement	O
de	O
la	O
bibliothèque	O
grecque,	O
on	O
discerne	O
les	O
problèmes	O
et	O
les	O
promesses	O
de	O
la	O
science	O
des	O
textes	O
la	O
plus	O
contemporaine.	O
L’inventaire	O
du	O
trésor	O
:	O
jadis,	O
naguère	O
et	O
aujourd’hui	O
Le	O
fait	O
que	O
les	O
études	O
anciennes	O
aient	O
bénéficié	O
très	O
tôt	O
du	O
développement	O
des	O
technologies	O
informatiques	O
est	O
assurément	O
dû	O
à	O
l’importance	O
des	O
cultures	O
latine	O
et	O
grecque	O
dans	O
le	O
monde	O
occidental	O
et	O
à	O
leur	O
place	O
dans	O
l’éducation,	O
dans	O
l’enseignement	O
universitaire	O
et	O
dans	O
la	O
recherche.	O
Ce	O
sentiment	O
d’une	O
valeur	O
particulière,	O
longtemps	O
entretenu	O
par	O
les	O
institutions,	O
avait	O
en	O
outre	O
favorisé	O
une	O
exploitation	O
aussi	O
intensive	O
qu’extensive	O
de	O
la	O
littérature	O
classique.	O
Non	O
seulement	O
le	O
champ	O
était	O
prêt	O
à	O
fournir	O
aux	O
machines	O
des	O
informations	O
relativement	O
fiables	O
et	O
complètes,	O
mais	O
l’inventaire	O
du	O
«	O
trésor	O
»	O
et	O
le	O
repérage	O
des	O
textes	O
avaient	O
été	O
conduits	O
d’une	O
façon	O
extrêmement	O
précise	O
depuis	O
la	O
Renaissance.	U-LOC
Aux	O
xix	O
e	O
et	O
xx	O
e	O
siècles,	O
les	O
textes	O
canoniques	O
avaient	O
déjà	O
fait	O
l’objet	O
de	O
plusieurs	O
éditions,	O
fondées	O
sur	O
les	O
manuscrits	O
et	O
sur	O
les	O
corrections	O
savantes.	O
Pour	B-MISC
les	I-MISC
spécialistes	I-MISC
des	I-MISC
langues,	I-MISC
des	I-MISC
littératures,	I-MISC
des	I-MISC
sociétés	I-MISC
et	I-MISC
des	I-MISC
monuments,	I-MISC
les	I-MISC
conventions	I-MISC
de	I-MISC
référence	L-MISC
étaient	O
si	O
fermement	O
établies	O
qu’elles	O
possédaient	O
l’efficacité	O
d’un	O
cadastre,	O
au	O
sein	O
d’une	O
«	O
science	O
de	O
l’Antiquité	O
»	O
hautement	O
organisée.	O
Éditions	B-MISC
des	I-MISC
sources,	L-MISC
traductions,	O
commentaires,	O
études,	O
lexiques,	O
concordances	O
et	O
encyclopédies	O
:	O
une	O
longue	O
tradition	O
avait	O
accumulé	O
dans	O
les	O
bibliothèques	O
des	O
documents	O
de	O
divers	O
niveaux	O
qui	O
visaient	O
à	O
transmettre	O
les	O
matériaux	O
culturels	O
hérités,	O
mais	O
aussi	O
à	O
fonder	O
leur	O
interprétation.	O
Il	O
fallait	O
les	O
mettre	O
en	O
relation,	O
d’une	O
façon	O
critique,	O
selon	O
des	O
protocoles	O
de	O
citation	O
et	O
de	O
renvoi	O
ouvrant	O
la	O
possibilité	O
d’un	O
contrôle	O
par	O
les	O
lecteurs	O
instruits	O
et	O
par	O
les	O
pairs.	O
En	B-MISC
d’autres	I-MISC
termes,	I-MISC
un	I-MISC
vaste	I-MISC
ensemble	I-MISC
de	I-MISC
données	I-MISC
et	I-MISC
de	I-MISC
métadonnées	L-MISC
avait	O
été	O
élaboré	O
pour	O
l’étude	O
du	O
monde	O
antique.	O
Pour	O
resituer	O
pleinement	O
le	O
Thesaurus	B-MISC
Linguae	L-MISC
Graecae,	O
ce	O
«	O
trésor	O
de	O
la	O
langue	O
grecque	O
»,	U-PER
dans	O
l’évolution	O
des	O
pratiques	O
savantes,	O
il	O
faudrait	O
construire	O
une	O
perspective	O
dont	O
on	O
cherche	O
encore	O
le	O
lieu	O
et	O
la	O
formule.	O
Cette	O
histoire	O
ne	O
saurait	O
se	O
résumer	O
à	O
une	O
chronologie.	O
Le	O
défi	O
est	O
de	O
comprendre	O
la	O
dynamique	O
des	O
sciences	O
de	O
l’Antiquité	O
modernes	O
au	O
sein	O
du	O
mouvement	O
des	O
«	O
humanités	O
numériques	O
»,	U-MISC
que	O
l’on	O
peut	O
considérer	O
comme	O
l’application	O
de	O
l’informatique	O
aux	O
sciences	O
de	O
la	O
culture.	O
Si	O
cette	O
discipline	O
en	O
devenir	O
–	O
parfois	O
désignée	O
comme	O
une	O
«	O
interdiscipline	O
»	O
ou	O
une	O
«	O
transdiscipline	O
»	O
–	O
s’institutionnalise	O
à	O
grande	O
vitesse	O
depuis	O
les	O
années	O
1990,	O
c’est	U-MISC
à	O
partir	O
du	O
milieu	O
du	O
xx	O
e	O
siècle	O
qu’elle	O
s’est	O
constituée	O
et	O
il	O
est	O
évident	O
qu’elle	O
plonge	O
ses	O
racines	O
dans	O
une	O
(pré)histoire	O
longue	O
et	O
complexe	O
Willard	B-PER
McCarty,	L-PER
auteur	O
de	O
la	O
première	O
grande	O
réflexion	O
sur	O
ce	O
qu’il	O
nomme	O
humanities	O
computing	O
(McCarty,	O
2005	O
;	O
voir	O
aussi	O
McCarty,	O
2003),	O
a	O
mis	O
en	O
chantier	O
une	O
étude	O
des	O
relations	O
compliquées	O
qu’ont	O
entretenues	O
l’informatique	O
et	O
la	O
littérature.	O
En	B-MISC
ce	I-MISC
qui	I-MISC
concerne	I-MISC
les	L-MISC
Classics,	U-MISC
on	O
peut	O
se	O
référer	O
à	O
un	O
article	O
de	O
Theodore	B-PER
Brunner,	L-PER
qui	O
fut	O
le	O
directeur	O
du	O
TLG	U-MISC
pendant	O
un	O
quart	O
de	O
siècle	O
:	O
Brunner,	O
1993.	O
.	O
Il	O
suffira	O
de	O
s’interroger	O
sur	O
le	O
nom	O
anglo-latin	O
du	O
TLG	U-MISC
pour	O
apercevoir	O
certains	O
problèmes	O
cruciaux.	O
À	O
travers	O
trois	O
textes	O
représentant	O
ici	O
trois	O
âges	O
de	O
la	O
philologie,	O
nous	O
préciserons	O
l’origine	O
et	O
la	O
portée	O
de	O
la	O
métaphore	O
qui	O
fait	O
d’une	O
«	O
langue	O
»	O
un	O
«	O
trésor	O
».	B-MISC
Commençons	L-MISC
par	O
lire	O
un	O
article	O
de	O
dictionnaire	O
qui	O
servira	O
notre	O
propos	O
L’orthographe	O
et	O
la	O
présentation	O
originales	O
des	O
sources	O
sont	O
respectées.	O
Les	O
lecteurs	O
qui	O
ne	O
sont	O
pas	O
familiers	O
avec	O
le	O
latin	O
et	O
le	O
grec	O
n’en	O
percevront	O
que	O
plus	O
rapidement	O
les	O
structures,	O
qui	O
sont	O
l’objet	O
de	O
nos	O
remarques.	O
:	O
THESAURUS,	O
THÉSAURUS,	O
subst.	O
masc.	O
A.	O
–	B-ORG
LING.	L-ORG
Lexique	O
de	O
philologie	O
ou	O
d’archéologie	O
;	O
dictionnaire	O
renfermant	O
le	O
vocabulaire	O
aussi	O
complet	O
que	O
possible	O
d’une	O
langue	O
ancienne.	O
Synon.	U-PER
trésor.	O
Thésaurus	U-PER
de	O
la	O
langue	O
latine.	O
P.	U-PER
métaph.	O
Cette	O
institution	O
mal	O
connue	O
[l’internat	O
des	O
hôpitaux]	O
(…)	O
permet	O
à	O
une	O
élite	O
de	O
jeunes	O
gens	O
(…)	O
d’acquérir	O
un	O
incomparable	O
«	O
thesaurus	O
»	O
organique,	O
clinique,	O
thérapeutique	O
et,	U-MISC
au	O
bout	O
du	O
compte,	O
philosophique	O
(L.	O
Daudet,	B-MISC
Dev.	L-MISC
douleur,	O
1931,	O
p.	O
6).	O
B.	O
–	B-ORG
DOCUMENTOL.	L-ORG
«	O
Langage	U-PER
documentaire	O
fondé	O
sur	O
une	O
structuration	O
hiérarchisée	O
d’un	O
ou	O
plusieurs	O
domaines	O
de	O
la	O
connaissance	O
et	O
dans	O
lequel	O
les	O
notions	O
sont	O
représentées	O
par	O
des	O
termes	O
d’une	O
ou	O
plusieurs	O
langues	O
naturelles	O
et	O
les	O
relations	O
entre	O
notions	O
par	O
des	O
signes	O
conventionnels	O
»	O
(Documentation	O
1985).	O
Thesaurus	U-MISC
de	O
linguistique,	O
de	O
médecine	O
;	O
thesaurus	O
documentaire	O
en	O
sociologie	O
;	O
thesaurus	O
de	O
l’armement.	O
Au	O
moment	O
de	O
l’indexation	O
des	O
documents,	O
les	O
mots-clés	O
sont	O
choisis	O
d’après	O
un	O
thesaurus	O
hiérarchisé	O
(…)	O
qui	O
fait	O
l’objet	O
de	O
refontes	O
successives	O
(Funck,	O
Moureau,	U-MISC
dans	O
B.	B-MISC
Bibl.	I-MISC
Fr.,	L-MISC
t.	O
11,	O
1968,	O
p.	O
343).	O
Prononc.	U-PER
:	O
[tezͻ	O
rys].	O
Étymol.	U-PER
et	O
Hist.	B-MISC
1.	I-MISC
1904	L-MISC
«	O
Recueil,	U-PER
lexique	O
de	O
philologie	O
ou	O
d’archéologie	O
;	O
dictionnaire	O
exhaustif	O
»	O
(Nouv.	O
Lar.	O
ill.)	O
;	O
2.	O
1962	O
docum.	O
(B.	O
C.	O
Vickery,	O
Techn.	O
mod.	O
de	O
docum.	O
[trad.	O
de	O
l’angl.],	O
Paris,	U-LOC
p.	O
22)	O
;	O
1964	O
(Cros-Gardin).	O
1	O
empr.	O
au	O
lat.	O
thesaurus,	O
gr.	O
θησαυρός	O
(v.	O
trésor),	O
empl.	O
comme	O
titre	O
de	O
lex.	O
(R.	O
Estienne,	B-ORG
Dictionarium	L-ORG
seu	O
Latinae	B-ORG
linguae	L-ORG
thesaurus,	O
1531	O
;	O
H.	O
Estienne,	O
Thesaurus	O
graecae	O
linguae,	O
1572)	U-MISC
;	O
2	O
prob.	O
empr.	O
à	O
l’angl.	O
thesaurus	O
«	O
liste	O
de	O
mots	O
ou	O
de	O
concepts	O
classés	O
d’après	O
leur	O
sens	O
»	O
(1852	O
dans	O
NED	B-LOC
Suppl.2),	L-LOC
puis	O
terme	O
de	O
docum.	O
(1957,	O
ibid.),	U-PER
de	O
même	O
orig.	O
que	O
1.	B-MISC
Trésor	L-MISC
de	O
la	O
langue	O
française	O
(1971-1994)	O
Dendien,	B-PER
Pierrel	L-PER
et	O
Quemada,	O
2004	O
(TLFi),	O
version	O
informatisée	O
de	O
Imbs	U-LOC
et	O
Quemada,	O
1971-1994	O
(TLF).	O
.	O
Ce	O
Trésor	U-PER
est	O
l’aboutissement	O
de	O
la	O
plus	O
grande	O
entreprise	O
lexicographique	O
du	O
siècle	O
dernier	O
pour	O
ce	O
qui	O
concerne	O
le	O
français.	O
La	O
structure	O
de	O
l’entrée	O
nous	O
est	O
familière.	O
Deux	O
sens	O
du	O
mot	O
vedette	O
sont	O
distingués	O
par	O
leur	O
domaine	O
d’origine,	O
la	O
«	O
linguistique	O
»	O
et	O
la	O
«	O
documentologie	O
».	U-ORG
Les	O
définitions	O
sont	O
suivies	O
d’exemples,	O
qui	O
sont	O
soit	O
des	O
syntagmes	O
typiques,	O
soit	O
des	O
emplois	O
contenus	O
dans	O
des	O
citations.	O
Les	O
dates	O
des	O
extraits	O
signalent	O
l’antériorité	O
du	O
sens	O
A,	U-LOC
aspect	O
développé	O
dans	O
une	O
rubrique	O
finale	O
consacrée	O
à	O
l’«	O
étymologie	O
»	O
et	O
à	O
l’«	O
histoire	O
»	O
du	O
mot.	O
Quoique	O
souvent	O
abrégées,	O
les	O
références	O
bibliographiques	O
suivent	O
un	O
format	O
standard,	O
où	O
la	O
séquence	O
maximale	O
d’informations	O
comporte	O
auteur,	O
titre,	O
lieu,	O
date,	O
tomaison	O
et	O
numéro	O
de	O
page.	O
Un	B-MISC
tel	I-MISC
degré	I-MISC
de	I-MISC
précision	L-MISC
ne	O
s’explique	O
pas	O
seulement	O
par	O
les	O
exigences	O
scientifiques	O
des	O
dictionnaires	O
contemporains.	O
Il	O
découle	O
d’un	O
processus	O
de	O
composition,	O
car	O
les	O
rédacteurs	O
du	O
TLF	U-MISC
se	O
sont	O
fondés	O
sur	O
les	O
2	O
600	O
textes	O
des	O
xix	O
e	O
et	O
xx	O
e	O
siècle	O
que	O
la	O
base	O
informatique	O
Frantext	U-ORG
comprenait	O
dans	O
sa	O
première	O
version.	O
Entièrement	B-MISC
indexé,	I-MISC
ce	I-MISC
corpus	I-MISC
de	I-MISC
textes	I-MISC
littéraires	L-MISC
et	O
non	O
littéraires	O
assortit	O
en	O
outre	O
de	O
repères	O
statistiques	O
un	O
grand	O
nombre	O
de	O
notices.	O
Peut-être	U-LOC
le	O
mot	O
«	O
thésaurus	O
»	O
est-il	O
trop	O
rare	O
pour	O
que	O
les	O
données	O
soient	O
pertinentes	O
;	O
pour	O
son	O
synonyme	O
«	O
trésor	O
»,	U-LOC
par	O
exemple,	O
nous	O
disposons	O
d’une	O
fréquence	O
absolue	O
globale	O
et	O
de	O
fréquences	O
relatives	O
par	O
demi-siècle.	O
Quant	B-MISC
à	I-MISC
l’évolution	I-MISC
du	I-MISC
terme,	L-MISC
retenons	O
que	O
le	O
sens	O
premier	O
de	O
dictionnaire	O
des	O
langues	O
anciennes	O
–	U-ORG
ou,	O
pour	O
l’archéologie,	O
de	O
dictionnaire	O
encyclopédique	O
–	O
s’est	O
infléchi	O
dans	O
deux	O
directions,	O
en	O
abandonnant	O
la	O
référence	O
à	O
l’Antiquité	O
:	O
l’exhaustivité	O
est	O
devenue	O
le	O
trait	O
central	O
de	O
«	O
thésaurus	O
»,	U-PER
tandis	O
que	O
le	O
sens	O
documentaire	O
plus	O
récent	O
repose	O
sur	O
l’idée	O
d’une	O
organisation	O
conceptuelle	O
des	O
lexèmes	O
au	O
sein	O
d’un	O
répertoire	O
de	O
mots	O
clés	O
Ce	O
thésaurus	O
conçu	O
comme	O
une	O
hiérarchie	O
de	O
notions	O
est	O
à	O
rapprocher	O
de	O
l’usage	O
actuel	O
du	O
mot	O
«	O
ontologie	O
»	O
en	O
informatique.	O
Dans	B-MISC
les	I-MISC
deux	I-MISC
cas,	I-MISC
c’est	L-MISC
la	O
langue	O
anglaise	O
qui	O
introduit	O
des	O
innovations	O
sémantiques	O
reflétant	O
les	O
transformations	O
des	O
technologies	O
de	O
la	O
connaissance.	O
.	O
Cependant,	O
la	O
fortune	O
de	O
ce	O
mot	O
technique	O
dans	O
les	O
langues	O
européennes	O
est	O
intimement	O
liée	O
à	O
l’étude	O
des	O
textes	O
anciens	O
:	O
calquant	O
l’usage	O
du	O
français	O
«	O
trésor	O
»,	U-LOC
employé	O
avec	O
cette	O
valeur	O
depuis	O
le	O
xiii	O
e	O
siècle,	O
l’humaniste	O
Robert	B-PER
Estienne	L-PER
a	O
emprunté	O
le	O
latin	O
thesaurus	O
pour	O
nommer	O
son	O
dictionnaire	O
de	O
la	O
langue	O
latine	O
Estienne,	O
1531.	O
.	O
À	O
la	O
génération	O
suivante,	O
son	O
fils	O
Henri	U-PER
est	O
l’auteur	O
du	O
plus	O
célèbre	O
des	O
dictionnaires	O
grec-latin,	O
qui	O
reprend	O
le	O
titre	O
de	O
Thesaurus.	U-LOC
En	O
voici	O
l’article	O
θησαυρός	O
(thêsauros),	O
«	O
trésor	O
»	O
:	O
Θησαυρὸς,	O
οῦ,	O
ὁ,	O
idem	O
quod	O
θήκη,	B-MISC
Repositorium,	I-MISC
Conditorium	L-MISC
:	O
Locus	B-MISC
in	L-MISC
quo	O
congestæ	O
opes	O
reponuntur	O
&amp;	O
conduntur,	O
ut	O
cellæ	O
granariæ	O
&amp;	U-LOC
ærariæ.	O
Poll.	U-MISC
libro	O
9,	U-MISC
καὶ	O
θησαυροὶ	O
καὶ	O
ταµιεῖα,	O
ἵνα	O
τὰ	O
χρήµατα	O
καὶ	O
οἱ	O
πυροὶ	O
ἔκειντο.	O
Aristot.	U-PER
Œconom.	O
1,	O
τούς	O
θησαυροùς	O
τοùς	O
παρὰ	O
τὰς	O
ὁδοùς	O
τὰς	O
βασιλικὰς	O
ἀναπληροῦν	O
ἐκέλευε.	O
Et	O
mox,	O
ἐπώλει	O
τὰ	O
ἐκ	O
τῶν	O
θησαυρῶν.	O
Sic	O
Joseph.	O
κατασκευάσας	O
θησαυρὸν	O
καὶ	O
κλείσας	O
παντα-	O
χόθεν	O
ὀπὴν	O
ἐν	O
αὐτῷ	O
µίαν	O
ἤνοιξεν,	O
Ærarium,	B-PER
Pecuniarum	L-PER
repositorium	O
seu	O
conditorium.	O
Et	O
Plutarch.	U-PER
ἐκέλευσεν	O
αὐτῷ	O
τούς	O
θησαυροùς	O
ἀνοtξαι	O
τῶν	O
χρηµάτων.	O
Vbi	U-MISC
nota	O
additum	O
genitiuum,	O
omissum	O
in	O
locis	O
præcedentibus.	O
Idem	U-LOC
in	O
lib.	O
De	B-MISC
solert.	I-MISC
anim.	I-MISC
γνωρίσασα	I-MISC
τὸν	I-MISC
ἑαυτῆς	I-MISC
ἑκάστη	I-MISC
θησαυρόν,	L-MISC
ὡς	O
οùδεὶς	O
χρυσίου	O
θήκην	O
ἄνθρωπος,	O
ἀσµένως	O
ἀνοίγει	O
καὶ	O
προθύµως.	O
[…]	O
Latini	O
quoque	O
thesauros	O
dicunt	O
:	O
ut	O
uidebis	O
apud	O
Gellium	U-PER
lib.	O
2,	O
c.	O
10.	O
Sed	B-MISC
&amp;	L-MISC
ipsæ	O
opes	O
alicubi	O
repositæ	O
seu	O
reconditæ,	O
uocantur	O
θησαυρός.	B-LOC
Athen.	L-LOC
libro	O
6,	O
’Αλεξάνδρου	O
τοùς	O
ἐκ	O
τῆς	O
’Ασίας	O
θησαυροùς	O
ἀνελοµένου.	O
[…]	O
Henri	B-PER
Estienne,	L-PER
Thesaurus	O
graecae	O
linguae	O
(1572)	O
Estienne,	U-ORG
1572.	O
.	O
Si	O
son	O
lexique	O
est	O
le	O
grand	O
œuvre	O
de	O
cet	O
imprimeur	O
et	O
érudit,	O
c’est	U-MISC
parce	O
qu’il	O
a	O
résumé	O
et	O
stimulé	O
une	O
inlassable	O
activité	O
d’éditeur	O
de	O
la	O
littérature	O
grecque.	O
Le	O
Thesaurus	O
graecae	O
linguae	O
–	O
à	O
ne	O
pas	O
confondre	O
avec	O
le	O
TLG	U-MISC
moderne,	O
qui	O
lui	O
doit	O
son	O
nom	O
–	U-MISC
a	O
bénéficié	O
des	O
dizaines	O
d’éditions	O
qu’	O
Henri	B-PER
Estienne	L-PER
a	O
préparées	O
avant	O
et	O
pendant	O
sa	O
composition.	O
Une	B-MISC
évidente	I-MISC
volonté	I-MISC
de	I-MISC
totalisation	L-MISC
lui	O
a	O
ensuite	O
fait	O
poursuivre	O
conjointement	O
la	O
réflexion	O
sur	O
le	O
texte	O
des	O
auteurs	O
antiques	O
et	O
le	O
perfectionnement	O
du	O
dictionnaire	O
issu	O
de	O
leur	O
fréquentation.	O
Ce	O
work	O
in	O
progress	O
infini	O
a	O
donc	O
pour	O
substrat	O
la	O
mise	O
en	O
fiches	O
des	O
classiques	O
ou,	O
si	O
l’on	O
veut,	O
une	O
vie	O
entière	O
d’indexation	O
Voir	O
Pfeiffer,	U-LOC
1976,	O
et	O
Cazes,	U-LOC
2003.	O
.	O
Du	O
reste,	O
le	O
travail	O
effectué	O
était	O
si	O
considérable	O
que	O
l’ouvrage	O
est	O
demeuré	O
incontournable	O
pendant	O
trois	O
siècles,	O
jusqu’à	O
la	O
première	O
édition	O
du	O
Lexicon	U-ORG
d’	O
Oxford	U-LOC
déjà	O
mentionné.	O
Au	O
xix	O
e	O
siècle	O
encore,	O
on	O
s’est	O
efforcé	O
de	O
l’augmenter	O
et	O
de	O
le	O
purger	O
de	O
ses	O
imprécisions	O
afin	O
d’en	O
rendre	O
la	O
consultation	O
plus	O
aisée	O
et	O
plus	O
sûre	O
Estienne	U-PER
et	O
al,	B-MISC
1831-1865,	L-MISC
est	O
le	O
résultat	O
de	O
cette	O
ultime	O
amélioration.	O
.	O
L’explication	O
que	O
la	O
notice	O
fournit	O
du	O
mot	O
grec	O
correspond	O
aux	O
renseignements	O
de	O
nos	O
dictionnaires	O
de	O
référence	O
:	O
thêsauros	O
désigne	O
un	O
«	O
dépôt	O
»,	U-LOC
un	O
«	O
magasin	O
où	O
l’on	O
enferme	O
provisions	O
et	O
objets	O
précieux	O
»,	U-PER
un	O
«	O
trésor	O
»,	U-LOC
parfois	O
une	O
«	O
cassette	O
»	O
et,	O
dans	O
les	O
papyrus,	O
un	O
«	O
magasin	O
à	O
grains	O
»	O
;	O
son	O
emploi	O
dans	O
un	O
sens	O
figuré	O
est	O
attesté	O
dès	O
l’époque	O
archaïque	O
Ces	O
définitions	O
sont	O
celles	O
de	O
Chantraine,	B-MISC
1999.	L-MISC
.	O
Au	O
fil	O
d’un	O
texte	O
continu,	O
mais	O
qui	O
fait	O
usage	O
de	O
la	O
ponctuation	O
et	O
des	O
majuscules,	O
exemples	O
grecs	O
et	O
gloses	O
latines	O
se	O
succèdent.	O
Comme	O
on	O
le	O
voit	O
aussitôt,	O
les	O
références	O
n’obéissent	O
pas	O
à	O
un	O
format	O
systématique.	O
Les	B-MISC
citations	L-MISC
sont	O
la	O
source	O
même	O
des	O
définitions.	O
Elles	O
donnent	O
un	O
contexte	O
au	O
mot	O
thêsauros	O
,	O
sans	O
permettre	O
toujours	O
de	O
retrouver	O
le	O
passage,	O
lorsque	O
seul	O
le	O
nom	O
de	O
l’auteur	O
est	O
indiqué.	O
L’ouvrage	O
appartient	O
néanmoins	O
à	O
une	O
époque	O
décisive	O
pour	O
l’organisation	O
du	O
patrimoine	O
littéraire,	O
désormais	O
imprimé,	O
car	O
on	O
met	O
au	O
point	O
une	O
présentation	O
et	O
un	O
découpage	O
des	O
textes	O
en	O
chapitres	O
qui	O
autorisent	O
une	O
consultation	O
efficace	O
et	O
la	O
pratique	O
savante	O
de	O
la	O
référence	O
Sur	O
l’histoire	O
de	O
la	O
«	O
mise	O
en	O
texte	O
»	O
et	O
de	O
la	O
«	O
capitulation	O
»,	U-LOC
voir	O
par	O
exemple	O
Martin,	U-MISC
2003,	O
p.	O
41,	O
et	O
Martin,	U-PER
1995.	O
Les	B-MISC
presses	I-MISC
de	I-MISC
la	I-MISC
famille	L-MISC
Estienne	U-PER
ont	O
favorisé	O
ce	O
mouvement.	O
.	O
C’est	O
ainsi	O
que	O
l’on	O
divise	O
la	O
Bible	U-MISC
en	O
versets	O
et	O
que	O
les	O
pages	O
numérotées	O
des	O
classiques	O
portent	O
à	O
intervalles	O
réguliers	O
les	O
premières	O
lettres	O
de	O
l’alphabet,	U-MISC
en	O
marge	O
ou	O
entre	O
deux	O
colonnes.	O
Notre	O
système	O
de	O
référence	O
est	O
souvent	O
l’héritier	O
de	O
ces	O
tentatives.	O
Pour	O
citer	O
Platon	U-PER
,	O
Plutarque	U-PER
,	O
Strabon	U-PER
ou	O
Athénée	U-PER
,	O
nous	O
utilisons	O
la	O
pagination	O
des	O
éditions	O
humanistes,	O
en	O
la	O
dissociant	O
des	O
in-folio	O
d’origine	O
et	O
en	O
la	O
faisant	O
cohabiter	O
parfois	O
avec	O
un	O
découpage	O
«	O
logique	O
»	O
de	O
l’œuvre.	O
Le	O
troisième	O
texte	O
que	O
nous	O
observerons	O
est	O
d’une	O
nature	O
assez	O
différente.	O
Il	O
s’agit	O
d’un	O
extrait	O
d’	O
Athénée	U-LOC
,	O
qui	O
n’est	O
pas	O
lexicographe	O
au	O
premier	O
chef,	O
mais	O
dont	O
la	O
compilation	O
montre	O
de	O
façon	O
exemplaire	O
le	O
mode	O
de	O
référence	O
des	O
érudits	O
anciens	O
les	O
plus	O
précis.	O
Ainsi	O
dans	O
ce	O
passage,	O
où	O
l’on	O
apprend	O
qu’une	O
ritournelle	O
populaire	O
était	O
parodiée	O
dans	O
une	O
comédie	O
intitulée	O
Le	B-MISC
Trésor	I-MISC
Le	L-MISC
mot	O
«	O
trésor	O
»	O
n’a	O
évidemment	O
pas	O
de	O
sens	O
technique	O
ici,	O
mais	O
il	O
nous	O
a	O
fourni	O
un	O
critère	O
pour	O
sélectionner	O
un	O
passage	O
au	O
moyen	O
du	O
TLG.	U-LOC
:	O
Ὑγιαίνειν	U-PER
µὲν	O
ἄριστον	O
ἀνδρὶ	O
θνητῷ,	O
δεύτερον	O
δὲ	O
καλὸν	O
φυὰν	O
γενέσθαι,	O
τὸ	O
τρίτον	O
δὲ	O
πλουτεῖν	O
ἀδόλως	O
καὶ	O
τὸ	O
τέταρτον	O
ἡβᾶν	O
µετὰ	O
τῶν	O
φίλων.	O
Αἰσθέντος	U-MISC
δὲ	O
τούτου	O
καὶ	O
πάντων	O
ἡσθέντων	O
ἐπ’	B-ORG
αὐτῷ	L-ORG
καὶ	O
µνη-	O
µονευσάντων	O
ὅτι	O
καὶ	O
ὁ	O
καλὸς	O
Πλάτων	B-PER
αὐτοῦ	L-PER
µέµνηται	O
ὡς	O
ἄριστα	O
εἰρηµένου,	O
ὁ	O
Μυρτίλος	U-LOC
ἔφη	O
’Αναξανδρίδην	O
αὐτὸ	O
διακεχλευακέναι	O
τὸν	O
κωµῳδιοποιὸν	O
ἐν	O
Θησαυρῷ	O
λέγοντα	O
οὕτως	O
f	O
Ὁ	U-PER
τὸ	O
σκόλιον	O
εὑρὼν	O
ἐκεῖνος,	O
ὅστις	O
ἦν,	O
τὸ	O
µὲν	O
ὑγιαίνειν	O
πρῶτον	O
ὡς	O
ἄριστον	O
ὂν	O
ὠνόµασεν	O
ὀρθῶς·	O
δεύτερον	O
δ’	U-MISC
εἶναι	O
καλόν,	O
τρίτον	O
δὲ	O
πλουτεῖν,	O
τοῦθ’,	O
oρᾷς,	O
ἐµαίνετο·	O
µετὰ	O
τὴν	O
ὑγίειαν	O
γὰρ	O
τὸ	O
πλουτεῖν	O
διαφέρει·	O
καλὸς	O
δὲ	O
πεινῶν	O
ἐστιν	O
αἰσχρὸν	O
θηρίον.	O
Être	O
en	O
bonne	O
santé,	O
voilà	O
ce	O
qu’il	O
y	O
a	O
de	O
meilleur	O
pour	O
un	O
mortel,	O
en	O
second	O
lieu,	O
avoir	O
la	O
chance	O
d’être	O
beau,	O
en	O
troisième,	O
s’enrichir	O
sans	O
fraude	O
et,	U-MISC
en	O
quatrième,	O
être	O
jeune	O
et	O
entouré	O
d’amis.	O
En	O
entendant	O
cette	O
chanson,	O
tout	O
le	O
monde	O
se	O
réjouit	O
et	O
se	O
rappela	O
que	O
le	O
noble	O
Platon	U-PER
la	O
citait	O
comme	O
une	O
excellente	O
formule.	O
Myrtilos	U-PER
dit	O
alors	O
que	O
le	O
poète	O
comique	O
Anaxandride	U-PER
tournait	O
en	O
dérision	O
la	O
chanson	O
en	O
question	O
dans	O
Le	B-MISC
Trésor,	L-MISC
par	O
ces	O
mots	O
:	O
L’homme	O
qui	O
inventa	O
cette	O
chanson,	O
quel	O
qu’il	O
fût,	O
en	O
disant	O
qu’être	O
en	O
bonne	O
santé	O
est	O
le	O
premier	O
de	O
tous	O
les	O
biens	O
nomma	O
la	O
chose	O
avec	O
exactitude	O
;	O
mais	O
avoir	O
dit	O
qu’être	O
beau	O
est	O
le	O
second,	O
et	O
le	O
troisième	O
s’enrichir,	O
là,	O
vois-tu,	O
c’est	U-MISC
de	O
l’égarement	O
:	O
après	O
la	O
santé,	O
être	O
riche	O
est	O
ce	O
qu’il	O
y	O
a	O
de	O
meilleur.	O
Un	B-MISC
bel	I-MISC
homme	L-MISC
qui	O
a	O
faim,	O
c’est	U-MISC
une	O
bête	O
sans	O
foi	O
ni	O
loi	O
!	O
Athénée	U-LOC
,	O
Les	B-MISC
Deipnosophistes,	L-MISC
XV,	U-MISC
694	O
e-f	O
(vers	O
200	O
de	O
notre	O
ère)	O
Le	O
texte	O
grec	O
est	O
cité	O
d’après	O
Kaibel,	B-MISC
1887-1890,	L-MISC
qui	O
reprend	O
la	O
numérotation	O
des	O
pages	O
et	O
leur	O
subdivision	O
en	O
sections	O
(de	O
a	O
à	O
f	O
)	O
introduites	O
en	O
1598	O
dans	O
l’édition	O
publiée	O
par	O
Isaac	B-PER
Casaubon,	L-PER
gendre	O
d’Henri	O
Estienne.	O
La	O
traduction	O
est	O
la	O
nôtre.	O
.	O
À	O
la	O
fois	O
construction	O
littéraire	O
et	O
enquête	O
sur	O
les	O
cadres	O
sociaux	O
et	O
le	O
lexique	O
de	O
l’alimentation,	U-MISC
Les	O
Deipnosophistes	U-LOC
sont	O
eux-mêmes	O
une	O
sorte	O
de	O
thésaurus.	O
On	O
perçoit	O
à	O
travers	O
ces	O
quelques	O
lignes	O
de	O
quelle	O
manière	O
l’auteur	O
met	O
en	O
scène	O
la	O
circulation	O
des	O
textes	O
dans	O
un	O
banquet.	O
Le	O
personnage,	O
un	O
«	O
grammairien	O
»,	U-LOC
introduit	O
ses	O
citations	O
tout	O
comme	O
le	O
fait	O
Athénée	U-LOC
,	O
en	O
rapportant	O
au	O
moins	O
l’auteur	O
et	O
le	O
titre	O
du	O
texte	O
;	O
en	O
l’occurrence,	U-LOC
la	O
chanson	O
est	O
complète	O
et	O
l’allusion	O
à	O
Platon	U-PER
est	O
un	O
cas	O
rare	O
de	O
connivence	O
sans	O
référence	O
bibliographique.	O
La	B-MISC
compilation	I-MISC
s’appuie	I-MISC
sur	I-MISC
un	I-MISC
usage	L-MISC
fréquemment	O
explicite	O
de	O
la	O
littérature	O
secondaire	O
antique	O
et	O
sur	O
une	O
pratique	O
personnelle	O
d’annotation	O
et	O
de	O
copie.	O
Nos	O
trois	O
exemples	O
témoignent	O
de	O
méthodes	O
de	O
documentation	O
et	O
de	O
structures	O
de	O
communication	O
différentes.	O
Ce	O
parcours	O
sommaire	O
retrace	O
la	O
constitution	O
progressive	O
d’un	O
mode	O
de	O
référence	O
spécialisé,	O
qui	O
est	O
sans	O
doute	O
l’une	O
des	O
caractéristiques	O
les	O
plus	O
fondamentales	O
de	O
l’activité	O
savante.	O
De	O
ce	O
point	O
de	O
vue,	O
les	O
textes	O
grecs	O
offrent	O
un	O
exemple	O
extrême	O
de	O
réticulation	O
ou	O
de	O
balisage	O
en	O
vue	O
de	O
l’interprétation	O
collective	O
qu’est	O
la	O
recherche.	O
Cet	O
usage	O
social	O
particulier	O
repose	O
sur	O
l’usage	O
concret	O
des	O
livres.	O
En	O
effet,	O
s’il	O
est	O
vrai	O
qu’«	O
un	O
livre	O
est	O
une	O
machine	O
avec	O
laquelle	O
on	O
pense	O
«	O
A	O
book	O
is	O
a	O
machine	O
to	O
think	O
with	O
»	O
:	O
les	O
acteurs	O
des	O
digital	O
humanities	O
n’ont	O
pas	O
manqué	O
de	O
souligner	O
la	O
signification	O
nouvelle	O
de	O
la	O
formule	O
d’Ivor	O
Richards	U-MISC
(Principles	O
of	O
Literary	O
Criticism,	O
1924),	O
citée	O
par	O
exemple	O
dans	O
Burrows,	B-MISC
2004.	I-MISC
»,	L-MISC
la	O
formule	O
est	O
plus	O
juste	O
encore	O
au	O
pluriel	O
:	O
à	O
travers	O
le	O
lecteur,	O
ce	O
sont	O
des	O
communautés,	O
avec	O
leurs	O
traditions,	O
qui	O
mettent	O
en	O
œuvre	O
et	O
poursuivent	O
le	O
dialogue	O
des	O
livres	O
dans	O
les	O
bibliothèques.	O
Cela	O
implique	O
que	O
les	O
auteurs,	O
les	O
titres	O
et	O
les	O
maisons	O
d’édition	O
soient	O
des	O
données	O
identifiables	O
et	O
stables,	O
d’une	O
part,	O
que	O
des	O
collections	O
soient	O
accessibles,	O
d’autre	O
part.	O
On	O
sait	O
le	O
rôle	O
crucial	O
qu’a	O
joué	O
le	O
texte	O
de	O
la	B-MISC
Bible	L-MISC
dans	O
l’histoire	O
de	O
l’herméneutique.	O
D’une	O
façon	O
comparable,	O
l’étude	O
des	O
cultures	O
antiques	O
s’est	O
accompagnée	O
d’une	O
pratique	O
sans	O
cesse	O
plus	O
fine	O
des	O
corpus.	O
Ce	O
champ	O
a	O
eu	O
les	O
moyens,	O
par	O
accumulation,	O
d’approcher	O
l’exhaustivité	O
et	O
la	O
systématicité	O
vers	O
lesquelles	O
tend	O
logiquement	O
l’exploration	O
d’un	O
monde	O
passé.	O
Tout	O
document	O
produit	O
par	O
la	O
culture	O
grecque	O
ancienne	O
est	O
un	O
échantillon	O
qui	O
contribue	O
à	O
la	O
compréhension	O
des	O
autres	O
documents	O
et	O
n’est	O
lui-même	O
compris	O
que	O
par	O
leur	O
intermédiaire.	O
Le	O
thésaurus	O
semble	O
avoir	O
pour	O
vocation	O
de	O
totaliser	O
ces	O
vestiges.	O
Le	O
premier	O
gain	O
de	O
la	O
conversion	O
numérique	O
est	O
de	O
rendre	O
le	O
système	O
de	O
référence	O
plus	O
efficace,	O
puisque	O
le	O
renvoi	O
d’un	O
texte	O
à	O
un	O
autre	O
se	O
fait	O
d’une	O
manière	O
presque	O
instantanée.	O
Cette	O
opération	O
intertextuelle	O
connaît	O
une	O
véritable	O
métamorphose	O
lorsqu’une	O
bibliothèque	O
entière	O
est	O
contenue	O
dans	O
un	O
disque,	O
puis	O
lorsque	O
la	O
bibliothèque	O
numérique	O
devient	O
un	O
site	O
au	O
sein	O
d’un	O
réseau	O
«	O
Referring	U-PER
»,	O
«	O
faire	O
référence	O
»,	U-LOC
est	O
l’un	O
des	O
gestes	O
fondamentaux	O
de	O
l’activité	O
savante	O
selon	O
John	B-PER
Unsworth,	L-PER
dont	O
la	O
liste	O
souvent	O
citée	O
des	O
«	O
scholarly	O
primitives	O
»	O
est	O
essentiellement	O
ordonnée	O
à	O
une	O
réflexion	O
sur	O
les	O
nouveaux	O
outils	O
de	O
la	O
recherche	O
(Unsworth,	O
2000).	O
.	O
Tel	O
est	O
le	O
cas	O
du	O
Thesaurus	B-MISC
Linguae	I-MISC
Graecae,	L-MISC
dont	O
nous	O
pouvons	O
à	O
présent	O
mesurer	O
ce	O
qui	O
le	O
sépare	O
d’un	O
thésaurus	O
comme	O
celui	O
d’	O
Estienne	U-PER
,	O
au-delà	O
des	O
hommages	O
que	O
constituent	O
son	O
nom	O
et	O
son	O
adresse	O
sur	O
la	O
toile	B-MISC
L’adresse	L-MISC
du	O
TLG	B-MISC
Online	L-MISC
contient	O
le	O
nom	O
latin	O
de	O
l’auteur	O
du	O
Thesaurus	U-LOC
graecae	O
linguae	O
ou	O
TGL	U-MISC
:	O
Stephanus.	U-MISC
.	O
La	O
différence	O
entre	O
les	O
deux	O
projets	O
réside-t-elle	O
dans	O
un	O
maniement	O
plus	O
commode,	O
dans	O
un	O
changement	O
d’échelle	O
ou	O
dans	O
un	O
renouvellement	O
de	O
l’usage	O
des	O
textes	O
?	O
Le	O
Thesaurus	B-PER
Linguae	I-PER
Graecae	L-PER
Dans	O
l’archipel	O
des	O
humanités	O
numériques,	O
son	O
ampleur	O
et	O
sa	O
longévité	O
ont	O
fait	O
du	O
TLG	U-MISC
un	O
«	O
lieu	O
de	O
mémoire	O
».	U-ORG
Ce	O
statut	O
répond	O
à	O
la	O
haute	O
ambition	O
d’un	O
projet	O
phare,	O
qui	O
a	O
transformé	O
la	O
pratique	O
quotidienne	O
des	O
hellénistes.	O
Il	O
reflète	O
également	O
un	O
niveau	O
exceptionnel	O
d’institutionnalisation	O
et	O
de	O
financement,	O
grâce	O
auquel	O
le	O
TLG	U-MISC
peut	O
représenter	O
l’accomplissement	O
d’un	O
rêve	O
humaniste,	O
sinon	O
la	O
fin	O
d’une	O
histoire.	O
Pour	O
employer	O
une	O
catégorie	O
typique	O
de	O
notre	O
xxi	O
e	O
siècle	O
commençant,	O
le	O
TLG	U-MISC
est	O
«	O
né	O
numérique	O
»	O
(«	O
born	O
digital	O
»).	U-MISC
Au	O
début	O
des	O
années	O
1970,	O
le	O
choix	O
de	O
l’informatique	O
est	O
audacieux,	O
mais	O
il	O
n’est	O
pas	O
sans	O
précédent.	O
Il	O
s’inscrit	O
dans	O
l’implantation	O
progressive,	O
au	O
sein	O
des	O
sciences	O
humaines,	O
d’une	O
technologie	O
dont	O
les	O
avantages	O
auraient	O
dû	O
être	O
immédiatement	O
sensibles	O
aux	O
linguistes	O
et	O
aux	O
philologues.	O
L’index	O
des	O
œuvres	O
de	O
Thomas	U-PER
d’Aquin	O
était	O
alors	O
en	O
chantier	O
depuis	O
une	O
vingtaine	O
d’années	O
L’Index	U-PER
thomisticus	O
de	O
Roberto	B-PER
Busa	L-PER
a	O
été	O
compilé	O
à	O
partir	O
de	O
1949,	O
sur	O
cartes	O
perforées,	O
en	O
collaboration	O
avec	O
l’International	B-ORG
Business	L-ORG
Machines	O
Corporation	O
(IBM).	O
Ce	O
travail	O
précurseur	O
n’a	O
cependant	O
porté	O
ses	O
fruits	O
qu’avec	O
la	O
publication	O
des	O
56	O
volumes	O
de	O
sa	O
version	O
imprimée	O
entre	O
1974	O
et	O
1980	O
;	O
un	O
CD-Rom	U-MISC
a	O
été	O
diffusé	O
en	O
1994	O
et	O
l’Index	O
est	O
en	O
ligne	O
depuis	O
2005.	O
;	O
dans	O
le	O
monde	O
anglophone,	O
on	O
voyait	O
apparaître	O
les	O
premières	O
revues	O
et	O
associations	O
professionnelles	O
consacrées	O
à	O
l’usage	O
de	O
l’ordinateur	O
dans	O
le	O
domaine	O
des	O
humanities	O
.	O
En	O
revanche,	O
le	O
TLG	U-MISC
est	O
sans	O
conteste	O
l’un	O
des	O
premiers	O
grands	O
projets	O
collectifs	O
intégrés	O
à	O
une	O
institution	O
de	O
recherche.	O
Son	O
succès	O
repose	O
ainsi	O
sur	O
l’alliance	O
opportune	O
d’un	O
nouveau	O
support	O
et	O
d’une	O
infrastructure	O
Depuis	O
l’aperçu	O
de	O
Jacob,	U-MISC
1989,	O
p.	O
131,	O
qui	O
bénéficiait	O
d’informations	O
recueillies	O
à	O
titre	O
personnel,	O
le	O
TLG	U-MISC
a	O
commencé	O
à	O
publier	O
sa	O
propre	O
histoire	O
:	O
nous	O
renvoyons	O
à	O
Pantelia,	O
2000,	O
et	O
aux	O
pages	O
«	O
Project	B-PER
History	L-PER
»	O
et	O
«	O
Timeline	U-PER
»	O
du	O
site,	O
qui	O
sont	O
les	O
meilleures	O
sources	O
d’information	O
à	O
ce	O
jour.	O
.	O
L’informatique	U-PER
promettait	O
de	O
résoudre	O
les	O
problèmes	O
documentaires	O
qui	O
avaient	O
condamné	O
à	O
l’échec	O
les	O
tentatives	O
antérieures.	O
Il	O
était	O
clair	O
dès	O
la	O
fin	O
du	O
xix	O
e	O
siècle	O
qu’il	O
ne	O
suffisait	O
plus	O
de	O
réviser	O
le	O
Thesaurus	U-MISC
d’	O
Estienne	U-PER
pour	O
rendre	O
compte	O
des	O
progrès	O
de	O
l’inventaire	O
–	O
c’est-à-dire	O
du	O
témoignage	O
des	O
documents	O
exhumés	O
ou	O
édités	O
plus	O
récemment	O
et	O
des	O
résultats	O
de	O
la	O
critique	O
textuelle	O
moderne.	O
Cependant,	O
face	O
à	O
l’immensité	O
du	O
dépouillement	O
des	O
sources,	O
un	O
premier	O
projet	O
avait	O
été	O
abandonné	O
peu	O
après	O
1900,	O
tandis	O
que	O
le	O
centre	O
de	O
recherche	O
créé	O
en	O
1944	O
à	O
l’université	O
de	O
Hambourg	U-LOC
,	O
sous	O
ce	O
même	O
nom	O
de	O
Thesaurus	B-PER
Linguae	I-PER
Graecae	L-PER
et	O
avec	O
la	O
mission	O
d’élaborer	O
un	O
dictionnaire	O
exhaustif,	O
avait	O
restreint	O
ses	O
ambitions	O
Il	O
a	O
produit	O
un	O
index	O
hippocratique	O
et	O
un	O
dictionnaire	O
de	O
l’épopée	O
grecque	O
archaïque,	O
récemment	O
achevé.	O
.	O
Le	O
second	O
de	O
ces	O
projets	O
était	O
dirigé	O
par	O
Bruno	B-PER
Snell	L-PER
.	O
C’est	O
l’une	O
de	O
ses	O
élèves,	O
Marianne	B-PER
McDonald	L-PER
,	O
qui	O
suggéra	O
plus	O
tard	O
à	O
ses	O
enseignants	O
de	O
l’université	O
de	O
Californie	U-LOC
l’entreprise	O
savante	O
qui	O
nous	O
intéresse,	O
en	O
1971.	O
Cette	O
étudiante	O
avait	O
pour	O
père	O
l’un	O
des	O
fondateurs	O
de	O
la	O
société	O
Zenith,	U-ORG
spécialisée	O
dans	O
les	O
technologies	O
de	O
la	O
radio	O
et	O
de	O
la	O
télévision.	O
Un	O
million	O
de	O
dollars	O
accompagnait	O
sa	O
proposition.	O
Rédigeant	U-LOC
à	O
cette	O
époque	O
une	O
thèse	O
sur	O
le	O
lexique	O
du	O
bonheur	O
dans	O
les	O
tragédies	O
d’	O
Euripide	U-PER
,	O
elle	O
imaginait	O
en	O
connaissance	O
de	O
cause	O
l’utilité	O
d’une	O
vaste	O
banque	O
de	O
données	O
(«	O
databank»)	O
:	O
il	O
fallait	O
pouvoir	O
étudier	O
un	O
réseau	O
de	O
termes	O
et	O
de	O
thèmes	O
à	O
travers	O
leurs	O
occurrences	O
et	O
non	O
pas	O
seulement	O
consulter	O
une	O
synthèse	O
lexicographique.	O
La	B-MISC
conférence	I-MISC
internationale	L-MISC
qui	O
marqua	O
l’établissement	O
du	O
TLG	U-MISC
en	O
octobre	O
1972	O
confirma	O
que	O
le	O
but	O
du	O
projet	O
n’était	O
pas	O
de	O
constituer	O
un	O
thésaurus	O
au	O
sens	O
traditionnel	O
La	B-MISC
relative	I-MISC
rapidité	I-MISC
de	I-MISC
l’élaboration	I-MISC
du	L-MISC
TLG	U-MISC
provient	O
notamment	O
de	O
l’abandon	O
de	O
la	O
perspective	O
lexicographique.	O
Citons	B-MISC
pour	I-MISC
comparaison	I-MISC
le	I-MISC
cas	I-MISC
du	L-MISC
Thesaurus	B-MISC
Linguae	I-MISC
Latinae,	I-MISC
dictionnaire	L-MISC
fondé	O
sur	O
dix	O
millions	O
de	O
fiches	O
:	O
commencée	O
en	O
1900,	O
sa	O
publication	O
a	O
atteint	O
la	O
lettre	O
P,	U-MISC
soit	O
les	O
deux	O
tiers	O
de	O
l’ouvrage.	O
Quant	B-MISC
au	I-MISC
dictionnaire	I-MISC
historique	I-MISC
du	I-MISC
sanskrit	L-MISC
en	O
préparation	O
à	O
Pune,	U-LOC
il	O
n’a	O
pas	O
encore	O
exploité	O
toutes	O
les	O
fiches	O
correspondant	O
à	O
la	O
lettre	O
A.	U-MISC
,	O
mais	O
un	O
corpus	O
de	O
textes,	O
ce	O
qui	O
élargissait	O
le	O
spectre	O
des	O
usages	O
possibles.	O
Devait	U-PER
y	O
figurer	O
la	O
totalité	O
des	O
textes	O
grecs	O
conservés	O
depuis	O
l’épopée	O
homérique	O
jusqu’à	O
l’an	O
200	O
de	O
notre	O
ère	O
;	O
à	O
partir	O
de	O
1988,	O
ce	O
programme	O
fut	O
porté	O
à	O
vingt-deux	O
siècles	O
de	O
littérature	O
en	O
incluant	O
le	O
monde	O
byzantin,	O
avec	O
pour	O
borne	O
conventionnelle	O
la	O
date	O
de	O
1453	O
;	O
l’extension	O
au	O
grec	O
moderne	O
est	O
maintenant	O
l’horizon	O
déclaré	O
du	O
projet.	O
Corrélativement,	U-PER
les	O
textes	O
transmis	O
par	O
les	O
inscriptions	O
et	O
par	O
les	O
papyrus	O
étaient	O
exclus.	O
Enfin,	U-MISC
on	O
prit	O
le	O
parti	O
de	O
ne	O
pas	O
reproduire	O
les	O
annotations	O
des	O
éditions	O
savantes.	O
Nous	O
reviendrons	O
sur	O
ce	O
fait	O
lourd	O
de	O
conséquences,	O
mais	O
compréhensible	O
en	O
l’état	O
des	O
techniques.	O
Devenu	O
une	O
marque	O
déposée	O
aux	O
États-Unis	U-LOC
,	O
le	O
nom	O
du	O
TLG	U-MISC
désigne	O
donc	O
à	O
la	O
fois	O
une	O
institution	O
savante,	O
rattachée	O
au	O
département	O
d’Études	O
anciennes	O
de	O
l’université	O
de	O
Californie	O
à	O
Irvine	U-LOC
,	O
et	O
le	O
corpus	O
qu’elle	O
a	O
pour	O
fonction	O
de	O
constituer	O
et	O
de	O
diffuser	O
TLG,	U-MISC
1972-.	O
.	O
Quatre	O
versions	O
successives	O
furent	O
commercialisées	O
sous	O
la	O
forme	O
de	O
disques	O
:	O
les	O
CD-Rom	B-LOC
A	L-LOC
(1985),	O
C	O
(1988),	O
D	O
(1992)	O
et	O
E	B-PER
(2000).	L-PER
Depuis	O
2001,	O
le	O
TLG	U-MISC
–	O
«	O
a	O
digital	O
library	O
of	O
Greek	B-MISC
literature	L-MISC
»	O
–	O
est	O
un	O
site	O
en	O
ligne	O
TLG	U-MISC
Online,	O
2001-.	O
.	O
Ces	O
états	O
du	O
corpus	O
décrivent	O
déjà	O
une	O
progression	O
quantitative	O
du	O
simple	O
au	O
triple.	O
On	B-MISC
trouvait	I-MISC
27	I-MISC
millions	I-MISC
de	I-MISC
mots	L-MISC
dans	O
la	O
version	O
A	U-MISC
et	O
plus	O
du	O
double	O
dans	O
la	O
version	O
E,	U-LOC
encore	O
largement	O
utilisée,	O
qui	O
proposait	O
6	O
625	O
œuvres	O
appartenant	O
à	O
1	O
823	O
auteurs	O
ou	O
corpus	O
distincts.	O
Régulièrement	B-MISC
augmenté,	I-MISC
le	I-MISC
site	L-MISC
contenait	O
en	O
2009	O
plus	O
de	O
100	O
millions	O
de	O
mots,	O
10	O
000	O
œuvres	O
et	O
4	O
000	O
auteurs	O
ou	O
corpus.	O
Cette	O
histoire	O
est	O
inséparable	O
d’expérimentations	O
et	O
de	O
choix	O
antérieurs	O
à	O
la	O
standardisation	O
et	O
à	O
la	O
généralisation	O
des	O
technologies	O
informatiques.	O
Dès	O
1976,	O
un	O
nombre	O
restreint	O
de	O
chercheurs	O
put	O
utiliser	O
un	O
corpus	O
embryonnaire	O
inscrit	O
sur	O
des	O
bandes	O
magnétiques.	O
Cependant,	O
ce	O
corpus	O
fut	O
conçu	O
avant	O
que	O
les	O
ordinateurs	O
ne	O
soient	O
véritablement	O
«	O
personnels	O
»	O
et	O
le	O
«	O
TLG	B-MISC
A	L-MISC
»	O
est	O
réputé	O
avoir	O
été	O
le	O
premier	O
disque	O
compact	O
à	O
contenir	O
autre	O
chose	O
que	O
de	O
la	O
musique.	O
Grâce	B-MISC
au	I-MISC
concours	L-MISC
de	O
David	B-PER
Packard	L-PER
,	O
on	O
adapta	O
au	O
traitement	O
du	O
grec	O
ancien	O
un	O
ordinateur	O
mis	O
au	O
point	O
quelques	O
années	O
auparavant	O
dans	O
la	O
Silicon	B-LOC
Valley	L-LOC
par	O
la	O
firme	O
Hewlett-Packard	B-PER
Fondé	L-PER
en	O
1987,	O
le	O
Packard	B-PER
Humanities	I-PER
Institute,	L-PER
ou	O
PHI,	U-MISC
a	O
diffusé	O
d’autres	O
corpus	O
électroniques,	O
dont	O
certains	O
sont	O
complémentaires	O
du	O
TLG	U-MISC
:	O
une	O
collection	O
de	O
textes	O
littéraires	O
latins	O
et	O
un	O
ensemble	O
de	O
papyrus	O
et	O
d’inscriptions	O
grecs.	O
.	O
Ce	O
système,	O
dénommé	O
Ibycus,	U-MISC
était	O
nécessaire	O
à	O
la	O
consultation	O
des	O
textes	O
jusqu’à	O
la	O
fin	O
des	O
années	O
1980	O
et	O
il	O
continua	O
à	O
assurer	O
l’élaboration	O
du	O
TLG	U-MISC
jusqu’en	O
1999.	O
Au	O
tournant	O
du	O
siècle,	O
l’ensemble	O
du	O
TLG	U-MISC
migra	O
vers	O
un	O
environnement	O
Unix,	U-ORG
conforme	O
aux	O
standards	O
récents.	O
Par	O
la	O
même	O
occasion,	O
le	O
disque	O
fut	O
abandonné	O
au	O
profit	O
d’une	O
publication	O
sur	O
la	O
toile	O
(voir	O
fig.	O
1)	O
et	O
le	O
site	O
intégra	O
un	O
moteur	O
de	O
recherche	O
qui	O
lui	O
était	O
propre.	O
Fig.	O
1.	O
Le	O
frontispice	O
du	O
TLG	U-MISC
en	O
ligne	O
(juin	O
2010).	O
Résumons	U-LOC
cette	O
évolution.	O
Dans	O
sa	O
phase	O
initiale,	O
la	O
conception	O
et	O
l’exploitation	O
du	O
TLG	U-MISC
étaient	O
liées	O
à	O
ce	O
que	O
l’on	O
peut	O
nommer	O
un	O
prototype	O
;	O
matériel	O
et	O
logiciel	O
demeuraient	O
indissociables.	O
Profitant	O
de	O
la	O
diffusion	O
des	O
machines	O
et	O
d’un	O
support	O
de	O
mémoire	O
externe	O
à	O
la	O
fois	O
portatif	O
et	O
de	O
grande	O
capacité,	O
le	O
TLG	U-MISC
devint	O
à	O
la	O
fin	O
des	O
années	O
1980	O
un	O
auxiliaire	O
indispensable	O
pour	O
bien	O
des	O
spécialistes	O
et	O
l’un	O
des	O
plus	O
importants	O
projets	O
informatiques	O
hors	O
des	O
sciences	O
dites	O
exactes.	O
L’institution	O
ne	O
fournissait	O
que	O
les	O
disques	O
contenant	O
la	O
base	O
de	O
données	O
dont	O
elle	O
était	O
propriétaire	O
;	O
divers	O
chercheurs	O
ou	O
centres	O
développèrent	O
des	O
outils	O
de	O
consultation,	O
tels	O
les	O
logiciels	O
Diogenes,	B-MISC
Lexis,	I-MISC
Musaios,	I-MISC
Pandora	L-MISC
et	O
SNS	B-MISC
Greek	I-MISC
&amp;	I-MISC
Latin.	L-MISC
La	O
troisième	O
phase	O
est	O
celle	O
que	O
nous	O
connaissons	O
encore	O
:	O
seuls	O
l’abonnement	O
et	O
la	O
consultation	O
en	O
ligne	O
font	O
bénéficier	O
du	O
dernier	O
état	O
du	O
corpus.	O
Ainsi,	U-PER
l’équipe	O
actuelle	O
du	O
TLG	U-MISC
a	O
fait	O
le	O
choix	O
d’une	O
forte	O
indépendance.	O
Or,	U-ORG
la	O
dialectique	O
de	O
l’autonomie	O
et	O
de	O
la	O
collaboration	O
est	O
capitale	O
lorsqu’un	O
projet	O
participe	O
au	O
renouvellement	O
des	O
instruments	O
de	O
la	O
recherche	O
avec	O
une	O
telle	O
influence.	O
On	O
le	O
comprendra	O
mieux	O
une	O
fois	O
notre	O
aperçu	O
complété.	O
L’exigence	O
fondamentale	O
du	O
computer,	O
ou	O
«	O
calculateur	O
»,	U-PER
est	O
que	O
les	O
informations	O
utilisées	O
soient	O
explicites	O
et	O
systématiques.	O
Un	B-MISC
texte	I-MISC
numérique	L-MISC
consiste	O
en	O
une	O
suite	O
de	O
nombres	O
binaires	O
;	O
la	O
base	O
de	O
toute	O
opération	O
est	O
le	O
maniement	O
des	O
chaînes	O
de	O
caractères	O
que	O
forment	O
ces	O
nombres.	O
Comme	O
tout	O
objet	O
numérique,	O
le	O
texte	O
résulte	O
donc	O
d’un	O
codage,	O
d’une	O
représentation	O
informatique	O
que	O
la	O
machine	O
traduit	O
visuellement	O
pour	O
l’utilisateur	O
humain.	O
Celui-ci	O
modifie	O
ces	O
données	O
en	O
leur	O
appliquant,	O
en	O
fonction	O
des	O
résultats	O
qu’il	O
souhaite	O
obtenir,	O
certaines	O
des	O
règles	O
de	O
transformation	O
prévues	O
par	O
les	O
programmes,	O
c’est-à-dire,	O
plus	O
concrètement,	O
par	O
les	O
systèmes	O
et	O
les	O
logiciels	O
qu’il	O
emploie.	O
Grâce	O
à	O
ces	O
notions	O
très	O
générales,	O
nous	O
pouvons	O
examiner	O
les	O
difficultés	O
rencontrées	O
par	O
les	O
concepteurs	O
du	O
TLG	U-MISC
et	O
les	O
solutions	O
qu’ils	O
ont	O
inventées.	O
Tout	O
d’abord,	O
l’usage	O
de	O
l’alphabet	O
grec	O
et	O
des	O
signes	O
diacritiques	O
anciens	O
–	O
accents	O
et	O
esprits,	O
mais	O
aussi	O
ponctuation	O
et	O
autres	O
signes	O
savants	O
–	O
était	O
encore	O
un	O
problème.	O
Par	O
ailleurs,	O
une	O
bibliothèque	O
numérique	O
se	O
devait	O
de	O
conserver	O
la	O
structure	O
usuelle	O
des	O
textes,	O
dont	O
nous	O
avons	O
rappelé	O
la	O
genèse	O
et	O
l’importance	O
scientifique.	O
Pour	O
répondre	O
à	O
ces	O
objectifs,	O
un	O
jeu	O
de	O
conventions	O
d’encodage	O
spécifique	O
fut	O
mis	O
au	O
point	O
:	O
les	O
fichiers	O
de	O
texte	O
du	O
TLG	U-MISC
respectent	O
ce	O
Beta	B-MISC
Code	L-MISC
,	O
qui	O
n’est	O
pas	O
fait	O
pour	O
une	O
lecture	O
suivie,	O
bien	O
qu’il	O
reste	O
compréhensible	O
et	O
puisse	O
servir	O
à	O
formuler	O
des	O
requêtes	O
(fig.	O
2).	O
Ce	O
système	O
a	O
été	O
utilisé	O
par	O
de	O
nombreux	O
projets	O
pour	O
traiter	O
le	O
grec,	O
surtout	O
avant	O
l’élaboration	O
de	O
l’Unicode	O
(fig.	O
3),	U-MISC
dont	O
la	O
vocation	O
universelle	O
repose	O
sur	O
l’identification	O
des	O
caractères	O
par	O
des	O
codes	O
alphanumériques	O
complexes.	O
La	O
constitution	O
du	O
corpus	O
demande	O
la	O
saisie	O
des	O
textes	O
suivant	O
le	O
Code	B-MISC
bêta,	L-MISC
qui	O
est	O
toujours	O
effectuée	O
en	O
Asie	U-LOC
par	O
des	O
opérateurs	O
ignorant	O
les	O
alphabets	O
grec	O
et	O
latin.	O
Selon	O
un	O
paradoxe	O
bien	O
connu,	O
cette	O
procédure	O
est	O
non	O
seulement	O
la	O
plus	O
économique,	O
mais	O
aussi	O
la	O
plus	O
efficace.	O
Des	O
outils	O
de	O
correction	O
automatique	O
accroissent	O
ensuite	O
la	O
fiabilité	O
des	O
résultats.	O
Fig.	O
2.	O
L’incipit	O
de	O
l’Odyssée	O
affiché	O
en	O
Code	U-LOC
bêta	O
sur	O
le	O
site	O
du	O
TLG.	U-LOC
À	O
cette	O
structure	O
invisible	O
s’est	O
adjoint	O
un	O
index	O
intégral	O
du	O
corpus,	O
qui	O
est	O
l’un	O
des	O
«	O
sous-systèmes	O
»	O
facilitant	O
sa	O
consultation.	O
Il	O
met	O
instantanément	O
à	O
la	O
disposition	O
de	O
l’usager,	U-MISC
en	O
fonction	O
de	O
ses	O
besoins,	O
les	O
listes	O
d’occurrences	O
dont	O
la	O
compilation	O
et	O
la	O
publication	O
nécessitaient	O
naguère	O
des	O
années.	O
En	B-MISC
outre,	I-MISC
l’organisation	I-MISC
du	L-MISC
TLG	U-MISC
présuppose	O
ce	O
que	O
nous	O
avons	O
nommé	O
plus	O
haut	O
l’inventaire	O
de	O
l’héritage	O
grec.	O
Pour	O
classer	O
chaque	O
document	O
selon	O
les	O
catégories	O
en	O
vigueur	O
et	O
rendre	O
viable	O
son	O
traitement	O
automatisé,	O
il	O
fallait	O
décider	O
de	O
son	O
identification,	O
de	O
son	O
attribution,	O
de	O
sa	O
datation,	O
etc.,	U-PER
même	O
en	O
l’absence	O
de	O
consensus	O
des	O
spécialistes.	O
C’est	O
le	O
rôle	O
du	O
Canon	U-LOC
diffusé	O
à	O
partir	O
de	O
1977	O
Sa	B-MISC
troisième	I-MISC
et	I-MISC
dernière	I-MISC
publication	I-MISC
sous	I-MISC
forme	I-MISC
de	I-MISC
livre	L-MISC
est	O
Berkowitz,	B-PER
Squitier	L-PER
et	O
Johnson,	U-PER
1990.	O
Le	B-MISC
Canon	I-MISC
électronique	L-MISC
se	O
développe	O
maintenant	O
au	O
gré	O
des	O
mises	O
à	O
jour	O
du	O
TLG	U-MISC
en	O
ligne.	O
.	O
Son	O
caractère	O
exhaustif	O
et	O
sa	O
commodité	O
ont	O
tendu	O
à	O
lui	O
donner	O
la	O
valeur	O
d’une	O
norme.	O
Fig.	O
3.	O
L’incipit	O
de	O
l’Odyssée	O
affiché	O
dans	O
une	O
police	O
unicode	O
sur	O
le	O
site	O
du	O
TLG.	U-LOC
L’autorité	O
d’une	O
telle	O
base	O
de	O
données	O
devrait	O
naturellement	O
être	O
évaluée	O
à	O
chacune	O
de	O
ses	O
utilisations.	O
En	O
proposant	O
une	O
édition	O
numérique	O
de	O
travaux	O
antérieurs,	O
le	O
TLG	U-MISC
réalise	O
la	O
conversion	O
du	O
savoir	O
philologique	O
accumulé	O
au	O
fil	O
des	O
siècles.	O
De	O
ce	O
point	O
de	O
vue,	O
il	O
peut	O
passer	O
pour	O
la	O
mise	O
en	O
œuvre	O
la	O
plus	O
aboutie	O
du	O
projet	O
né	O
avec	O
la	O
bibliothèque	O
d’	O
Alexandrie	U-LOC
.	O
Pourtant,	O
les	O
principes	O
mêmes	O
qui	O
l’ont	O
rendu	O
viable,	O
et	O
durablement	O
utile,	O
limitent	O
sa	O
pertinence.	O
En	O
effet,	O
en	O
ne	O
retenant	O
qu’une	O
seule	O
édition	O
de	O
chaque	O
œuvre,	O
avec	O
d’éventuelles	O
substitutions	O
d’une	O
version	O
à	O
l’autre,	O
et	O
en	O
la	O
dépouillant	O
de	O
l’apparat	O
critique	O
qui	O
rendait	O
compte	O
de	O
sa	O
transmission,	O
cette	O
archive	O
de	O
la	O
littérature	O
grecque	O
renvoie	O
le	O
chercheur	O
à	O
un	O
état	O
pré-alexandrin	O
de	O
la	O
science	O
des	O
textes	O
:	O
elle	O
passe	O
sous	O
silence	O
les	O
variantes	O
et	O
la	O
distinction	O
entre	O
leçons	O
manuscrites	O
et	O
conjectures,	O
c’est-à-dire	O
l’épaisseur	O
de	O
la	O
tradition	O
et,	O
partant,	O
les	O
bases	O
de	O
toute	O
discussion.	O
L’image	O
qui	O
convient	O
est	O
celle	O
d’une	O
bibliothèque	O
où	O
figurerait	O
de	O
chaque	O
ouvrage	O
un	O
exemplaire	O
sans	O
notes	O
ni	O
présentation.	O
Ce	O
défaut	O
de	O
dimension	O
critique	O
est	O
d’autant	O
plus	O
grave	O
que	O
les	O
écrits	O
antiques	O
forment,	O
comme	O
on	O
le	O
sait,	O
un	O
corpus	O
historiquement	O
préconstruit	O
–	O
par	O
les	O
intérêts	O
des	O
groupes	O
et	O
des	O
individus	O
qui	O
en	O
ont	O
été	O
les	O
relais	O
ou	O
par	O
le	O
jeu	O
du	O
hasard	O
–	O
dont	O
les	O
textes	O
ont	O
généralement	O
connu	O
plusieurs	O
copies	O
à	O
des	O
époques	O
différentes.	O
En	O
pratique,	O
le	O
TLG	U-MISC
ne	O
remplace	O
donc	O
jamais	O
les	O
livres	O
sur	O
lesquels	O
il	O
se	O
fonde	O
Pour	O
savoir	O
quand	O
se	O
fier	O
au	O
TLG,	U-MISC
il	O
faut	O
avoir	O
l’expérience	O
de	O
chaque	O
tradition	O
textuelle.	O
Un	B-MISC
guide	I-MISC
comme	I-MISC
Dickey,	L-MISC
2007,	O
reconnaît	O
avec	O
pragmatisme	O
la	O
valeur	O
de	O
ce	O
corpus	O
et	O
se	O
donne	O
notamment	O
pour	O
fonction	O
d’éviter	O
le	O
recours	O
naïf	O
à	O
des	O
éditions	O
dépassées	O
ou	O
problématiques.	O
.	O
Somme	O
d’érudition	O
destinée	O
à	O
favoriser	O
les	O
études,	O
il	O
offre	O
des	O
textes	O
qui	O
doivent	O
être	O
constamment	O
consultés	O
ou	O
contrôlés	O
dans	O
les	O
éditions	O
imprimées	O
–	O
tout	O
en	O
permettant	O
des	O
recherches	O
à	O
peine	O
imaginables	O
avant	O
lui.	O
L’avènement	B-MISC
de	I-MISC
la	I-MISC
toile	L-MISC
et	O
l’habitude	O
des	O
catalogues	O
électroniques	O
ont	O
sans	O
doute	O
fait	O
de	O
la	O
requête	O
lexicale	O
une	O
compétence	O
mieux	O
partagée	O
que	O
jamais.	O
On	O
comprendra	O
intuitivement	O
ce	O
que	O
signifie	O
le	O
couplage	O
d’une	O
base	O
de	O
données	O
et	O
d’un	O
logiciel	O
d’interrogation	O
:	O
un	O
corpus	O
comme	O
le	O
TLG	U-MISC
n’offre	O
pas	O
seulement	O
le	O
résultat	O
figé	O
d’un	O
vaste	O
effort	O
de	O
documentation,	O
il	O
s’adapte	O
aux	O
requêtes	O
formulées.	O
Le	O
principe	O
de	O
son	O
usage	O
est	O
par	O
conséquent	O
de	O
repérer	O
un	O
ou	O
des	O
«	O
lieux	O
»	O
au	O
moyen	O
de	O
coordonnées	O
explicites	O
et	O
de	O
les	O
faire	O
apparaître	O
sous	O
la	O
forme	O
traditionnelle	O
d’un	O
texte	O
statique,	O
éventuellement	O
par	O
l’intermédiaire	O
d’une	O
liste	O
de	O
passages	O
plus	O
ou	O
moins	O
étendus	O
répondant	O
aux	O
critères	O
de	O
recherche.	O
Le	O
«	O
lecteur	O
»	O
applique	O
ainsi	O
des	O
filtres	O
d’une	O
complexité	O
variable	O
afin	O
de	O
vérifier	O
une	O
référence	O
ou	O
prendre	O
connaissance	O
d’un	O
texte,	O
rarement	O
d’une	O
façon	O
continue,	O
en	O
faisant	O
jouer	O
au	O
corpus	O
le	O
rôle	O
d’une	O
bibliothèque	O
portative,	O
par	O
souci	O
de	O
rapidité	O
ou	O
pour	O
avoir	O
accès	O
à	O
un	O
texte	O
rare.	O
Il	O
peut	O
extraire	O
un	O
passage,	O
voire	O
un	O
texte,	O
pour	O
en	O
disposer	O
sous	O
une	O
forme	O
électronique	O
en	O
vue	O
d’un	O
travail	O
en	O
cours	O
;	O
c’est	U-MISC
alors	O
l’homogénéité	O
du	O
milieu	O
numérique	O
et	O
l’accès	O
à	O
un	O
texte	O
fiable	O
qui	O
importent.	O
Enfin	O
et	O
surtout,	O
d’une	O
manière	O
plus	O
élaborée,	O
il	O
peut	O
constituer	O
un	O
corpus	O
en	O
sélectionnant	O
des	O
éléments	O
dans	O
des	O
listes	O
closes	O
(celles	O
que	O
reprend	O
le	B-LOC
Canon,	L-LOC
répertoire	O
d’autorité	O
du	O
TLG)	U-LOC
:	O
nom	O
de	O
l’auteur,	U-LOC
genre	O
littéraire	O
pratiqué	O
par	O
l’auteur,	O
sexe	O
de	O
l’auteur,	O
genre	O
littéraire	O
du	O
texte,	O
lieu	O
associé	O
au	O
texte,	O
intervalle	O
chronologique	O
incluant	O
ou	O
non	O
les	O
textes	O
composés	O
à	O
des	O
époques	O
diverses	O
ou	O
de	O
date	O
incertaine.	O
Il	O
lui	O
est	O
ensuite	O
possible	O
de	O
consulter	O
l’index	O
de	O
ce	O
corpus	O
ou	O
d’y	O
effectuer	O
des	O
requêtes	O
lexicales,	O
qui	O
ont	O
trait	O
soit	O
à	O
l’occurrence	O
d’une	O
chaîne	O
de	O
caractères,	O
soit	O
à	O
la	O
co-occurrence	O
de	O
plusieurs	O
chaînes	O
;	O
la	O
présentation	O
des	O
résultats	O
comporte	O
le	O
nombre	O
total	O
des	O
réponses.	O
Ces	O
opérations	O
élémentaires	O
de	O
la	O
linguistique	O
de	O
corpus,	O
accessibles	O
à	O
chacun	O
et	O
reproductibles,	O
sont	O
une	O
révolution	O
pour	O
la	O
philologie,	O
dans	O
la	O
mesure	O
où	O
elles	O
sont	O
susceptibles	O
de	O
modifier	O
notre	O
perception	O
des	O
textes	O
et	O
les	O
questions	O
que	O
nous	O
nous	O
posons	O
à	O
leur	O
sujet.	O
Les	O
limites	O
du	O
TLG,	U-MISC
signalées	O
au	O
fil	O
des	O
années	O
Voir	O
par	O
exemple	O
Heslin,	U-LOC
2001.	O
,	O
tiennent	O
notamment	O
à	O
son	O
mode	O
d’élaboration,	U-MISC
à	O
son	O
fonctionnement	O
et	O
à	O
la	O
politique	O
de	O
sa	O
diffusion.	O
Sans	U-PER
entrer	O
dans	O
le	O
détail,	O
soulignons	O
que	O
les	O
critiques	O
sont	O
aussi	O
des	O
hommages,	O
car	O
le	O
projet	O
et	O
les	O
données	O
du	O
TLG	U-MISC
ont	O
été	O
le	O
ferment	O
de	O
travaux	O
innombrables.	O
Mais	O
ce	O
corpus	O
n’est	O
ni	O
immobile	O
ni	O
isolé.	O
Ses	O
évolutions	O
ont	O
levé	O
certains	O
obstacles	O
majeurs.	O
Nous	B-MISC
en	I-MISC
citerons	I-MISC
trois,	I-MISC
introduites	L-MISC
dans	O
la	O
dernière	O
décennie.	O
En	B-MISC
ce	I-MISC
qui	I-MISC
concerne	I-MISC
les	I-MISC
polices	I-MISC
de	I-MISC
caractères	I-MISC
grecs,	L-MISC
les	O
responsables	O
du	O
TLG	U-MISC
ont	O
fait	O
mieux	O
qu’adopter	O
la	O
norme	O
Unicode,	U-MISC
puisqu’ils	O
ont	O
soumis	O
des	O
propositions	O
au	O
consortium	O
mondial	O
qui	O
l’administre.	O
Le	O
problème	O
de	O
la	O
lemmatisation	O
est	O
particulièrement	O
aigu	O
pour	O
une	O
langue	O
flexionnelle	O
:	O
des	O
procédures	O
automatiques	O
autorisent	O
désormais	O
à	O
appeler	O
ensemble	O
les	O
formes	O
d’un	O
même	O
lexème	O
;	O
la	O
logique	O
de	O
la	O
recherche	O
d’une	O
chaîne	O
de	O
caractères	O
se	O
combine	O
avec	O
une	O
analyse	O
préexistante	O
des	O
structures	O
de	O
la	O
langue.	O
Enfin,	B-MISC
l’affichage	L-MISC
du	O
texte	O
grec,	O
qui	O
est	O
la	O
vocation	O
du	O
TLG,	U-MISC
s’accompagne	O
parfois	O
d’un	O
lien	O
vers	O
une	O
traduction	O
anglaise	O
disponible	O
sur	O
un	O
autre	O
site.	O
De	O
telles	O
innovations	O
sont	O
précieuses,	O
mais	O
elles	O
reflètent	O
également	O
les	O
tendances	O
générales	O
d’un	O
champ	O
de	O
recherche.	O
Les	O
avancées	O
d’autres	O
projets,	O
qui	O
ne	O
portent	O
pas	O
nécessairement	O
sur	O
l’Antiquité,	O
mettent	O
en	O
évidence	O
des	O
lacunes	O
et	O
font	O
apercevoir	O
de	O
nouvelles	O
possibilités.	O
Mentionnons	U-LOC
quelques	O
perspectives	O
proches	O
ou	O
lointaines,	O
mais	O
nullement	O
utopiques	O
–	O
encore	O
que	O
l’utopie	O
ait	O
ici	O
droit	O
de	O
cité.	O
Au-delà	B-MISC
du	I-MISC
progrès	I-MISC
des	I-MISC
travaux	I-MISC
lexicologiques,	I-MISC
l’étude	I-MISC
de	I-MISC
la	I-MISC
langue	I-MISC
et	I-MISC
des	I-MISC
œuvres	I-MISC
profitera	I-MISC
de	I-MISC
l’exploration	I-MISC
du	I-MISC
trésor	I-MISC
grec	I-MISC
sous	I-MISC
ses	I-MISC
aspects	I-MISC
syntaxiques	I-MISC
et	I-MISC
textuels,	L-MISC
étant	O
entendu	O
que	O
ces	O
paliers	O
d’analyse	O
sont	O
en	O
réalité	O
interdépendants.	O
Plus	O
largement,	O
la	O
quantification	O
des	O
faits	O
linguistiques	O
ou	O
littéraires	O
paraît	O
être	O
une	O
dimension	O
indispensable	O
de	O
l’interprétation	O
:	O
les	O
hellénistes	O
commencent	O
seulement	O
à	O
disposer	O
d’instruments	O
statistiques,	O
dont	O
l’usage	U-PER
fait	O
l’objet	O
d’une	O
réflexion	O
depuis	O
plus	O
d’un	O
demi-siècle	O
dans	O
certaines	O
disciplines.	O
L’apparat	O
critique	O
des	O
éditions	O
savantes	O
imprimées	O
est	O
le	O
socle	O
de	O
la	O
méthode	O
philologique.	O
Il	O
est	O
certes	O
impensable	O
de	O
ne	O
pas	O
l’intégrer	O
dans	O
notre	O
environnement	O
de	O
travail	O
numérique,	O
mais	O
il	O
est	O
probable	O
que	O
cette	O
transposition	O
implique	O
une	O
réinvention	O
:	O
forme	O
concise	O
de	O
commentaire,	O
l’apparat	O
traditionnel	O
est	O
un	O
dispositif	O
hypertextuel,	O
dont	O
la	O
fonction	O
évolue	O
quand	O
les	O
livres	O
forment	O
un	O
réseau	O
et	O
communiquent	O
entre	O
eux.	O
La	B-MISC
mise	I-MISC
en	I-MISC
relation	I-MISC
débute	I-MISC
avec	I-MISC
la	I-MISC
comparaison	I-MISC
de	I-MISC
textes	I-MISC
parallèles,	L-MISC
ou	O
avec	O
l’affichage	O
d’un	O
dictionnaire	O
en	O
regard	O
du	O
texte	O
lorsque	O
l’on	O
clique	O
sur	O
un	O
mot	O
(fig.	O
4).	O
«	O
Hypertexte	U-MISC
»	O
et	O
«	O
réseau	O
»	O
sont	O
les	O
mots	O
que	O
nous	O
employons	O
pour	O
désigner	O
l’horizon	U-LOC
de	O
cette	O
évolution,	O
qu’il	O
appartient	O
aux	O
praticiens	O
clairvoyants,	O
ou	O
visionnaires,	O
de	O
préciser.	O
Fig.	O
4.	O
Le	O
passage	O
d’Athénée	O
cité	O
plus	O
haut	O
et	O
l’entrée	O
thêsauros	O
du	O
Liddell-Scott-Jones	U-LOC
[LSJ]	O
dans	O
le	O
logiciel	O
Diogenes	U-MISC
(juin	O
2010).	O
On	U-LOC
peut	O
alors	O
se	O
demander	O
si	O
le	O
TLG,	U-MISC
dans	O
son	O
état	O
actuel,	O
n’est	O
pas	O
à	O
la	O
fois	O
une	O
réussite	O
exemplaire	O
et	O
un	O
modèle	O
dépassé.	O
Plusieurs	O
des	O
fonctions	O
citées	O
proviennent	O
des	O
travaux	O
du	O
projet	O
Perseus,	U-MISC
qui	O
nous	O
fournit	O
un	O
contrepoint	O
particulièrement	O
pertinent,	O
car	O
sa	O
politique	O
scientifique	O
est	O
tout	O
à	O
fait	O
différente.	O
Fondé	B-MISC
en	I-MISC
1987,	L-MISC
il	O
a	O
pris	O
le	O
parti	O
de	O
rassembler	O
et,	U-MISC
autant	O
que	O
possible,	O
de	O
mettre	O
en	O
correspondance	O
sources,	O
traductions,	O
commentaires,	O
grammaires	O
et	O
dictionnaires.	O
En	B-MISC
attendant	I-MISC
la	I-MISC
réinvention	I-MISC
de	I-MISC
l’apparat	I-MISC
critique,	I-MISC
c’est-à-dire	I-MISC
des	I-MISC
instruments	I-MISC
d’une	I-MISC
interprétation	L-MISC
informée,	O
c’est	U-MISC
un	O
pas	O
pour	O
s’éloigner	O
du	O
trésor	O
sans	O
mémoire	O
Selon	O
la	O
formule	O
radicale	O
de	O
Jean	B-PER
Bollack,	L-PER
en	O
matière	O
d’interprétation,	O
«	O
c’est	U-MISC
l’inventaire	O
ou	O
rien	O
»	O
(Bollack,	O
1997,	O
p.	O
27).	O
.	O
En	O
outre,	O
cette	O
équipe	O
a	O
pour	O
objectif	O
de	O
produire	O
des	O
textes	O
et	O
des	O
outils	O
plus	O
élaborés,	O
qui	O
sont	O
ensuite	O
librement	O
mis	O
à	O
la	O
disposition	O
de	O
la	O
communauté	O
des	O
chercheurs	O
et	O
de	O
toute	O
personne	O
intéressée	O
Sont	U-MISC
notamment	O
issus	O
de	O
cette	O
politique	O
la	O
version	O
électronique	O
du	O
LSJ,	U-MISC
des	O
outils	O
de	O
lemmatisation	O
et	O
de	O
nombreux	O
fichiers	O
encodés	O
dans	O
le	O
métalangage	O
XML	U-MISC
et	O
distribués	O
sous	O
un	O
contrat	O
Creative	B-MISC
Commons.	L-MISC
Voir	O
Perseus,	B-MISC
1987-.	L-MISC
.	O
Nous	O
vivons	O
l’époque	O
des	O
«	O
incunables	O
numériques	O
»,	U-MISC
ne	O
serait-ce	O
que	O
parce	O
que	O
l’analogie	O
avec	O
la	O
page	O
imprimée	O
est	O
encore	O
prégnante,	O
et	O
le	O
TLG	U-MISC
en	O
est	O
un	O
symbole	O
Sur	O
cette	O
expression	O
et	O
sur	O
son	O
application	O
au	O
TLG,	U-MISC
voir	O
Crane,	B-LOC
2004,	L-LOC
et	O
Crane,	B-PER
Bamman	L-PER
et	O
Babeu,	U-PER
2007.	O
.	O
Du	O
point	O
de	O
vue	O
des	O
services	O
rendus	O
aux	O
spécialistes	O
et	O
à	O
la	O
société	O
dans	O
son	O
ensemble,	O
le	O
TLG	U-MISC
et	O
Perseus	U-PER
illustrent	O
deux	O
modèles	O
intellectuels	O
et	O
économiques	O
opposés	O
:	O
le	O
premier	O
repose	O
sur	O
un	O
accès	O
restreint	O
aux	O
fruits	O
du	O
travail	O
universitaire	O
et	O
de	O
l’expertise	O
technique,	O
tandis	O
que	O
le	O
second	O
favorise	O
un	O
libre	O
accès	O
aux	O
données.	O
Le	O
TLG	U-MISC
est	O
cependant	O
encore	O
un	O
corpus	O
irremplaçable	O
par	O
sa	O
taille.	O
Insistons,	U-MISC
pour	O
finir,	O
sur	O
cette	O
question	O
de	O
l’échelle,	O
qui	O
peut	O
déterminer	O
un	O
autre	O
maniement	O
des	O
textes.	O
Dans	O
la	O
conservation	O
et	O
l’exploitation	O
d’un	O
héritage	O
culturel,	O
diverses	O
stratégies	O
et	O
diverses	O
priorités	O
sont	O
envisageables.	O
Elles	O
expriment	O
une	O
tension,	O
qui	O
dépasse	O
de	O
loin	O
le	O
cas	O
des	O
études	O
anciennes,	O
entre	O
une	O
approche	O
intensive	O
et	O
une	O
approche	O
extensive.	O
Bien	O
que	O
la	O
philologie	O
vive	O
de	O
précision	O
et	O
que	O
l’ordinateur	O
ait	O
des	O
capacités	O
de	O
mémoire	O
et	O
de	O
calcul	O
incomparables	O
à	O
celles	O
de	O
l’homme,	U-MISC
il	O
serait	O
évidemment	O
déraisonnable	O
de	O
les	O
situer	O
à	O
des	O
pôles	O
opposés.	O
Disons	U-MISC
simplement	O
ici	O
que	O
les	O
technologies	O
informatiques	O
sont	O
un	O
nouvel	O
arsenal	O
pour	O
l’étude	O
qualitative	O
des	O
textes	O
Il	O
suffit	O
de	O
penser	O
aux	O
techniques	O
fines	O
d’encodage	O
des	O
textes,	O
qui	O
constituent	O
une	O
pratique	O
intermédiaire	O
entre	O
l’écriture	O
et	O
le	O
commentaire,	O
avec	O
pour	O
finalité	O
une	O
description	O
formelle	O
et	O
sémantique	O
que	O
la	O
machine	O
sache	O
exploiter	O
:	O
voir	O
les	O
recommandations	O
de	O
la	O
Text	B-MISC
Encoding	I-MISC
Initiative	L-MISC
fondée	O
en	O
1987	O
(Burnard	O
et	O
Bauman,	U-MISC
2007),	O
ainsi	O
que	O
Burnard,	B-ORG
O’Brien	I-ORG
O’Keeffe	L-ORG
et	O
Unsworth,	U-MISC
2006.	O
et	O
que	O
le	O
traitement	O
des	O
données	O
quantitatives	O
met	O
au	O
jour	O
des	O
faits	O
qui	O
échappent	O
à	O
toute	O
autre	O
appréhension	O
Par	O
exemple	O
grâce	O
à	O
la	O
statistique	O
lexicale,	O
à	O
l’analyse	O
des	O
réseaux	O
ou	O
à	O
la	O
représentation	O
visuelle	O
de	O
phénomènes	O
de	O
distribution.	O
.	O
Notre	O
présentation	O
du	O
TLG	U-MISC
–	O
et	O
de	O
ce	O
qu’il	O
annonce	O
–	U-ORG
a	O
peut-être	O
pour	O
premier	O
effet	O
de	O
réactiver	O
le	O
vertige	O
borgésien	O
des	O
parcours	O
infinis	O
dans	O
la	O
bibliothèque.	O
Personne	O
ne	O
lira	O
jamais	O
la	O
totalité	O
des	O
textes	O
grecs	O
de	O
ce	O
corpus.	O
Cependant,	O
de	O
nouveaux	O
protocoles	O
de	O
recherche	O
enrichiront	O
ceux	O
qui	O
existent	O
déjà.	O
Telle	U-LOC
est	O
la	O
réponse	O
inattendue	O
à	O
l’une	O
des	O
questions	O
de	O
notre	O
époque	O
:	O
que	O
faire	O
avec	O
un	O
million	O
de	O
livres	O
«	O
What	B-MISC
do	I-MISC
you	L-MISC
do	O
with	O
a	O
million	O
books	O
?	O
»	O
demande-t-on	O
souvent	O
à	O
la	O
suite	O
du	O
directeur	O
du	O
projet	O
Perseus,	B-MISC
Gregory	I-MISC
Crane	L-MISC
(voir	O
Crane,	U-LOC
2006),	O
que	O
ce	O
soit	O
en	O
référence	O
à	O
l’Universal	B-LOC
Library	L-LOC
et	O
à	O
son	O
projet	O
initial	O
«	O
Million	B-MISC
Book	L-MISC
Digital	O
Library	O
»	O
ou	O
aux	O
entreprises	O
de	O
numérisation	O
mondiales	O
(voir	O
les	O
analyses	O
de	O
Dacos	U-PER
et	O
Mounier,	U-PER
2010).	O
?	O
Vers	O
une	O
philologie	O
numérique	O
Au-delà	B-MISC
d’une	I-MISC
nouvelle	I-MISC
lexicographie	I-MISC
et	I-MISC
de	I-MISC
l’organisation	I-MISC
d’une	I-MISC
philologie	I-MISC
dite	I-MISC
computationnelle	I-MISC
Quemada,	I-MISC
2004,	L-MISC
et	O
Bozzi,	B-MISC
2004.	L-MISC
,	O
nous	O
voyons	O
l’émergence	O
de	O
ce	O
que	O
l’on	O
peut	O
nommer	O
la	O
«	O
philologie	O
numérique	O
Voir	O
les	O
propositions	O
de	O
François	B-PER
Rastier	L-PER
dans	O
Rastier,	B-MISC
2001.	I-MISC
L’auteur	L-MISC
rend	O
justement	O
hommage	O
à	O
Roberto	B-PER
Busa,	L-PER
qui	O
a	O
consacré	O
sa	O
vie	O
de	O
savant	O
à	O
une	O
«	O
philologie	O
électronique	O
»	O
(voir	O
Busa,	U-PER
1998,	O
article	O
au	O
titre	O
savoureux).	O
».	U-MISC
Le	O
passage	O
au	O
médium	O
numérique	O
–	O
après	O
le	O
rouleau	O
de	O
papyrus	O
et	O
le	O
codex,	O
après	O
l’écriture	O
et	O
l’imprimerie	O
–	O
suscitera	O
d’autres	O
types	O
de	O
lecture	O
Chartier,	B-MISC
1995.	I-MISC
et	I-MISC
d’autres	I-MISC
modes	I-MISC
de	I-MISC
recherche.	I-MISC
Dans	I-MISC
la	I-MISC
coalescence	I-MISC
des	I-MISC
pratiques	I-MISC
et	I-MISC
des	I-MISC
technologies,	I-MISC
nous	I-MISC
vivons	I-MISC
sans	I-MISC
doute	L-MISC
un	O
interrègne.	O
Les	O
textes	O
antiques	O
paraissent	O
être	O
un	O
bon	O
terrain	O
d’expérimentation.	O
Alors	O
même	O
que	O
la	O
philologie	O
lutte	O
pour	O
sa	O
survie	O
Sur	B-MISC
cette	I-MISC
crise,	I-MISC
voir	I-MISC
les	I-MISC
réflexions	I-MISC
d’un	I-MISC
indianiste	L-MISC
dans	O
Pollock,	U-MISC
2009.	O
,	O
c’est	U-MISC
une	O
dimension	O
nouvelle	O
de	O
sa	O
pratique	O
et	O
de	O
son	O
épistémologie	O
qui	O
s’ouvre	O
à	O
elle.	O
Aussi	O
de	O
nombreux	O
spécialistes	O
de	O
l’Antiquité	O
prennent-ils	O
une	O
part	O
active	O
à	O
la	O
construction	O
des	O
humanités	O
numériques	O
Pour	O
un	O
panorama	O
concernant	O
l’étude	O
de	O
l’Antiquité	O
dans	O
les	O
pays	O
anglophones,	O
voir	O
Crane	U-LOC
et	O
Terras,	U-ORG
2009,	O
ou	O
Terras	U-LOC
et	O
Crane,	U-LOC
2010.	O
Les	O
digital	O
humanities	O
ont	O
déjà	O
leurs	O
companion	O
books,	O
qui	O
donnent	O
une	O
idée	O
de	O
la	O
diversité	O
et	O
de	O
la	O
vivacité	O
du	O
domaine	O
:	O
Schreibman,	B-PER
Siemens	L-PER
et	O
Unsworth,	U-MISC
2004,	O
et	O
Siemens	U-LOC
et	O
Schreibman,	U-LOC
2007.	O
Voir	O
également	O
les	O
références	O
collectées	O
par	O
l’auteur	O
de	O
ces	O
lignes	O
dans	O
Berra,	B-MISC
2010-.	L-MISC
.	O
En	O
1989,	O
le	O
directeur	O
scientifique	O
des	O
Lieux	U-LOC
de	O
savoir	O
achevait	O
ainsi	O
sa	O
présentation	O
du	O
TLG	U-MISC
:	O
«	O
Contrairement	O
à	O
une	O
idée	O
répandue	O
par	O
ses	O
détracteurs,	O
l’informatique	O
invite	O
à	O
penser	O
et	O
à	O
réfléchir.	O
[…]	O
Il	O
est	O
sans	O
doute	O
trop	O
tôt	O
pour	O
faire	O
le	O
bilan	O
des	O
découvertes	O
rendues	O
possibles	O
par	O
le	O
TLG	U-MISC
Jacob,	U-MISC
1989,	O
p.	O
135.	O
.	O
»	O
Vingt	O
ans	O
plus	O
tard,	O
on	O
ne	O
peut	O
que	O
confirmer	O
et	O
étendre	O
cette	O
conclusion.	O
Dans	O
bien	O
des	O
domaines,	O
il	O
est	O
devenu	O
impossible	O
ou	O
intellectuellement	O
ruineux	O
d’ignorer	O
l’informatique.	O
Cependant,	U-LOC
à	O
l’heure	O
où	O
les	O
technologies	O
de	O
l’information	O
s’imposent	O
dans	O
la	O
vie	O
privée	O
et	O
dans	O
la	O
vie	O
scientifique,	O
la	O
plus	O
grave	O
menace	O
réside	O
sans	O
doute	O
dans	O
une	O
perspective	O
purement	O
instrumentale.	O
Si	O
la	O
bibliothèque	O
numérique	O
ne	O
servait	O
qu’à	O
reconduire	O
les	O
automatismes	O
du	O
travail	O
avec	O
les	O
textes	O
imprimés,	O
le	O
TLG,	U-MISC
ses	O
avatars	O
futurs	O
et	O
ses	O
équivalents	O
dans	O
d’autres	O
champs	O
de	O
savoir	O
seraient	O
comparables	O
aux	O
esclaves	O
savants	O
qu’un	O
riche	O
Romain	U-LOC
utilisait	O
pour	O
produire	O
telle	O
ou	O
telle	O
citation	O
grecque	O
au	O
moment	O
opportun	O
Sénèque,	B-MISC
Lettres	L-MISC
à	O
Lucilius,	U-LOC
III,	O
27.	O
Cette	O
satire	O
d’un	O
parvenu	O
inculte	O
prêterait	O
à	O
une	O
réflexion	O
sur	O
le	O
rôle	O
de	O
la	O
mémoire	O
auxiliaire	O
dans	O
la	O
pratique	O
des	O
philosophes	O
et	O
des	O
philologues,	O
jadis	O
et	O
aujourd’hui.	O
.	O
Comme	O
toute	O
base	O
de	O
données	O
qu’une	O
communauté	O
exploite,	O
ou	O
plutôt	O
comme	O
tout	O
corpus	O
qu’elle	O
se	O
donne	O
pour	O
résultat	O
et	O
pour	O
matériau	O
de	O
ses	O
recherches	O
Avec	B-MISC
justesse	L-MISC
et	O
humour,	O
Bruno	B-PER
Latour	L-PER
propose	O
de	O
rebaptiser	O
«	O
obtenues	O
»	O
les	O
«	O
données	O
»	O
scientifiques,	O
qui	O
n’ont	O
en	O
effet	O
rien	O
de	O
naturel	O
(Latour,	O
2007).	O
La	O
«	O
numérisation	O
généralisée	O
»	O
met	O
particulièrement	O
en	O
relief	O
la	O
dimension	O
matérielle	O
de	O
la	O
vie	O
des	O
savoirs,	O
constate-t-il,	O
ainsi	O
que	O
la	O
convergence	O
entre	O
les	O
sciences	O
de	O
l’interprétation	O
et	O
les	O
sciences	O
de	O
la	O
nature,	O
qui	O
toutes	O
travaillent	O
avec	O
des	O
corpus	O
et,	O
mutatis	O
mutandis,	O
avec	O
des	O
textes.	O
,	O
le	O
«	O
thésaurus	O
»	O
grec	O
est	O
une	O
création	O
continuée.	O
Affaire	O
de	O
maniement	O
et	O
d’interprétation,	O
son	O
usage	O
doit	O
stimuler	O
l’esprit	O
d’invention.	O
Dans	O
les	O
sciences	O
de	O
la	O
culture,	O
le	O
développement	O
d’une	O
compétence	O
numérique	O
partagée	O
passera	O
sans	O
doute	O
par	O
un	O
certain	O
degré	O
d’hybridation	O
des	O
spécialités	O
et	O
par	O
l’instauration	O
d’un	O
meilleur	O
dialogue	O
entre	O
les	O
disciplines.	O
La	O
distinction	O
du	O
technique	O
et	O
de	O
l’intellectuel	O
paraît	O
ici	O
moins	O
pertinente	O
que	O
jamais.	O
Trop	U-MISC
bien	O
assimilé,	O
devenu	O
invisible,	O
un	O
outil	O
nouveau	O
se	O
réduit	O
à	O
ses	O
propriétés	O
les	O
plus	O
banales	O
et	O
perd	O
sa	O
puissance	O
heuristique.	O
On	B-MISC
comprend	I-MISC
mieux	I-MISC
le	I-MISC
paradoxe	L-MISC
qui	O
fait	O
déclarer	O
à	O
un	O
computing	O
humanist	O
,	O
dans	O
une	O
leçon	O
inaugurale	O
:	O
«	O
Est-ce	O
que	O
je	O
sais	O
de	O
quoi	O
je	O
parle	O
?	O
Non	O
McCarty,	O
2010.	O
Pour	O
cet	O
observateur	O
participant	O
des	O
humanités	O
numériques,	O
l’inconnu	O
vaut	O
promesse	O
:	O
«	O
I	U-LOC
smell	O
food	O
on	O
the	O
wind.	O
»	O
.	O
»	O
Car	O
personne	O
ne	O
sait	O
encore	O
ce	O
qu’est	O
une	O
édition	O
numérique.	O
Qui	O
peut	O
imaginer	O
ce	O
que	O
les	O
pratiques	O
de	O
lecture	O
et	O
de	O
recherche	O
à	O
venir	O
nous	O
feront	O
percevoir,	O
analyser	O
et	O
comprendre	O
?	O
Histoire	O
à	O
suivre.	O
Bibliographie	O
