Dans	U-LOC
cette	O
parodie	O
des	O
récits	O
de	O
voyage	O
qu’est	O
l’Histoire	O
vraie	O
de	O
Lucien	B-PER
de	I-PER
Samosate	L-PER
(	O
ii	O
e	O
siècle	O
de	O
notre	O
ère),	O
une	O
forte	O
bourrasque	O
emporta	O
un	O
jour	O
un	O
navire	O
dans	O
les	O
airs,	O
puis	O
le	O
déposa	O
sur	O
la	O
lune.	O
Là,	U-MISC
en	O
visitant	O
le	O
palais	O
du	O
roi	O
Endymion	U-PER
,	O
le	O
narrateur	O
découvrit	O
un	O
étrange	O
dispositif	O
optique	O
:	O
[…]	O
un	O
immense	O
miroir	O
se	O
trouve	O
au-dessus	O
d’un	O
puits,	O
peu	O
profond	O
;	O
quand	O
on	O
descend	O
dans	O
le	O
puits,	O
on	O
entend	O
tout	O
ce	O
qui	O
est	O
dit	O
chez	O
nous	O
sur	O
la	O
terre	O
;	O
et	O
si	O
on	O
regarde	O
le	O
miroir,	O
on	O
voit	O
toutes	O
les	O
cités,	O
tous	O
les	O
peuples,	O
comme	O
si	O
on	O
se	O
trouvait	O
au-dessus	O
de	O
chacun	O
d’eux	O
;	O
c’est	U-MISC
alors	O
que	O
j’ai	O
vu	O
mes	O
proches	O
et	O
ma	O
patrie	O
tout	O
entière	O
;	O
mais	O
si	O
eux	O
ils	O
me	O
voyaient,	O
je	O
ne	O
peux	O
le	O
dire	O
avec	O
assurance	O
(I,	O
26).	O
Ce	O
miroir	O
offrait	O
sur	O
la	O
terre	O
un	O
point	O
de	O
vue	O
singulier	O
et	O
quasi	O
cartographique,	O
comme	O
à	O
la	O
verticale	O
de	O
chaque	O
lieu	O
simultanément.	O
Le	O
miroir	O
est	O
un	O
piège	O
métaphysique	O
qui	O
brouille	O
les	O
catégories	O
du	O
moi	O
et	O
de	O
l’autre,	O
de	O
l’ici	O
et	O
de	O
l’ailleurs,	O
comme	O
la	O
carte,	O
qui	O
invite	O
à	O
reconnaître	O
la	O
terre,	O
voire	O
sa	O
propre	O
patrie,	O
tout	O
en	O
instaurant	O
une	O
rupture	O
radicale	O
avec	O
le	O
lieu	O
où	O
l’on	O
se	O
tient	O
et	O
d’où	O
l’on	O
regarde.	O
Que	O
ce	O
miroir	O
se	O
trouve	O
sur	O
la	O
lune	O
redouble	O
les	O
paradoxes	O
de	O
la	O
spécularité.	O
En	O
imaginant	O
cet	O
épisode	O
de	O
vision	O
télescopique	O
avant	O
la	O
lettre,	O
Lucien	O
ne	O
pouvait	O
ignorer	O
les	O
théories	O
qui	O
faisaient	O
de	O
la	O
lune	O
elle-même	O
un	O
grand	O
miroir,	O
en	O
suspension	O
au-dessus	O
de	O
la	O
terre	O
Le	B-MISC
livre	I-MISC
de	I-MISC
référence	I-MISC
sur	I-MISC
la	I-MISC
lune	I-MISC
dans	I-MISC
la	I-MISC
pensée	I-MISC
grecque	L-MISC
est	O
Préaux,	U-LOC
1973.	O
Voir	O
en	O
particulier	O
p.	O
178-185.	O
.	O
Dans	O
les	O
taches	O
sombres	O
visibles	O
à	O
l’œil	O
nu	O
sur	O
sa	O
surface,	O
certains	O
croyaient	O
voir	O
un	O
visage	O
humain,	O
tandis	O
que	O
d’autres,	O
les	O
tenants	O
de	O
la	O
thèse	O
catoptrique,	O
proposaient	O
d’y	O
reconnaître	O
le	O
reflet	O
de	O
l’Océan	O
qui	O
entoure	O
l’œkoumène,	O
le	O
monde	O
habité	O
par	O
les	O
hommes.	O
Cette	O
dernière	O
hypothèse	O
est	O
discutée	O
dans	O
un	O
dialogue	O
de	O
Plutarque	U-PER
,	O
Sur	B-MISC
le	I-MISC
visage	I-MISC
que	I-MISC
l’on	L-MISC
voit	O
sur	O
la	O
lune	O
(fin	O
du	O
i	O
er	O
siècle	O
ap.	O
J.-C.).	U-LOC
Elle	O
est	O
attribuée	O
à	O
un	O
membre	O
de	O
l’école	O
aristotélicienne,	O
Cléarque	U-LOC
.	O
Selon	O
lui,	O
les	O
rayons	O
visuels	O
émis	O
par	O
l’œil	O
humain	O
rebondissent	O
sur	O
la	O
surface	O
de	O
la	O
lune	O
et	O
atteignent	O
des	O
objets	O
qui	O
ne	O
sont	O
pas	O
visibles	O
directement,	O
c’est-à-dire	O
la	O
totalité	O
de	O
la	O
terre	O
sur	O
laquelle	O
se	O
trouve	O
l’observateur	O
Plutarque,	O
De	O
facie,	O
3,	O
920	O
F-921	B-MISC
B	L-MISC
(Cléarque,	O
fr.	O
97,	O
Wehrli).	O
Rappelons	O
que	O
pour	O
les	O
Grecs,	U-LOC
la	O
vision	O
s’explique	O
par	O
un	O
rayon	O
qui	O
part	O
de	O
l’œil	O
pour	O
atteindre	O
l’objet.	O
.	O
L’Océan	O
apparaît	O
comme	O
une	O
tache	O
sombre	O
qui	O
se	O
détache	O
sur	O
le	O
fond	O
lumineux	O
de	O
la	O
lune.	O
Cette	O
théorie	O
suscite	O
de	O
fortes	O
objections	O
dans	O
le	O
dialogue	O
plutarchéen,	O
fondées	O
sur	O
les	O
principes	O
de	O
l’optique	O
comme	O
sur	O
la	O
géographie.	O
Alors	U-MISC
que	O
l’Océan	O
extérieur	O
est	O
un	O
et	O
continu,	O
comment	O
expliquer	O
la	O
pluralité	O
des	O
taches	O
sombres	O
sur	O
la	O
lune,	O
qui	O
donnent	O
l’impression	O
d’être	O
séparées	O
par	O
des	O
isthmes	O
brillants	O
?	O
Supposer	U-PER
que	O
ces	O
taches	O
multiples	O
reflètent	O
l’Océan	O
reviendrait	O
à	O
admettre	O
l’existence	O
d’une	O
pluralité	O
de	O
mers	O
extérieures,	O
séparées	O
par	O
des	O
isthmes	O
et	O
des	O
terres	O
continentales,	O
une	O
idée	O
saugrenue	O
et	O
erronée	O
Le	B-MISC
stoïcien	I-MISC
Cratès	I-MISC
de	I-MISC
Mallos,	L-MISC
toutefois,	O
admettait	O
la	O
possibilité	O
de	O
l’existence	O
de	O
quatre	O
mondes	O
habités	O
sur	O
le	O
globe	O
terrestre,	O
séparés	O
par	O
des	O
étendues	O
de	O
mer.	O
,	O
ou	O
encore	O
à	O
admettre	O
que	O
le	O
cours	O
de	O
l’Océan	O
que	O
nous	O
connaissons	O
ne	O
soit	O
pas	O
continu,	O
ce	O
qui	O
est	O
incroyable	O
Ibid.,	U-LOC
4,	B-LOC
921	I-LOC
B.	L-LOC
.	O
Un	O
autre	O
argument	O
objecte	O
l’invraisemblance	O
d’une	O
réflection	O
invariable	O
de	O
l’Océan	O
sur	O
le	O
miroir	O
lunaire,	O
quel	O
que	O
soit	O
le	O
lieu	O
de	O
la	O
terre	O
d’où	O
partent	O
les	O
rayons	O
visuels.	O
Selon	O
les	O
lois	O
de	O
l’optique	O
grecque,	O
les	O
navigateurs	O
et	O
les	O
habitants	O
de	O
la	O
Grande-Bretagne	U-LOC
,	O
aux	O
limites	O
septentrionales	O
du	O
monde	O
habité,	O
ne	O
pouvaient	O
pas	O
voir	O
sur	O
la	O
lune	O
le	O
reflet	O
de	O
l’Océan	O
Ibid.,	U-LOC
4,	O
921	O
C-D.	U-MISC
.	O
Ensuite,	U-MISC
les	O
propriétés	O
réfléchissantes	O
de	O
la	O
lune	O
se	O
voient	O
fortement	O
contestées.	O
D’abord	O
dans	O
le	O
cadre	O
même	O
des	O
conceptions	O
aristotéliciennes,	O
dont	O
se	O
réclame	O
Cléarque	U-LOC
:	O
pour	O
être	O
un	O
corps	O
réfléchissant	O
comme	O
un	O
miroir,	O
encore	O
faut-il	O
que	O
la	O
lune	O
soit	O
un	O
corps	O
solide	O
et	O
lourd,	O
et	O
non	O
un	O
astre	O
éthéré	O
qui	O
produit	O
de	O
la	O
lumière,	O
comme	O
le	O
pensait	O
Aristote	U-PER
Ibid.,	O
4,	O
921	O
E.	O
Sur	O
la	O
conception	O
aristotélicienne	O
de	O
la	O
lune,	O
voir	O
Aetius,	B-MISC
II.30.6	L-MISC
(Dox.	O
Graec.,	U-LOC
p.	O
362	O
b	O
1-4)	O
;	O
Aristote,	U-LOC
Sur	O
la	O
génération	O
des	O
animaux,	O
761	O
b	O
22.	O
.	O
Ensuite	O
par	O
un	O
argument	O
de	O
portée	O
plus	O
générale	O
:	O
«	O
Si	O
la	O
vue	O
subissait	O
la	O
même	O
chose	O
sur	O
l’eau	O
et	O
sur	O
la	O
lune,	O
il	O
faudrait	O
aussi	O
que	O
la	O
lune	O
produise	O
les	O
images	O
de	O
la	O
terre,	O
des	O
plantes,	O
des	O
hommes	O
et	O
des	O
astres,	O
comme	O
le	O
font	O
les	O
autres	O
miroirs	O
Ibid.,	U-LOC
23,	O
937	B-LOC
C.	L-LOC
.	O
»	O
Le	O
dialogue	O
de	O
Plutarque	U-PER
réunit	O
la	O
plupart	O
des	O
arguments	O
et	O
des	O
hypothèses	O
qui	O
seront	O
discutés	O
et	O
reformulés	O
dans	O
une	O
longue	O
tradition	O
médiévale	O
de	O
commentaires	O
et	O
d’exposés	O
cosmologiques,	O
le	O
plus	O
souvent	O
établis	O
sur	O
Aristote	U-PER
et	O
ses	O
commentateurs	O
Je	B-MISC
dois	L-MISC
à	O
Stooke,	U-MISC
1992,	O
la	O
découverte	O
de	O
cette	O
postérité	O
moderne	O
du	O
De	B-PER
facie	L-PER
de	O
Plutarque	U-PER
et	O
un	O
premier	O
ensemble	O
de	O
pistes	O
bibliographiques.	O
Celles-ci	O
ont	O
été	O
complétées	O
par	O
Pantin,	B-MISC
1993,	L-MISC
p.	O
54-55,	O
n.	O
29.	O
Le	O
débat	O
sur	O
les	O
taches	O
de	O
la	O
lune	O
au	O
Moyen	B-LOC
Âge	L-LOC
est	O
résumé	O
et	O
commenté	O
par	O
Duhem,	B-MISC
1958,	I-MISC
p.	I-MISC
409-430.	L-MISC
On	O
mentionnera	O
aussi	O
la	O
note	O
de	O
Hartner,	U-PER
1975.	O
.	O
Les	O
données	O
de	O
la	O
controverse	O
restent	O
étonnamment	O
stables.	O
Soit	U-LOC
la	O
lune	O
est	O
un	O
corps	O
lisse	O
comme	O
un	O
miroir	O
et,	O
dans	O
ce	O
cas,	O
il	O
faut	O
admettre	O
que	O
les	O
taches	O
apparentes	O
sont	O
produites	O
par	O
une	O
cause	O
extérieure	O
–	O
nuages,	O
obscurcissement	O
de	O
l’air	O
ou	O
réflexion	O
de	O
la	O
terre.	O
Soit	B-MISC
les	I-MISC
taches	I-MISC
sont	I-MISC
inhérentes	I-MISC
au	I-MISC
corps	I-MISC
lunaire,	L-MISC
et	O
il	O
faut	O
alors	O
en	O
chercher	O
l’explication	O
dans	O
des	O
variations	O
de	O
densité,	O
voire	O
dans	O
la	O
matière	O
terrestre	O
de	O
la	O
lune	O
et	O
dans	O
ses	O
reliefs	O
(thèse	O
déjà	O
avancée	O
par	O
Anaxagore	U-PER
et	O
Démocrite	U-PER
),	O
mais	O
on	O
sacrifie	O
ainsi	O
le	O
dogme	O
de	O
sa	O
perfection	O
d’astre	O
éthéré,	O
affirmé	O
par	O
Aristote	U-PER
,	O
puis	O
relayé	O
par	O
la	O
théo-logie	O
chrétienne,	O
qui	O
associe	O
la	O
Vierge	O
et	O
la	O
pureté	O
lunaire.	O
La	O
théorie	O
de	O
la	O
lune-miroir	O
ne	O
disparut	O
pas	O
complètement	O
à	O
l’âge	O
moderne.	O
Au	O
moment	O
même	O
où	O
Galilée	U-PER
,	O
à	O
Padoue	U-LOC
,	O
rédigeait	O
le	O
Sidereus	B-MISC
Nuncius	L-MISC
(janvier	O
1610),	O
l’empereur	O
Rudolph	B-PER
II	L-PER
observait	O
le	O
ciel	O
de	O
Prague	U-LOC
avec	O
un	O
tube	O
optique.	O
Et	U-MISC
il	O
s’entretenait	O
de	O
ses	O
observations	O
avec	O
le	O
mathématicien	O
impérial,	O
Johannes	B-PER
Kepler	L-PER
(1571-1630),	O
qui	O
sera	O
l’un	O
des	O
premiers	O
lecteurs	O
de	O
l’opuscule	O
de	O
Galilée	U-PER
;	O
il	O
rapporte	O
la	O
conversation	O
dans	O
sa	O
Dissertatio	U-LOC
cum	O
nuncio	O
sidereo	O
Kepler,	B-MISC
Gesammelte	I-MISC
Werke,	L-MISC
IV,	U-MISC
p.	O
290	O
(Pantin,	O
1993,	O
p.	O
9,	O
dont	O
nous	O
suivons	O
la	O
traduction).	O
Voir	O
aussi	O
Rosen,	B-MISC
1965	L-MISC
:	O
n.	O
90,	O
p.	O
73,	O
où	O
l’auteur	O
propose	O
l’hypothèse	O
vraisemblable	O
que	O
Kepler	U-PER
a	O
pu	O
faire	O
partager	O
à	O
l’empereur	O
son	O
intérêt	O
pour	O
le	O
traité	O
de	O
Plutarque.	U-LOC
Mais	O
ce	O
n’est	O
plus	O
la	O
mer,	O
c’est	U-MISC
la	O
terre	O
qui	O
se	O
reflète	O
ici.	O
:	O
«	O
Il	O
y	O
a	O
trois	O
mois,	O
le	O
Très	O
Auguste	B-PER
Empereur	L-PER
m’a	O
posé	O
diverses	O
questions	O
sur	O
les	O
taches	O
de	O
la	O
lune,	O
convaincu	O
de	O
cette	O
idée	O
que	O
les	O
images	O
des	O
mers	O
et	O
des	O
continents	O
luisaient	O
reflétées	O
dans	O
la	O
lune	O
comme	O
dans	O
un	O
miroir.	O
Il	O
donnait	O
pour	O
principal	O
argument	O
qu’il	O
lui	O
semblait	O
voir	O
représentée	O
la	O
forme	O
de	O
l’	B-LOC
Italie	L-LOC
avec	O
les	O
deux	O
îles	O
voisines	O
;	O
de	O
plus	O
il	O
offrait	O
sa	O
longue-vue	O
pour	O
réaliser	O
les	O
mêmes	O
observations,	O
mais	O
on	O
a	O
négligé	O
de	O
le	O
faire.	O
»	O
Gassendi	U-PER
,	O
dans	O
la	O
partie	O
de	O
son	O
Syntagma	B-MISC
Philosophicum	L-MISC
consacrée	O
à	O
la	O
physique	O
céleste,	O
mentionne	O
également	O
la	O
croyance	O
de	O
certains	O
de	O
ses	O
contemporains	O
qui	O
reconnaissaient	O
tous	O
les	O
détails	O
de	O
la	O
Méditerranée	U-LOC
sur	O
le	O
disque	O
lunaire	O
Petrus	B-PER
Gassendi,	I-PER
Opera	I-PER
Omnia	L-PER
[…],	O
Tomus	U-LOC
Primus,	O
Physicae	O
sectio	O
II.	U-ORG
Liber	B-PER
IV,	L-PER
p.	O
661,	O
Lyon,	U-LOC
1658	O
(Faksimile-Neudruck,	O
Stuttgart-Bad	U-LOC
Cannstatt,	O
1964).	O
.	O
À	O
Paris	U-LOC
,	O
au	O
xix	O
e	O
siècle,	O
Alexander	B-PER
von	L-PER
Humboldt	O
invite	O
un	O
Persan	U-MISC
d’une	O
très	O
bonne	O
éducation,	O
originaire	O
d’	O
Ispahan	U-LOC
,	O
à	O
observer	O
les	O
taches	O
de	O
la	O
lune	O
à	O
la	O
lentille	O
d’un	O
grand	O
télescope.	O
Ce	B-MISC
Persan	L-MISC
était-il	O
un	O
lecteur	O
de	O
textes	O
grecs	O
?	O
Il	O
se	O
réfère	O
en	O
tout	O
cas	O
à	O
l’hypothèse	O
de	O
Cléarque	U-LOC
comme	O
à	O
une	O
croyance	O
largement	O
partagée	O
dans	O
son	O
pays	O
:	O
«	O
Ce	O
que	O
nous	O
voyons	O
ici	O
sur	O
la	O
lune,	O
dit	O
le	O
Persan,	U-LOC
c’est	U-MISC
nous-mêmes,	O
c’est	U-MISC
la	O
carte	O
de	O
notre	O
terre	O
Humboldt,	U-MISC
1878,	O
489-490,	U-MISC
n.	O
38.	O
.	O
»	O
Le	O
Persan	U-MISC
ne	O
voit	O
pas	O
la	O
terre,	O
mais	O
sa	O
carte	O
:	O
la	O
distance,	O
la	O
schématisation	O
des	O
formes,	O
désormais	O
réduites	O
à	O
un	O
simple	O
contraste	O
d’ombre	O
et	O
de	O
lumière,	O
la	O
part	O
même	O
de	O
la	O
réflection,	O
autant	O
de	O
facteurs	O
qui	O
font	O
de	O
cette	O
vision	O
une	O
image	O
artificielle	O
et	O
modelée	O
par	O
le	O
savoir	O
humain	O
et	O
ses	O
conventions	O
de	O
représentation.	O
La	B-MISC
lune	L-MISC
est	O
une	O
autre	O
terre	O
Galilée	U-PER
n’était	O
pas	O
persan.	O
À	O
l’aide	O
d’une	U-MISC
lunette	O
composée	O
de	O
deux	O
lentilles,	O
il	O
observa	O
la	O
lune	O
durant	O
l’hiver	O
1609-1610	O
et	O
publia	O
ses	O
découvertes	O
dans	O
le	O
Sidereus	B-MISC
Nuncius	L-MISC
(le	O
«	O
Messager	U-ORG
céleste	O
»),	O
imprimé	O
à	O
Venise	U-LOC
en	O
mars	O
1610	O
Nous	B-MISC
suivons	I-MISC
la	I-MISC
traduction	I-MISC
et	I-MISC
les	I-MISC
commentaires	I-MISC
de	I-MISC
Pantin,	I-MISC
1992.	I-MISC
Sur	I-MISC
le	I-MISC
contexte	I-MISC
social,	I-MISC
politique	I-MISC
et	I-MISC
technique	I-MISC
de	I-MISC
l’activité	I-MISC
savante	I-MISC
de	I-MISC
Galilée,	L-MISC
voir	O
Biagioli,	U-LOC
1993	O
et	O
2006.	O
:	O
la	O
lune	O
reste	O
le	O
reflet	O
de	O
la	O
terre,	O
non	O
pas	O
parce	O
qu’elle	O
nous	O
renvoie	O
l’image	O
spéculaire	O
de	O
nos	O
mers	O
et	O
de	O
nos	O
continents,	O
mais	O
parce	O
qu’elle	O
est	O
elle-même	O
une	O
autre	O
terre.	O
Agrandie	U-PER
trente	O
fois	O
par	O
rapport	O
à	O
la	O
vision	O
à	O
l’œil	O
nu,	O
la	O
surface	O
de	O
la	O
lune	O
n’apparaît	O
plus	O
«	O
polie,	O
régulière	O
et	O
d’une	O
sphéricité	O
parfaite	O
»,	U-PER
mais	O
au	O
contraire	O
«	O
irrégulière,	O
rugueuse,	O
pourvue	O
de	O
cavités	O
et	O
de	O
gonflements,	O
tout	O
comme	O
la	O
surface	O
de	O
la	O
terre	O
elle-même	O
qui	O
est	O
rendue	O
partout	O
différente	O
par	O
les	O
hauteurs	O
des	O
montagnes	O
et	O
les	O
profondeurs	O
des	O
vallées	O
»	O
(B3ro).	O
Vue	O
à	O
la	O
lunette,	O
la	O
lune	O
est	O
«	O
marquée	O
de	O
taches	O
comme	O
la	O
queue	O
du	O
paon	O
l’est	O
d’yeux	O
d’azur	O
»	O
(C1ro)	O
et	O
ces	O
taches	O
sont	O
bien	O
plus	O
nombreuses	O
que	O
celles	O
observées	O
depuis	O
l’Antiquité	O
à	O
l’œil	O
nu.	O
Lorsque	B-MISC
la	I-MISC
lumière	I-MISC
du	I-MISC
soleil	I-MISC
et	I-MISC
la	I-MISC
masse	I-MISC
du	I-MISC
globe	I-MISC
terrestre	L-MISC
qui	O
s’interpose	O
découpent	O
le	O
croissant	O
lunaire,	O
on	O
voit	O
bien	O
que	O
la	O
ligne	O
du	O
«	O
terminateur	O
»,	U-LOC
séparant	O
la	O
zone	O
illuminée	O
et	O
la	O
zone	O
obscurcie,	O
n’est	O
pas	O
une	O
courbe	O
parfaite,	O
mais	O
présente	O
un	O
tracé	O
accidenté	O
du	O
fait	O
des	O
reliefs	O
et	O
des	O
dépressions	O
de	O
sa	O
surface.	O
Selon	O
la	O
belle	O
formule	O
d’	O
Isabelle	B-PER
Pantin	L-PER
,	O
la	O
lune	O
apparaît	O
désormais	O
comme	O
«	O
un	O
paysage	O
entièrement	O
fait	O
d’ombre	O
et	O
de	O
lumière	O
Pantin,	B-MISC
1992,	L-MISC
LIV.	U-MISC
».	O
Par	O
un	O
curieux	O
paradoxe,	O
cependant,	O
la	O
lune	O
continue	O
à	O
être	O
le	O
miroir	O
de	O
la	O
terre.	O
Ou	O
plus	O
exactement,	O
elle	O
invite	O
l’astronome	O
à	O
imaginer	O
à	O
quoi	O
ressemblerait	O
la	O
terre	O
si	O
on	O
la	O
regardait	O
de	O
la	O
lune,	O
sous	O
l’effet	O
de	O
l’éclairage	O
rasant	O
du	O
soleil.	O
Car	O
pour	O
Galilée	U-PER
,	O
la	O
partie	O
brillante	O
de	O
la	O
lune	O
correspond	O
bien	O
à	O
des	O
régions	O
terrestres	O
(C1	O
ro	O
et	O
vo)	O
:	O
«	O
de	O
sorte	O
que	O
si	O
on	O
voulait	O
ressusciter	O
la	O
vieille	O
opinion	O
des	O
Pythagoriciens,	U-LOC
à	O
savoir	O
que	O
la	O
lune	O
est	O
comme	O
une	O
autre	O
terre,	O
sa	O
partie	O
plus	O
brillante	O
représentera	O
de	O
façon	O
plus	O
appropriée	O
la	O
surface	O
terrestre,	O
et	O
la	O
plus	O
sombre	O
la	O
surface	O
liquide.	O
Pour	O
moi,	O
il	O
n’a	O
jamais	O
été	O
douteux	O
que	O
si	O
le	O
globe	O
terrestre	O
était	O
vu	O
de	O
loin,	O
inondé	O
par	O
les	O
rayons	O
solaires,	O
la	O
terre	O
ferme	O
se	O
présenterait	O
plus	O
claire	O
et	O
les	O
mers	O
plus	O
sombres	O
».	B-MISC
Voir	I-MISC
la	I-MISC
lune	I-MISC
de	I-MISC
la	I-MISC
terre	I-MISC
renvoie	I-MISC
ainsi	I-MISC
l’image	I-MISC
de	I-MISC
la	I-MISC
terre	I-MISC
vue	I-MISC
de	I-MISC
la	I-MISC
lune.	I-MISC
Seul	I-MISC
un	I-MISC
tel	I-MISC
détour	L-MISC
permet	O
d’imaginer	O
la	O
terre	O
comme	O
une	O
planète,	O
tournant	O
autour	O
du	O
soleil,	O
sous	O
l’effet	O
du	O
grand	O
décentrement	O
copernicien.	O
Les	O
astronomes	O
progressistes	O
du	O
début	O
du	O
xvii	O
e	O
siècle	O
se	O
sont	O
plu	O
à	O
construire	O
ce	O
point	O
de	O
vue	O
intellectuel.	O
Nul	B-MISC
sans	I-MISC
doute	L-MISC
n’est	O
allé	O
aussi	O
loin	O
que	O
Kepler,	U-LOC
dans	O
le	O
Somnium	U-ORG
publié	O
après	O
sa	O
mort	O
en	O
1634,	O
où	O
se	O
trouve	O
une	O
étonnante	O
description,	O
du	O
point	O
de	O
vue	O
des	O
habitants	O
de	O
la	O
lune,	O
des	O
taches	O
visibles	O
sur	O
la	O
surface	O
de	O
la	O
terre,	O
c’est-à-dire	O
des	O
figures	O
claires	O
des	O
continents	O
se	O
détachant	O
sur	O
le	O
fond	O
sombre	O
des	O
océans	O
Nous	U-MISC
ne	O
pouvons	O
développer	O
ici	O
le	O
commentaire	O
de	O
ce	O
texte.	O
Pour	O
une	O
traduction	O
française	O
:	O
voir	O
Ducos,	O
1984.	O
.	O
Les	O
dessins	O
de	O
Galilée	U-PER
Les	O
gravures	O
du	O
Sidereus	B-MISC
Nuncius	L-MISC
sont	O
les	O
premières	O
images	O
imprimées	O
de	O
la	O
surface	O
lunaire	O
régies	O
par	O
les	O
contraintes	O
de	O
la	O
mimèsis,	O
de	O
la	O
perspective	O
et	O
de	O
l’illusion	O
picturale.	O
Elles	O
témoignent	O
d’une	O
nette	O
évolution	O
par	O
rapport	O
aux	O
diagrammes	O
schématiques	O
qui	O
constituaient	O
jusqu’alors	O
l’essentiel	O
de	O
l’imagerie	O
astronomique	O
Winkler	U-PER
et	O
Van	B-PER
Helden,	L-PER
1992,	O
p.	O
195,	O
qui	O
rappellent	O
toutefois	O
les	O
croquis	O
antérieurs	O
de	O
Léonard	B-PER
de	I-PER
Vinci	L-PER
et	O
de	O
William	B-PER
Gilbert	L-PER
(1544-1603).	O
.	O
Ces	O
planches	O
font	O
en	O
effet	O
partager	O
aux	O
lecteurs	O
de	O
Galilée	U-PER
ce	O
regard	O
télescopique	O
sur	O
la	O
lune.	O
La	O
nouveauté	O
des	O
images	O
réside	O
dans	O
la	O
texture	O
et	O
le	O
piquetage	O
de	O
la	O
surface	O
lunaire,	O
dans	O
la	O
crête	O
accidentée	O
du	O
terminateur	O
qui	O
sépare	O
la	O
zone	O
plongée	O
dans	O
l’ombre	O
de	O
la	O
zone	O
éclairée.	O
La	O
juxtaposition	O
des	O
gravures	O
produit	O
un	O
effet	O
de	O
réel	O
incontestable.	O
Pour	B-MISC
la	I-MISC
première	I-MISC
fois,	I-MISC
l’une	I-MISC
des	I-MISC
thèses	I-MISC
concurrentes	I-MISC
sur	I-MISC
la	I-MISC
nature	I-MISC
de	I-MISC
la	I-MISC
lune	I-MISC
s’appuie	I-MISC
sur	I-MISC
l’évidence	I-MISC
de	I-MISC
la	I-MISC
vision	I-MISC
et	I-MISC
l’autorité	I-MISC
d’une	L-MISC
image.	O
Le	O
globe	O
immaculé	O
et	O
lumineux	O
apparaît	O
comme	O
une	O
sphère	O
accidentée	O
semblable	O
à	O
la	O
terre.	O
Il	O
est	O
bon	O
de	O
rappeler	O
avec	O
Owen	B-PER
Gingerich	I-PER
Gingerich,	L-PER
1975,	O
p.	O
84-88.	O
la	O
genèse	O
de	O
ces	O
quatre	O
gravures.	O
Elles	O
dérivent	O
en	O
effet	O
des	O
figures	O
qui	O
accompagnent	O
le	O
manuscrit	O
du	O
Sidereus	B-MISC
Nuncius,	L-MISC
et	O
il	O
est	O
fort	O
probable	O
que	O
les	O
sept	O
images	O
peintes	O
au	O
lavis	O
ne	O
sont	O
pas	O
les	O
dessins	O
originaux	O
effectués	O
lors	O
des	O
observations	O
elles-mêmes,	O
depuis	O
le	O
campanile	O
de	O
San	B-LOC
Giorgio	I-LOC
Maggiore	L-LOC
à	O
Padoue	U-LOC
.	O
On	O
peut	O
imaginer	O
qu’elles	O
soient	O
de	O
la	O
main	O
de	O
Galilée	U-PER
,	O
sans	O
que	O
l’on	O
ait	O
sur	O
ce	O
point	O
de	O
preuves	O
concluantes.	O
Les	O
planches	O
imprimées	O
présentent	O
des	O
différences	O
significatives	O
par	O
rapport	O
aux	O
figures	O
manuscrites.	O
La	O
plus	O
frappante	O
réside	O
dans	O
l’ajout,	O
sur	O
la	O
gravure	O
de	O
la	O
lune	O
dans	O
son	O
dernier	O
quartier,	O
d’un	O
cratère	O
situé	O
sur	O
la	O
ligne	O
du	O
terminateur.	O
Surdimensionné,	O
ce	O
cratère	O
circulaire,	O
dont	O
l’éclairage	O
rasant	O
du	O
soleil	O
vient	O
souligner	O
le	O
contour,	O
ne	O
correspond	O
à	O
aucun	O
élément	O
visible	O
sur	O
la	O
surface	O
de	O
la	O
lune.	O
La	O
«	O
vue	O
de	O
l’esprit	O
»	O
supplée	O
ici	O
l’observation	O
de	O
la	O
réalité,	O
d’autant	O
plus	O
que	O
ce	O
cratère	O
ne	O
figure	O
pas	O
sur	O
les	O
dessins	O
manuscrits.	O
Comme	O
le	O
suggère	O
Owen	B-PER
Gingerich	L-PER
,	O
il	O
s’agit	O
d’une	O
extrapolation	O
imaginaire	O
à	O
partir	O
d’éléments	O
qui	O
ont	O
pu	O
frapper	O
Galilée	U-PER
lors	O
de	O
ses	O
observations,	O
peut-être	O
un	O
cratère	O
de	O
forme	O
circulaire,	O
comme	O
le	O
cratère	O
Albategnius.	U-PER
La	O
disproportion	O
de	O
cet	O
élément	O
produit	O
un	O
effet	O
rhétorique	O
:	O
à	O
la	O
fois	O
symbole,	O
hyperbole	O
et	O
synecdoque,	O
ce	O
qui	O
justifierait	O
la	O
modification	O
des	O
dessins	O
originaux.	O
La	O
représentation	O
de	O
la	O
lune	O
s’appuie	O
sur	O
l’interaction	O
des	O
pouvoirs	O
persuasifs	O
du	O
texte	O
et	O
de	O
l’image.	O
L’effet	O
de	O
la	O
gravure	O
est	O
renforcé	O
par	O
une	O
métaphore	O
frappante	O
:	O
le	O
grand	O
cratère	O
circulaire	O
ressemble	O
à	O
la	O
Bohême	U-LOC
,	O
une	O
grande	O
dépression	O
circulaire,	O
telle	O
qu’on	O
pourrait	O
la	O
voir	O
du	O
ciel,	O
ou	O
plus	O
probablement	O
sur	O
une	O
carte.	O
Une	O
autre	O
différence	O
significative	O
par	O
rapport	O
aux	O
peintures	O
au	O
lavis	O
est	O
la	O
représentation,	O
sur	O
la	O
figure	O
imprimée	O
au	O
recto	O
du	O
folio	O
10,	O
des	O
«	O
taches	O
anciennes	O
»	O
de	O
la	O
lune.	O
Si	U-MISC
le	O
cratère	O
circulaire	O
a	O
retenu	O
l’attention	O
des	O
historiens	O
de	O
l’astronomie,	U-PER
comme	O
renvoyant	O
peut-être	O
à	O
un	O
élément	O
concret	O
de	O
sa	O
topographie,	O
voire	O
comme	O
un	O
repère	O
clé	O
pour	O
la	O
datation	O
précise	O
de	O
l’observation	O
de	O
Galilée	U-PER
,	O
les	O
commentateurs	O
ne	O
semblent	O
pas	O
avoir	O
noté	O
la	O
tache	O
sombre	O
au	O
contour	O
extrêmement	O
découpé,	O
qui	O
occupe	O
presque	O
tout	O
l’hémisphère	O
occidental	O
(du	O
point	O
de	O
vue	O
terrestre)	O
de	O
la	O
lune.	O
L’observateur	O
découvre	O
ainsi	O
la	O
forme	O
des	O
«	O
mers	O
lunaires	O
»,	U-PER
ou	O
du	O
moins	O
de	O
régions	O
planes,	O
qui	O
n’offrent	O
pas	O
le	O
même	O
type	O
d’aspérités	O
que	O
les	O
zones	O
de	O
reliefs.	O
Les	O
gravures	O
imprimées	O
révèlent	O
en	O
outre	O
leur	O
nature	O
fictionnelle	O
et	O
composite,	O
puisque	O
la	O
même	O
image	O
est	O
régie	O
par	O
deux	O
types	O
de	O
focalisation,	O
deux	O
échelles	O
différentes	O
:	O
la	O
vision	O
rapprochée	O
sur	O
un	O
détail,	O
excessivement	O
agrandi	O
par	O
rapport	O
à	O
l’ensemble	O
et	O
la	O
forme	O
d’ensemble	O
de	O
la	O
lune,	O
dont	O
les	O
deux	O
hémisphères	O
sont	O
séparés	O
par	O
le	O
terminateur.	O
Le	O
montage	O
est	O
d’ailleurs	O
une	O
dimension	O
essentielle	O
de	O
ces	O
images,	O
comme	O
des	O
peintures	O
originales	O
qui	O
accompagnent	O
le	O
manuscrit	O
du	O
Sidereus	B-MISC
Nuncius.	L-MISC
Si	O
l’on	O
admet,	O
avec	O
Albert	B-PER
Van	I-PER
Helden	I-PER
Van	I-PER
Helden,	L-PER
1974,	O
p.	O
44.	O
Repris	U-LOC
par	O
Edgerton,	U-MISC
1991,	O
p.	O
235.	O
Ni	O
l’un	O
ni	O
l’autre	O
n’ont	O
tiré	O
les	O
conséquences	O
de	O
cette	O
donnée	O
technique	O
sur	O
le	O
processus	O
de	O
construction	O
de	O
l’image.	O
,	O
que	O
le	O
télescope	O
de	O
Galilée	U-PER
,	O
dont	O
l’objectif	O
est	O
conservé	O
à	O
Florence	U-LOC
,	O
avait	O
un	O
champ	O
de	O
vision	O
de	O
15	O
minutes	O
de	O
l’arc	O
et	O
ne	O
permettait	O
par	O
conséquent	O
de	O
voir	O
qu’un	O
quart	O
environ	O
de	O
la	O
surface	O
de	O
la	O
lune,	O
alors	O
les	O
images	O
conservées	O
construisent	O
une	O
vision	O
globale	O
en	O
assemblant	O
des	O
visions	O
partielles.	O
Montage	U-PER
encore,	O
puisque	O
la	O
gravure	O
du	O
folio	O
10ro	O
juxtapose	O
deux	O
modes	O
figuratifs	O
:	O
l’illusion	O
tridimensionnelle	O
produite	O
par	O
le	O
rendu	O
de	O
l’ombre	O
et	O
de	O
la	O
lumière,	O
et	O
une	O
représentation	O
bidimensionnelle	O
qui	O
suscite	O
un	O
effet	O
quasi	O
cartographique.	O
Étrangement,	U-LOC
les	O
taches	O
sombres	O
qui	O
se	O
détachent	O
sur	O
le	O
fond	O
clair	O
suggèrent	O
une	O
mappemonde	O
réduite	O
à	O
une	O
forme	O
d’ensemble	O
et	O
d’où	O
seraient	O
absents	O
tous	O
les	O
codes	O
de	O
la	O
cartographie	O
–	O
pictogrammes,	O
toponymes,	O
lignes	O
et	O
points.	O
Cette	O
forme	O
semble	O
d’ailleurs	O
inspirée	O
par	O
la	O
fascination	O
séculaire	O
pour	O
les	O
taches	O
visibles	O
sur	O
la	O
surface	O
de	O
la	O
lune.	O
Elle	O
se	O
prête	O
au	O
jeu	O
de	O
l’interprétation	O
:	O
ne	O
reconnaît-on	O
pas	O
le	O
fameux	O
visage	O
visible	O
sur	O
la	O
surface	O
de	O
la	O
lune	O
?	O
Ou	O
le	O
reflet	O
des	O
continents	O
terrestres	O
?	O
Représentation	U-ORG
des	O
différentes	O
phases	O
de	O
la	O
Lune	U-LOC
depuis	O
la	O
Terre.	B-MISC
Peintures	L-MISC
au	O
lavis,	O
Sidereus	B-MISC
Nuncius	I-MISC
de	I-MISC
Galilée,	I-MISC
Gal.	L-MISC
48,	B-MISC
1609	L-MISC
environ,	O
Bibliothèque	B-LOC
nationale	I-LOC
de	I-LOC
Florence.	I-LOC
Poétique	L-LOC
de	O
la	O
sélénographie	O
Une	B-MISC
fois	I-MISC
redéfini	I-MISC
le	I-MISC
lien	I-MISC
spéculaire	L-MISC
entre	O
la	O
terre	O
et	O
la	O
lune,	O
se	O
pose	O
la	O
question	O
de	O
la	O
cartographie	O
de	O
cet	O
espace	O
dont	O
on	O
vient	O
de	O
comprendre	O
la	O
nature	O
et	O
les	O
partages	O
constitutifs	O
:	O
terres,	O
mers	O
et	O
montagnes.	O
Jeu	B-MISC
de	I-MISC
formes	L-MISC
et	O
de	O
contours,	O
répartition	O
de	O
points	O
et	O
de	O
zones	O
qui	O
attendent	O
d’être	O
recensés,	O
nommés,	O
mesurés,	O
voire	O
fixés	O
par	O
un	O
jeu	O
de	O
coordonnées	O
Pour	O
une	O
introduction	O
générale	O
à	O
l’histoire	O
de	O
la	O
cartographie	O
lunaire,	O
voir	O
Kopal	U-PER
et	O
Carder,	B-MISC
1974	L-MISC
;	O
ainsi	O
que	O
Ashworth,	B-MISC
1989	L-MISC
;	O
sur	O
la	O
sélénographie	O
au	O
xvii	O
e	O
siècle,	O
Van	U-MISC
de	O
Vyver,	U-MISC
1971a	O
et	O
1971b,	O
et	O
Whitaker,	B-MISC
1989	L-MISC
sont	O
essentiels.	O
.	O
La	O
cartographie	O
lunaire	O
présente	O
cette	O
particularité	O
par	O
rapport	O
à	O
la	O
cartographie	O
terrestre	O
de	O
porter	O
sur	O
un	O
monde	O
visible	O
à	O
l’œil	O
nu,	O
ou	O
plutôt	O
à	O
l’œil	O
muni	O
d’une	O
prothèse	O
optique,	O
le	O
télescope.	O
Ce	O
dernier	O
offre	O
un	O
point	O
de	O
vue	O
inédit	O
sur	O
cet	O
espace,	O
grâce	O
aux	O
lentilles	O
assemblées	O
dans	O
un	O
tube	O
dont	O
la	O
forme,	O
les	O
dimensions	O
et	O
le	O
montage	O
même	O
sont	O
autant	O
de	O
variables	O
qui	O
vont	O
affecter	O
la	O
précision,	O
la	O
luminosité,	O
l’orientation	O
et	O
le	O
champ	O
de	O
l’image	O
Sur	O
l’invention	O
et	O
le	O
développement	O
du	O
télescope,	O
voir	O
Van	B-MISC
Helden,	I-MISC
1974	L-MISC
et	O
1977.	O
La	O
lunette	O
de	O
Galilée	U-PER
combinait	O
une	O
lentille	O
convexe	O
(l’objectif)	O
et	O
une	O
lentille	O
concave	O
(l’oculaire).	O
L’image	O
vue	O
dans	O
l’oculaire	O
n’apparaissait	O
pas	O
inversée.	O
En	O
1611,	O
Kepler	U-PER
expose	O
dans	O
sa	O
Dioptrice	U-PER
les	O
principes	O
de	O
fabrication	O
d’une	O
lunette	O
avec	O
deux	O
lentilles	O
convexes	O
qui	O
offre	O
au	O
regard	O
une	O
image	O
inversée	O
dans	O
le	O
sens	O
de	O
la	O
hauteur.	O
Ce	O
type	O
de	O
lunette	O
ne	O
semble	O
pas	O
avoir	O
été	O
construit	O
avant	O
les	O
années	O
1640	O
:	O
voir	O
Van	B-MISC
Helden,	I-MISC
1977,	L-MISC
p.	O
41.	O
Pour	O
une	O
approche	O
renouvelée,	O
voir	O
Reeves,	B-MISC
2008.	L-MISC
.	O
Même	O
la	O
camera	O
obscura	O
,	O
qui	O
permet	O
la	O
projection	O
du	O
disque	O
lunaire	O
sur	O
un	O
écran	O
blanc,	O
et	O
donc	O
son	O
dessin	O
«	O
d’après	O
nature	O
»,	U-PER
produit	O
une	O
image	O
artificielle	O
et	O
virtuelle	O
:	O
le	O
dessin	O
est	O
la	O
copie	O
d’une	O
fragile	O
réflection	O
lumineuse.	O
À	O
cela	O
s’ajoutent	O
les	O
conditions	O
particulières	O
de	O
l’épiphanie	O
lunaire	O
:	O
observable	O
la	O
nuit	O
et	O
à	O
ses	O
orées,	O
elle	O
montre	O
toujours	O
la	O
même	O
face,	O
mais	O
pas	O
toujours	O
dans	O
sa	O
totalité.	O
Sa	O
surface	O
est	O
soumise	O
à	O
un	O
cycle	O
temporel	O
de	O
croissance	O
et	O
de	O
décroissance.	O
Le	O
dessin	O
aspire	O
à	O
saisir	O
ce	O
moment	O
privilégié	O
du	O
cycle	O
où	O
la	O
lune	O
se	O
montre	O
dans	O
sa	O
plénitude.	O
De	B-MISC
plus,	I-MISC
ce	I-MISC
monde	I-MISC
est	I-MISC
en	I-MISC
mouvement	L-MISC
perpétuel,	O
par	O
son	O
orbite	O
autour	O
de	O
la	O
terre	O
et	O
sa	O
rotation	O
qui	O
maintient	O
toujours	O
la	O
mêmeface	O
dirigée	O
vers	O
nous.	O
Elle	O
est	O
une	O
surface	O
changeante	O
d’ombre	O
et	O
de	O
lumière,	O
dont	O
les	O
détails	O
se	O
redessinent	O
chaque	O
nuit.	O
On	O
voit	O
dès	O
lors	O
le	O
paradoxe	O
de	O
l’observation	O
lunaire	O
:	O
ce	O
monde	O
visible	O
est	O
aussi	O
un	O
espace	O
d’illusions	O
optiques	O
et	O
d’apparences	O
instables.	O
En	O
mouvement	O
tout	O
en	O
donnant	O
l’impression	O
d’être	O
immobile,	O
oscillant	O
légèrement	O
sur	O
elle-même	O
en	O
latitude	O
comme	O
en	O
longitude,	O
la	O
lune	O
défie	O
le	O
dessinateur	O
comme	O
le	O
cartographe.	O
La	O
sélénographie	O
naissante	O
est	O
traversée	O
par	O
une	O
série	O
de	O
tensions,	O
entre	O
différents	O
seuils	O
de	O
perception	O
et	O
de	O
représentation.	O
Tension	U-PER
entre	O
la	O
vision	O
d’une	O
forme	O
globale	O
et	O
la	O
perception	O
de	O
son	O
détail	O
topographique	O
;	O
tension	O
entre	O
le	O
processus	O
physiologique	O
de	O
la	O
vision	O
et	O
la	O
construction	O
d’une	O
image	O
stable,	O
impliquant	O
l’interprétation	O
de	O
ce	O
qui	O
est	O
vu	O
(cratères	O
?	O
montagnes	O
?	O
plaines	O
?	O
îles	O
?),	O
le	O
choix	O
de	O
conventions	O
figuratives	O
et	O
la	O
mobilisation	O
d’un	O
savoir	O
préalable	O
sur	O
la	O
lune	O
;	O
tension	O
entre	O
la	O
restitution	O
mimétique	O
de	O
l’image	O
optique	O
et	O
sa	O
traduction	O
dans	O
des	O
codes	O
de	O
représentation,	O
comme	O
la	O
planimétrie.	O
Car	O
un	O
télescope	O
ne	O
montre	O
pas	O
une	O
carte	O
de	O
la	O
lune.	O
Il	O
permet	O
une	O
série	O
d’observations	O
partielles,	O
une	O
exploration	O
visuelle	O
de	O
la	O
surface	O
lunaire,	O
où	O
il	O
s’agit	O
d’identifier	O
des	O
repères,	O
d’organiser	O
de	O
proche	O
en	O
proche	O
un	O
tissu	O
topographique,	O
en	O
repérant	O
les	O
formes	O
prégnantes,	O
leur	O
assemblage	O
et	O
leurs	O
proportions.	O
Les	O
différentes	O
phases	O
de	O
la	O
lune	O
doivent	O
être	O
dessinées,	O
dans	O
leur	O
succession,	O
en	O
tenant	O
compte	O
des	O
variations	O
causées	O
par	O
l’évolution	O
de	O
l’éclairage	O
solaire.	O
Puis	O
vient	O
l’assemblage	O
des	O
visions	O
partielles	O
en	O
une	O
image	O
d’ensemble.	O
Et,	U-MISC
enfin,	O
la	O
transformation	O
de	O
cette	O
image	O
en	O
carte.	O
Chacune	O
de	O
ces	O
étapes	O
s’éloigne	O
progressivement	O
de	O
l’observation	O
directe	O
pour	O
construire	O
une	O
image	O
artificielle	O
et	O
impossible,	O
résultant	O
de	O
la	O
juxtaposition	O
de	O
points	O
de	O
vue	O
partiels	O
et	O
successifs	O
et	O
condensant	O
en	O
un	O
schéma	O
global	O
des	O
phases	O
échelonnées	O
dans	O
le	O
temps	O
du	O
cycle	O
lunaire.	O
Après	O
avoir	O
procédé	O
à	O
cet	O
assemblage,	O
l’artiste	O
doit	O
construire	O
un	O
point	O
de	O
vue	O
cohérent	O
sur	O
une	O
image	O
composite,	O
une	O
mise	O
en	O
lumière	O
de	O
cet	O
espace	O
pour	O
révéler	O
les	O
accidents	O
de	O
sa	O
surface.	O
L’histoire	O
de	O
la	O
cartographie	O
lunaire	O
est	O
celle	O
d’une	O
conquête	O
visuelle	O
et	O
graphique.	O
Nous	B-MISC
n’en	L-MISC
soulignerons	O
ici	O
que	O
quelques	O
étapes,	O
comme	O
le	O
projet	O
de	O
Nicolas	B-PER
Peiresc	L-PER
et	O
de	O
Pierre	B-PER
Gassendi	L-PER
,	O
qui	O
s’intéressaient	O
à	O
la	O
nature	O
même	O
du	O
globe	O
lunaire,	O
mais	O
aussi	O
aux	O
enjeux	O
astronomiques	O
et	O
géographiques	O
de	O
sa	O
représentation,	O
sous	O
la	O
forme	O
d’un	O
espace	O
organisé	O
par	O
des	O
points	O
cardinaux,	O
mesuré	O
grâce	O
à	O
des	O
graduations,	O
constitué	O
de	O
régions	O
identifiables	O
et	O
nommées.	O
Les	O
éclipses	O
de	O
lune	O
devaient	O
aider	O
à	O
déterminer	O
avec	O
précision	O
les	O
longitudes	O
terrestres	O
Voir	B-MISC
Humbert,	I-MISC
1931,	L-MISC
qui	O
a	O
retracé	O
l’histoire	O
des	O
observations	O
lunaires	O
de	O
Peiresc	U-PER
et	O
Gassendi.	B-PER
Gassendi	L-PER
expose	O
les	O
enjeux	O
intellectuels	O
de	O
ce	O
projet	O
dans	O
sa	O
Vie	B-MISC
de	I-MISC
Peiresc	L-MISC
(livre	O
V,	O
année	O
1634).	O
Voir	O
Petrus	B-MISC
Gassendi,	I-MISC
Opera	I-MISC
Omnia	L-MISC
[…],	O
Tomus	O
Quintus,	O
De	O
Vita	O
Peireskii,	O
Lyon,	O
1658,	O
p.	O
322-324	O
;	O
trad.	O
française	O
:	O
Vie	B-MISC
de	I-MISC
l’Illustre	I-MISC
Nicolas-Claude	I-MISC
Fabri	L-MISC
de	O
Peiresc	U-PER
par	O
Pierre	B-PER
Gassendi,	L-PER
traduit	O
du	O
latin	O
par	O
Roger	B-PER
Lassalle	L-PER
avec	O
la	O
collaboration	O
d’Agnès	O
Bresson,	B-PER
Paris,	L-PER
1992,	O
p.	O
242-249.	O
Nous	O
utilisons	O
cette	O
traduction.	O
.	O
Il	O
fallait	O
pour	O
cela	O
disposer	O
d’une	O
carte	O
de	O
la	O
lune	O
susceptible	O
de	O
fournir	O
des	O
repères	O
clairs	O
pour	O
des	O
observations	O
simultanées	O
depuis	O
différents	O
lieux	O
terrestres.	O
Il	O
est	O
frappant	O
de	O
relever	O
les	O
éléments	O
de	O
continuité	O
entre	O
le	O
projet	O
de	O
Galilée	U-PER
et	O
celui	O
des	O
observateurs	O
aixois.	O
Le	O
point	O
de	O
départ	O
n’est	O
pas	O
le	O
tracé	O
d’une	O
carte,	O
mais	O
la	O
réalisation	O
d’un	O
tableau	O
Vie	O
de	O
[…]	O
Peiresc,	O
op.	O
cit.,	U-LOC
p.	O
242.	O
:	O
«	O
Il	O
[	O
Peiresc	U-PER
]	O
avait	O
conçu	O
le	O
désir,	O
dont	O
j’avais	O
auparavant	O
brûlé,	O
de	O
posséder	O
la	O
peinture	O
avec	O
leurs	O
couleurs	O
vives,	O
leurs	O
proportions,	O
et	O
en	O
site	O
respecté,	O
des	O
différentes	O
phases	O
de	O
la	O
lune,	O
et	O
de	O
leur	O
variété	O
telle	O
qu’elle	O
apparaît	O
pour	O
chacune	O
d’elles	O
au	O
télescope.	O
»	O
Galilée	U-PER
lui-même	O
avait	O
fourni	O
le	O
télescope	O
:	O
restait	O
à	O
trouver	O
«	O
un	O
peintre	O
compétent	O
et	O
assez	O
patient	O
».	B-PER
Représenter	L-PER
la	O
lune	O
demande	O
moins	O
une	O
compétence	O
d’astronome	O
que	O
le	O
métier	O
d’un	O
peintre,	O
habitué	O
à	O
dessiner	O
d’après	O
nature.	O
Peiresc	U-PER
fit	O
appel	O
à	O
Claude	B-PER
Sauvé	L-PER
.	O
Mais	O
on	O
peut	O
être	O
un	O
excellent	O
peintre	O
sans	O
être	O
habitué	O
à	O
observer	O
la	O
lune	O
d’un	O
seul	O
œil	O
dans	O
une	O
lunette	O
télescopique.	O
Lorsque	O
le	O
brouillard	O
se	O
lève,	O
le	O
résultat	O
est	O
encore	O
plus	O
incertain.	O
La	O
première	O
séance,	O
le	O
26	O
août	O
1634,	O
fut	O
franchement	O
ratée.	O
En	O
septembre	O
1634,	O
nouvelles	O
tentatives,	O
en	O
présence	O
de	O
Gassendi	U-PER
.	O
Un	O
mois	O
de	O
septembre	O
exceptionnellement	O
pluvieux,	O
où	O
l’on	O
profite	O
des	O
rares	O
moments	O
d’éclaircies.	O
Les	O
peintures	O
de	O
Sauvé	U-PER
sont	O
conservées	O
par	O
Gassendi	U-PER
,	O
mais	O
ne	O
semblent	O
pas	O
avoir	O
permis	O
de	O
tracer	O
la	O
carte	O
projetée.	O
Du	O
moins	O
Sauvé	U-PER
est-il	O
devenu	O
un	O
excellent	O
connaisseur	O
de	O
la	O
face	O
visible	O
de	O
la	O
lune,	O
et	O
lors	O
de	O
l’observation	O
de	O
l’éclipse	O
de	O
lune	O
de	O
mars	O
1635,	O
il	O
«	O
peut	O
déterminer	O
avec	O
précision	O
l’arrivée	O
de	O
l’ombre	O
sur	O
les	O
diverses	O
taches	O
et	O
points	O
brillants	O
Humbert,	U-MISC
1931,	O
p.	O
197.	O
».	U-ORG
L’œil	O
du	O
peintre,	O
expert	O
en	O
ombres,	O
taches	O
et	O
points	O
lumineux,	O
rivalise	O
avec	O
celui	O
de	O
l’astronome.	O
En	O
août	O
1636,	O
le	O
peintre	O
et	O
graveur	O
Claude	B-PER
Mellan	L-PER
est	O
de	O
passage	O
à	O
Aix-en-Provence	U-LOC
.	O
C’était	O
là	O
une	O
occasion	O
à	O
ne	O
pas	O
manquer,	O
et	O
Peiresc	U-PER
s’emploie	O
à	O
le	O
convaincre	O
d’«	O
entreprendre	O
de	O
graver	O
et	O
desseigner	O
la	O
Lune	U-LOC
en	O
taille	O
doulce	O
»	O
et	O
il	O
presse	O
Gassendi	U-PER
de	O
venir	O
au	O
plus	O
vite,	O
avec	O
ses	O
dessins	O
et	O
surtout	O
sa	O
«	O
bonne	O
lunette	O
»	O
dont	O
Galilée	U-PER
avait	O
fourni	O
les	O
verres	O
Lettre	B-MISC
de	I-MISC
Peiresc	L-MISC
à	O
Gassendi	U-PER
du	O
29	O
août	O
1636.	O
.	O
Mellan	U-LOC
accepte.	O
Lorsque	O
le	O
temps	O
le	O
permet,	O
il	O
peint	O
en	O
couleurs	O
la	O
surface	O
de	O
la	O
lune.	O
Non	B-MISC
pas	I-MISC
en	I-MISC
collant	I-MISC
l’œil	I-MISC
à	I-MISC
la	I-MISC
lunette,	L-MISC
mais	O
en	O
dessinant	O
d’après	O
l’image	O
de	O
lune	O
projetée	O
à	O
travers	O
la	O
lentille	O
sur	O
une	O
surface	O
blanche,	O
c’est-à-dire	O
selon	O
le	O
principe	O
de	O
la	O
camera	O
obscura	O
.	O
C’est	O
en	O
portraitiste,	O
habitué	O
à	O
peindre	O
d’après	O
nature,	O
puis	O
à	O
retravailler	O
les	O
dessins	O
pour	O
la	O
gravure,	O
qu’il	O
aborda	O
la	O
représentation	O
de	O
la	O
lune.	O
Trois	O
planches	O
furent	O
gravées	O
:	O
la	O
Pleine	B-PER
Lune,	I-PER
le	I-PER
Premier	I-PER
Quartier	L-PER
et	O
le	O
Dernier	B-MISC
Quartier.	L-MISC
Les	O
gravures	O
de	O
Mellan	U-LOC
ne	O
sont	O
pas	O
des	O
cartes	O
à	O
proprement	O
parler,	O
mais	O
des	O
vues	O
de	O
la	O
lune	O
dans	O
trois	O
de	O
ses	O
phases	O
essentielles.	O
Il	O
s’agit	O
d’une	O
nouvelle	O
catégorie	O
d’images,	O
qui	O
représentent	O
sur	O
un	O
mode	O
naturaliste	O
l’apparence	O
d’un	O
monde	O
invisible	O
sans	O
la	O
médiation	O
d’un	O
instrument	O
optique.	O
Les	B-MISC
images	I-MISC
de	I-MISC
la	I-MISC
lune	L-MISC
occupent	O
ainsi	O
une	O
position	O
similaire	O
à	O
celles	O
qui,	O
dans	O
la	O
Micrographia	B-MISC
de	I-MISC
Hooke	L-MISC
,	O
révèlent	O
le	O
monde	O
de	O
l’infiniment	O
petit.	O
Finement	U-LOC
gravées,	O
elles	O
montrent	O
dans	O
son	O
ensemble	O
le	O
disque	O
lunaire,	O
avec	O
ses	O
grandes	O
taches	O
sombres.	O
Les	O
gravures	O
du	O
premier	O
et	O
du	O
dernier	O
quartier	O
mettent	O
en	O
évidence,	O
par	O
un	O
jeu	O
d’ombres	O
et	O
de	O
lumières,	O
le	O
relief	O
des	O
cratères	O
que	O
traverse	O
la	O
ligne	O
sinueuse	O
du	O
terminateur.	O
Les	O
trois	O
dessins	O
tentent	O
de	O
restituer	O
au	O
plus	O
près	O
la	O
vision	O
de	O
la	O
lune	O
obtenue	O
lors	O
des	O
observations	O
de	O
1637.	O
Ils	O
offrent	O
des	O
points	O
de	O
vue	O
différents	O
et	O
partiels,	O
déterminés	O
par	O
des	O
conditions	O
de	O
visibilité	O
et	O
d’éclairage	O
particulières.	O
La	B-MISC
vision	I-MISC
totale	I-MISC
de	I-MISC
l’hémisphère	I-MISC
lunaire	L-MISC
a	O
pour	O
contrepartie	O
la	O
disparition	O
de	O
tous	O
les	O
reliefs	O
et	O
de	O
l’effet	O
tridimensionnel.	O
Celui-ci	O
réapparaît	O
sur	O
les	O
vues	O
des	O
quartiers,	O
mais	O
au	O
prix	O
de	O
la	O
perte	O
de	O
la	O
totalité.	O
Ces	O
dessins	O
restent	O
des	O
constructions	O
imaginaires,	O
qui	O
fusionnent	O
des	O
strates	O
d’observations	O
partielles	O
et	O
successives.	O
Le	O
cartographe	O
flamand	O
Michel	B-PER
Florent	I-PER
Van	I-PER
Langren	L-PER
(vers	O
1600-1675)	O
sera	O
notre	O
second	O
témoin.	O
Mathématicien	U-PER
royal	O
et	O
cosmographe	O
du	O
roi	O
Philippe	B-PER
IV	L-PER
d’Espagne	O
,	O
qui	O
règne	O
alors	O
sur	O
les	O
Pays-Bas	U-LOC
,	O
il	O
a	O
lui	O
aussi	O
conçu	O
le	O
projet	O
de	O
cartographier	O
la	O
lune	O
pour	O
aider	O
au	O
calcul	O
des	O
longitudes	O
terrestres.	O
Il	O
suffirait	O
en	O
effet	O
de	O
mesurer	O
en	O
temps	O
local	O
depuis	O
différents	O
points	O
terrestres	O
les	O
levers	O
et	O
couchers	O
de	O
soleil	O
sur	O
des	O
accidents	O
notables	O
du	O
relief	O
lunaire.	O
La	O
genèse	O
de	O
la	O
carte	O
de	O
Van	B-PER
Langren	L-PER
est	O
fort	O
proche	O
de	O
celle	O
de	O
Claude	B-PER
Mellan	L-PER
:	O
une	O
série	O
d’observations	O
partielles,	O
trente	O
dessins	O
en	O
1643,	O
dont	O
la	O
somme	O
permettra,	O
par	O
recoupements	O
et	O
fusion,	O
de	O
créer	O
une	O
vue	O
d’ensemble	O
Sur	O
le	O
projet	O
sélénographique	O
de	O
Van	B-PER
Langren,	L-PER
voir	O
Van	B-PER
der	I-PER
Krogt,	L-PER
1983a	O
et	O
1995,	O
qui	O
réunit	O
un	O
intéressant	O
dossier	O
d’archives	O
et	O
de	O
correspondances.	O
.	O
Il	O
réalise	O
en	O
1644	O
un	O
premier	O
dessin	O
manuscrit	O
et	O
colorié,	O
accompagné	O
d’une	O
nomenclature	O
de	O
48	O
noms.	O
La	O
surface	O
de	O
la	O
lune	O
est	O
peinte	O
en	O
jaune	O
pâle.	O
Les	O
régions	O
sombres	O
ont	O
été	O
peintes	O
en	O
bleu	O
qui,	O
mélangé	O
au	O
jaune,	O
s’est	O
transformé	O
en	O
vert.	O
Les	O
cratères	O
sont	O
en	O
brun-violet	O
et	O
portent	O
des	O
traces	O
de	O
dorure.	O
L’image	O
offre	O
une	O
vision	O
de	O
la	O
lune	O
fort	O
différente	O
de	O
celle	O
du	O
télescope	O
:	O
une	O
lune	O
où	O
les	O
jeux	O
de	O
l’ombre	O
et	O
de	O
la	O
lumière	O
sont	O
devenus	O
des	O
contrastes	O
chromatiques	O
forts	O
et	O
conventionnels,	O
régis	O
par	O
les	O
principes	O
d’une	O
sémiologie	O
graphique	O
qui	O
est	O
à	O
la	O
base	O
de	O
la	O
communication	O
cartographique.	O
Elle	O
permet	O
la	O
distinction	O
entre	O
terres	O
(jaune),	O
mers	O
(bleu/vert)	O
et	O
cratères	O
(brun/violet).	O
Elle	O
offre	O
une	O
vision	O
plane	O
et	O
verticale	O
de	O
la	O
lune,	O
sans	O
effets	O
de	O
perspective	O
particuliers,	O
à	O
l’exception	O
du	O
moutonnement	O
des	O
Montes	B-PER
Austriaci	L-PER
,	O
conforme	O
aux	O
conventions	O
de	O
la	O
cartographie	O
terrestre.	O
Deux	O
lignes	O
se	O
croisent	O
à	O
la	O
perpendiculaire	O
au	O
centre	O
de	O
ce	O
disque	O
parfait.	O
Les	O
indications	O
«	O
Oriens	U-LOC
»	O
et	O
«	O
Occidens	U-LOC
»	O
sont	O
portées	O
de	O
part	O
et	O
d’autre,	O
mais	O
inversent	O
les	O
directions	O
terrestres.	O
Cette	O
carte	O
manuscrite	O
est	O
en	O
fait	O
une	O
esquisse	O
préparatoire	O
de	O
la	O
grande	O
carte	O
imprimée	O
en	O
1645,	O
dont	O
quatre	O
exemplaires	O
sont	O
connus	O
à	O
ce	O
jour	O
Respectivement	U-ORG
à	O
la	O
Bibliothèque	B-LOC
de	I-LOC
l’université	I-LOC
de	I-LOC
Leyde,	L-LOC
à	O
la	O
Bibliothèque	B-LOC
nationale	I-LOC
de	I-LOC
Paris	L-LOC
(département	O
des	O
Estampes),	U-ORG
à	O
la	O
Crawford	B-MISC
Library	I-MISC
of	I-MISC
the	I-MISC
Royal	I-MISC
University	I-MISC
of	I-MISC
Edinburgh	L-MISC
et	O
à	O
la	O
Bibliothèque	B-LOC
de	I-LOC
l’Observatoire	I-LOC
de	I-LOC
San	I-LOC
Fernando	L-LOC
(Espagne).	O
.	O
Sous	O
le	O
titre	O
de	O
Plenilunii	B-MISC
Lumina	I-MISC
Austriaca	I-MISC
Philippica	L-MISC
,	O
elle	O
présente	O
325	O
lieux	O
nommés	O
Chiffre	U-MISC
donné	O
par	O
Van	B-PER
de	L-PER
Vyver,	U-MISC
1971,	O
p.	O
74.	O
.	O
Si	O
l’on	O
retrouve	O
l’essentiel	O
des	O
tracés	O
de	O
la	O
carte	O
manuscrite,	O
les	O
couleurs	O
ont	O
disparu.	O
En	B-MISC
revanche,	L-MISC
les	O
contours	O
des	O
cratères	O
sont	O
soulignés	O
d’un	O
liséré	O
d’ombre,	O
qui	O
suggère	O
un	O
éclairage	O
rasant.	O
Le	B-MISC
traité	I-MISC
sélénographique	L-MISC
de	O
Van	B-PER
Langren	L-PER
ne	O
fut	O
jamais	O
publié.	O
Deux	O
ans	O
plus	O
tard,	O
en	O
1647,	O
paraissait	O
la	O
Selenographia	U-LOC
sive	O
Lunae	O
Descriptio	O
de	O
Johannes	O
Hevelius	O
(1611-1687),	O
le	O
grand	O
astronome	O
de	O
Gdansk	U-LOC
.	O
Hevelius	U-PER
se	O
situe	O
dans	O
la	O
tradition	O
galiléenne	O
Nous	O
avons	O
utilisé	O
le	O
fac-similé	O
de	O
l’édition	O
de	O
1647	O
publié	O
par	O
Edition	B-MISC
Leipzig,	I-MISC
Leipzig,	L-MISC
1967.	O
Toutes	B-MISC
les	I-MISC
traductions	L-MISC
sont	O
nôtres.	O
:	O
«	O
La	O
surface	O
de	O
la	O
lune	O
est	O
inégale	O
et	O
accidentée	O
;	O
il	O
me	O
reste	O
à	O
démontrer	O
que	O
cette	O
surface	O
accidentée	O
n’est	O
en	O
vérité	O
que	O
montagnes,	O
vallées,	O
lacs,	O
mers,	O
golfes,	O
promontoires,	O
continents	O
et	O
autres	O
choses	O
du	O
même	O
genre	O
;	O
que	O
dans	O
les	O
Océans	U-LOC
lunaires,	O
il	O
y	O
a	O
d’une	O
part	O
des	O
îles	O
entourées	O
par	O
des	O
montagnes	O
abruptes,	O
d’autre	O
part	O
des	O
îles	O
dégagées	O
des	O
montagnes	O
de	O
tous	O
les	O
côtés	O
;	O
en	O
outre,	O
ici	O
et	O
là,	O
on	O
remarque	O
des	O
rochers	O
très	O
élevés,	O
des	O
marais,	O
des	O
nappes	O
d’eau,	O
et	O
bien	O
d’autres	O
choses	O
que	O
l’on	O
ne	O
peut	O
pas	O
ne	O
pas	O
comparer	O
avec	O
ce	O
qu’il	O
y	O
a	O
sur	O
terre,	O
et	O
assurément	O
ce	O
n’est	O
pas	O
du	O
tout	O
incommode	O
»	O
(p.	O
133).	O
L’astronome	O
assimile	O
les	O
régions	O
claires	O
de	O
la	O
lune	O
à	O
la	O
terre,	O
les	O
petites	O
taches	O
aux	O
montagnes	O
et	O
aux	O
vallées,	O
les	O
grandes	O
taches,	O
celles	O
où	O
l’on	O
voyait,	O
aux	O
mers,	O
aux	O
océans	O
et	O
aux	O
lacs	O
terrestres.	O
Une	O
telle	O
interprétation	O
du	O
relief	O
s’impose	O
lorsque	O
l’on	O
observe,	O
pendant	O
les	O
phases	O
croissantes	O
et	O
décroissantes	O
de	O
la	O
lune,	O
le	O
jeu	O
de	O
l’ombre	O
et	O
de	O
la	O
lumière,	O
qui	O
souligne	O
les	O
crêtes	O
et	O
les	O
failles,	O
les	O
contours	O
des	O
massifs	O
et	O
des	O
cratères,	O
ou	O
encore	O
illumine	O
les	O
larges	O
régions	O
continentales,	O
alors	O
que	O
les	O
«	O
mers	O
»	O
apparaissent	O
plus	O
sombres.	O
Comme	O
Galilée	U-PER
et	O
Kepler	U-PER
avant	O
lui,	O
Hevelius	U-PER
en	O
appelle	O
à	O
l’observation	O
empirique	O
des	O
effets	O
du	O
lever	O
et	O
du	O
coucher	O
du	O
soleil	O
sur	O
les	O
paysages	O
terrestres	O
pour	O
expliquer	O
les	O
variations	O
d’aspect	O
des	O
montagnes	O
et	O
des	O
vallées	O
lunaires.	O
L’œil	O
du	O
sélénographe	O
n’est	O
pas	O
sans	O
rappeler	O
celui	O
du	O
dessinateur	O
ou	O
du	O
peintre,	O
dans	O
la	O
maîtrise	O
du	O
clair-obscur.	O
C’est	O
bien	O
en	O
termes	O
d’effets	O
visuels,	O
de	O
variations	O
d’éclairage	O
faisant	O
surgir	O
figures	O
et	O
reliefs	O
que	O
raisonne	O
Hevelius	U-PER
,	O
lorsqu’il	O
en	O
appelle	O
à	O
l’expérience	O
des	O
effets	O
du	O
soleil	O
levant	O
sur	O
des	O
tours	O
ou	O
des	O
bâtiments	O
dans	O
les	O
paysages	O
terrestres.	O
Hevelius	U-PER
se	O
propose	O
de	O
dessiner	O
une	O
image	O
de	O
la	O
pleine	O
lune	O
et	O
de	O
représenter	O
les	O
proportions	O
des	O
taches,	O
les	O
distances,	O
leurs	O
grandeurs	O
et	O
leurs	O
couleurs	O
exactes	O
(p.	O
206).	O
Seule	O
exigence	O
:	O
ne	O
rien	O
omettre.	O
Comment	O
procéder	O
?	O
On	O
pense	O
à	O
la	O
chambre	O
noire	O
de	O
Kepler	U-PER
et	O
de	O
Scheiner	U-PER
:	O
quoi	O
de	O
plus	O
pratique	O
et	O
de	O
plus	O
facile,	O
s’exclame	O
Hevelius	U-PER
,	O
si	O
toutes	O
les	O
formes	O
et	O
les	O
taches,	O
dans	O
leurs	O
rapports	O
de	O
proportions,	O
de	O
distances	O
et	O
de	O
couleurs,	O
venaient	O
se	O
déposer	O
sous	O
nos	O
yeux,	O
sur	O
le	O
papier,	O
n’exigeant	O
de	O
l’observateur	O
que	O
le	O
talent	O
d’y	O
fixer	O
formes	O
et	O
ombres	O
(p.	O
207).	O
Mais	O
la	O
lune	O
n’est	O
pas	O
assez	O
lumineuse	O
pour	O
se	O
dessiner	O
spontanément	O
et	O
projeter	O
ses	O
régions	O
plus	O
sombres	O
sur	O
la	O
feuille	O
blanche,	O
contrairement	O
au	O
soleil	O
dont	O
on	O
ne	O
voit	O
les	O
taches	O
que	O
grâce	O
à	O
la	O
camera	O
obscura	O
.	O
Cette	O
dernière	O
ne	O
montre	O
de	O
la	O
lune	O
que	O
la	O
forme	O
d’ensemble,	O
le	O
croissant	O
ou	O
le	O
disque	O
tout	O
entier.	O
Les	U-LOC
taches	O
sombres,	O
grandes	O
ou	O
petites,	O
restent	O
invisibles,	O
de	O
même	O
que	O
le	O
tracé	O
accidenté	O
du	O
terminateur,	O
qui	O
joua	O
un	O
rôle	O
si	O
important	O
sur	O
les	O
gravures	O
de	O
Galilée	U-PER
.	O
La	O
projection	O
par	O
la	O
lentille	O
du	O
télescope	O
ne	O
révèle	O
que	O
chaos	O
et	O
confusion.	O
Il	O
faut	O
donc	O
garder	O
l’œil	O
rivé	O
au	O
télescope.	O
Un	B-MISC
bon	I-MISC
de	I-MISC
préférence.	L-MISC
Mais	O
lorsque	O
l’on	O
a	O
dirigé	O
le	O
tube	O
vers	O
la	O
lune	O
et	O
que	O
l’on	O
commence	O
l’observation,	O
afin	O
de	O
peindre	O
ce	O
que	O
l’on	O
voit,	O
s’impose	O
la	O
cruelle	O
évidence	O
:	O
il	O
est	O
impossible	O
de	O
voir	O
d’un	O
seul	O
coup	O
d’œil	O
la	O
totalité	O
du	O
disque	O
lunaire.	O
Meilleure	U-LOC
est	O
la	O
lentille,	O
plus	O
réduite	O
est	O
la	O
région	O
de	O
la	O
lune	O
que	O
l’on	O
peut	O
voir	O
(p.	O
208-209).	O
Comment,	U-PER
dans	O
ces	O
conditions,	O
dessiner	O
la	O
pleine	O
lune	O
?	O
On	O
peut,	O
comme	O
Gassendi	U-PER
,	O
utiliser	O
un	O
double	O
télescope,	O
composé	O
de	O
deux	O
tubes,	O
le	O
plus	O
petit	O
offrant	O
la	O
vision	O
totale	O
du	O
disque	O
lunaire	O
et	O
permettant	O
d’observer	O
la	O
juxtaposition	O
et	O
les	O
proportions	O
de	O
ses	O
parties,	O
l’autre,	O
plus	O
grand,	O
qui	O
ne	O
montre	O
qu’une	O
petite	O
partie	O
du	O
disque	O
de	O
la	O
lune,	O
mais	O
permet	O
d’en	O
découvrir	O
distinctement	O
les	O
moindres	O
détails.	O
Ces	O
deux	O
lunettes	O
permettent,	O
au	O
prix	O
d’une	O
certaine	O
gymnastique	O
oculaire,	O
de	O
passer	O
alternativement	O
du	O
regard	O
du	O
géographe	O
au	O
regard	O
du	O
chorographe,	O
au	O
sens	O
ptoléméen,	O
de	O
la	O
vision	O
globale	O
à	O
la	O
vision	O
partielle,	O
bref	O
d’une	O
échelle	O
à	O
l’autre.	O
On	O
peut	O
aussi,	O
comme	O
Hevelius	U-PER
,	O
n’utiliser	O
qu’une	O
seule	O
lunette	O
qui	O
détaille	O
tout.	O
Le	O
réflexe	O
des	O
cartographes	O
s’impose	O
alors	O
:	O
«	O
On	O
commence	O
à	O
partir	O
d’un	O
certain	O
point	O
précis,	O
puis	O
les	O
parties	O
disposées	O
tout	O
autour,	O
bien	O
assemblées	O
dans	O
l’imagination,	U-LOC
sont	O
aussitôt	O
reportées	O
sur	O
la	O
feuille	O
destinée	O
à	O
cet	O
usage,	O
et	O
ainsi	O
successivement,	O
on	O
peindra	O
les	O
autres	O
points,	O
les	O
Golfes,	U-MISC
les	O
Montagnes	U-LOC
et	O
les	O
Vallées,	O
selon	O
leurs	O
distances	O
et	O
leurs	O
proportions	O
respectives,	O
jusqu’à	O
ce	O
que	O
la	O
totalité	O
et	O
le	O
détail	O
de	O
tout	O
ce	O
qui	O
se	O
trouve	O
à	O
la	O
surface	O
de	O
la	O
lune,	O
soient	O
parcourus,	O
observés	O
et	O
inscrits	O
sur	O
la	O
figure	O
»	O
(p.	O
209).	O
Telle	U-LOC
est	O
donc	O
la	O
tâche	O
du	O
sélénographe	O
:	O
un	O
va-et-vient	O
entre	O
l’œil	O
collé	O
contre	O
le	O
tube	O
optique	O
et	O
la	O
main	O
qui	O
dessine	O
sur	O
le	O
papier.	O
Opération	U-MISC
qui	O
requiert	O
l’imagination	O
la	O
plus	O
développée	O
comme	O
la	O
mémoire	O
la	O
plus	O
entraînée,	O
car	O
on	O
ne	O
peut	O
dessiner	O
que	O
lorsque	O
le	O
regard	O
a	O
quitté	O
la	O
lunette	O
et	O
se	O
tourne	O
vers	O
la	O
feuille	O
de	O
papier.	O
La	O
vision	O
doit	O
se	O
fixer	O
solidement	O
dans	O
l’esprit,	O
jusqu’à	U-LOC
ce	O
que	O
le	O
moindre	O
détail	O
ait	O
été	O
reporté	O
sur	O
le	O
dessin.	O
Entre	O
la	O
vue	O
et	O
le	O
tracé,	O
il	O
peut	O
y	O
avoir	O
le	O
laps	O
de	O
temps	O
le	O
plus	O
court.	O
Il	O
n’en	O
est	O
pas	O
moins	O
problématique.	O
Le	B-MISC
sélénographe	L-MISC
se	O
trouve,	O
selon	O
Hevelius	U-PER
,	O
dans	O
la	O
même	O
position	O
que	O
les	O
peintres	O
qui	O
utilisent	O
un	O
miroir	O
pour	O
voir	O
leur	O
propre	O
visage.	O
Tant	U-PER
que	O
les	O
yeux	O
sont	O
fixés	O
sur	O
le	O
miroir,	O
le	O
peintre	O
se	O
fait	O
fort	O
de	O
mémoriser	O
tous	O
les	O
détails,	O
mais	O
à	O
peine	O
les	O
yeux	O
se	O
détournent-ils	O
vers	O
le	O
papier	O
ou	O
la	O
toile,	O
que	O
les	O
images	O
mentales	O
commencent	O
à	O
se	O
défaire	O
et	O
à	O
se	O
recomposer	O
librement	O
dans	O
l’imagination.	O
Le	O
dispositif	O
qui	O
devrait	O
permettre	O
la	O
fidélité	O
maximale	O
engendre	O
en	O
fait	O
un	O
écart,	O
minime,	O
mais	O
impossible	O
à	O
résorber.	O
Et	O
c’est	U-MISC
exactement	O
ce	O
qui	O
se	O
produit	O
lorsque	O
l’on	O
observe	O
la	O
lune.	O
Tant	U-PER
que	O
nous	O
regardons	O
la	O
lune	O
dans	O
le	O
tube,	O
nous	O
sommes	O
certains	O
de	O
pouvoir	O
représenter	O
graphiquement	O
ce	O
que	O
nous	O
voyons.	O
Mais	O
à	O
l’instant	O
même	O
où	O
nous	O
commençons	O
à	O
dessiner,	O
la	O
majeure	O
partie	O
sinon	O
la	O
totalité	O
de	O
ce	O
qu’on	O
a	O
vu	O
sort	O
de	O
notre	O
mémoire.	O
Le	O
sélénographe	O
dessine	O
non	O
pas	O
l’image	O
vue	O
au	O
télescope,	O
mais	O
une	O
image	O
mentale,	O
une	O
suite	O
de	O
détails	O
qu’il	O
doit	O
reporter	O
au	O
plus	O
vite	O
à	O
leur	O
place	O
sur	O
la	O
figure	O
d’ensemble.	O
Le	B-MISC
dessin,	I-MISC
la	I-MISC
peinture,	I-MISC
la	I-MISC
gravure	L-MISC
ne	O
restituent	O
que	O
ce	O
qui	O
s’est	O
d’abord	O
inscrit	O
dans	O
la	O
mémoire	O
et	O
s’est	O
prêté	O
aux	O
transformations	O
successives	O
du	O
tracé,	O
de	O
la	O
couleur	O
et	O
du	O
poinçon.	O
Entre	O
l’observation	O
et	O
la	O
carte	O
s’ouvre	O
un	O
espace	O
de	O
perte,	O
de	O
déplacement	O
et	O
d’oubli.	O
Le	B-MISC
télescope	L-MISC
projette	O
l’œil	O
dans	O
le	O
détail	O
de	O
la	O
lune,	O
dans	O
une	O
exploration	O
qui	O
n’est	O
pas	O
sans	O
rappeler	O
la	O
chorographie	O
de	O
Ptolémée	U-PER
:	O
le	O
chorographe	O
a	O
pour	O
tâche	O
de	O
représenter	O
tous	O
les	O
fleuves,	O
les	O
golfes	O
et	O
les	O
reliefs.	O
Il	O
lui	O
faut	O
être	O
un	O
graphikos	O
anèr	O
,	O
un	O
homme	O
habile	O
à	O
dessiner.	O
La	B-MISC
Géographie	I-MISC
de	I-MISC
Ptolémée	L-MISC
,	O
de	O
plus,	O
comparait	O
la	O
chorographie	O
au	O
dessin	O
détaillé	O
d’un	O
œil	O
ou	O
d’une	O
oreille,	O
tandis	O
que	O
le	O
géographe	O
s’appliquait	O
à	O
la	O
représentation	O
de	O
la	O
tête	O
entière	O
Ptolémée,	B-PER
Géographie,	L-PER
I,	O
1.	O
.	O
Hevelius	U-PER
reste	O
fidèle	O
à	O
ce	O
parallèle	O
entre	O
le	O
dessin	O
cartographique	O
et	O
l’art	O
du	O
portrait	O
:	O
on	O
ne	O
parvient	O
à	O
la	O
représentation	O
du	O
tout	O
qu’en	O
s’attachant	O
à	O
dessiner	O
aussi	O
fidèlement	O
que	O
possible	O
l’ensemble	O
des	O
détails.	O
Le	O
passage	O
du	O
regard	O
chorographique	O
au	O
regard	O
géographique	O
s’apparente	O
ainsi	O
à	O
un	O
changement	O
d’échelle	O
et	O
de	O
registre,	O
du	O
qualitatif	O
au	O
quantitatif.	O
Hevelius	U-PER
et	O
son	O
télescope,	O
gravure	O
in	O
Selenographia,	O
sive	O
lunae	O
descriptio,	O
1647,	O
BnF,	B-ORG
Paris.	L-ORG
Comment	O
graver	O
dans	O
la	O
mémoire	O
chaque	O
détail	O
de	O
la	O
surface	O
de	O
la	O
lune	O
?	O
Il	O
est	O
nécessaire	O
de	O
pratiquer	O
une	O
stricte	O
discipline	O
de	O
la	O
vision.	O
Pour	O
Hevelius	U-PER
,	O
il	O
faut	O
regarder	O
dix,	O
vingt	O
fois	O
le	O
moindre	O
point	O
(p.	O
209-210)	O
avant	O
que	O
la	O
position,	O
la	O
forme	O
de	O
chaque	O
tache	O
puisse	O
être	O
reportée	O
correctement	O
sur	O
la	O
feuille	O
de	O
papier.	O
Il	O
faut	O
ensuite	O
vérifier	O
le	O
tracé	O
lors	O
d’une	O
seconde,	O
voire	O
d’une	O
troisième	O
séance	O
d’observation,	U-MISC
tant	O
on	O
court	O
le	O
risque	O
d’avoir	O
été	O
trompé	O
par	O
le	O
jeu	O
instable	O
des	O
apparences	O
lunaires.	O
Il	B-MISC
est	I-MISC
impossible	I-MISC
de	I-MISC
parvenir	L-MISC
à	O
un	O
dessin	O
satisfaisant	O
de	O
la	O
pleine	O
lune	O
lors	O
d’une	O
seule	O
observation.	O
Il	O
faut	O
des	O
observations	O
répétées,	O
et	O
les	O
plus	O
récentes	O
permettent	O
toujours	O
de	O
corriger	O
les	O
précédentes.	O
Aux	O
qualités	O
d’imagination,	O
de	O
patience	O
et	O
de	O
travail	O
du	O
sélénographe	O
doit	O
s’ajouter	O
une	O
singulière	O
maîtrise	O
du	O
dessin	O
et	O
de	O
la	O
peinture.	O
Hevelius	U-PER
exclut	O
en	O
effet	O
d’avoir	O
recours	O
à	O
un	O
peintre	O
professionnel	O
:	O
l’astronome,	O
l’œil	O
fixé	O
à	O
la	O
lunette,	O
devrait	O
dans	O
ce	O
cas	O
décrire	O
à	O
l’artiste	O
tout	O
ce	O
qu’il	O
voit	O
et	O
le	O
recours	O
au	O
langage	O
entraînerait	O
une	O
perte	O
considérable	O
par	O
rapport	O
à	O
la	O
vision.	O
Il	O
faut	O
éviter	O
toute	O
médiation,	O
tout	O
filtre	O
entre	O
l’œil	O
et	O
la	O
main.	O
Hevelius	U-PER
s’est	O
donc	O
attelé	O
personnellement	O
à	O
l’observation	O
de	O
toutes	O
les	O
phases	O
de	O
la	O
lune,	O
à	O
leur	O
dessin	O
et	O
à	O
leur	O
peinture.	O
Ce	O
qui	O
devait	O
être	O
initialement	O
un	O
travail	O
de	O
trois	O
ou	O
quatre	O
mois	O
fut	O
une	O
entreprise	O
de	O
plusieurs	O
années,	O
en	O
raison	O
des	O
aléas	O
météorologiques	O
du	O
ciel	O
de	O
Gdansk	U-LOC
comme	O
du	O
processus	O
incessant	O
de	O
correction	O
et	O
de	O
retouches	O
des	O
dessins	O
déjà	O
effectués.	O
Plus	B-MISC
de	I-MISC
cent	I-MISC
dessins	L-MISC
furent	O
nécessaires	O
pour	O
reconstituer	O
la	O
série	O
complète	O
des	O
lunaisons,	O
et	O
parvenir	O
à	O
l’évaluation	O
correcte	O
des	O
distances	O
et	O
des	O
proportions	O
des	O
grandes	O
et	O
des	O
petites	O
taches.	O
Toutes	O
ces	O
planches	O
furent	O
imprimées	O
dans	O
la	O
Selenographia	U-LOC
et	O
témoignent	O
des	O
multiples	O
seuils	O
de	O
transformation	O
graphique,	O
entre	O
les	O
croquis	O
des	O
séances	O
d’observations	O
et	O
les	O
dessins	O
finement	O
gravés	O
sur	O
les	O
plaques	O
de	O
cuivre,	O
entre	O
le	O
dessin	O
des	O
différentes	O
phases	O
de	O
la	O
lune	O
et	O
les	O
reconstitutions	O
de	O
la	O
pleine	O
lune.	O
Toutes	O
ces	O
planches	O
sont	O
des	O
reconstructions	O
composites	O
et	O
idéales,	O
malgré	O
le	O
rappel	O
de	O
la	O
date	O
et	O
de	O
l’heure	O
de	O
l’observation	O
qui	O
ponctue	O
la	O
série	O
des	O
phases	O
lunaires	O
et	O
tient	O
lieu	O
de	O
«	O
marqueur	O
rhétorique	O
»	O
garantissant	O
la	O
réalité,	O
la	O
vérité	O
de	O
l’image.	O
Des	B-MISC
contrastes	I-MISC
de	I-MISC
valeurs	L-MISC
(blanc,	O
niveaux	O
de	O
gris,	O
noir),	O
un	O
piquetage	O
en	O
pointillés	O
de	O
la	O
surface	O
de	O
lune,	O
des	O
formes	O
aux	O
contours	O
nets,	O
des	O
effets	O
d’ombre	O
:	O
ces	O
différents	O
procédés	O
techniques	O
propres	O
à	O
la	O
gravure	O
assurent	O
la	O
cohérence	O
visuelle	O
de	O
la	O
série	O
d’images.	O
Les	O
gravures	O
de	O
la	O
pleine	O
lune	O
offrent	O
une	O
vision	O
impossible,	O
non	O
seulement	O
en	O
faisant	O
la	O
synthèse	O
des	O
images	O
partielles,	O
mais	O
aussi	O
en	O
montrant	O
simultanément	O
les	O
deux	O
zones	O
liminales	O
affectées	O
par	O
l’oscillation	O
lunaire.	O
Le	O
stade	O
ultime	O
de	O
cette	O
transformation	O
est	O
la	O
carte,	O
qui	O
offre	O
une	O
vision	O
inédite	O
de	O
l’espace	O
lunaire	O
et	O
le	O
rend	O
lisible	O
par	O
l’apport	O
de	O
la	O
toponymie.	O
Le	O
plus	O
frappant	O
réside	O
dans	O
l’interprétation	O
de	O
la	O
gravure	O
de	O
la	O
pleine	O
lune	O
sur	O
laquelle	O
la	O
topographie	O
a	O
été	O
dessinée.	O
Les	O
cratères	O
circulaires	O
ou	O
ovoïdes	O
au	O
contour	O
net,	O
souligné	O
par	O
l’éclairage	O
constant	O
du	O
soleil,	O
deviennent	O
des	O
chaînes	O
montagneuses	O
dessinées	O
comme	O
une	O
suite	O
de	O
petits	O
monticules,	O
suggestion	O
de	O
relief	O
tridimensionnel	O
qui	O
hérisse	O
la	O
surface	O
plane	O
de	O
la	O
carte.	O
En	O
1651,	O
la	O
carte	O
de	O
la	O
lune	O
dessinée	O
par	O
Grimaldi	U-PER
et	O
publiée	O
dans	O
l’Almagestum	O
Novum	B-PER
de	I-PER
Riccioli	L-PER
ne	O
procède	O
pas	O
à	O
une	O
traduction	O
aussi	O
radicale	O
des	O
données	O
de	O
l’observation.	O
Les	O
variations	O
de	O
densité	O
des	O
traits	O
gravés	O
plus	O
que	O
des	O
contours	O
nets	O
délimitent	O
les	O
mers.	O
Seuls	O
les	O
cratères	O
ont	O
des	O
contours	O
bien	O
tracés	O
–	O
ils	O
ne	O
sont	O
pas	O
délimités	O
par	O
des	O
chaînes	O
de	O
montagnes	O
comme	O
sur	O
la	O
carte	O
d’Hevelius.	O
On	O
voit	O
aussi	O
apparaître	O
l’orientation	O
selon	O
les	O
quatre	O
points	O
cardinaux	O
–	O
comme	O
un	O
miroir,	O
la	O
lune	O
inverse	O
les	O
directions	O
terrestres.	O
Le	O
travail	O
sur	O
les	O
cartes	O
lunaires	O
antérieures,	O
celles	O
de	O
Van	B-PER
Langren	L-PER
et	O
Hevelius	U-PER
,	O
est	O
alors	O
aussi	O
important	O
que	O
l’observation	O
au	O
télescope	O
:	O
l’astronome	O
corrige,	O
complète,	O
modifie,	O
ajoute	O
de	O
nouveaux	O
détails	O
et	O
supprime,	O
le	O
cas	O
échéant,	O
ceux	O
qui	O
résultent	O
de	O
la	O
fantaisie.	O
La	O
cartographie	O
lunaire	O
constitue	O
désormais	O
une	O
tradition,	O
travaillée	O
par	O
sa	O
perfectibilité	O
et	O
ses	O
dynamiques	O
internes.	O
Les	O
cartes	O
antérieures,	O
même	O
fautives	O
et	O
partielles,	O
apportent	O
au	O
nouveau	O
sélénographe	O
une	O
vision	O
synoptique	O
qui	O
sert	O
de	O
cadre	O
de	O
référence	O
au	O
remaniement	O
des	O
données	O
locales.	O
L’invention	O
de	O
la	O
nomenclature	O
lunaire	O
:	O
jeux	O
de	O
miroirs,	O
jeux	O
de	O
mémoire	O
Les	O
observations	O
à	O
l’œil	O
nu	O
de	O
l’astronomie	O
pré-galiléenne	O
pouvaient	O
se	O
contenter	O
d’une	O
description	O
sommaire	O
de	O
la	O
surface	O
lunaire	O
:	O
les	O
taches	O
restaient	O
anonymes,	O
sauf	O
lorsque	O
l’on	O
voulait	O
y	O
reconnaître	O
le	O
reflet	O
de	O
l’Océan	O
terrestre	O
ou	O
de	O
certaines	O
îles	B-LOC
de	I-LOC
la	I-LOC
Méditerranée,	L-LOC
comme	O
le	O
souhaitait	O
Rudolph	B-PER
II	L-PER
.	O
L’observation	O
au	O
télescope	O
fait	O
émerger	O
une	O
topographie	O
complexe	O
et	O
foisonnante	O
que	O
l’on	O
ne	O
soupçonnait	O
pas.	O
À	O
partir	O
de	O
Galilée	U-PER
,	O
elle	O
est	O
décrite	O
par	O
analogie	O
avec	O
les	O
paysages	O
terrestres	O
:	O
montagnes,	O
vallées,	O
plaines	O
et	O
mers.	O
Seule	O
une	O
toponymie	O
peut	O
donner	O
identité	O
et	O
permanence	O
aux	O
accidents	O
de	O
la	O
surface	O
lunaire	O
Sur	O
le	O
développement	O
de	O
la	O
toponymie	O
lunaire	O
au	O
xvii	O
e	O
siècle,	O
voir	O
Van	B-PER
der	I-PER
Krogt,	L-PER
1983.	O
.	O
Le	O
toponyme	O
implique	O
la	O
répartition	O
claire	O
des	O
réalités	O
perçues	O
dans	O
de	O
grandes	O
catégories,	O
mers,	O
îles,	O
plaines	O
et	O
montagnes.	O
Giovanni	O
Battista	O
Riccioli,	O
«	O
Figura	U-ORG
pro	O
nomenclatura	O
et	O
libratione	O
lunari	O
»	O
(carte	O
de	O
la	O
lune),	O
Almagestum	U-LOC
novum.	O
Le	O
langage	O
vise	O
à	O
fonder	O
une	O
convention	O
dont	O
pourront	O
se	O
servir	O
à	O
l’avenir	O
astronomes	O
et	O
géographes,	O
pour	O
désigner	O
de	O
manière	O
précise	O
et	O
univoque	O
tel	O
ou	O
tel	O
lieu	O
de	O
la	O
lune	O
et	O
permettre	O
ainsi	O
la	O
comparaison	O
et	O
la	O
commensurabilité	O
d’une	O
carte	O
lunaire	O
à	O
l’autre	O
ou	O
d’une	O
image	O
partielle	O
à	O
une	O
image	O
globale.	O
La	O
nomenclature,	O
comme	O
le	O
souligne	O
Hevelius	U-PER
,	O
doit	O
permettre	O
à	O
des	O
observateurs	O
situés	O
dans	O
des	O
régions	O
différentes	O
de	O
la	O
terre	O
de	O
s’entendre	O
sur	O
ce	O
qu’ils	O
voient	O
ou,	O
mieux,	O
d’observer	O
simultanément	O
la	O
lune	O
avec	O
la	O
certitude	O
de	O
voir	O
la	O
même	O
chose	O
(p.	O
222).	O
Créer	U-LOC
une	O
nomenclature	O
lunaire	O
imposait	O
un	O
difficile	O
exercice	O
d’imagination	O
onomastique.	O
C’est	O
d’ailleurs	O
l’une	O
des	O
raisons	O
invoquées	O
par	O
Gassendi	U-PER
pour	O
expliquer	O
son	O
abandon	O
du	O
projet	O
sélénographique.	O
Créer	U-LOC
ex	O
nihilo	O
plusieurs	O
dizaines,	O
voire	O
centaines	O
de	O
toponymes	O
pour	O
des	O
lieux,	O
des	O
mers,	O
des	O
plaines	O
et	O
des	O
montagnes	O
que	O
l’on	O
n’avait	O
jamais	O
parcourus	O
ni	O
habités,	O
sur	O
lesquels	O
il	O
n’y	O
avait	O
aucune	O
tradition,	O
aucune	O
histoire,	O
voilà	O
qui	O
mettait	O
le	O
sélénographe	O
dans	O
la	O
position	O
d’un	O
onomothète	O
tout-puissant.	O
L’enjeu	U-ORG
n’était	O
pas	O
simplement	O
de	O
donner	O
des	O
noms,	O
mais	O
de	O
les	O
organiser	O
en	O
système,	O
de	O
les	O
sémantiser	O
et	O
de	O
les	O
rendre	O
mémorisables.	O
L’établissement	O
de	O
cette	O
toponymie	O
ne	O
se	O
fit	O
pas	O
sans	O
difficulté.	O
L’histoire	O
de	O
la	O
sélénographie	O
du	O
xvii	O
e	O
siècle	O
se	O
construit	O
dans	O
un	O
ensemble	O
de	O
controverses	O
et	O
d’options	O
successives	O
qui	O
témoignent	O
des	O
enjeux	O
intellectuels,	O
symboliques,	O
voire	O
politiques,	O
du	O
processus.	O
Van	B-PER
Langren	L-PER
voulait	O
avoir	O
le	O
privilège	O
de	O
l’antériorité	O
:	O
publier	O
la	O
première	O
carte	O
de	O
la	O
lune	O
et	O
en	O
fixer	O
la	O
nomenclature	O
à	O
l’usage	O
de	O
la	O
postérité.	O
Sa	O
carte	O
manuscrite	O
comprenait	O
48	O
toponymes.	O
La	O
carte	O
imprimée	O
de	O
1645	O
en	O
propose	O
325.	O
La	O
vision	O
de	O
la	O
lune	O
s’est	O
entre-temps	O
considérablement	O
précisée.	O
Mais	O
selon	O
quelle	O
logique	O
inventer	O
cette	O
nomenclature	O
?	O
«	O
Avec	O
la	O
plus	O
grande	O
soumission,	O
nous	O
allons	O
consacrer	O
cette	O
image	O
de	O
la	O
Lune	U-LOC
aux	O
Rois,	U-MISC
aux	O
Princes	U-LOC
et	O
aux	O
amoureux	O
les	O
plus	O
célèbres	O
des	O
arts,	O
et	O
nous	O
demandons	O
qu’ils	O
consultent	O
la	O
présente	O
institution	O
de	O
noms	O
avec	O
équité	O
et	O
bonté,	O
qu’ils	O
ne	O
changent	O
rien	O
et	O
qu’ils	O
la	O
reçoivent	O
dans	O
les	O
mêmes	O
sentiments	O
avec	O
lesquels	O
nous	O
l’offrons.	O
»	O
Le	O
roi	O
Philippe	B-PER
IV	L-PER
d’Espagne	O
,	O
dédicataire	O
de	O
l’entreprise,	O
interdit	O
par	O
décret	O
que	O
l’on	O
change	O
les	O
toponymes	O
lunaires.	O
Et	B-MISC
l’on	L-MISC
comprend	O
pourquoi.	O
La	O
nomenclature	O
de	O
Van	B-PER
Langren	L-PER
est	O
à	O
la	O
gloire	O
de	O
la	O
famille	O
royale	O
d’	O
Espagne	U-LOC
et	O
exprime	O
sans	O
détour	O
les	O
préoccupations	O
d’un	O
mathématicien	O
de	O
cour	O
qui	O
devait	O
à	O
la	O
protection	O
des	O
puissants	O
l’essentiel	O
de	O
sa	O
carrière.	O
Parmi	O
les	O
mers,	O
on	O
reconnaît	O
l’	O
Oceanus	B-PER
Philippicus	L-PER
,	O
le	O
Mare	B-LOC
Belgicum	L-LOC
,	O
le	O
Sinus	B-ORG
Batavicus	L-ORG
,	O
le	O
Mare	B-LOC
Eugenianum	L-LOC
,	O
le	O
Mare	B-LOC
Langrenianum	L-LOC
(au	O
bord	O
duquel	O
se	O
dresse	O
la	O
montagne	O
de	O
Langrenus),	O
le	O
Fretus	B-PER
Catholicum	L-PER
.	O
Les	O
îles	O
et	O
montagnes	O
portent	O
des	O
noms	O
d’astronomes	O
(	O
Galilée	U-PER
,	O
Gassendi	U-PER
,	O
Rhaeita	U-PER
,	O
Pythagore	U-PER
,	O
Hipparque	U-PER
)	O
ou	O
de	O
souverains	O
temporels	O
et	O
spirituels	O
(	O
Louis	B-PER
XIV	L-PER
,	O
Innocent	B-PER
XIV	L-PER
,	O
Isabelle	U-PER
,	O
etc.).	O
Les	O
grandes	O
étendues	O
continentales	O
portent	O
des	O
noms	O
abstraits	O
:	O
Terra	B-LOC
Honoris	L-LOC
,	O
Terra	B-LOC
Pacis	L-LOC
,	O
Terra	B-PER
Dignitatis	L-PER
,	O
Terra	B-LOC
Virtutis	L-LOC
,	O
Terra	B-ORG
Iustitiae	L-ORG
,	O
Terra	B-ORG
Laboris	L-ORG
,	O
Terra	B-LOC
Temperantia	I-LOC
Van	I-LOC
Langren	L-LOC
se	O
conforme	O
ici	O
à	O
la	O
tradition	O
des	O
explorations	O
coloniales,	O
qui	O
utilisent	O
les	O
toponymes	O
comme	O
marques	O
d’appropriation	O
politique.	O
Sur	B-MISC
la	I-MISC
création	I-MISC
toponymique	I-MISC
de	L-MISC
Colomb	U-PER
(qui,	O
à	O
la	O
différence	O
de	O
Van	B-PER
Langren,	L-PER
ne	O
laisse	O
son	O
nom	O
à	O
aucun	O
lieu),	O
voir	O
les	O
remarques	O
de	O
Todorov,	U-LOC
1982,	O
p.	O
39-41.	O
.	O
L’image	O
de	O
la	O
lune	O
qui	O
résulte	O
de	O
cette	O
tentative	O
reflète	O
les	O
partages	O
politiques	O
de	O
l’Europe	O
dans	O
les	O
années	O
1640	O
et	O
les	O
stratégies	O
de	O
savants	O
en	O
quête	O
de	O
patronage.	O
On	O
y	O
trouve	O
aussi	O
la	O
mémoire	O
de	O
l’histoire	O
de	O
l’astronomie	O
et	O
des	O
glorieux	O
précurseurs,	O
une	O
carte	O
morale	O
et	O
une	O
typologie	O
des	O
vertus	O
et,	U-MISC
enfin,	O
une	O
représentation	O
déformée	O
de	O
la	O
surface	O
terrestre.	O
Ces	O
options	O
délimitent	O
le	O
champ	O
sémantique	O
de	O
la	O
nomenclature	O
lunaire	O
pour	O
les	O
décennies	O
futures.	O
Hevelius	U-PER
songea	O
tout	O
d’abord	O
à	O
répartir	O
sur	O
l’étendue	O
lunaire	O
les	O
noms	O
des	O
grands	O
mathématiciens	O
de	O
son	O
temps.	O
Il	U-PER
aurait	O
pu	O
ainsi	O
transférer	O
sur	O
cette	O
«	O
terre	O
de	O
l’éther	O
»	O
l’Océan	O
de	O
Copernic	U-PER
,	O
l’Océan	O
de	O
Tycho	U-LOC
,	O
la	O
Mer	B-LOC
de	I-LOC
Kepler	L-LOC
,	O
le	O
Lac	B-LOC
de	I-LOC
Galilée	L-LOC
,	O
le	O
Marais	B-LOC
de	I-LOC
Maestlin	L-LOC
,	O
l’île	O
de	O
Scheiner	U-PER
,	O
la	O
Péninsule	B-LOC
de	I-LOC
Gassendi	L-LOC
,	O
la	O
Montagne	B-LOC
de	I-LOC
Mersenne	L-LOC
,	O
etc.	O
(p.	O
224).	O
Mais	O
accorder	O
la	O
gloire	O
lunaire	O
à	O
ses	O
contemporains	O
n’était	O
pas	O
sans	O
risques.	O
Une	O
telle	O
nomenclature,	O
si	O
elle	O
devait	O
valoir	O
de	O
la	O
reconnaissance	O
à	O
son	O
auteur,	O
pouvait	O
aussi	O
susciter	O
haine	O
et	O
jalousie.	O
Hevelius	U-PER
préféra	O
recourir	O
aux	O
noms	O
de	O
la	O
géographie	O
terrestre	O
(p.	O
225).	O
Ce	O
transfert	O
toponymique	O
se	O
justifiait	O
à	O
ses	O
yeux	O
par	O
la	O
similitude	O
physique	O
de	O
la	O
terre	O
et	O
de	O
la	O
lune,	O
cette	O
«	O
Antichthôn	U-PER
»	O
(terre	O
d’en	O
face).	O
Mais	O
comment	O
reporter	O
la	O
nomenclature	O
géographique	O
de	O
la	O
terre	O
à	O
la	O
lune	O
?	O
Simple	O
transfert	O
d’une	U-MISC
taxinomie	O
dont	O
on	O
soulignerait	O
le	O
caractère	O
conventionnel	O
en	O
isolant	O
le	O
signifiant	O
du	O
signifié	O
et	O
en	O
refondant	O
le	O
lien	O
sémantique	O
qui	O
lie	O
le	O
toponyme	O
au	O
lieu	O
?	O
Ou	O
extrapolation	O
d’un	O
système	O
toponymique	O
et	O
de	O
son	O
organisation	O
spatiale,	O
déjà	O
entériné	O
par	O
la	O
mnémotechnique	O
des	O
cartes	O
réelles	O
?	O
Hevelius	U-PER
se	O
mit	O
à	O
contempler	O
une	O
Géographie.	U-PER
Il	O
découvrit	O
avec	O
ravissement	O
qu’une	O
certaine	O
partie	O
du	O
globe	O
terrestre	O
pouvait	O
être	O
comparée	O
fort	O
commodément	O
à	O
la	O
surface	O
visible	O
de	O
la	O
lune	O
:	O
Considère	U-LOC
la	O
partie	O
de	O
l’Europe,	O
de	O
l’Asie	O
et	O
de	O
l’Afrique	O
qui	O
entoure	O
la	O
Mer	B-LOC
Méditerranée,	I-LOC
le	I-LOC
Pont	I-LOC
Euxin	L-LOC
et	O
la	O
Mer	B-LOC
Caspienne,	L-LOC
et	O
toutes	O
les	O
autres	O
régions	O
qui	O
sont	O
entourées	O
par	O
ces	O
mers	O
ou	O
qui	O
leur	O
sont	O
adjacentes,	O
à	O
savoir	O
l’	B-LOC
Italie	L-LOC
,	O
la	O
Grèce	U-LOC
,	O
la	O
Natolie	U-LOC
,	O
la	O
Palestine	U-LOC
,	O
la	O
Perse	U-LOC
,	O
la	O
Sarmatie	U-LOC
,	O
une	O
partie	O
de	O
la	O
Tartarie	U-LOC
,	O
l’	B-LOC
Égypte	L-LOC
,	O
la	O
Maurétanie	U-LOC
et	O
tous	O
les	O
autres	O
lieux	O
qui	O
s’étendent	O
du	O
10e	O
au	O
19e	O
degré	O
de	O
longitude,	O
et	O
du	O
25e	O
au	O
60e	O
degré	O
de	O
latitude	O
(p.	O
225).	O
Seule	O
la	O
«	O
géographie	O
ancienne	O
»	O
offrait	O
une	O
nomenclature	O
suffisamment	O
cohérente	O
et	O
stable	O
pour	O
tenir	O
lieu	O
de	O
convention	O
partagée,	O
contrairement	O
aux	O
toponymes	O
modernes,	O
trop	O
soumis	O
aux	O
aléas	O
de	O
l’histoire.	O
Les	O
toponymes	O
latins	O
feront	O
référence	O
pour	O
tous,	O
à	O
l’abri	O
des	O
vicissitudes	O
des	O
langues	O
européennes	O
modernes	O
(p.	O
226)	O
Discipline	U-PER
académique	O
bien	O
constituée	O
au	O
xvii	O
e	O
siècle,	O
la	O
«	O
géographie	O
ancienne	O
»	O
avait	O
ses	O
manuels,	O
ses	O
dictionnaires	O
et	O
ses	O
atlas.	O
On	O
peut	O
ainsi	O
mettre	O
en	O
perspective	O
la	O
Selenographia	U-LOC
d’Hevelius,	O
l’Introduction	O
à	O
la	O
Géographie	B-LOC
ancienne	L-LOC
et	O
nouvelle	O
de	O
Philippe	B-PER
Cluvier,	L-PER
originaire,	O
lui	O
aussi,	O
de	O
Gdansk,	U-LOC
et	O
les	O
Parallela	B-PER
Geographiae	L-PER
veteris	O
et	O
novae	O
du	O
père	O
Briet	U-PER
(1748).	O
Voir	O
Dainville,	U-PER
1940,	O
p.	O
177-197	O
.	O
La	O
référence	O
à	O
la	O
géographie	O
gréco-romaine	O
permettait	O
en	O
outre	O
d’organiser	O
un	O
espace	O
lunaire	O
sans	O
clivages	O
politiques,	O
sans	O
frontières	O
et,	O
d’une	O
certaine	O
façon,	O
en	O
dehors	O
de	O
l’histoire	O
:	O
Hevelius	U-PER
se	O
situe	O
aux	O
antipodes	O
de	O
la	O
géopolitique	O
lunaire	O
de	O
Van	B-PER
Langren	L-PER
.	O
L’écart	U-PER
temporel	O
entre	O
l’Antiquité	O
et	O
les	O
Temps	B-MISC
modernes	L-MISC
redouble	O
l’écart	O
spatial	O
entre	O
la	O
terre	O
et	O
la	O
lune	O
:	O
ni	O
trop	O
proche	O
ni	O
trop	O
lointain,	O
mais	O
à	O
distance	O
suffisante	O
pour	O
servir	O
de	O
référence	O
conventionnelle	O
sans	O
enjeux	O
passionnels.	O
Entre	O
la	O
«	O
terre	O
habitée	O
»	O
des	O
anciens	O
et	O
la	O
lune,	O
il	O
y	O
a	O
ressemblance	O
globale	O
sans	O
qu’il	O
y	O
ait	O
similitude	O
parfaite.	O
Dans	O
quelques	O
cas,	O
cependant,	O
le	O
toponyme	O
terrestre,	O
commenté	O
par	O
les	O
géographes	O
antiques,	O
s’applique	O
parfaitement	O
au	O
lieu	O
lunaire,	O
tel	O
le	O
Mons	U-LOC
Porphyrites,	O
rougeoyant	O
comme	O
du	O
vermillon	O
selon	O
Agatharchide	U-PER
,	O
nom	O
qu’	O
Hevelius	U-PER
donne	O
à	O
une	O
région	O
de	O
la	O
lune	O
de	O
même	O
couleur.	O
Lorsqu’il	U-LOC
n’est	O
plus	O
possible	O
de	O
s’appuyer	O
sur	O
l’analogie	O
des	O
formes	O
et	O
des	O
lieux,	O
le	O
sélénographe	O
emploie	O
les	O
noms	O
qui	O
lui	O
plaisent	O
voire,	O
dans	O
certains	O
cas,	O
en	O
invente	O
de	O
nouveaux,	O
lorsque	O
la	O
nomenclature	O
géographique	O
fait	O
défaut,	O
en	O
particulier	O
pour	O
les	O
régions	O
du	B-LOC
Nord	L-LOC
(p.	O
226).	O
Ce	O
recours	O
à	O
la	O
nomenclature	O
géographique	O
impliquait	O
non	O
seulement	O
que	O
l’on	O
réactive	O
le	O
lien	O
spéculaire	O
entre	O
la	O
terre	O
et	O
la	O
lune,	O
mais	O
aussi	O
que	O
le	O
dessin	O
de	O
la	O
surface	O
lunaire	O
se	O
transforme	O
en	O
carte,	O
que	O
les	O
codes	O
de	O
représentation	O
s’adaptent	O
à	O
l’inscription	O
des	O
toponymes	O
et	O
à	O
leur	O
interprétation	O
in	O
situ,	O
en	O
référence	O
aux	O
lieux	O
qu’ils	O
désignent.	O
La	B-MISC
Tabula	I-MISC
Selenographica	L-MISC
d’	O
Hevelius	U-PER
se	O
présente	O
donc	O
visuellement	O
comme	O
une	O
mappemonde	O
géographique.	O
Il	O
lui	O
avait	O
fallu	O
dessiner	O
avec	O
le	O
plus	O
grand	O
soin	O
les	O
régions	O
et	O
les	O
îles,	O
en	O
respectant	O
leurs	O
dimensions	O
véritables	O
et	O
leurs	O
proportions,	O
puis	O
adapter	O
la	O
manière	O
de	O
représenter	O
les	O
mers,	O
les	O
lacs,	O
les	O
fleuves	O
et	O
les	O
marécages,	O
avec	O
leurs	O
golfes,	O
leurs	O
promontoires	O
et	O
leurs	O
rochers.	O
Comme	B-MISC
sur	I-MISC
la	I-MISC
cartographie	I-MISC
terrestre,	L-MISC
une	O
abréviation	O
accolée	O
au	O
toponyme	O
définit	O
le	O
type	O
d’espace	O
auquel	O
il	O
s’applique	O
:	O
I(nsula),	O
M(ons/ontes),	O
S(inus),	O
Pal(us),	O
Pr(omontorium).	B-MISC
L’ensemble	I-MISC
du	I-MISC
dispositif	I-MISC
vise	L-MISC
l’efficacité	O
didactique	O
et	O
mnémotechnique.	O
Les	O
toponymes	O
antiques	O
sont	O
en	O
effet	O
familiers	O
non	O
seulement	O
aux	O
historiens,	O
mais	O
aussi	O
aux	O
poètes	O
et	O
à	O
presque	O
tous	O
les	O
lettrés.	O
Pour	O
que	O
l’écart	O
entre	O
toponymes	O
antiques	O
et	O
modernes	O
ne	O
soit	O
pas	O
source	O
de	O
gêne,	O
Hevelius	U-PER
en	O
donne	O
l’équivalence	O
dans	O
une	O
table	O
alphabétique.	O
Celle-ci	O
apporte	O
aussi	O
des	O
précisions	O
sur	O
la	O
localisation	O
terrestre	O
de	O
ces	O
lieux	O
ainsi	O
que	O
des	O
informations	O
historiques.	O
Il	O
s’agit	O
d’un	O
dictionnaire	O
de	O
géographie,	O
qui	O
recense	O
les	O
variantes	O
attestées	O
chez	O
les	O
auteurs	O
anciens	O
et	O
surtout	O
dans	O
les	O
différentes	O
langues	O
modernes.	O
Cette	O
table	O
alphabétique	O
déploie	O
sur	O
la	O
surface	O
de	O
la	O
lune	O
une	O
toile	O
de	O
réminiscences	O
érudites,	O
la	O
bibliothèque	O
des	O
auteurs	O
antiques	O
et	O
modernes	O
(	O
Diodore	U-PER
,	O
Pline	U-PER
,	O
Ptolémée	U-PER
,	O
Ortelius	U-PER
),	O
bref	O
un	O
univers	O
de	O
langage	O
et	O
de	O
discours	O
qui	O
dote	O
d’une	O
mémoire	O
artificielle	O
ce	O
nouvel	O
espace	O
offert	O
à	O
la	O
vision	O
et	O
au	O
discours.	O
Hevelius	U-PER
rappelle	O
par	O
exemple	O
que	O
Moïse	U-PER
est	O
mort	O
sur	O
le	O
mont	O
Abarim,	O
que	O
la	O
grotte	B-LOC
de	I-LOC
Charon	L-LOC
se	O
trouve	O
sur	O
le	O
mont	O
Aconit,	U-ORG
que	O
Socrate	U-PER
est	O
né	O
sur	O
l’île	O
d’	O
Alopecia	U-PER
,	O
comme	O
en	O
témoignent	O
Diogène	B-PER
Laërce	L-PER
et	O
le	O
Gorgias	B-PER
de	I-PER
Platon	L-PER
.	O
On	O
apprend	O
aussi	O
que	O
sur	O
le	O
mont	O
Bérose,	U-LOC
selon	O
Pline	U-PER
,	O
se	O
trouvent	O
trois	O
sources	O
mortifères,	O
qui	O
empoisonnent	O
sans	O
douleur,	O
mais	O
sans	O
remèdes.	O
La	O
lune	O
reste	O
ainsi	O
le	O
miroir	O
de	O
la	O
terre,	O
ou	O
plutôt	O
le	O
miroir	O
de	O
sa	O
carte,	O
réduite	O
à	O
une	O
constellation	O
de	O
noms	O
répartis	O
dans	O
l’espace.	O
Hevelius	U-PER
s’est	O
en	O
effet	O
efforcé	O
de	O
respecter	O
un	O
certain	O
réseau	O
de	O
contiguïtés	O
spatiales,	O
qui	O
contribue	O
à	O
sémantiser	O
l’ensemble	O
de	O
sa	O
carte	O
lunaire,	O
ou	O
plutôt	O
à	O
projeter	O
sur	O
cet	O
espace	O
vierge	O
une	O
armature	O
mnémotechnique.	O
La	O
représentation	O
de	O
la	O
mer	B-LOC
Méditerranée	L-LOC
offre	O
de	O
ce	O
point	O
de	O
vue	O
un	O
exemple	O
frappant.	O
Au	O
centre	O
se	O
trouve	O
l’immense	O
île	O
circulaire	O
de	O
la	O
Sicile	U-LOC
,	O
qui	O
déploie	O
sa	O
périphérie	O
autour	O
du	O
cratère	O
de	O
l’Etna.	O
Les	O
terres	O
qui	O
la	O
bordent,	O
au	O
nord,	O
de	O
gauche	O
à	O
droite,	O
suggèrent	O
le	O
rivage	O
méridional	O
de	O
la	O
Gaule	U-LOC
(Sinus	O
Gallicus),	B-ORG
l’	I-ORG
Italie	L-ORG
ou	O
Romania,	U-MISC
traversée	O
par	O
la	O
chaîne	O
des	O
Apennins,	U-LOC
et	O
trouée	O
du	O
lac	B-LOC
Trasimène	L-LOC
;	O
et,	O
séparée	O
de	O
la	O
précédente	O
par	O
la	O
mer	B-LOC
Adriatique,	L-LOC
la	O
péninsule	O
des	O
Balkans,	O
avec	O
la	O
presqu’île	O
du	O
Péloponnèse.	O
La	O
mer	B-LOC
de	I-LOC
Pamphylie	L-LOC
évoque	O
la	O
proximité	O
de	O
l’Asie	O
Mineure,	U-LOC
la	O
région	O
de	O
Cassiotis	U-LOC
renvoie	O
à	O
la	O
Syrie	U-LOC
,	O
tandis	O
que,	O
plus	O
bas,	O
le	O
Sinus	B-LOC
Sirbonis	L-LOC
et	O
surtout	O
le	O
Mare	B-LOC
Aegyptiacum	L-LOC
,	O
puis	O
les	O
mers	O
des	O
Syrtes	U-MISC
indiquent	O
que	O
l’on	O
est	O
parvenu	O
en	O
Égypte	U-LOC
et	O
que	O
l’on	O
commence	O
à	O
longer	O
la	O
côte	O
de	O
l’Afrique	O
du	O
Nord.	U-LOC
Dans	O
son	O
Almagestum	B-LOC
Novum,	L-LOC
publié	O
en	O
1651,	O
Giambattista	B-PER
Riccioli	L-PER
(1598-1671)	O
fait	O
figurer	O
la	O
carte	O
de	O
la	O
lune	O
dessinée	O
par	O
son	O
élève,	O
Francesco	B-PER
Maria	I-PER
Grimaldi	L-PER
.	O
Riccioli	U-PER
ne	O
reprend	O
pas	O
la	O
nomenclature	O
géographique	O
d’	O
Hevelius	U-PER
,	O
car	O
il	O
juge	O
insuffisante	O
l’analogie	O
entre	O
la	O
terre	O
et	O
la	O
lune.	O
Il	O
revient	O
au	O
système	O
des	O
grands	O
hommes	O
éponymes,	O
déjà	O
adopté	O
par	O
Van	B-PER
Langren	L-PER
,	O
mais	O
selon	O
une	O
logique	O
différente	O
:	O
les	O
noms	O
ne	O
seront	O
plus	O
projetés	O
pêle-mêle	O
et	O
au	O
hasard	O
sur	O
les	O
lieux	O
lunaires.	O
Riccioli	B-MISC
n’utilise	L-MISC
que	O
des	O
noms	O
d’astronomes	O
(et	O
non	O
d’astrologues)	O
et	O
plus	O
précisément	O
les	O
noms	O
de	O
tous	O
les	O
auteurs	O
dont	O
il	O
a	O
utilisé	O
les	O
observations	O
et	O
les	O
écrits.	O
Ces	O
noms	O
ne	O
se	O
prêtent	O
à	O
désigner	O
que	O
des	O
lieux	O
particuliers.	O
Riccioli	U-PER
nomme	O
les	O
grandes	O
étendues	O
de	O
terre	O
et	O
de	O
mer	O
par	O
analogie	O
avec	O
les	O
effets	O
que	O
la	O
lune	O
est	O
censée	O
provoquer	O
sur	O
le	O
monde	O
terrestre	O
(p.	O
204,	O
col.	O
2).	O
Le	O
disque	O
lunaire	O
est	O
partagé	O
en	O
huit	O
régions,	O
par	O
des	O
lignes	O
qui	O
le	O
traversent	O
diamétralement.	O
Sur	B-MISC
le	I-MISC
demi-cercle	I-MISC
supérieur,	L-MISC
Riccioli	U-PER
a	O
réparti	O
les	O
auteurs	O
les	O
plus	O
anciens,	O
en	O
commençant	O
dans	O
les	O
deux	O
premiers	O
secteurs	O
par	O
les	O
Physicoastronomi	U-MISC
.	O
Le	O
demi-cercle	O
inférieur	O
est	O
dévolu	O
aux	O
auteurs	O
plus	O
récents.	O
Dans	O
chacun	O
de	O
ces	O
secteurs,	O
Riccioli	U-PER
s’est	O
efforcé	O
de	O
regrouper	O
les	O
savants	O
d’une	O
même	O
époque	O
ou	O
d’une	O
même	O
école,	O
voire	O
des	O
astronomes	O
engagés	O
dans	O
les	O
mêmes	O
recherches.	O
Par	O
exemple,	O
Euctémon	U-LOC
est	O
situé	O
juste	O
à	O
côté	O
de	O
Méton	U-LOC
,	O
car	O
il	O
a	O
été	O
associé	O
à	O
ses	O
observations.	O
De	O
même,	O
il	O
a	O
placé	O
près	O
de	O
Platon	U-PER
des	O
amis	O
proches	O
comme	O
Théétète	U-PER
,	O
Timée	U-PER
et	O
Archytas	U-PER
et,	O
guère	O
plus	O
loin,	O
Aristote	U-PER
(p.	O
204,	O
col.	O
2).	O
La	O
carte	O
invite	O
ainsi	O
à	O
un	O
parcours	O
circulaire	O
sur	O
la	O
lune,	O
qui	O
transforme	O
les	O
contiguïtés	O
spatiales	O
en	O
liens	O
chronologiques	O
et	O
en	O
filiations	O
intellectuelles.	O
Toute	O
l’histoire	O
de	O
l’astronomie	O
peut	O
être	O
reconstituée,	O
jusqu’à	O
l’école	O
de	O
Copernic	U-PER
,	O
avec	O
Rheticus	U-PER
,	O
Moestlin	U-LOC
,	O
Reinhold	U-PER
et	O
bien	O
d’autres,	O
que	O
Riccioli	U-PER
a	O
jetés	O
sur	O
l’océan	O
des	O
Orages,	U-LOC
telles	O
des	O
îles	O
flottantes,	O
pour	O
mieux	O
suggérer	O
l’instabilité	O
de	O
la	O
terre	O
qui	O
résultait	O
de	O
leur	O
doctrine.	O
Les	O
noms	O
transforment	O
la	O
lune	O
en	O
un	O
lieu	O
utopique,	O
où	O
tous	O
les	O
grands	O
savants	O
de	O
l’histoire	O
de	O
l’humanité	O
se	O
retrouveraient.	O
Riccioli	U-PER
a	O
pris	O
soin	O
d’ajouter,	O
sous	O
le	O
titre	O
de	O
sa	O
carte	O
:	O
«	O
Les	O
Hommes	U-LOC
n’habitent	O
pas	O
la	O
lune,	O
et	O
les	O
Âmes	U-MISC
ne	O
migrent	O
pas	O
sur	O
la	O
lune	O
»,	U-LOC
pour	O
éviter	O
tout	O
amalgame	O
avec	O
les	O
défenseurs	O
de	O
la	O
pluralité	O
des	O
mondes	O
ou	O
l’antique	O
croyance	O
qui	O
faisait	O
de	O
la	O
lune	O
le	O
séjour	O
des	O
âmes.	O
La	O
lune	O
est	O
ici	O
l’espace	O
de	O
projection	O
d’un	O
système	O
de	O
lieux	O
de	O
mémoire	O
:	O
une	O
carte	O
de	O
l’histoire	O
des	O
sciences	O
et	O
de	O
la	O
philosophie,	O
de	O
Pythagore	U-PER
à	O
Gassendi	U-PER
,	O
de	O
Zoroastre	U-PER
à	O
Athanase	B-PER
Kircher	L-PER
,	O
de	O
Ptolémée	U-PER
à	O
Hevelius	U-PER
et	O
Riccioli	B-PER
lui-même.	I-PER
C’est	L-PER
une	O
logique	O
intellectuelle	O
et	O
historique,	O
et	O
non	O
plus	O
topographique,	O
qui	O
organise	O
la	O
carte.	O
Le	O
«	O
lecteur	O
érudit	O
»	O
est	O
invité	O
à	O
contempler	O
un	O
dispositif	O
mnémotechnique	O
où	O
se	O
résument,	O
dans	O
des	O
constellations	O
de	O
noms	O
aux	O
contiguïtés	O
signifiantes,	O
la	O
succession	O
des	O
écoles,	O
la	O
lente	O
accumulation	O
des	O
observations	O
et	O
des	O
théories,	O
les	O
progrès	O
et	O
les	O
hérésies.	O
De	O
ce	O
point	O
de	O
vue,	O
la	O
carte	O
fait	O
écho	O
à	O
deux	O
autres	O
tables	O
qui	O
sont	O
données	O
en	O
introduction	O
au	O
volume	O
:	O
une	O
liste	O
chronologique	O
des	O
grands	O
astronomes	O
(p.	O
xxvi-xxviii)	O
et	O
une	O
liste	O
alphabétique,	O
à	O
laquelle	O
sont	O
rattachés	O
des	O
développements	O
historiques	O
(p.	O
xxviii-xlvii).	O
L’Almageste	U-MISC
de	O
Riccioli	U-PER
ne	O
conclut	O
certes	O
pas	O
l’histoire	O
du	O
face-à-face	O
de	O
la	O
terre	O
et	O
de	O
la	O
lune,	O
mais	O
il	O
fonde	O
le	O
système	O
toponymique	O
de	O
la	O
sélénographie	O
moderne,	O
sans	O
toutefois	O
supplanter	O
les	O
magnifiques	O
planches	O
gravées	O
d’	O
Hevelius	U-PER
,	O
l’un	O
des	O
sommets	O
de	O
la	O
cartographie	O
lunaire	O
au	O
xvii	O
e	O
siècle.	O
Bibliographie	O
