La	O
place	O
des	O
bibliothèques	O
parmi	O
les	O
lieux	O
de	O
savoir	O
semble	O
aussi	O
simple	O
qu’évidente	O
:	O
elles	O
sont	O
des	O
lieux	O
de	O
conservation	O
et	O
de	O
communication	O
de	O
livres,	O
manuscrits,	O
imprimés	O
et	O
aujourd’hui	O
numériques,	O
et	O
la	O
constitution	O
de	O
leurs	O
collections	O
reflète	O
un	O
projet	O
intellectuel	O
modelé	O
par	O
des	O
contraintes	O
économiques	O
comme	O
par	O
une	O
politique	O
de	O
la	O
circulation	O
des	O
savoirs.	O
Travailler	U-PER
sur	O
les	O
fonds	O
imprimés	O
anciens	O
d’une	O
bibliothèque	O
patrimoniale,	O
c’est	U-MISC
avoir	O
accès	O
à	O
un	O
«	O
livre	O
rare»	U-ORG
,	O
pour	O
les	O
besoins	O
d’une	O
enquête	O
érudite,	O
mais	O
c’est	U-MISC
aussi	O
découvrir,	O
au	O
hasard	O
d’une	O
page,	O
les	O
traces	O
allusives	O
et	O
énigmatiques	O
de	O
ce	O
projet,	O
de	O
ces	O
contraintes	O
et	O
de	O
cette	O
dimension	O
politique.	O
On	B-MISC
ne	I-MISC
peut	I-MISC
lire	I-MISC
le	I-MISC
texte	I-MISC
indépendamment	I-MISC
des	I-MISC
marginalia	L-MISC
manuscrites	O
qui	O
le	O
bordent,	O
révélatrices	O
d’un	O
horizon	O
de	O
réception	O
particulier,	O
celui	O
d’un	O
lecteur	O
identifié	O
ou	O
anonyme,	O
celui	O
du	O
monde	O
lettré	O
auquel	O
il	O
a	O
appartenu.	O
Luciano	B-PER
Canfora	L-PER
nous	O
raconte	O
l’une	O
de	O
ses	O
nombreuses	O
enquêtes	O
érudites,	O
où	O
tel	O
un	O
Sherlock	O
Holmes	O
philologue,	O
il	O
sait	O
faire	O
parler	O
les	O
moindres	O
indices,	O
les	O
corréler,	O
les	O
situer	O
dans	O
un	O
contexte	O
plus	O
large	O
où	O
ils	O
prennent	O
tout	O
leur	O
sens.	O
Le	B-MISC
lieu	I-MISC
de	I-MISC
l’enquête	I-MISC
?	L-MISC
La	O
Biblioteca	B-LOC
Civica	I-LOC
de	I-LOC
Rovereto	L-LOC
,	O
une	O
ville	O
du	B-LOC
Nord	L-LOC
de	O
l’	B-LOC
Italie	L-LOC
,	O
dans	O
la	O
région	O
du	O
Trentin-Haut-Adige	U-LOC
.	O
Parmi	O
les	O
400.000	O
volumes	O
imprimés,	O
un	O
fonds	O
particulièrement	O
significatif	O
:	O
celui	O
de	O
l’érudit	O
Girolamo	B-PER
Tartarotti	L-PER
(1706-1761),	O
né	O
et	O
mort	O
à	O
Rovereto	U-LOC
,	O
qui	O
contitua	O
le	O
noyau	O
originel	O
de	O
la	O
Biblioteca	B-LOC
Civica,	L-LOC
créée	O
en	O
1764.	O
Polymathe	U-PER
et	O
auteur	O
d’une	O
œuvre	O
importante	O
où	O
se	O
croisent	O
ses	O
intérêts	O
d’antiquaire,	O
de	O
philologue,	O
d’historien	O
régional	O
et	O
d’historien	O
de	O
l’Eglise,	O
Tartarotti	U-LOC
est	O
surtout	O
connu	O
aujourd’hui	O
pour	O
ses	O
traités	O
sur	O
les	O
sorcières.	O
Mais	O
Luciano	B-PER
Canfora	L-PER
s’est	O
intéressé	O
aux	O
annotations	O
laissées	O
par	O
l’érudit	O
sur	O
ses	O
livres	O
personnels	O
:	O
il	O
peut	O
s’agir	O
d’un	O
développement	O
polémique	O
contre	O
l’auteur	O
du	O
livre	O
lu,	O
d’un	O
index	O
rerum	O
qui	O
lui	O
permettra	O
de	O
naviguer	O
dans	O
un	O
ouvrage,	O
d’une	O
compilation	O
de	O
passages	O
d’autres	O
auteurs,	O
ou	O
de	O
traces	O
qui	O
déroulent	O
un	O
fil	O
conducteur	O
d’un	O
livre	O
à	O
l’autre,	O
d’une	O
bibliothèque	O
à	O
l’autre.	O
Ces	O
indices	O
ténus	O
racontent	O
une	O
histoire,	O
celle	O
de	O
la	O
circulation	O
des	O
ouvrages	O
érudits	O
au	O
XVIIIe	O
siècle,	O
celle	O
de	O
la	O
critique	O
philologique	O
qui	O
en	O
détermine	O
la	O
valeur	O
et	O
la	O
rareté,	O
mais	O
aussi	O
celle	O
des	O
intérêts,	O
des	O
intuitions,	O
des	O
interprétations	O
de	O
celui	O
qui	O
les	O
a	O
déposés.	O
Les	O
annotations	O
corrigent	O
une	O
erreur	O
textuelle	O
ou	O
des	O
frontispices	O
fautifs,	O
soulignent	O
la	O
rareté	O
ou	O
la	O
qualité	O
d’une	O
édition,	O
tissent	O
des	O
liens	O
entre	O
les	O
livres	O
de	O
la	O
bibliothèque	O
de	O
l’érudit,	O
témoignant	O
de	O
ses	O
intérêts	O
intellectuels	O
comme	O
de	O
son	O
ouverture	O
au	O
protestantisme.	O
Ce	O
n’est	O
sans	O
doute	O
pas	O
un	O
hasard	O
si	O
Luciano	B-PER
Canfora	L-PER
retrouve	O
dans	O
ce	O
fonds	O
l’un	O
des	O
quatre	O
cents	O
exemplaires	O
de	O
l’édition	O
de	O
la	O
Bibliothèque	B-LOC
du	I-LOC
patriarche	I-LOC
Photius	L-LOC
publiée	O
à	O
Rouen	U-LOC
en	O
1654,	O
qu’il	O
s’efforce	O
de	O
retrouver	O
l’un	O
après	O
l’autre	O
dans	O
toutes	O
les	O
bibliothèques	O
possibles,	O
pour	O
en	O
collecter	O
les	O
marginalia	O
Voir	O
Luciano	U-MISC
Canfora,	O
La	B-MISC
Bibliothèque	L-MISC
du	O
patriarche.	O
Photius	U-PER
censuré	O
dans	O
la	B-LOC
France	L-LOC
de	O
Mazarin,	U-PER
traduit	O
de	O
l’italien	O
par	O
L.-A.	B-PER
Sanchi,	I-PER
Paris	L-PER
:	O
Belles	O
lettres,	O
2003	O
.Ce	O
sont	O
ainsi	O
des	O
traces	O
infimes,	O
des	O
signes,	O
des	O
citations	O
latines,	O
des	O
références	O
bibliographiques	O
abrégées	O
qui,	O
patiemment	O
collectés,	O
dessinent	O
peu	O
à	O
peu	O
le	O
portrait	O
de	O
Tartarotti	U-PER
.	O
Pour	O
mener	O
une	O
telle	O
enquête,	O
il	O
faut	O
entrer	O
soi-même	O
dans	O
le	O
labyrinthe	O
de	O
cette	O
érudition	O
en	O
déroulant	O
les	O
fils	O
de	O
la	O
culture	O
classique	O
et	O
de	O
la	O
patristique,	O
des	O
savoirs	O
historiques	O
et	O
de	O
la	O
critique	O
philologique.	O
Le	O
texte	O
de	O
Luciano	B-PER
Canfora	L-PER
,	O
inédit	O
dans	O
cette	O
version	O
française,	O
crée	O
un	O
jeu	O
de	O
miroirs	O
vertigineux	O
avec	O
son	O
objet	O
et	O
invite	O
le	O
lecteur	O
contemporain	O
à	O
entrer	O
lui	O
aussi	O
dans	O
ce	O
labyrinthe,	O
parsemé	O
de	O
citations	O
grecques	O
et	O
latines	O
:	O
en	O
chercheur	O
virtuose,	O
il	O
nous	O
apprend	O
à	O
regarder	O
les	O
marges	O
des	O
livres	O
anciens	O
et	O
à	O
pratiquer	O
une	O
archéologie	O
de	O
la	O
lecture	O
savante,	O
à	O
écrire	O
avec	O
lui	O
une	O
page	O
de	O
l’histoire	O
secrète	O
des	O
bibliothèques	O
européennes.	O
Christian	B-PER
Jacob	L-PER
C’est	O
un	O
remarquable	O
exemple	O
de	O
catalogage	O
dans	O
le	O
domaine	O
des	O
études	O
sur	O
les	O
«	O
marginalia	O
»	O
que	O
le	O
volume	O
Books	B-MISC
with	L-MISC
Manuscript,	U-LOC
publié	O
par	O
R.	B-PER
C.	I-PER
Alston	L-PER
en	O
1994	O
:	O
catalogue	O
admirable,	O
riche	O
de	O
renseignements	O
exprimés	O
sous	O
la	O
forme	O
la	O
plus	O
concise,	O
des	O
volumes	O
annotés	O
à	O
la	O
main	O
contenus	O
dans	O
les	O
collections	O
de	O
la	O
British	B-LOC
Library	L-LOC
–	O
environ	O
six	O
cents	O
pages	O
en	O
petits	O
caractères,	O
avec	O
un	O
index	O
des	O
propriétaires	O
et	O
des	O
auteurs	O
des	O
notes	O
manuscrites.	O
Il	O
s’agit	O
de	O
l’un	O
des	O
«	O
enfants	O
»	O
de	O
cette	O
œuvre	O
splendide	O
qu’est	O
le	O
General	B-MISC
Catalogue	I-MISC
of	I-MISC
Printed	I-MISC
Books	L-MISC
de	O
la	O
British	B-ORG
Library,	L-ORG
que	O
l’on	O
a	O
défini	O
non	O
sans	O
raison	O
comme	O
«	O
l’un	O
des	O
joyaux	O
de	O
la	O
couronne	O
de	O
Sa	B-LOC
Majesté	L-LOC
britannique	O
».	B-PER
Du	L-PER
reste,	O
l’ouvrage	O
a	O
occasionné	O
l’ajout	O
de	O
données	O
nouvelles	O
par	O
rapport	O
au	O
catalogue	O
de	O
départ	O
:	O
la	O
mise	O
en	O
valeur	O
de	O
marginalia	O
considérés	O
jusque-là	O
comme	O
insignifiants,	O
ainsi	O
que	O
le	O
signalement	O
de	O
livres	O
«	O
qui	O
n’avaient	O
jamais	O
été	O
catalogués	O
et	O
qui	O
se	O
sont	O
présentés	O
à	O
l’auteur	O
durant	O
son	O
enquête	O
ou	O
lui	O
ont	O
été	O
signalés	O
par	O
d’autres	O
»	O
Cf.	O
G.	O
Frasso,	O
Libri	O
a	O
stampa	O
postillati,	O
in	O
Aevum,	U-MISC
69,	O
1995,	O
p.	O
618	O
.	O
En	O
somme,	O
c’est	U-MISC
un	O
modèle	O
pour	O
d’autres	O
bibliothèques,	O
grandes	O
ou	O
moins	O
grandes.	O
Je	B-MISC
crois	I-MISC
que	I-MISC
le	I-MISC
splendide	I-MISC
travail	I-MISC
effectué	I-MISC
jusqu’à	I-MISC
maintenant	L-MISC
à	O
Rovereto	U-LOC
sur	O
le	O
plan	O
du	O
catalogage	O
permet	O
d’obtenir	O
ici	O
aussi	O
un	O
résultat	O
du	O
même	O
genre.	O
Les	O
répertoires	O
encore	O
inédits	O
qu’utilise	O
le	O
personnel	O
de	O
la	O
Biblioteca	B-LOC
Civica	L-LOC
et	O
que	O
le	O
Dr	B-MISC
Baldi	L-MISC
a	O
eu	O
l’amabilité	O
de	O
mettre	O
à	O
ma	O
disposition	O
pour	O
ce	O
travail	O
me	O
donnent	O
à	O
penser	O
que	O
Rovereto	U-LOC
pourra	O
très	O
bientôt	O
proposer	O
un	O
instrument	O
comparable	O
à	O
Books	B-MISC
with	L-MISC
Manuscript.	B-PER
Le	L-PER
matériau	O
sur	O
lequel	O
j’ai	O
pu	O
travailler	O
est	O
extrêmement	O
vaste,	O
et	O
je	O
pense	O
reprendre	O
ce	O
chantier	O
à	O
l’avenir.	O
Pour	O
l’heure,	O
je	O
peux	O
offrir	O
les	O
résultats	O
d’une	O
enquête	O
nécessairement	O
partielle	O
et	O
provisoire,	O
qui	O
permet	O
toutefois	O
déjà	O
de	O
tirer	O
certaines	O
conclusions	O
non	O
dépourvues	O
d’intérêt,	O
qui	O
nous	O
aident	O
à	O
aborder	O
notre	O
sujet	O
:	O
l’usage	O
des	O
livres	O
qui	O
ont	O
appartenu	O
à	O
une	O
grande	O
et	O
précieuse	O
collection	O
privée,	O
celle	O
de	O
Girolamo	B-PER
Tartarotti	L-PER
(1706-1761),	O
lequel	O
fut	O
–	O
comme	O
chacun	O
le	O
sait	O
–	O
une	O
figure	O
éminente	O
de	O
la	O
culture	O
de	O
Rovereto	U-LOC
(et	O
bien	O
au-delà)	O
au	O
milieu	O
du	O
18e	O
siècle.	O
Pour	O
ma	O
part,	O
je	O
m’occupe	O
surtout	O
du	O
monde	O
antique,	O
grec	O
et	O
romain,	O
et	O
de	O
sa	O
réception.	O
C’est	O
pourquoi	O
l’enquête	O
concerne	O
surtout	O
des	O
oeuvres	O
de	O
la	O
bibliothèque	B-LOC
de	I-LOC
Tartarotti	L-LOC
qui	O
ont	O
un	O
rapport	O
avec	O
ce	O
champ	O
d’étude.	O
Partons	B-MISC
d’une	I-MISC
remarque	I-MISC
générale	L-MISC
:	O
Tartarotti	U-LOC
a	O
abondamment	O
pourvu	O
ses	O
livres	O
d’apostilles	O
–	O
c’est-à-dire	O
qu’il	O
les	O
a	O
enrichis	O
d’ajouts	O
manuscrits	O
à	O
usage	O
personnel.	O
Je	O
commencerai	O
par	O
deux	O
exemples	O
:	O
les	O
notes	O
portées	O
sur	O
le	O
De	B-LOC
malis	L-LOC
ac	O
bonis	O
libris	O
de	O
Théophile	B-PER
Raynaud	L-PER
(1587,	O
Nice	U-LOC
n	O
1	O
1663,	O
Lyon	U-LOC
Sur	O
Raynaud,	U-LOC
cf.	O
C.	O
Sommervogel,	B-MISC
Bibliothèque	I-MISC
de	I-MISC
la	L-MISC
Compagnie	B-ORG
de	I-ORG
Jésus,	I-ORG
VI,	L-ORG
col.	O
1517-1550	O
)	O
et	O
l’apparat	O
ajouté	O
aux	O
Antiquités	U-MISC
véronaises	O
d’Onofrio	O
Panvinio.	B-PER
Tartarotti	L-PER
a	O
annoté	O
très	O
attentivement	O
le	O
traité	O
de	O
Theophilus	U-LOC
Raynaudus	O
Erotemata	O
de	O
malis	O
ac	O
bonis	O
libris	O
deque	O
iusta	O
aut	O
iniusta	O
eorundem	O
confixione.	O
Cum	B-MISC
indicibus	L-MISC
necessariis	O
(Lugduni,	O
Sumptibus	U-PER
Ioan.	O
Antonii	O
Huguetan,	O
et	O
Marci	B-PER
Antonii	L-PER
Ravaud,	O
M.DC.LIII,	O
Permissu	B-PER
Superiorum)	L-PER
coll.	O
I.65.45	U-LOC
.	O
Il	O
écrit	O
sur	O
les	O
feuillets	O
blancs	O
de	O
la	O
fin	O
de	O
l’ouvrage	O
:	O
Theophilus	B-MISC
Raynaudus	L-MISC
inter	O
atheos	O
clancularios	O
Clancularios,	U-ORG
«	O
camouflés	O
»	O
(clanculare,	O
«	O
dissimuler	O
»)	O
primae	O
classis	O
ponit	O
Erasmum	B-PER
Roterodamum.	L-PER
Part.	O
I,	O
Erot.	O
4,	O
n.o	O
38	O
:	O
de	O
malis	O
et	O
bonis	O
libris	O
;	O
iure	O
an	O
iniuria	O
hic	O
non	O
discutio.	O
Illud	U-ORG
scio,	O
eundem	O
Raynaudum,	U-PER
ubi	O
de	O
stili	O
acrimonia	O
agit	O
eodem	O
libro,	O
Erot.	B-MISC
9	L-MISC
n.o	O
160	O
quaeritque	O
quatenus	O
ea	O
uti	O
liceat	O
in	O
adversarios,	O
Petri	O
Blesensis	U-PER
auctoritate	O
nixum,	O
stili	O
acerbitatem	O
non	O
damnare	O
eo	O
casu,	O
quo	O
timendum	O
sit,	O
Ne	O
vaga	O
et	O
effrenis	O
impunitas,	O
excitaret	O
praesumtionis	O
invectiva.	O
Quid	O
noster	O
atheus	O
de	O
hac	O
quaestione	O
?	O
En	O
eius	O
verba	O
ex	O
Enchiridio	B-MISC
Christiani	L-MISC
militis	O
pag	O
246,	O
edit.	O
Lugduni	B-PER
Batavorum	L-PER
1641	O
postquam	O
probasset	O
sacrarum	O
Scripturarum	U-PER
auctoritate,	O
vindictam	O
non	O
esse	O
expetendam	O
:	O
Quid	O
igitur	O
futurum	O
est,	O
inquis,	O
si	O
procacitatem	O
alienam	O
mea	O
lenitate	O
aluero,	O
et	O
veterem	O
ferendo	O
injuriam	O
invitaro	O
novam	O
?	O
Respondet	O
Erasmus.	O
Si	O
potes	O
malum	O
sine	O
tuo	O
malo	O
vel	O
effugere,	O
vel	O
depellere,	O
nemo	O
te	O
vetat	O
facere	O
:	O
sin	O
minus,	O
cave	O
dixeris,	O
facere	O
satius	O
est	O
quam	O
pati.	O
Si	O
potes,	O
emenda,	O
vel	O
beneficiis	O
obruens,vel	O
mansuetudine	O
vincens	O
…	O
Sa	O
longue	O
polémique	O
contre	O
Raynaud	U-PER
est	O
intéressante,	O
car	O
le	O
personnage	O
se	O
distingue	O
par	O
ses	O
positions	O
extrêmes	O
et	O
sa	O
virulence.	O
Il	O
finit	O
par	O
être	O
mis	O
à	O
l’index	O
après	O
s’être	O
«	O
heurté	O
»	O
à	O
Richelieu	U-PER
et	O
à	O
Urbain	B-PER
VIII.	L-PER
Dans	O
notre	O
perspective,	O
il	O
est	O
symptomatique	O
qu’il	O
défende	O
ainsi	O
Érasme	U-PER
de	O
l’accusation	O
d’athéisme,	O
et	O
nous	O
avons	O
affaire	O
à	O
un	O
inédit	O
de	O
Tartarotti	U-LOC
assez	O
étendu	O
!	O
Un	O
autre	O
exemple	O
remarquable,	O
très	O
différent,	O
d’annotation	O
autographe	O
est	O
celle	O
qui	O
figure	O
sur	O
les	O
premiers	O
et	O
les	O
derniers	O
feuillets	O
du	O
volume	O
d’Onofrio	O
Panvinio	B-MISC
Antiquitatum	L-MISC
Veronensium	O
libri	O
VIII	U-MISC
(Padoue,	O
Frambotti,	B-MISC
1648)	L-MISC
coll.	O
I.95.3	O
.	O
Ici,	O
Tartarotti	O
a	O
constitué	O
pour	O
son	O
propre	O
usage	O
un	O
«	O
index	O
rerum	O
»	O
magnifiquement	O
structuré	O
et	O
pourvu	O
en	O
outre	O
d’un	O
apparat,	O
ou	O
d’un	O
guide	O
de	O
lecture,	O
dans	O
lequel	O
on	O
lit	O
notamment	O
:	O
«	O
Qu’on	U-MISC
n’ait	O
garde	O
de	O
se	O
fier	O
à	O
ces	O
inscriptions	O
celles	O
que	O
transcrit	O
Panvinio	U-MISC
:	O
il	O
s’agit	O
d’inscriptions	O
d’époque	O
romaine	O
et	O
tardo-antique	O
sans	O
les	O
avoir	O
comparées	O
avec	O
Gruter,	U-LOC
ce	O
pourquoi	O
nous	O
avons	O
ajouté	O
à	O
chacune	O
d’elles	O
les	O
numéros	O
correspondants	O
dans	O
le	O
corpus	O
gruterianus	O
».	B-MISC
Rien	I-MISC
de	I-MISC
plus	I-MISC
exact	L-MISC
que	O
ce	O
jugement	O
sur	O
la	O
valeur	O
du	O
recueil	O
de	O
Gruter,	U-LOC
qui	O
est	O
le	O
fondateur	O
de	O
l’épigraphie	O
romaine	O
scientifique	O
(	O
Tartarotti	U-ORG
possède	O
l’oeuvre	O
:	O
son	O
exemplaire	O
se	O
trouve	O
actuellement	O
à	O
la	O
Biblioteca	B-LOC
Civica,	L-LOC
sous	O
la	O
cote	O
I.81.6,	U-MISC
avec	O
le	O
Thesaurus	U-LOC
criticus	O
du	O
même	O
Gruter	U-LOC
dans	O
son	O
édition	O
de	O
1602).	O
Suit	O
l’index	O
ajouté	O
de	O
la	O
main	O
de	O
Tartarotti	U-LOC
,	O
en	O
latin,	O
qui	O
occupe	O
pas	O
moins	O
de	O
huit	O
pages.	O
Sur	O
les	O
feuillets	O
du	O
début,	B-PER
Tartarotti	L-PER
avait	O
déjà	O
entrepris	O
une	O
sorte	O
d’indexation	O
partielle	O
:	O
il	O
signale	O
dans	O
une	O
note	O
isolée	O
trois	O
sujets	O
avec	O
les	O
pages	O
qui	O
correspondent	O
dans	O
le	O
texte	O
(ce	O
sont	O
des	O
notes	O
en	O
latin)	O
:	O
Gentiles	U-MISC
aurum	O
ex	O
tempio	O
gentilium	O
diripientes	O
infelici	O
exitu	O
pereunt	O
;	O
Cimbrorum	U-PER
reliquiae	O
in	O
montibus	O
Veronensium	U-MISC
;	O
Cimbri	U-LOC
a	O
Romanis	U-PER
fusi	O
prope	O
Veronam,	U-LOC
non	O
ad	O
Vercellas.	O
Toujours	O
dans	O
les	O
premières	O
pages,	O
il	O
faut	O
signaler	O
une	O
précieuse	O
compilation	O
de	O
passages	O
d’auteurs	O
sur	O
Panvinio	U-MISC
:	O
il	O
s’agit	O
de	O
deux	O
longues	O
citations	O
de	O
Scaliger	U-PER
et	O
d’une	O
réplique	O
que	O
Caspar	B-PER
Schoppe	L-PER
(Scioppius)	O
adresse	O
à	O
celui-ci.	O
Dans	B-MISC
le	I-MISC
premier	I-MISC
de	I-MISC
ces	I-MISC
passages,	I-MISC
tiré	I-MISC
de	I-MISC
l’Epistola	L-MISC
ad	O
Dousam	U-MISC
de	O
vetustate	O
gentis	O
Scaligerae	U-PER
(p.	O
21),	O
Joseph-Juste	O
Scaliger	O
évoque	O
sa	O
rencontre	O
avec	O
Panvinio	U-PER
à	O
Rome	U-LOC
,	O
«	O
in	O
Palatio	U-LOC
montis	O
Jordani	B-PER
»,	L-PER
«	O
coram	O
Mureto	U-LOC
».	B-PER
Faute	L-PER
de	O
place,	O
je	O
ne	O
transcris	O
pas	O
ici	O
cette	O
longue	O
note.	O
Quelques	O
exemples	O
de	O
«	O
parcours	O
de	O
lecture	O
»	O
Je	O
traiterai	O
maintenant	O
de	O
quelques	O
notes	O
qui	O
se	O
rapportent	O
à	O
d’autres	O
oeuvres	O
de	O
la	O
même	O
collection	O
et	O
suggèrent	O
ou	O
esquissent	O
un	O
«	O
parcours	O
de	O
lecture	O
»,	U-LOC
c’est-à-dire	O
l’existence	O
d’un	O
fil	O
conducteur.	O
Parmi	O
ceux	O
de	O
ses	O
livres	O
qui	O
sont	O
arrivés	O
à	O
la	O
Biblioteca	B-LOC
Civica	I-LOC
de	I-LOC
Rovereto	L-LOC
se	O
trouve	O
un	O
exemplaire	O
de	O
l’édition	O
de	O
Rouen	U-LOC
de	O
la	O
Bibliothèque	O
de	O
Photius	U-PER
(1653),	O
sous	O
la	O
cote	O
A.65.8	O
L’intérêt	O
de	O
Tartarotti	U-ORG
pour	O
Photius	U-PER
semble	O
confirmé	O
par	O
d’autres	O
livres	O
dont	O
la	O
présence	O
dans	O
sa	O
bibliothèque	O
est	O
révélatrice	O
:	O
par	O
exemple,	O
C.	B-PER
Iustellus,	I-PER
Iuris	L-PER
canonici	O
veteris	O
collectiones,	O
Paris,	U-PER
1661.	O
Moins	O
significative	O
est	O
la	O
présence	O
de	O
la	O
Storia	U-LOC
ecclesiastica	O
de	O
Philostorge	U-LOC
dans	O
le	O
recueil	O
complet	O
des	O
Historiae	B-MISC
Ecclesiasticae	L-MISC
libri	O
X,	B-MISC
Turin,	I-MISC
1746	L-MISC
:	O
il	O
s’agit	O
en	O
effet	O
d’un	O
recueil	O
général,	O
qui	O
comprend	O
bien	O
d’autres	O
choses	O
que	O
Philostorge.	U-PER
.	O
On	O
lit	O
sur	O
cet	O
exemplaire	O
une	O
brève	O
note	O
manuscrite,	O
dont	O
voici	O
le	O
texte	O
:	O
Hunc	U-PER
librum	O
inter	O
raros	O
numerat	O
Crenius.	B-PER
Hancque	L-PER
editionem	O
optimam	O
esse	O
dicit	O
de	O
libris	O
script.	O
optimis	O
exercit.	O
3	O
fol.	O
27.	O
Un	B-MISC
premier	I-MISC
problème	L-MISC
concerne	O
la	O
graphie.	O
Il	O
est	O
logique	O
de	O
se	O
demander	O
s’il	O
s’agit	O
d’une	O
apostille	O
de	O
la	O
main	O
de	O
Tartarotti	U-LOC
,	O
car	O
ce	O
n’est	O
pas	O
son	O
écriture.	O
Armando	B-PER
Petrucci,	L-PER
à	O
qui	O
j’ai	U-ORG
soumis	O
une	O
reproduction	O
de	O
cette	O
note,	O
m’a	O
fait	O
la	O
réponse	O
suivante	O
:	O
«	O
Cette	O
écriture	O
me	O
paraît	O
être	O
du	O
18e	O
siècle,	O
et	O
même	O
tout	O
à	O
fait	O
typique	O
du	O
18e	O
siècle,	O
mais	O
–	U-MISC
pour	O
autant	O
que	O
je	O
puisse	O
le	O
dire	O
–	O
elle	O
ne	O
me	O
semble	O
pas	O
appartenir	O
à	O
la	O
zone	O
italienne,	O
ni	O
à	O
la	O
zone	O
française	O
:	O
elle	O
peut	O
donc	O
être	O
allemande	O
;	O
la	O
datation	O
coïnciderait	O
avec	O
la	O
période	O
où	O
a	O
vécu	O
Tartarotti	B-PER
Lettre	L-PER
du	O
11	O
novembre	O
1996	O
».	U-ORG
La	O
note	O
manuscrite	O
fait	O
référence	O
à	O
l’oeuvre	O
de	O
Thomas	B-PER
Crenius	L-PER
De	O
libris	O
scriptorum	O
optimis	O
et	O
utilissimis	O
exercitatio,	O
apud	O
Abrahamum	B-PER
van	I-PER
der	I-PER
Mijn,	L-PER
Leyde,	O
1704	O
:	O
il	O
s’agit	O
de	O
la	O
première	O
«	O
exercitatio	O
».	B-PER
La	L-PER
«	O
tertia	O
exercitatio	O
»	O
(que	O
cite	O
l’annotateur)	O
est	O
publiée	O
en	O
1705	O
par	O
une	O
autre	O
maison,	O
Heyden.	U-LOC
Ici,	O
on	O
lit	O
à	O
la	O
page	O
27,	O
après	O
un	O
long	O
traitement	O
consacré	O
à	O
ce	O
que	O
disait	O
Sixtus	B-PER
Senensis	I-PER
de	I-PER
Basile	I-PER
de	I-PER
Césarée,	L-PER
dans	O
sa	O
Bibliotheca	B-PER
Sancta	L-PER
–	O
oeuvre	O
typiquement	O
bibliographique	O
:	O
«	O
Jam	U-MISC
addo	O
Photii	B-MISC
verba,	L-MISC
qui	O
liber	O
rarus	O
est	O
e	O
col.	O
m.	O
318.	O
Cod.	O
CXLI.	B-PER
Biblioth.	L-PER
edit.	O
opt.	O
Rothomag.	O
MDCLIII.	O
in	O
fol.	O
»	O
…	O
L’annotateur	O
de	O
l’exemplaire	O
de	O
Tartarotti	U-PER
a	O
repris	O
les	O
deux	O
éléments	O
de	O
cette	O
rapide	O
définition	O
:	O
le	O
livre	O
de	O
Photius	U-PER
est	O
«	O
rarus	O
»	O
;	O
l’édition	O
de	O
Rouen	U-LOC
est	O
«	O
optima	O
».	U-MISC
Ces	O
deux	O
jugements	O
méritent	O
notre	O
attention	O
:	O
Photius	U-PER
,	O
«	O
liber	O
rarus	O
».	B-PER
Crenius	L-PER
écrit	O
en	O
1705,	O
c’est-à-dire	O
cinquante	O
ans	O
après	O
l’impression	O
et	O
la	O
diffusion	O
de	O
l’édition	O
de	O
Rouen	U-LOC
,	O
et	O
après	O
l’échec	O
de	O
la	O
malheureuse	O
entreprise	O
«	O
collective	O
»	O
de	O
Capperonnier,	B-PER
Du	I-PER
Pin	L-PER
et	O
Tournemine,	U-LOC
que	O
diverses	O
circonstances	O
semblaient	O
préfigurer.	O
L’initiative	O
de	O
proposer	O
une	O
nouvelle	O
édition	O
cinquante	O
ans	O
après	O
la	O
«	O
Rothomagensis	U-MISC
»	O
n’avait	O
pas	O
seulement	O
un	O
sens	O
parce	O
qu’il	O
s’agissait	O
d’en	O
faire	O
une	O
meilleure,	O
mais	O
aussi,	O
au	O
moins	O
autant,	O
parce	O
que	O
l’édition	O
en	O
question	O
n’était	O
plus	O
en	O
circulation	O
commerciale	O
chez	O
les	O
libraires.	O
C’est	O
pourquoi	O
«	O
qui	O
liber	O
rarus	O
est	O
».	B-PER
Rappelons	L-PER
à	O
ce	O
propos	O
que	O
Crenius	U-PER
(dont	O
le	O
véritable	O
nom	O
était	O
Thomas-Theodor	B-PER
Crusius	L-PER
),	O
brandebourgeois	O
d’origine	O
(1648),	O
a	O
erré	O
entre	O
l’	O
Allemagne	U-LOC
,	O
la	O
Hongrie	U-LOC
et	O
la	O
Hollande	U-LOC
,	O
pour	O
devenir	O
enfin	O
correcteur	O
d’épreuves	O
à	O
Rotterdam	U-LOC
et	O
à	O
Leyde	U-LOC
(où	O
il	O
mourut	O
en	O
1728).	O
Il	O
avait	O
donc	O
une	O
bonne	O
connaissance	O
des	O
livres	O
nouveaux	O
annoncés	O
sur	O
le	O
territoire	O
hollandais,	O
et	O
notamment	O
du	O
Photius	U-PER
dont	O
on	O
disait	O
imminente	O
la	O
parution,	O
d’abord	O
en	O
Angleterre	U-LOC
,	O
puis	O
chez	O
Huguetan	U-LOC
(un	O
exilé	O
calviniste)	O
dans	O
la	O
contrefaçon	O
–	O
imprimée	O
en	O
Hollande	U-LOC
,	O
justement	O
–	O
des	O
«	O
Mémoires	B-MISC
de	I-MISC
Trévoux	L-MISC
».	O
Dans	O
les	O
années	O
où	O
Crenius	U-PER
rédige	O
les	O
Exercitationes,	U-LOC
on	O
commençait	O
à	O
savoir	O
que,	O
une	O
fois	O
Du	B-PER
Pin	L-PER
exilé	O
car	O
suspect	O
de	O
philo-jansénisme,	O
la	O
nouvelle	O
édition	O
de	O
la	O
Bibliothèque	O
de	O
Photius	U-PER
ne	O
verrait	O
pas	O
le	O
jour.	O
Aussi	O
les	O
érudits	O
acquéraient-ils	O
par	O
les	O
moyens	O
les	O
plus	O
divers	O
(et	O
également	O
les	O
plus	O
désinvoltes)	O
les	O
copies	O
qui	O
circulaient	O
encore	O
de	O
cette	O
édition	O
devenue	O
rare.	O
On	O
serait	O
curieux	O
de	O
savoir	O
par	O
exemple	O
–	B-MISC
j’ignore	L-MISC
si	O
la	O
chose	O
est	O
possible	O
–	O
quand	O
et	O
de	O
qui	O
Tartarotti	U-PER
a	O
acquis	O
parmi	O
ses	O
livres	O
le	O
Photius	U-PER
à	O
présent	O
conservé	O
à	O
Rovereto	U-LOC
À	O
l’heure	O
actuelle,	O
on	O
a	O
identifié	O
plus	O
de	O
400	O
exemplaires	O
de	O
cette	O
édition.	O
.	O
«	O
editio	O
optima	O
Rothomagensis	U-MISC
».	O
Ce	O
jugement	O
particulièrement	O
positif	O
est	O
celui	O
qui	O
a	O
cours	O
presque	O
universellement,	O
mais	O
à	O
tort,	O
au	O
sujet	O
de	O
l’édition	O
Sur	O
l’avis	O
favorable	O
des	O
érudits	O
(tout	O
particulièrement	O
dans	O
le	O
Manuel	B-MISC
du	I-MISC
libraire	L-MISC
et	O
de	O
l’amateur	O
de	O
livres	O
de	O
Jacques-Charles	B-PER
Brunet)	L-PER
à	O
l’égard	O
de	O
l’édition	O
de	O
Photius	U-PER
publiée	O
en	O
1653,	O
cf.	O
L.	B-PER
Canfora,	I-PER
La	I-PER
Biblioteca	I-PER
del	I-PER
Patriarca,	L-PER
p.	O
20-25,	O
en	O
particulier	O
p.	O
21,	O
n.	O
27	O
en	O
français	O
:	O
La	B-MISC
Bibliothèque	I-MISC
du	I-MISC
patriarche,	L-MISC
Belles	B-MISC
Lettres,	I-MISC
2003	L-MISC
.	O
Pour	O
la	O
période	O
antérieure,	O
voir	O
les	O
jugements	O
extrêmement	O
élogieux	O
de	O
G.	B-PER
de	I-PER
Bure	L-PER
(Catalogue	O
des	O
Livres	O
de	O
la	O
Bibliotheque	U-LOC
de	O
…	O
M.	O
le	O
duc	O
de	O
la	O
Vallière,	U-LOC
1783	O
:	O
«	O
C’est	O
la	O
meilleure	O
édition	O
d’un	O
ouvrage	O
recherché	O
et	O
très	O
estimé	O
»)	O
et	O
R.	B-PER
Duclos	L-PER
(Dictionnaire	O
bibliographique,	O
1790,	O
II,	U-MISC
p.	O
391	O
:	O
«	O
ouvrage	O
estimé	O
et	O
recherché	O
surtout	O
dans	O
cette	O
édition	O
»)	O
;	O
ces	O
formules	O
sont	O
la	O
source	O
des	O
bibliographes	O
postérieurs.	O
de	O
Rouen	U-LOC
.	O
J’en	O
ai	O
parlé	O
dans	O
un	O
livre	O
récent,	O
consacré	O
précisément	O
à	O
l’histoire	O
de	O
cette	O
édition.	O
Une	B-MISC
opinion	I-MISC
solide	L-MISC
et	O
très	O
répandue	O
veut	O
qu’elle	O
soit	O
d’une	O
qualité	O
supérieure.	O
Cette	O
opinion	O
est	O
si	O
répandue	O
que	O
Du	B-MISC
Pin	I-MISC
lui-même,	L-MISC
qui	O
avait	O
conçu,	O
et	O
pendant	O
quelque	O
temps	O
essayé	O
de	O
mettre	O
à	O
exécution,	O
le	O
projet	O
de	O
faire	O
naître	O
une	O
nouvelle	O
édition	O
de	O
la	O
Bibliothèque,	B-MISC
n’en	L-MISC
répétait	O
pas	O
moins,	O
dans	O
la	O
Bibliothèque	B-ORG
des	I-ORG
auteurs	L-ORG
ecclésiastiques,	O
au	O
chapitre	O
sur	O
Photius	U-PER
(rédigé	O
dans	O
les	O
dernières	O
années	O
du	O
17e	O
siècle),	O
l’éloge	O
de	O
l’édition	O
de	O
Rouen	U-LOC
comme	O
de	O
«	O
la	O
meilleure	O
»	O
!	O
Ce	O
qui	O
étonne	O
est	O
donc	O
le	O
fait	O
que	O
l’annotateur	O
de	O
l’exemplaire	O
de	O
Tartarotti	U-PER
,	O
pour	O
exprimer	O
cet	O
avis	O
courant,	O
ait	O
ressenti	O
le	O
besoin	O
de	O
recourir	O
à	O
cette	O
citation	O
égarée	O
de	O
Crenius	U-PER
,	O
en	O
passant,	O
au	O
beau	O
milieu	O
d’une	O
pléthore	O
d’éloges	O
de	O
la	O
«	O
Rothomagensis	B-MISC
».	I-MISC
L’explication	L-MISC
est	O
très	O
simple	O
:	O
celui	O
qui	O
a	O
rédigé	O
cette	O
annotation	O
avait	O
sous	O
la	O
main	O
le	O
répertoire	O
de	O
Crenius	U-PER
et	O
l’utilisait	O
d’une	O
façon	O
plus	O
ou	O
moins	O
habituelle.	O
Nous	O
pouvons	O
également	O
préciser	O
que	O
le	O
rédacteur	O
de	O
cette	O
note	O
connaissait	O
bien	O
non	O
seulement	O
les	O
Exercitationes	U-MISC
de	O
Crenius,	U-LOC
mais	O
en	O
particulier	O
la	O
page	O
qui	O
évoque	O
le	O
commentaire	O
de	O
Basile	U-PER
à	O
l’Exahemeron,	O
lequel	O
comprend	O
une	O
allusion	O
fugace	O
à	O
la	O
«	O
Rothomagensis	B-MISC
».	I-MISC
Or	I-MISC
Tartarotti	L-MISC
possède	O
et	O
utilise	O
Cf.	B-LOC
Arte	L-LOC
critica,	O
livre	O
II,	U-MISC
chapitre	O
2	O
les	O
trois	O
fascicules	O
de	O
Crenius	U-PER
qui	O
se	O
trouvent	O
aujourd’hui	O
à	O
la	O
Biblioteca	B-LOC
Civica,	L-LOC
sous	O
la	O
cote	O
C.81.24.	U-PER
On	O
remarque	O
même	O
la	O
présence	O
dans	O
sa	O
bibliothèque	O
des	O
Exercitationes,	U-LOC
ainsi	O
que	O
de	O
bien	O
d’autres	O
écrits	O
importants	O
parmi	O
la	O
multitude	O
d’ouvrages	O
composés	O
par	O
Crenius	U-PER
.	O
Par	O
exemple,	O
les	O
quatre	O
volumes	O
des	O
Animadversiones	U-MISC
philosophicae	O
et	O
historicae	O
(Leyde,	O
1697)	B-MISC
coll.	I-MISC
C.95.26-29	L-MISC
;	O
l’interminable	B-MISC
Dissertatio	I-MISC
Epistolica	I-MISC
De	I-MISC
Furibus	L-MISC
librariis	O
(Leyde,	O
1716)	O
coll.	O
D.41.22	O
;	O
le	O
Museum	U-LOC
philosophicum	O
et	O
historicum	O
(Leyde,	O
1699)	U-MISC
coll.	O
D.51.16	U-PER
.	O
Cela	O
suggère	O
une	O
explication,	O
et	O
la	O
rend	O
préférable	O
à	O
toutes	O
les	O
autres	O
possibilités	O
:	O
soit	O
Tartarotti	U-LOC
lui-même,	O
soit	O
une	O
personne	O
active	O
dans	O
son	O
entourage,	O
un	O
«	O
secrétaire	O
»,	U-LOC
aurait	O
écrit	O
cette	O
note	O
sur	O
le	O
Photius	U-PER
.	O
N’oublions	U-LOC
pas	O
que,	O
aux	O
yeux	O
d’un	O
spécialiste	O
tel	O
que	O
Petrucci,	B-PER
l’écriture	L-PER
de	O
cette	O
note	O
est	O
«	O
tout	O
à	O
fait	O
typique	O
du	O
18e	O
siècle	O
».	U-ORG
Cela	O
signifie	O
qu’elle	O
a	O
été	O
rédigée	O
alors	O
que	O
le	O
Photius	U-PER
et	O
le	O
Crenius	U-PER
se	O
trouvaient	O
déjà	O
tous	O
deux	O
dans	O
la	O
bibliothèque	B-LOC
de	I-LOC
Tartarotti	L-LOC
.	O
Il	O
n’est	O
pas	O
inutile	O
de	O
faire	O
observer,	O
par	O
parenthèse,	O
que	O
le	O
Myriobiblon	U-MISC
de	O
Photius	U-PER
aussi	O
bien	O
que	O
le	O
Crenius	U-PER
sont	O
des	O
ouvrages	O
qui	O
devaient	O
assurément	O
intéresser	O
l’auteur	O
de	O
l’Arte	O
critica,	O
dans	O
laquelle	O
les	O
Exercitationes	U-MISC
de	O
Crenius	U-PER
sont	O
ponctuellement	O
exploitées.	O
Relevons	U-MISC
en	O
outre	O
que,	O
du	O
point	O
de	O
vue	O
stylistique,	O
la	O
note	O
dont	O
nous	O
nous	O
occupons	O
amplifie	O
le	O
texte	O
de	O
la	O
source,	O
tout	O
en	O
en	O
reflétant	O
fidèlement	O
les	O
articulations	O
:	O
Hunc	U-PER
librum	O
inter	O
raros	O
numerat	O
Crenius	U-PER
~	O
addo	O
Photii	U-PER
verba	O
qui	O
liber	O
rarus	O
est	O
(selon	O
Crenius	U-PER
)	O
;	O
Hancque	U-PER
editionem	O
optimam	O
esse	O
dicit	O
~	O
edit.	O
opt.	O
Rothom.	U-PER
(selon	O
Crenius	U-PER
).	O
Ce	O
sont	O
donc	O
des	O
expressions	O
intentionnellement	O
choisies	O
et	O
longuement	O
méditées	O
:	O
elles	O
viennent	O
de	O
quelqu’un	O
qui	O
a	O
longuement	O
réfléchi	O
sur	O
la	O
sèche	O
remarque	O
du	O
bibliophile	O
et	O
en	O
a	O
extrait,	O
en	O
la	O
grossissant,	O
la	O
valeur	O
«	O
bibliographique	O
».	B-PER
De	L-PER
là	O
également	O
le	O
choix	O
de	O
rendre	O
plus	O
explicite	O
le	O
caractère	O
subjectif	O
du	O
jugement	O
de	O
Crenius	U-PER
(numerat…	O
dicit),	O
choix	O
qui	O
force	O
légèrement	O
le	O
texte,	O
étant	O
donné	O
que	O
Crenius	U-PER
,	O
surtout	O
en	O
ce	O
qui	O
concerne	O
l’excellente	O
qualité	O
de	O
l’«	O
editio	O
Rothomagensis	B-PER
»,	L-PER
ne	O
faisait	O
probablement	O
que	O
répéter	O
une	O
«	O
opinio	O
communis	O
»	O
!	O
Ainsi,	U-PER
le	O
rédacteur	O
de	O
cette	O
note	O
n’est	O
pas	O
véritablement	O
et	O
personnellement	O
familier	O
de	O
l’ensemble	O
de	O
la	O
bibliographie	O
sur	O
Photius	U-PER
,	O
et	O
croit	O
qu’il	O
est	O
original	O
de	O
la	O
part	O
de	O
Crenius	U-PER
de	O
définir	O
la	O
«	O
Rothomagensis	U-MISC
»	O
comme	O
une	O
«	O
optima	O
editio	O
».	B-PER
On	L-PER
peut	O
aller	O
encore	O
un	O
peu	O
plus	O
loin.	O
Si	U-MISC
l’auteur	O
de	O
cette	O
note	O
a	O
voulu	O
signaler,	O
comme	O
une	O
opinion	O
respectable,	O
le	O
fait	O
que	O
Crenius	U-PER
«	O
inter	O
raros	O
numerat	O
»	O
la	O
Bibliothèque	U-LOC
de	O
Photius,	U-LOC
cette	O
opinion	O
lui	O
aura	O
paru	O
d’autant	O
plus	O
susceptible	O
d’être	O
partagée	O
s’il	O
avait	O
déjà	O
connaissance	O
de	O
deux	O
autres	O
échecs	O
éditoriaux,	O
de	O
deux	O
autres	O
tentatives	O
inabouties	O
de	O
préparer	O
une	O
nouvelle	O
édition	O
et	O
traduction	O
de	O
la	O
Bibliothèque	U-LOC
:	O
l’une	O
à	O
Venise	U-LOC
et	O
l’autre	O
à	O
Hambourg	U-LOC
.	O
Une	O
lettre	O
d’Apostolo	O
Zeno	U-PER
à	O
Giusto	B-PER
Fontanini	L-PER
(16	O
avril	O
1735)	U-MISC
annonce	O
ceci	O
:	O
«	O
L’édition	U-LOC
que	O
l’on	O
pense	O
faire	O
en	O
Hollande	U-LOC
des	O
oeuvres	O
de	O
Photius	U-PER
ne	O
fera	O
point	O
avorter	O
celle	O
que	O
l’on	O
médite	O
ici	O
de	O
réaliser	O
dans	O
une	O
version	O
nouvelle,	O
avec	O
l’ajout	O
de	O
matières	O
encore	O
inédites.	O
Mais	O
on	O
croit	O
et	O
espère	O
que	O
le	O
moine	O
grec	O
qui	O
la	O
dirige	O
et	O
la	O
soutient	O
est	O
un	O
homme	O
de	O
valeur,	O
et	O
au	O
plus	O
haut	O
point	O
versé	O
dans	O
la	O
langue	O
grecque	O
Lettere	B-PER
di	I-PER
Apostolo	I-PER
Zeno	L-PER
cittadino	O
veneziano,	O
istorico	O
e	O
poeta	O
Cesario	U-PER
…	O
Seconda	O
edizione	O
…	O
,	O
V,	B-MISC
Venise,	I-MISC
1785,	I-MISC
no	I-MISC
875,	L-MISC
p.	O
106	O
».	U-ORG
Le	O
moine	O
en	O
question	O
est	O
Antonio	B-PER
Catiforo	I-PER
di	I-PER
Zante	L-PER
(1685-1763),	O
qui	O
a	O
vécu	O
à	O
Venise	U-LOC
,	O
dans	O
la	O
communauté	O
grecque,	O
de	O
1710	O
à	O
1747	O
au	O
moins	O
;	O
auteur	O
notamment	O
d’une	O
Vita	B-MISC
di	I-MISC
Pietro	L-MISC
il	O
Grande	U-LOC
qui	O
connut	O
le	O
succès,	O
il	O
fut	O
peut-être	O
proche	O
de	O
la	O
franc-maçonnerie.	O
Le	O
projet	O
relatif	O
à	O
Photius	U-PER
décrit	O
par	O
Apostolo	O
Zeno	O
en	O
1735	O
est	O
annoncé	O
comme	O
achevé	O
et	O
presque	O
prêt	O
à	O
être	O
imprimé	O
en	O
1742	O
dans	O
le	O
Catalogo	B-LOC
de’	L-LOC
libri	O
stampati	O
novellamente	O
publié	O
par	O
le	O
libraire	O
et	O
éditeur	O
Francesco	B-PER
Pitteri	L-PER
,	O
en	O
ces	O
termes	O
que	O
l’on	O
trouve	O
à	O
la	O
dernière	O
page	O
du	O
catalogue	O
:	O
«	O
On	O
travaille	O
infatigablement	O
à	O
achever	O
la	O
grande	O
oeuvre	O
de	O
Photius	U-PER
déjà	O
promise,	O
afin	O
de	O
la	O
mettre	O
au	O
jour	O
le	O
plus	O
rapidement,	O
avec	O
la	O
plus	O
grande	O
profusion	O
et	O
le	O
plus	O
grand	O
soin	O
«	O
Storia	U-LOC
dell’anno	O
»,	U-LOC
1742,	O
p.	O
400.	O
Sur	O
cette	O
importante	O
aventure	O
éditoriale,	O
cf.	O
M.	O
Losacco,	B-PER
Su	L-PER
alcuni	O
marginalia	O
foziani	O
di	O
Antonio	B-PER
Katiphoros,	L-PER
erudito	O
di	O
Zante	U-PER
(1685-1763),	O
dans	O
V.	B-MISC
Fera,	I-MISC
G.	L-MISC
Ferraù	O
et	O
S.	B-PER
Rizzo	L-PER
(éd.),	O
Talking	B-MISC
to	I-MISC
the	I-MISC
Text	L-MISC
:	O
Marginalia	B-MISC
from	I-MISC
Papyri	L-MISC
to	O
Print	O
…	O
,	O
II,	B-MISC
Messine,	L-MISC
2002,	O
p.	O
821-850.	O
».	U-ORG
Mais	O
l’édition,	U-MISC
pour	O
des	O
raisons	O
qui	O
demeurent	O
obscures,	O
fut	O
empêchée	O
:	O
on	O
a	O
sauvegardé	O
une	O
bonne	O
partie	O
des	O
manuscrits,	O
mais	O
elle	O
ne	O
fut	O
jamais	O
confiée	O
à	O
la	O
presse.	O
Catiforo	U-PER
mourut	O
en	O
1763,	O
vingt	O
ans	O
après	O
l’annonce	O
de	O
son	O
éditeur,	O
sans	O
rouvrir	O
ce	O
dossier.	O
Cet	O
«	O
échec	O
»	O
était	O
presque	O
certainement	O
connu	O
de	O
Tartarotti	U-PER
,	O
ou	O
du	O
moins	O
de	O
celui	O
qui	O
a	O
rédigé	O
sur	O
son	O
exemplaire	O
la	O
note	O
que	O
nous	O
évoquons.	O
Quoi	B-MISC
qu’il	I-MISC
en	I-MISC
soit,	I-MISC
les	I-MISC
lettres	I-MISC
d’Apostolo	L-MISC
Zeno	U-LOC
font	O
partie	O
de	O
la	O
bibliothèque	B-LOC
de	I-LOC
Tartarotti	L-LOC
Et	O
à	O
présent	O
du	O
fonds	O
ancien	O
de	O
la	O
Biblioteca	B-LOC
Civica	I-LOC
de	I-LOC
Rovereto.	L-LOC
.	O
À	O
Hambourg	U-LOC
,	O
il	O
en	O
était	O
allé	O
d’une	O
façon	O
assez	O
semblable.	O
Là	O
aussi,	O
l’édition	O
avait	O
été	O
mise	O
en	O
chantier,	O
et	O
même	O
par	O
un	O
grand	O
connaisseur	O
de	O
l’oeuvre	O
de	O
Photius	U-PER
,	O
Johann	B-PER
Christoph	I-PER
Wolf	L-PER
(1683-1739).	O
Mais	O
ce	O
projet-là	O
fut	O
également	O
interrompu	O
et	O
ne	O
fut	O
jamais	O
repris.	O
Nous	B-MISC
avons	I-MISC
connaissance	I-MISC
de	I-MISC
deux	I-MISC
lettres	L-MISC
de	O
Wolf	U-LOC
à	O
Maturin	B-PER
de	I-PER
La	I-PER
Croze,	L-PER
rédigées	O
l’une	O
et	O
l’autre	O
en	O
1736,	O
dont	O
nous	O
concluons	O
que	O
Wolf	U-ORG
a	O
établi	O
le	O
texte	O
jusqu’au	O
chapitre	O
180	O
de	O
la	O
Bibliothèque.	B-MISC
Wolf	L-MISC
s’est	O
arrêté	O
en	O
1737,	O
après	O
avoir	O
appris	O
que	O
Bernard	U-MISC
de	O
Montfaucon	U-LOC
,	O
en	O
France	U-LOC
,	O
en	O
se	O
fondant	O
sur	O
les	O
brouillons	O
laissés	O
par	O
Capperonnier	U-PER
–	O
qui	O
du	O
reste	O
travaillait	O
encore	O
à	O
son	O
Photius	U-PER
en	O
1720	O
–	O
s’apprêtait	O
à	O
réaliser	O
une	O
nouvelle	O
édition.	O
La	O
nouvelle	O
n’était	O
pas	O
exacte.	O
Wolf	U-ORG
est	O
mort	O
deux	O
ans	O
plus	O
tard.	O
En	B-MISC
1743,	L-MISC
Uhl	O
publie	O
à	O
Leipzig	U-LOC
le	O
Thesaurus	B-MISC
Lacrozianus,	L-MISC
qui	O
contient,	O
entre	O
autres	O
documents,	O
les	O
lettres	O
de	O
Wolf	U-LOC
témoignant	O
de	O
l’entreprise	O
avortée.	O
Par	O
conséquent,	O
pour	O
quelqu’un	O
qui	O
écrivait	O
après	O
1742/1743	O
–	O
et	O
je	O
crois	O
que	O
l’annotateur	O
de	O
l’exemplaire	O
de	O
Tartarotti	U-PER
écrivait	O
après	O
cette	O
date	O
–	U-ORG
le	O
livre	O
de	O
Photius	U-PER
semblait	O
être	O
plus	O
que	O
jamais	O
«	O
rarus	O
»	O
:	O
en	O
effet,	O
la	O
dernière	O
édition	O
était	O
toujours	O
vieille	O
de	O
presque	O
un	O
siècle	O
et	O
les	O
diverses	O
éditions	O
que	O
l’on	O
savait	O
en	O
chantier	O
s’étaient	O
toutes	O
soldées	O
par	O
des	O
échecs.	O
Une	B-MISC
dernière	I-MISC
remarque,	L-MISC
qui	O
concerne	O
cette	O
fois	O
l’usage	O
que	O
l’on	O
a	O
fait	O
de	O
cette	O
édition.	O
Je	B-MISC
dois	L-MISC
au	O
directeur	O
Baldi	U-PER
un	O
examen	O
extrêmement	O
précis	O
de	O
l’exemplaire	O
de	O
Photius	U-PER
que	O
possédait	O
Tartarotti	U-PER
.	O
Baldi	U-PER
a	O
distingué	O
au	O
moins	O
deux	O
mains	O
ayant	O
laissé	O
des	O
traces	O
de	O
lecture	O
–	O
non	O
pas	O
avec	O
des	O
annotations,	O
mais	O
avec	O
des	O
marques	O
de	O
mise	O
en	O
évidence,	O
que	O
l’on	O
trouve	O
très	O
nombreuses	O
tout	O
au	O
long	O
du	O
texte.	O
Cela	O
n’est	O
pas	O
si	O
fréquent.	O
J’ai	U-PER
cherché	O
à	O
prendre	O
connaissance	O
des	O
quatre	O
cents	O
exemplaires	O
environ	O
qui	O
existent	O
de	O
cette	O
édition,	O
soit	O
directement	O
(pour	O
un	O
quart	O
de	O
l’effectif	O
total)	U-MISC
soit	O
indirectement	O
(le	O
travail	O
d’examen	O
des	O
marginalia	O
n’est	O
pas	O
encore	O
achevé).	O
Pour	O
l’instant,	O
seule	O
une	O
infime	O
minorité	O
d’entre	O
eux	O
porte	O
des	O
signes	O
de	O
lecture	O
(ils	O
sont	O
en	O
revanche	O
nombreux	O
à	O
porter	O
des	O
notes	O
seulement	O
sur	O
les	O
feuillets	O
liminaires).	O
En	O
particulier,	O
on	O
rencontre	O
un	O
«	O
signe	O
»	O
clair	O
de	O
mise	O
en	O
évidence	O
au	O
début	O
du	O
texte,	O
à	O
la	O
col.	O
3,	O
aussitôt	O
après	O
la	O
fin	O
de	O
la	O
Lettre	U-PER
à	O
Tarasios	U-PER
qui	O
constitue	O
la	O
préface	O
de	O
la	O
Bibliothèque.	U-LOC
Il	O
s’agit	O
de	O
la	O
correction	O
d’une	O
erreur	O
à	O
peu	O
près	O
inexplicable,	O
celle	O
par	O
laquelle	O
s’ouvre	O
l’édition	O
de	O
Rouen	U-LOC
:	O
Theodoretus	O
presbyter	O
au	O
lieu	O
de	O
Theodorus	B-MISC
presbyter	L-MISC
comme	O
titre	O
du	O
premier	O
chapitre.	O
Qu’il	U-PER
faille	O
lire	O
Theodorus,	U-LOC
c’est	U-MISC
évident	O
d’après	O
le	O
grec	O
imprimé	O
en	O
regard	O
…	O
ainsi	O
que	O
d’après	O
les	O
divers	O
index	O
qui	O
précèdent	O
le	O
texte	O
et	O
dans	O
lesquels	O
le	O
nom	O
est	O
toujours,	O
à	O
raison,	O
Theodorus.	U-PER
Pourtant,	O
la	O
correction	O
manuscrite	O
de	O
cette	O
erreur	O
ne	O
se	O
trouve	O
–	O
pour	O
autant	O
que	O
je	O
le	O
sache	O
à	O
cette	O
heure	O
–	O
que	O
dans	O
l’exemplaire	O
de	O
Rovereto	U-LOC
ayant	O
appartenu	O
à	O
Tartarotti	U-LOC
.	O
Signalons	O
ici	O
une	O
autre	O
annotation	O
portée	O
sur	O
le	O
volume	O
des	O
Quaestiones	B-MISC
Tullianae	L-MISC
de	O
Schott	U-PER
(Andreas	O
Schott,	B-PER
Tullianarum	I-PER
Quaestionum	L-PER
de	O
instauranda	O
Ciceronis	U-LOC
imitatione	O
libri	O
IV,	B-MISC
ex	L-MISC
Officina	O
Plantiniana,	O
1610	O
coll.	O
C.86.6	O
)	O
Le	O
timbre	O
circulaire	O
«	O
Ad	B-PER
Bibliothecam	L-PER
civitatis	O
Roboreti	U-PER
»	O
indique	O
l’entrée	O
de	O
la	O
bibliothèque	O
de	O
Tartarotti,	U-MISC
en	O
1763,	O
dans	O
le	O
fonds	O
de	O
la	O
Biblioteca	B-LOC
Civica.	L-LOC
.	O
La	O
note	O
a	O
été	O
rédigée	O
par	O
une	O
main	O
qui	O
paraît	O
correspondre	O
à	O
l’écriture	O
de	O
Tartarotti	U-PER
en	O
1756.	O
Je	O
cite	O
son	O
texte,	O
parce	O
qu’il	O
est	O
analogue	O
à	O
la	O
première	O
partie	O
de	O
la	O
note	O
que	O
l’on	O
trouve	O
sur	O
le	O
Photius	U-PER
.	O
Ici	O
aussi	O
l’annotation	O
se	O
rapporte	O
à	O
la	O
rareté	O
du	O
volume	O
:	O
«	O
liber	O
infrequens	O
».	U-MISC
On	O
lit	O
sur	O
le	O
feuillet	O
de	O
garde	O
:	O
emptus	O
——–∫——–∫——	O
Liber	U-PER
infrequens	O
atque	O
elegans	O
Ce	B-MISC
doit	I-MISC
être	I-MISC
la	I-MISC
main	I-MISC
de	I-MISC
Tartarotti	L-MISC
.	O
Il	O
convient	O
de	O
relever,	O
comme	O
on	O
l’a	O
dit,	O
que	O
l’annotation	O
est	O
analogue,	O
du	O
point	O
de	O
vue	O
du	O
contenu,	O
à	O
celle	O
qui	O
figure	O
sur	O
le	O
Photius	U-ORG
(et	O
dans	O
laquelle	O
Schott	U-LOC
occupe	O
également	O
une	O
place	O
centrale)	U-MISC
–	O
à	O
cette	O
différence	O
que,	O
dans	O
le	O
cas	O
du	O
Photius	U-MISC
,	O
l’idée	O
est	O
exprimée	O
à	O
travers	O
un	O
jugement	O
sur	O
les	O
termes	O
employés	O
par	O
Crenius	U-PER
.	O
Une	O
autre	O
note,	O
de	O
la	O
même	O
main	O
qui	O
a	O
rédigé	O
celle	O
du	O
Photius	U-PER
,	O
se	O
trouve	O
sur	O
le	O
feuillet	O
de	O
garde	O
de	O
l’Onomasticon	O
de	O
Pollux,	U-ORG
dans	O
l’édition	O
de	O
Wolfgang	B-PER
Seber	L-PER
,	O
édition	O
retouchée	O
par	O
divers	O
auteurs,	O
dont	O
Hemsterhuys,	O
dernier	O
nommé	O
sur	O
le	O
frontispice	O
(Amsterdam,	O
1706).	O
Laudem	B-MISC
huius	L-MISC
editionis	O
omnium	O
optimae	O
vide	O
apud	O
Clericum	B-PER
Bibliot.	L-PER
Choisie	O
Jean	O
Le	O
Clerc,	O
Bibliothèque	O
choisie	O
…	O
,	O
1703-1713	O
(le	O
volume	O
10	O
paraît	O
en	O
1712).	O
Jean	B-PER
Le	I-PER
Clerc	L-PER
est	O
un	O
auteur	O
de	O
prédilection	O
de	O
Tartarotti,	U-MISC
également	O
en	O
tant	O
que	O
théoricien	O
de	O
l’	O
«	O
ars	O
critica	O
».	U-ORG
.	O
Tom.	B-MISC
X	L-MISC
f.	O
277	O
sgg.	O
Ce	O
n’est	O
pas	O
sans	O
raison	O
qu’il	O
est	O
fait	O
référence	O
à	O
la	O
page	O
277,	O
alors	O
que	O
la	O
recension	O
de	O
Le	B-PER
Clerc	L-PER
commence	O
à	O
la	O
page	O
précédente	O
et	O
se	O
poursuit	O
jusqu’à	O
la	O
page	O
297.	O
En	O
effet,	O
à	O
la	O
page	O
citée,	O
on	O
lit	O
non	O
seulement	O
la	O
«	O
laus	O
»	O
de	O
cette	O
édition	O
de	O
Pollux	U-LOC
par	O
Hemsterhuys	B-PER
–	L-PER
»	O
on	O
n’en	O
peut	O
donner	O
de	O
meilleure	O
édition	O
»	O
–	O
mais	O
aussi	O
et	O
surtout	O
une	O
appréciation	O
concernant	O
la	O
rareté	O
du	O
volume	O
dans	O
le	O
commerce,	O
appréciation	O
tout	O
à	O
fait	O
semblable	O
à	O
celle	O
que	O
nous	O
connaissons	O
par	O
la	O
note	O
du	O
Photius	U-PER
.	O
Voici	O
les	O
mots	O
de	O
Le	B-PER
Clerc	L-PER
:	O
«	O
Il	O
y	O
avoit	O
longtemps	O
que	O
l’Onomasticon	O
de	O
Pollux	U-LOC
étoit	O
rare,	O
et	O
que	O
l’on	O
ne	O
pouvoit	O
l’avoir	O
sans	O
l’acheter	O
fort	O
chèrement	O
».	U-ORG
Enfin	O
est	O
parue	O
une	O
nouvelle	O
édition,	O
et	O
cela	O
rend	O
accessible	O
une	O
édition	O
précieuse,	O
dont	O
le	O
prix	O
n’est	O
plus	O
prohibitif	O
comme	O
celui	O
des	O
éditions	O
antérieures	O
de	B-ORG
Pollux,	L-ORG
qui	O
dataient	O
du	O
milieu	O
du	O
17e	O
siècle.	O
La	O
situation	O
est	O
la	O
même	O
que	O
celle	O
de	O
la	O
«	O
Rothomagensis	B-MISC
».	I-MISC
C’est	L-MISC
ainsi	O
que	O
l’on	O
peut	O
comprendre	O
l’arrière-plan	O
économique	O
de	O
ce	O
genre	O
de	O
jugements	O
:	O
les	O
grandes	O
éditions	O
du	O
siècle	O
précédent	O
circulent	O
encore,	O
mais	O
à	O
des	O
prix	O
extrêmement	O
élevés	O
;	O
l’apparition	O
de	O
nouvelles	O
éditions	O
(même	O
de	O
réimpressions	O
avec	O
de	O
nouvelles	O
«	O
notae	O
variorum	O
»)	O
a	O
l’effet	O
d’un	O
prix	O
maximum	O
et	O
met	O
en	O
tout	O
cas	O
sur	O
le	O
marché	O
un	O
livre	O
qui,	O
parce	O
qu’il	O
est	O
neuf,	O
est	O
plus	O
accessible.	O
Cette	O
note,	O
certainement	O
écrite	O
de	O
la	O
même	O
main	O
qui	O
a	O
annoté	O
le	O
Photius	U-PER
,	O
se	O
trouve	O
–	O
on	O
l’a	O
dit	O
–	U-LOC
sur	O
l’édition	O
Hemsterhuys	U-MISC
de	O
Pollux	U-LOC
(1706),	O
c’est-à-dire	O
sur	O
une	O
oeuvre	O
que	O
l’on	O
peut,	O
du	O
point	O
de	O
vue	O
typologique,	O
considérer	O
comme	O
apparentée	O
à	O
la	O
Bibliothèque	U-LOC
de	O
Photius	U-PER
:	O
toutes	O
deux	O
sont	O
de	O
vastes	O
réservoirs	O
de	O
l’érudition	O
antique	O
et	O
médiévale.	O
On	O
a	O
donc	O
affaire	O
à	O
un	O
genre	O
d’oeuvres	O
caractéristique	O
de	O
la	O
«	O
bibliothèque	O
»	O
de	O
Tartarotti	U-LOC
(comme	O
c’était	O
prévisible,	O
du	O
reste).	O
Je	B-MISC
voudrais	I-MISC
énumérer	I-MISC
ici,	L-MISC
simplement	O
en	O
guise	O
d’exemples,	O
certains	O
titres	O
:	O
Claudius	B-PER
Aelianus,	I-PER
Varia	I-PER
Historia,	L-PER
avec	O
les	O
notes	O
de	O
Gesner,	B-PER
Gronovius,	I-PER
Perizonius,	L-PER
etc.,	O
Leyde-Amsterdam,	U-PER
1731	O
;	O
parmi	O
les	O
répertoires	O
modernes	O
:	O
J.	O
Gronovius,	O
Thesaurus	O
Graecarum	O
antiquitatum	O
(1732),	O
avec	O
des	O
suppléments	O
;	O
J.	B-PER
G.	I-PER
Graevius,	L-PER
Thesaurus	O
antiquitatum	O
Romanarum	U-LOC
(1732-1737)	O
;	O
Utriusque	U-MISC
Thesauri	O
antiquitatum	O
nova	O
supplementa	O
(1737)	O
;	O
J.	B-PER
Gruterus	L-PER
et	O
T.	B-MISC
Reinesius,	I-MISC
Syntagma	L-MISC
inscriptionum	O
antiquarum	O
cum	O
primis	O
Romae	U-PER
veteris,	O
1682	O
;	O
T.	B-PER
Garzoni,	L-PER
La	O
piazza	O
universale	O
di	O
tutte	O
le	O
professioni.	O
À	B-MISC
ces	I-MISC
titres	I-MISC
s’ajoutent	I-MISC
les	I-MISC
recueils	I-MISC
de	I-MISC
textes	L-MISC
:	O
Cotelerius	B-MISC
(J.	L-MISC
B.	O
Cotelier),	B-LOC
Ss.	I-LOC
Patrum	L-LOC
opera,	O
Amsterdam,	O
1724	O
(retouché	O
par	O
Le	B-PER
Clerc	I-PER
!)	L-PER
;	O
J.	B-PER
M.	I-PER
Gesner,	L-PER
Scriptores	O
rei	O
rusticae	O
veteres,	O
Leipzig,	B-MISC
1735	L-MISC
;	O
Clemens	B-PER
Alexandrinus,	L-PER
Opera,	O
édition	O
de	O
J.	B-PER
Potter,	L-PER
Oxford,	O
1715.	O
Un	B-MISC
genre	I-MISC
connexe	L-MISC
est	O
celui	O
des	O
répertoires	O
biographiques	O
raisonnés	O
:	O
R.	O
Bellarminus,	O
De	O
scriptoribus	O
ecclesiasticis	O
liber	O
unus,	O
dans	O
la	O
réédition	O
de	O
1728	O
;	O
C.	B-PER
Gryphius,	L-PER
Vitae	O
selectae	O
eruditissimorum	O
hominum,	O
Bratislava,	U-MISC
1739	O
;	O
P.	B-PER
Crinitus,	I-PER
De	L-PER
honesta	O
disciplina	O
libri	O
V	O
Vies	O
des	O
poètes	O
romains	O
G.	B-PER
116.3	L-PER
;	O
T.	O
Boccalini,	B-LOC
Ragguagli	I-LOC
di	I-LOC
Parnaso	L-LOC
À	O
partir	O
d’oeuvres	O
de	O
ce	O
genre,	O
il	O
n’y	O
a	O
qu’un	O
pas	O
à	O
faire	O
pour	O
arriver	O
aux	O
«	O
journaux	O
»	O
littéraires.	O
.	O
Il	O
faut	O
enfin	O
signaler	O
l’oeuvre	O
la	O
plus	O
explicitement	O
censoriale	O
de	O
la	O
contre-réforme	O
bavaroise,	O
dans	O
son	O
édition	O
originale	O
:	O
J.	O
Gretser,	U-LOC
De	O
iure	O
et	O
more	O
prohibendi	O
et	O
abolendi	O
libros	O
haereticos	O
et	O
noxios,	O
Ingolstadt,	U-MISC
1603	O
p.	O
167	O
,	O
avec	O
une	O
marque	O
du	O
précédent	O
possesseur,	O
Joh.	O
Nic.	O
Maralt	B-PER
(1670).	L-PER
En	O
ce	O
qui	O
concerne	O
l’usage	O
de	O
ce	O
livre,	O
remarquons	O
que	O
des	O
références	O
à	O
Gretser	U-PER
se	O
rencontrent	O
dans	O
diverses	O
notes	O
manuscrites	O
présentes	O
sur	O
les	O
volumes	O
de	O
la	O
bibliothèque	B-LOC
de	I-LOC
Tartarotti	L-LOC
,	O
selon	O
le	O
même	O
mécanisme	O
que	O
dans	O
le	O
cas	O
de	O
la	O
référence	O
à	O
Crenius	U-PER
dans	O
le	O
Photius	U-PER
ou	O
dans	O
celui	O
de	O
la	O
référence	O
à	O
Le	B-PER
Clerc	L-PER
(Bibliothèque	O
choisie	O
X,	U-PER
p.	O
277)	O
dans	O
le	O
Pollux.	B-MISC
Citons	L-MISC
d’autres	O
oeuvres	O
de	O
caractère	O
bibliographique	O
et	O
introductif	O
:	O
le	O
Polyhistor	U-MISC
de	O
Morhof,	U-MISC
évidemment	O
la	O
Bibliotheca	B-LOC
Graeca	I-LOC
de	I-LOC
Fabricius	L-LOC
et	O
–	U-ORG
fait	O
rare	O
–	O
l’Historia	O
Bibliothecae	U-LOC
Fabricianae,	U-MISC
que	O
l’on	O
peut	O
considérer	O
comme	O
un	O
fleuron	O
de	O
la	O
Biblioteca	B-LOC
Civica	I-LOC
de	I-LOC
Rovereto	L-LOC
;	O
enfin,	O
le	O
Crenius	U-PER
déjà	O
mentionné.	O
Autres	O
notes	O
manuscrites	O
que	O
l’on	O
peut	O
attribuer	O
à	O
Tartarotti	U-LOC
avec	O
sûreté	O
Je	O
nommerai	O
avant	O
tout	O
le	O
vaste	O
recueil	O
d’oeuvres	O
de	O
Conrad	B-PER
Samuel	I-PER
Schurzfleisch	L-PER
,	O
helléniste	O
protestant	O
(1641-1708),	O
professeur	O
à	O
Wittemberg	U-LOC
et,	O
à	O
la	O
fin	O
de	O
sa	O
vie,	O
bibliothécaire	O
à	O
Weimar	U-LOC
.	O
L’abondance	O
des	O
oeuvres	O
de	O
Schurzfleisch	U-LOC
–	O
qui	O
était	O
à	O
l’époque	O
le	O
plus	O
grand	O
des	O
hellénistes	O
allemands	O
–	O
dans	O
la	O
bibliothèque	B-LOC
de	I-LOC
Tartarotti	L-LOC
est	O
remarquable	O
:	O
il	O
ne	O
s’agit	O
pas	O
seulement	O
des	O
oeuvres	O
techniques,	O
mais	O
aussi	O
d’ouvrages	O
d’érudition,	U-MISC
comme	O
les	O
Elogia	U-MISC
scriptorum	O
illustrium,	O
dans	O
l’édition	O
de	O
1729,	O
et	O
des	O
Epistolae	B-ORG
arcanae	L-ORG
(1711-1712).	O
Dans	O
le	O
cas	O
des	O
Elogia,	U-LOC
il	O
faut	O
observer	O
le	O
soin	O
avec	O
lequel	O
Tartarotti	U-PER
rectifie,	O
au	O
moyen	O
d’annotations	O
pertinentes,	O
le	O
désordre	O
des	O
frontispices	O
de	O
l’exemplaire	O
qu’il	O
possède,	O
qui	O
était	O
de	O
fait	O
constitué	O
de	O
plusieurs	O
fascicules.	O
Sur	B-MISC
la	I-MISC
page	I-MISC
qui	I-MISC
précède	I-MISC
le	I-MISC
frontispice	I-MISC
du	L-MISC
De	B-MISC
haeresiarchis	I-MISC
d’Ittig	I-MISC
T.	I-MISC
Ittig,	I-MISC
De	I-MISC
haeresiarchis	I-MISC
aevi	L-MISC
apostolici,	O
Leipzig,	B-MISC
1703	L-MISC
coll.	O
C.74.10	U-LOC
(1)	O
,	O
une	O
note	O
manuscrite	O
renvoie	O
à	O
Johann	B-PER
Friedrich	I-PER
Mayer,	L-PER
De	O
fide	O
Baronii	U-MISC
et	O
Bellarmini	U-MISC
(Amsterdam,	O
1697),	O
p.	O
146	O
;	O
Johann	B-PER
Friedrich	I-PER
Mayer	L-PER
(1650-1712)	O
est	O
l’un	O
des	O
principaux	O
représentants	O
de	O
la	O
«	O
Confession	B-MISC
d’	L-MISC
Augsbourg	O
».	B-PER
Quant	L-PER
au	O
texte	O
cité	O
par	O
Tartarotti	U-PER
dans	O
sa	O
note	O
sur	O
le	O
frontispice	O
d’Ittig,	O
il	O
est	O
explicitement	O
consacré	O
à	O
la	O
critique	O
de	O
Baronio	U-MISC
:	O
De	O
fide	O
Baronii	U-MISC
et	O
Bellarmini	U-MISC
ipsis	O
pontificiis	O
ambigua	O
.	O
Il	O
est	O
fréquent	O
que	O
Mayer	U-ORG
critique	O
Baronio	U-MISC
:	O
en	O
qualité	O
de	O
praeses,	O
il	O
dirige	O
notamment	O
la	O
Dissertatio	B-MISC
anti-Baroniana	I-MISC
(Num	L-MISC
Christus	O
Petrum	O
baptizaverit	O
?),	O
Leipzig,	U-PER
1705.	O
L’attention	O
récurrente	O
portée	O
à	O
Baronio,	U-LOC
souvent	O
mis	O
en	O
cause	O
également	O
dans	O
l’Arte	O
critica,	O
est	O
attestée,	O
entre	O
autres	O
passages,	O
dans	O
le	O
chapitre	O
4	O
du	O
livre	B-MISC
III	L-MISC
de	O
cette	O
oeuvre	O
(p.	O
46)	O
:	O
«	O
Le	O
grand	O
Baronio	U-MISC
offre	O
un	O
exemple	O
suffisant.	O
Combien	U-PER
de	O
bourdes	O
n’a-t-il	O
pas	O
commises	O
dans	O
son	O
vaste	O
ouvrage	O
?	O
»	O
Parmi	O
les	O
livres	O
de	O
Tartarotti	U-PER
qui	O
portent	O
la	O
marque	O
de	O
possession	O
de	O
son	O
père,	O
nous	O
trouvons	O
aussi	O
Caspar	B-PER
Ziegler,	L-PER
In	O
libros	O
Hugonis	B-PER
Grotii	L-PER
de	O
iure	O
belli	O
ac	O
pacis	O
cum	O
notis	O
et	O
animadversionibus,	O
editio	O
secunda	O
auctior,	O
Wittemberg,	U-LOC
1676	O
coll.	O
G.65.14	U-LOC
.	O
La	O
présence	O
de	O
l’ouvrage	O
est	O
intéressante,	O
car	O
Ziegler	U-PER
est	O
l’un	O
des	O
canonistes	O
protestants	O
dotés	O
de	O
la	O
plus	O
haute	O
autorité	O
:	O
son	O
commentaire	O
de	O
Grotius	U-PER
est	O
un	O
monument	O
de	O
la	O
doctrine	O
juridique	O
(et	O
du	O
droit	O
naturel,	O
plus	O
précisément)	O
développée	O
par	O
les	O
milieux	O
protestants.	O
Ziegler	U-LOC
est	O
l’auteur,	O
notamment,	O
de	O
la	O
Dissertatio	U-LOC
de	O
torturis,	O
dans	O
laquelle	O
il	O
soutient	O
que	O
l’usage	O
de	O
la	O
torture	O
est	O
légitime	O
dans	O
certaines	O
conditions	O
!	O
La	O
présence	O
des	O
protestants	O
dans	O
cette	O
bibliothèque	O
est	O
très	O
significative.	O
Je	B-MISC
me	I-MISC
contente	I-MISC
de	I-MISC
signaler	L-MISC
deux	O
titres	O
qui	O
me	O
semblent	O
tout	O
à	O
fait	O
révélateurs.	O
Tout	O
d’abord,	O
le	O
Museum	U-LOC
philologicum	O
et	O
historicum	O
de	O
Casaubon	U-LOC
rassemblé	O
par	O
Crenius	U-PER
(encore	O
lui	O
!)	O
en	O
1699,	O
ouvrage	O
déjà	O
mentionné	O
coll.	O
D.51.16	U-PER
.	O
Sa	O
présence	O
en	O
dit	O
long	O
:	O
Casaubon	U-LOC
est	O
le	O
principal	O
démolisseur	O
des	O
Annali	U-LOC
de	O
Baronio,	U-LOC
et	O
on	O
se	O
souvient	O
que	O
Tartarotti	U-ORG
signale	O
la	O
dissertation	O
de	O
Mayer	U-ORG
contre	O
Baroni	U-PER
dans	O
sa	O
note	O
sur	O
le	O
livre	O
d’Ittig.	O
Pour	O
finir,	O
le	O
Hierozoicon	U-MISC
de	O
Samuel	B-PER
Bochart	L-PER
coll.	O
A.34.2/3	O
,	O
pasteur	O
protestant	O
de	O
Rouen	U-LOC
qui,	O
à	O
la	O
fin	O
du	O
17e	O
siècle,	O
avait	O
renouvelé	O
l’étude	O
de	O
l’hébreu	O
et	O
l’exégèse	O
vétéro-testamentaire	O
(Sugli	O
animali	O
nelle	O
Sacre	U-LOC
Scritture).	O
Un	O
premier	O
bilan	O
À	O
cette	O
étape	O
et	O
à	O
titre	O
provisoire,	O
on	O
peut	O
indiquer	O
deux	O
grandes	O
tendances	O
culturelles	O
qui	O
se	O
font	O
jour	O
lorsque	O
l’on	O
parcourt	O
rapidement	O
la	O
bibliothèque	B-LOC
de	I-LOC
Tartarotti	L-LOC
à	O
travers	O
les	O
notes	O
et	O
les	O
autres	O
traces	O
manuscrites	O
que	O
l’on	O
y	O
rencontre	O
:	O
une	O
ouverture	O
à	O
la	O
doctrine	O
protestante,	O
voire	O
un	O
goût	O
pour	O
la	O
fréquentation	O
de	O
figures	O
«	O
hérétiques	O
»,	U-LOC
qui	O
se	O
manifeste	O
sous	O
les	O
formes	O
et	O
dans	O
les	O
domaines	O
les	O
plus	O
variés.	O
À	O
ce	O
sujet,	O
il	O
vaut	O
la	O
peine	O
de	O
mentionner	O
la	O
note	O
manuscrite	O
que	O
Tartarotti	U-LOC
porte	O
sur	O
son	O
exemplaire	O
des	O
Osservazioni	U-PER
sopra	O
la	O
Merope	B-LOC
del	I-LOC
Maffei	I-LOC
de	I-LOC
Lazzarini	L-LOC
(Rome,	O
1743)	O
coll.	O
I.202.39	U-LOC
,	O
où	O
il	O
signale	O
qu’à	O
la	O
page	O
29	O
se	O
trouve	O
un	O
jugement	O
«	O
sur	O
la	O
traduction	O
de	O
Lucrèce	U-PER
par	O
Alessandro	B-PER
Marchetti	L-PER
»	O
;	O
aucune	O
séparation	O
entre	O
culture	O
classique	O
et	O
culture	O
patristique,	O
dans	O
la	O
plus	O
pure	O
tradition	O
du	O
17e	O
siècle	O
finissant	O
(de	O
tendance	O
protestante,	O
sceptique	O
ou	O
philo-janséniste).	O
Pour	O
clore	O
cet	O
exposé	O
rhapsodique,	O
et	O
sûrement	O
incomplet,	O
je	O
voudrais	O
m’attarder	O
un	O
peu	O
sur	O
une	O
oeuvre	O
dont	O
l’édition	O
sera	O
l’une	O
des	O
réalisations	O
les	O
plus	O
méritoires	O
de	O
la	O
Biblioteca	B-LOC
Civica	I-LOC
de	I-LOC
Rovereto	L-LOC
,	O
à	O
savoir	O
l’Arte	O
critica,	O
libri	O
III	O
de	O
Tartarotti.	B-PER
Je	L-PER
ne	O
prétends	O
nullement	O
m’engager	O
dans	O
une	O
analyse	O
de	O
cette	O
rapide	O
esquisse,	O
où	O
les	O
thèmes	O
sont	O
souvent	O
seulement	O
indiqués,	O
mais	O
le	O
choix	O
même	O
des	O
sujets	O
et	O
la	O
répartition	O
des	O
thèmes	O
en	O
chapitres	O
méritent	O
déjà	O
l’attention.	O
Et	O
tout	O
d’abord	O
le	O
découpage	O
en	O
trois	O
livres	O
:	O
le	O
premier	O
concerne	O
la	O
critique	O
textuelle	O
proprement	O
dite	O
;	O
le	O
second	O
l’évaluation	O
du	O
style	O
dans	O
la	O
perspective	O
de	O
la	O
critique	O
textuelle	O
(ce	O
qui	O
correspond	O
à	O
ce	O
que	O
les	O
philologues	O
appellent	O
habituellement	O
l’	O
«	O
usus	O
scribendi	O
»	O
On	O
apprécie	O
ici	O
le	O
rôle	O
du	O
motif	O
de	O
l’évolution	O
du	O
style	O
comme	O
variante	O
nécessaire	O
du	O
critère	O
de	O
l’	O
«	O
usus	O
»	O
(sur	O
ce	O
point,	O
voir	O
déjà	O
ce	O
que	O
dit	O
Photius	B-PER
de	I-PER
Démosthène	L-PER
dans	O
le	O
chapitre	O
265	O
de	O
la	O
Bibliothèque).	U-LOC
)	O
;	O
le	O
troisième,	O
qui	O
est	O
le	O
plus	O
neuf	O
et	O
que	O
l’on	O
ne	O
s’attendrait	O
pas	O
à	O
rencontrer	O
dans	O
une	O
ars	O
critica,	O
aborde	O
la	O
«	O
critique	O
»	O
des	O
faits	O
historiques,	O
c’est-à-dire	O
la	O
reconstruction	O
des	O
événements	O
à	O
partir	O
de	O
sources	O
nombreuses	O
et	O
variées.	O
Il	O
y	O
a	O
là	O
l’idée,	O
très	O
intéressante	O
et	O
en	O
avance	O
sur	O
son	O
temps,	O
d’une	O
unicité	O
de	O
méthode	O
entre	O
la	O
critique	O
des	O
textes	O
et	O
la	O
critique	O
historique.	O
Comme	O
on	O
le	O
sait,	O
le	O
grand	O
«	O
saut	O
»	O
accompli	O
par	O
la	O
critique	O
textuelle	O
à	O
la	O
fin	O
du	O
18e	O
et	O
au	O
début	O
du	O
19e	O
siècle	O
est	O
le	O
passage	O
d’une	O
appréciation	O
de	O
type	O
axiologique	O
à	O
une	O
appréciation	O
généalogique	O
des	O
témoins.	O
À	O
tort	O
ou	O
à	O
raison,	O
le	O
nom	O
de	O
Karl	B-PER
Lachmann	L-PER
est	O
celui	O
que	O
l’on	O
lie	O
à	O
cette	O
avancée	O
de	O
l’	O
ars	O
critica	O
.	O
Dans	O
l’Arte	O
de	O
Tartarotti,	U-MISC
cette	O
exigence	O
n’est	O
pas	O
explicite,	O
mais	O
je	O
dirais	O
qu’elle	O
y	O
est	O
latente.	O
À	O
lire	O
les	O
titres	O
et	O
les	O
brouillons,	O
on	O
sent	O
très	O
bien	O
à	O
quel	O
point	O
il	O
était	O
conscient	O
que	O
la	O
qualité	O
des	O
témoins	O
est	O
importante	O
;	O
jusque-là,	O
rien	O
que	O
de	O
tout	O
à	O
fait	O
traditionnel.	O
Cependant,	U-LOC
un	O
texte	O
à	O
peine	O
développé	O
comme	O
le	O
troisième	O
chapitre	O
de	O
la	O
première	O
partie	O
(Regole	O
per	O
conoscere	O
l’età	O
de’	U-LOC
codici	O
manoscritti)	O
constitue	O
un	O
indice	O
en	O
faveur	O
de	O
l’appréciation	O
généalogique	O
:	O
la	O
classification	O
selon	O
une	O
trame	O
chronologique	O
des	O
témoins	O
conservés	O
est	O
en	O
effet	O
la	O
principale	O
prémisse	O
pour	O
établir	O
leur	O
éventuelle	O
dépendance	O
réciproque.	O
Encore	U-LOC
faut-il	O
ajouter	O
ici	O
que	O
l’intuition	O
d’une	O
ressemblance	O
entre	O
la	O
critique	O
des	O
textes	O
et	O
la	O
critique	O
des	O
sources	O
historiques	O
(dans	O
la	O
reconstruction	O
des	O
faits)	U-MISC
poussait	O
à	O
aller	O
plus	O
loin	O
en	O
direction	O
de	O
la	O
découverte	O
de	O
la	O
priorité	O
du	O
critère	O
généalogique.	O
De	O
fait,	O
dans	O
la	O
critique	O
des	O
sources	O
historiques,	O
le	O
principal	O
objectif	O
–	O
dans	O
le	O
but	O
de	O
déterminer	O
la	O
vérité	O
(historique)	O
Et	O
le	O
«	O
règne	O
du	O
vrai	O
»	O
est	O
le	O
premier	O
concept	O
que	O
rencontre	O
le	O
lecteur	O
de	O
l’Arte	O
critica	O
!	O
–	O
est	O
d’établir	O
si	O
une	O
source	O
disparue	O
dépend	O
d’une	O
autre	O
et	O
doit	O
donc	O
être	O
considérée	O
comme	O
superflue	O
(c’est-à-dire	O
«	O
descripta	O
»	O
!),	O
ou	O
bien	O
si	O
elle	O
possède	O
au	O
contraire	O
une	O
valeur	O
autonome.	O
Dans	O
la	O
critique	O
historique,	O
rien	O
n’est	O
plus	O
immédiatement	O
évident	O
que	O
la	O
priorité	O
des	O
jugements	O
qui	O
concernent	O
la	O
dépendance	O
ou	O
l’indépendance	O
des	O
témoins,	O
puisque	O
c’est	U-MISC
là	O
le	O
concept	O
fondamental	O
de	O
la	O
généalogie.	O
Aussi	O
est-ce	O
de	O
cette	O
critique	O
que	O
provient	O
la	O
puissante	O
impulsion	O
qui	O
fera	O
passer	O
de	O
la	O
critique	O
impressionniste	O
(les	O
«	O
meilleurs	O
»	O
exemplaires)	O
à	O
la	O
critique	O
scientifique	O
(les	O
exemplaires	O
indépendants).	O
Nous	U-MISC
ne	O
savons	O
pas	O
à	O
quelles	O
conclusions	O
serait	O
arrivé	O
Tartarotti	U-PER
,	O
s’il	O
était	O
venu	O
à	O
bout	O
de	O
sa	O
tâche.	O
Peut-être	U-PER
aurait-il	O
affronté	O
la	O
question	O
dans	O
le	O
chapitre	O
3	O
de	O
la	O
troisième	O
partie	O
(Se	O
gli	O
autori	O
moderni	O
circa	O
i	O
fatti	O
antichi	O
meritino	O
alcuna	O
fede	O
Si	U-MISC
les	O
auteurs	O
modernes	O
méritent	O
la	O
moindre	O
confiance	O
au	O
sujet	O
des	O
faits	O
antiques	O
),	O
mais	O
le	O
chapitre	O
est	O
resté	O
à	O
l’état	O
d’esquisse.	O
De	O
toutes	O
les	O
manières,	O
le	O
thème	O
est	O
effleuré	O
lorsque,	O
dans	O
le	O
paragraphe	O
De’	U-PER
moderni	O
Sur	O
les	O
modernes	O
,	O
Tartarotti	U-PER
fait	O
observer	O
que	O
même	O
les	O
auteurs	O
qui	O
sont	O
anciens	O
par	O
rapport	O
à	O
nous	O
doivent	O
être	O
considérés	O
comme	O
des	O
modernes	O
par	O
rapport	O
aux	O
faits	O
dont	O
ils	O
parlent.	O
Il	O
est	O
inutile	O
de	O
faire	O
des	O
conjectures	O
superflues.	O
Il	O
est	O
certain,	O
en	O
revanche,	O
qu’un	O
commentaire	O
systématique	O
des	O
présupposés	O
méthodiques	O
de	O
l’Arte	O
critica	O
pourrait	O
nous	O
offrir	O
des	O
découvertes	O
intéressantes.	O
Pour	O
conclure,	O
je	O
signale	O
qu’il	O
cite	O
avec	O
admiration	O
Richard	B-PER
Simon,	L-PER
dans	O
le	O
chapitre	O
2	O
de	O
la	O
troisième	O
partie,	O
et	O
adopte	O
pour	O
principe	O
de	O
son	O
raisonnement	O
la	O
démarche	O
de	O
l’Historia	O
critica	O
veteris	O
testamenti	O
(Irénopolis	O
Saumur	U-LOC
,	O
1700).	O
Or,	B-MISC
c’est	L-MISC
ce	O
livre	O
qui	O
valut	O
à	O
l’oratorien	O
Simon	U-PER
la	O
foudre	O
des	O
censeurs	O
et	O
bien	O
des	O
tracas,	O
puisque	O
l’auteur	O
fut	O
exclu	O
de	O
son	O
ordre	O
pour	O
cet	O
ouvrage.	O
Et	B-MISC
dans	I-MISC
cette	I-MISC
Histoire	I-MISC
critique,	L-MISC
bien	O
connue	O
de	O
Tartarotti	B-PER
On	L-PER
trouve	O
une	O
trace	O
de	O
la	O
lecture	O
de	O
l’Histoire	O
critique	O
de	O
Richard	B-PER
Simon	L-PER
sur	O
le	O
dernier	O
feuillet	O
de	O
garde,	O
avant	O
le	O
plat	O
I.199.50	U-MISC
:	O
«	O
Balena	U-LOC
integrum	O
hominem	O
vorare	O
non	O
potest	O
@	O
8.	O
Lib.	O
3	O
»	O
;	O
«	O
Augustini	U-PER
aevo	O
LXX	U-MISC
interpretes	O
pro	O
prophetis	O
reputabantur	O
Lib.	O
3	O
@	O
90	O
»	O
;	O
«	O
Jesuitarum	B-MISC
laudes	I-MISC
Lib.	I-MISC
3	I-MISC
@	I-MISC
94	L-MISC
»	O
;	O
«	O
De	B-ORG
Enochi	L-ORG
libro	O
Lib.	O
3	O
@	O
105	O
»	O
;	O
«	O
Liber	B-PER
Levi	I-PER
Ben	I-PER
Gerson	L-PER
Rivae	O
impressus	O
anno	O
1560.	O
Lib.	O
3	O
@	O
150	O
».	U-MISC
,	O
on	O
trouve	O
déjà	O
clairement	O
énoncée	O
la	O
notion	O
moderne	O
d’histoire	O
du	O
texte.	O
