Pour	U-LOC
aborder	O
la	O
question	O
de	O
la	O
représentation	O
des	O
savoirs,	O
quel	O
meilleur	O
sujet	O
choisir	O
que	O
celui	O
de	O
l’atome	O
?	O
Entité	B-LOC
invisible	L-LOC
par	O
excellence,	O
dont	O
l’existence	O
même	O
fit	O
longtemps	O
débat	O
sans	O
que	O
cela	O
ne	O
l’empêche	O
de	O
faire	O
l’objet	O
de	O
représentations	O
visuelles	O
multiples	O
et	O
variées,	O
l’atome	O
suggère	O
qu’une	O
image	O
est	O
bien	O
plus	O
qu’une	O
simple	O
illustration	O
:	O
le	O
travail	O
de	O
mise	O
en	O
image	O
participe	O
de	O
l’étude	O
scientifique	O
des	O
objets.	O
En	O
sciences	O
aussi,	O
la	O
représentation	O
n’est	O
pas	O
donnée	O
mais	O
construite,	O
et	O
son	O
aboutissement,	O
l’image,	O
façonne	O
à	O
son	O
tour	O
la	O
compréhension	O
des	O
phénomènes	O
ainsi	O
matérialisés	O
et	O
imprègne	O
nos	O
imaginaires	O
Charlotte	U-PER
Bigg,	O
Jochen	B-PER
Hennig	L-PER
(éd.)	O
:	O
Atombilder:	B-MISC
Ikonographie	L-MISC
des	O
Atoms	B-MISC
in	I-MISC
Wissenschaft	L-MISC
und	O
Öffentlichkeit	O
des	O
20.	O
Jahrhunderts,	B-LOC
Göttingen,	L-LOC
2009	O
.	O
Si	O
l’on	O
doit	O
le	O
terme	O
d’atome	O
au	O
grec	O
ancien	O
(atomos,	O
«	O
indivisible	O
»),	O
la	O
conception	O
d’un	O
constituant	O
ultime	O
de	O
la	O
matière	O
remonte	O
probablement	O
plus	O
loin	O
encore.	O
Mais	O
ce	O
sera	O
seulement	O
à	O
la	O
fin	O
du	O
16e	O
siècle,	O
plus	O
précisément	O
en	O
1591,	O
avec	O
le	O
De	B-MISC
triplici	I-MISC
minimo	I-MISC
et	I-MISC
mensura	L-MISC
de	O
Giordano	B-PER
Bruno,	L-PER
que	O
se	O
met	O
en	O
place	O
une	O
convention	O
de	O
représentation	O
qui	O
perdure	O
jusqu’à	O
nos	O
jours,	O
dépeignant	O
l’atome	O
sous	O
la	O
forme	O
d’une	O
petite	O
sphère	O
(voir	O
illustration	O
p.	O
32).	O
Cette	O
continuité	O
visuelle	O
suggère	O
l’existence	O
d’une	O
logique	O
iconographique	O
propre,	O
au-delà	O
des	O
divergences	O
très	O
importantes	O
dans	O
les	O
conceptions	O
de	O
la	O
constitution	O
de	O
la	O
matière	O
et	O
de	O
ce	O
que	O
recouvre	O
le	O
terme	O
d’atome	O
Christoph	B-PER
Lüthy,	L-PER
The	B-MISC
invention	I-MISC
of	I-MISC
atomist	L-MISC
iconography,	O
in	O
Wolfgang	B-MISC
Lefèvre,	I-MISC
Jürgen	I-MISC
Renn,	L-MISC
Urs	B-LOC
Schöpflin	L-LOC
(éd.)	O
:	O
The	O
power	O
of	O
images	O
in	O
early	O
modern	O
science,	O
Bâle,	U-MISC
2003,	O
p.	O
117-138	O
.	O
L’atome	U-LOC
fut	O
longtemps	O
une	O
construction	O
de	O
l’esprit	O
philosophique,	O
voire	O
plus	O
tard	O
entre	O
les	O
mains	O
des	O
chimistes	O
un	O
modèle	O
heuristique	O
et	O
pédagogique	O
permettant	O
de	O
penser	O
les	O
transformations	O
chimiques	O
(voir	O
illustration	O
p.	O
35)	O
Christoph	O
Meinel,	B-PER
Molecules	L-PER
and	O
croquet	O
balls,	O
in	O
Soraya	O
de	O
Chadarevian,	O
Nick	O
Hopwood	O
(éd.)	O
:	O
Models.	B-ORG
The	L-ORG
third	O
dimension	O
of	O
science,	O
Stanford,	U-PER
2004,	O
p.	O
242-276	O
.	O
Au	O
19e	O
siècle,	O
la	O
communauté	O
savante	O
s’enflamme	O
autour	O
de	O
la	O
question	O
de	O
la	O
réalité	O
empirique	O
de	O
l’atome.	O
Le	O
débat	O
entre	O
«	O
continuistes	O
»	O
et	O
«	O
discontinuistes	O
»	O
opposés	O
dans	O
leur	O
conception	O
de	O
la	O
nature	O
ultime	O
de	O
la	O
matière	O
(énergie	O
ou	O
particules)	O
sera	O
résolu	O
sur	O
fond	O
de	O
découvertes	O
expérimentales	O
qui	O
dans	O
un	O
premier	O
temps	O
fourniront	O
des	O
armes	O
à	O
l’un	O
ou	O
l’autre	O
camp,	O
avant	O
de	O
profondément	O
transformer	O
les	O
conceptions	O
de	O
la	O
matière	O
et	O
de	O
rendre	O
caducs	O
ces	O
débats.	O
Le	O
tournant	O
du	O
20e	O
siècle	O
révèle	O
en	O
effet	O
l’existence	O
d’un	O
monde	O
insoupçonné,	O
peuplé	O
de	O
particules	O
et	O
de	O
rayons	O
rendus	O
perceptibles	O
grâce	O
à	O
de	O
nouveaux	O
dispositifs	O
ingénieux	O
:	O
cliquetis	O
des	O
compteurs	O
Geiger	U-PER
ou	O
scintillement	O
d’écrans	O
de	O
sulfure	O
de	O
zinc	O
comptabilisent	O
le	O
passage	O
de	O
particules	O
et	O
rayons	O
ionisants,	O
les	O
chambres	O
à	O
brouillard	O
révèlent	O
la	O
trajectoire	O
de	O
particules	O
tel	O
le	O
sillage	O
d’un	O
avion	O
dans	O
le	O
ciel,	O
tandis	O
que	O
la	O
lumière	O
obscure	O
des	O
rayons	O
X	U-MISC
ou	O
radioactifs	O
laisse	O
son	O
empreinte	O
dans	O
les	O
émulsions	O
photographiques.	O
Ces	O
traces	O
éphémères	O
sont	O
souvent	O
capturées	O
sous	O
la	O
forme	O
de	O
photographies	O
qui	O
sont	O
à	O
la	O
fois	O
le	O
révélateur,	O
le	O
moyen	O
d’étude	O
et	O
la	O
preuve	O
tangible	O
de	O
ces	O
rayonnements.	O
Diffusées	U-LOC
auprès	O
des	O
collègues,	O
imprimées	O
dans	O
les	O
journaux	O
savants	O
et	O
populaires,	O
elles	O
constituent	O
pour	O
leurs	O
auteurs	O
les	O
garants	O
de	O
leur	O
priorité	O
dans	O
la	O
découverte	O
(voir	O
illustration	O
p.	O
37).	O
Ces	O
clichés,	O
dont	O
rapidement	O
l’apparence	O
s’uniformise,	O
forment	O
un	O
nouvel	O
ensemble	O
d’images	O
expérimentales	O
du	O
monde	O
subatomique	O
qui	O
prennent	O
leur	O
place	O
à	O
côté	O
de	O
l’atome	O
sphérique	O
sans	O
jamais	O
le	O
supplanter,	O
et	O
qui	O
à	O
leur	O
tour	O
contribuent	O
à	O
l’élaboration	O
de	O
nouveaux	O
modèles	O
de	O
l’atome	O
;	O
à	O
commencer	O
par	O
l’atome	O
de	O
Bohr	U-PER
«	O
planétaire	O
»,	U-LOC
autre	O
icône	O
visuelle	O
qui	O
continue	O
de	O
peupler	O
notre	O
imaginaire	O
malgré	O
sa	O
remise	O
en	O
cause	O
par	O
les	O
physiciens	O
dès	O
les	O
années	O
1920	O
Arne	B-PER
Schirrmacher,	I-PER
Looking	L-PER
into	O
(the)	O
matter	O
:	O
scientific	O
artifacts	O
and	O
atomistic	O
iconography,	O
in	O
Peter	B-PER
Morris,	I-PER
Klaus	I-PER
Staubermann	L-PER
(éd.)	O
:	O
Illuminating	B-MISC
instruments,	I-MISC
Washington,	L-MISC
2010,	O
p.	O
131-155	O
.	O
On	O
entrevoit	O
déjà	O
les	O
différentes	O
fonctions	O
que	O
peuvent	O
remplir	O
les	O
représentations	O
visuelles	O
dans	O
ce	O
contexte,	O
à	O
la	O
fois	O
outils	O
de	O
recherche,	O
techniques	O
de	O
visualisation,	O
traces	O
instrumentales,	O
preuves	O
enfin	O
de	O
l’existence	O
empirique	O
de	O
nouvelles	O
entités	O
invisibles,	O
mais	O
aussi	O
moyen	O
de	O
communication	O
et	O
de	O
vulgarisation	O
des	O
résultats	O
scientifiques.	O
On	O
aurait	O
tort	O
d’ailleurs	O
de	O
trop	O
vouloir	O
distinguer	O
ce	O
qui	O
relève	O
de	O
la	O
recherche	O
«	O
en	O
propre	O
»	O
et	O
de	O
sa	O
communication.	O
La	O
science	O
est	O
une	O
entreprise	O
collective,	O
qui	O
passe	O
le	O
plus	O
souvent	O
par	O
une	O
circulation	O
intense	O
des	O
personnes,	O
des	O
instruments,	O
des	O
informations	O
au	O
sein	O
des	O
milieux	O
scientifiques	O
et	O
au-delà.	O
La	O
communication	O
par	O
des	O
moyens	O
verbaux,	O
écrits	O
ou	O
visuels	O
est	O
à	O
ce	O
titre	O
le	O
coeur	O
du	O
travail	O
scientifique	O
et	O
non	O
pas	O
simplement	O
son	O
prolongement.	O
Les	O
travaux	O
du	O
physico-chimiste	O
parisien	O
Jean	B-PER
Perrin	L-PER
en	O
fournissent	O
un	O
exemple	O
particulièrement	O
frappant.	O
Ayant	O
débuté	O
sa	O
carrière	O
par	O
des	O
travaux	O
expérimentaux	O
montrant	O
que	O
les	O
rayons	O
cathodiques	O
sont	O
constitués	O
de	O
particules	O
porteuses	O
de	O
charges	O
négatives	O
(que	O
l’on	O
baptisera	O
ultérieurement	O
électrons),	O
il	O
se	O
distingue	O
surtout	O
dans	O
les	O
années	O
1900	O
par	O
une	O
série	O
d’expériences	O
sur	O
le	O
mouvement	O
brownien	O
destinées	O
à	O
apporter	O
la	O
preuve	O
décisive	O
de	O
l’existence	O
empirique	O
de	O
l’atome.	O
L’importance	U-LOC
que	O
revêt	O
l’image	O
pour	O
Perrin	U-PER
est	O
manifeste	O
dès	O
les	O
premières	O
pages	O
d’un	O
long	O
article	O
publié	O
dans	O
les	O
Annales	B-LOC
de	I-LOC
chimie	L-LOC
et	O
de	O
physique	O
en	O
1909,	O
la	O
synthèse	O
la	O
plus	O
complète	O
de	O
ses	O
recherches	O
sur	O
ce	O
sujet.	O
Après	O
une	O
présentation	O
succincte	O
du	O
mouvement	O
brownien,	O
cette	O
agitation	O
incessante	O
et	O
désordonnée	O
que	O
l’on	O
observe	O
au	O
microscope	O
lorsque	O
l’on	O
saupoudre	O
des	O
particules	O
très	O
fines	O
sur	O
un	O
liquide	O
au	O
repos,	O
Perrin	U-PER
indique	O
que	O
l’«	O
on	O
peut	O
rendre	O
ce	O
phénomène	O
visible	O
à	O
tout	O
un	O
auditoire	O
mais	O
que	O
cette	O
projection	O
est	O
difficile	O
».	U-ORG
Il	O
consacre	O
ensuite	O
plusieurs	O
pages	O
à	O
en	O
détailler	O
la	O
technique	O
en	O
indiquant	O
toutes	O
les	O
précautions	O
à	O
prendre	O
:	O
passage	O
des	O
rayons	O
lumineux	O
à	O
travers	O
une	O
cuve	O
d’eau	O
pour	O
filtrer	O
les	O
rayons	O
calorifiques	O
susceptibles	O
de	O
réchauffer	O
la	O
solution,	O
usage	O
d’un	O
objectif	O
à	O
immersion,	O
d’un	O
oculaire	O
à	O
fort	O
grossissement	O
et	O
d’un	O
prisme	O
à	O
réflexion	O
totale,	O
qui	O
projettent	O
une	O
image	O
de	O
l’agitation	O
des	O
granules	O
sur	O
un	O
écran	O
de	O
verre	O
dépoli	O
et	O
quadrillé	O
;	O
enfin	O
préparation	O
d’une	O
émulsion	O
appropriée,	O
avec	O
des	O
granules	O
de	O
taille	O
suffisante	O
pour	O
être	O
perceptibles	O
par	O
des	O
spectateurs	O
situés	O
à	O
plus	O
de	O
trois	O
mètres	O
de	O
distance	O
Jean	B-PER
Perrin,	I-PER
Mouvement	L-PER
brownien	O
et	O
réalité	O
moléculaire,	O
in	O
Annales	B-LOC
de	I-LOC
chimie	L-LOC
et	O
de	O
physique,	O
sér.	O
8,	O
vol.	O
8,	O
1909,	O
p.	O
1-114,	O
citation	O
p.	O
6-7	O
(voir	O
illustration	O
p.	O
37).	O
L’expertise	O
en	O
la	O
matière	O
de	O
Perrin,	U-PER
comme	O
il	O
apparaît	O
plus	O
loin	O
dans	O
le	O
texte,	O
provient	O
de	O
son	O
usage,	O
dans	O
ses	O
expériences	O
mêmes,	O
de	O
ce	O
dispositif	O
de	O
projection,	O
notamment	O
pour	O
mesurer	O
le	O
déplacement	O
de	O
particules	O
individuelles	O
(voir	O
illustration	O
p.	O
39).	O
On	O
voit	O
l’utilité	O
d’un	O
tel	O
appareillage	O
pour	O
le	O
dénombrement	O
de	O
particules	O
ou	O
l’étude	O
du	O
mouvement	O
de	O
particules	O
individuelles	O
;	O
mais	O
son	O
utilisation	O
délibérée	O
lors	O
de	O
conférences	O
scientifiques	O
ou	O
destinées	O
au	O
grand	O
public	O
est	O
peut-être	O
plus	O
surprenante.	O
Ce	O
dispositif	O
joue	O
en	O
effet	O
un	O
rôle	O
non	O
négligeable	O
dans	O
la	O
démonstration	O
du	O
physico-chimiste,	O
dont	O
l’argumentaire	O
repose	O
sur	O
une	O
analogie	O
entre	O
le	O
mouvement	O
brownien	O
de	O
particules	O
visibles	O
et	O
l’agitation	O
moléculaire	O
par	O
définition	O
imperceptible.	O
Comme	B-MISC
le	I-MISC
ballottement	I-MISC
d’une	L-MISC
bouée	O
par	O
les	O
vagues	O
reste	O
perceptible	O
à	O
une	O
grande	O
distance,	O
même	O
lorsque	O
les	O
vagues	O
sont	O
devenues	O
invisibles,	O
le	O
mouvement	O
brownien	O
des	O
particules	O
en	O
suspension	O
est	O
une	O
conséquence	O
directe	O
et	O
témoigne,	O
à	O
notre	O
échelle,	O
de	O
l’agitation	O
moléculaire.	O
Par	O
le	O
truchement	O
du	O
mouvement	O
brownien,	O
l’agitation	O
moléculaire	O
est	O
suggérée	O
à	O
la	O
vue.	O
«	O
Ainsi	O
»,	U-PER
écrit	O
Perrin,	U-PER
«	O
les	O
granules	O
en	O
suspension	O
fonctionnent	O
comme	O
des	O
molécules	O
visibles	O
d’un	O
gaz	O
parfait	O
»	O
Jean	B-PER
Perrin,	I-PER
Agitation	L-PER
moléculaire	O
et	O
mouvement	O
brownien,	O
in	O
Comptes	U-LOC
rendus	O
de	O
l’Académie	O
des	O
sciences,	O
146,	O
1908,	O
p.	O
967-970,	O
citation	O
p.	O
970	O
.	O
Le	O
rôle	O
de	O
la	O
perception	O
sensible	O
dans	O
le	O
travail	O
scientifique	O
avait	O
été	O
théorisé	O
quelques	O
années	O
auparavant	O
par	O
le	O
savant	O
dans	O
son	O
ouvrage	O
programmatique	O
Traité	B-MISC
de	I-MISC
chimie	L-MISC
physique.	O
Les	O
principes	O
de	O
1903.	O
Il	O
y	O
explique	O
vouloir	O
surmonter	O
l’opposition	O
entre	O
atomistes	O
et	O
anti-atomistes,	O
et	O
réconcilier	O
les	O
méthodes	O
inductive	O
(caractérisée	O
par	O
le	O
«	O
dédain	O
de	O
tout	O
ce	O
qui	O
ne	O
peut	O
se	O
réduire	O
à	O
de	O
la	O
sensation	O
effectivement	O
réalisable	O
»)	O
et	O
déductive	O
(«	O
qui	O
consiste	O
à	O
imaginer	O
a	O
priori	O
pour	O
la	O
matière	O
une	O
structure	O
dont	O
la	O
perception	O
directe	O
échappe	O
encore	O
à	O
nos	O
sens	O
imparfaits	O
»)	O
en	O
démontrant	O
que	O
l’atome	O
est	O
plus	O
qu’une	O
simple	O
hypothèse	O
:	O
«	O
Mais	O
il	O
me	O
paraît	O
qu’on	O
a	O
encore	O
le	O
droit	O
d’attribuer	O
aux	O
molécules,	O
atomes	O
ou	O
corpuscules	O
une	O
réalité	O
plus	O
grande	O
(que	O
celle	O
du	O
modèle).	O
Et	O
je	O
ne	O
retombe	O
pas	O
dans	O
la	O
métaphysique.	O
Je	O
ne	O
cesse	O
pas	O
d’oublier	O
que	O
la	O
sensation	O
est	O
la	O
seule	O
réalité.	O
C’est	O
la	O
seule	O
réalité,	O
à	O
condition	O
d’adjoindre	O
aux	O
sensations	O
actuelles	O
toutes	O
les	O
sensations	O
possibles	O
».	B-PER
Perrin	L-PER
s’attachera	O
dès	O
lors	O
à	O
rechercher	O
«	O
une	O
conception	O
attribuant	O
à	O
la	O
matière	O
une	O
structure	O
telle	O
que	O
ses	O
propriétés	O
sensibles	O
en	O
puissent	O
être	O
aisément	O
déduites	O
»	O
Jean	B-PER
Perrin,	I-PER
Traité	L-PER
de	O
chimie	O
physique.	O
Les	O
principes,	O
Paris,	U-ORG
1903,	O
p.	O
VII-IX	U-MISC
.	O
On	O
comprend	O
alors	O
l’intérêt	O
de	O
la	O
projection,	O
qui	O
permettait	O
à	O
Perrin	U-PER
lors	O
de	O
sa	O
conférence	O
de	O
transformer	O
la	O
signification	O
du	O
phénomène	O
sous	O
les	O
yeux	O
mêmes	O
de	O
son	O
public.	O
Au	B-MISC
cours	I-MISC
de	I-MISC
sa	I-MISC
démonstration,	L-MISC
le	O
mouvement	O
brownien	O
des	O
granules	O
sur	O
l’écran	O
devenait	O
le	O
reflet,	O
la	O
matérialisation	O
perceptible	O
de	O
l’agitation	O
incessante	O
et	O
désordonnée	O
des	O
molécules	O
dans	O
le	O
liquide	O
:	O
«	O
Bref,	U-LOC
le	O
seul	O
examen	O
du	O
mouvement	O
brownien	O
pouvait	O
suffire	O
à	O
suggérer	O
que	O
tout	O
fluide	O
est	O
formé	O
de	O
molécules	O
élastiques,	O
animées	O
d'un	O
mouvement	O
éternel	O
»	O
Jean	B-PER
Perrin,	I-PER
Mouvement	L-PER
brownien	O
et	O
réalité	O
moléculaire,	O
in	O
Annales	B-LOC
de	I-LOC
chimie	L-LOC
et	O
de	O
physique,	O
sér.	O
8,	O
vol.	O
8,	O
1909,	O
p.	O
1-114,	O
citation	O
p.	O
15	O
.	O
Associé	O
à	O
un	O
travail	O
important	O
de	O
mesure	O
et	O
de	O
calcul	O
pour	O
obtenir	O
une	O
détermination	O
numérique	O
du	O
nombre	O
d’Avogadro	O
et	O
des	O
dimensions	O
moléculaires,	O
cet	O
argumentaire	O
emporta	O
l’adhésion	O
d’une	O
grande	O
partie	O
des	O
scientifiques.	O
La	O
composante	O
visuelle	O
fut	O
particulièrement	O
remarquée	O
par	O
certains	O
observateurs	O
contemporains	O
:	O
en	O
témoigne	O
la	O
rumeur,	O
inexacte	O
mais	O
révélatrice,	O
qui	O
circula	O
à	O
l’époque	O
que	O
Perrin	U-PER
avait	O
développé	O
«	O
une	O
méthode	O
d’isoler	O
et	O
de	O
voir	O
les	O
atomes	O
»	O
Lettre	B-MISC
du	I-MISC
mathématicien	L-MISC
suédois	O
Gösta	B-PER
Mittag-Leffler	L-PER
à	O
Henri	B-PER
Poincaré	L-PER
datée	O
du	O
13	O
mars	O
1909.	O
Philippe	B-PER
Narbonnaud	L-PER
(éd.)	O
:	O
La	O
correspondance	O
entre	O
Henri	B-PER
Poincaré	L-PER
et	O
Gösta	B-PER
Mittag-Leffler,	L-PER
Bâle,	O
1999,	O
p.	O
243.	O
Il	O
faut	O
mentionner	O
aussi	O
d’autres	O
réactions	O
qui	O
se	O
focalisent	O
davantage	O
sur	O
les	O
déterminations	O
numériques,	O
telles	O
que	O
celle	O
du	O
mathématicien	O
Emile	B-PER
Picard	L-PER
:	O
«	O
Si	U-MISC
les	O
choses	O
existent	O
quand	O
on	O
peut	O
leur	O
faire	O
correspondre	O
des	O
nombres,	O
il	O
n’y	O
a	O
plus	O
à	O
douter	O
de	O
l’existence	O
des	O
molécules	O
».	B-PER
Lettre	L-PER
à	O
Jean	B-PER
Perrin	L-PER
datée	O
du	O
30	O
novembre	O
1909,	O
Archives	U-MISC
de	O
l’Académie	O
des	O
sciences.	O
.	O
C’est	O
l’une	O
des	O
stratégies	O
adoptées	O
par	O
Perrin	U-PER
pour	O
faire	O
glisser	O
le	O
débat	O
sur	O
l’existence	O
des	O
atomes	O
du	O
terrain	O
philosophique	O
et	O
théorique	O
vers	O
un	O
terrain	O
plus	O
expérimental.	O
On	O
notera	O
que	O
Perrin	U-PER
entend	O
par	O
là	O
reconfigurer	O
la	O
conception	O
de	O
l’atome	O
tout	O
en	O
ayant	O
à	O
cœur	O
de	O
se	O
situer	O
rhétoriquement	O
et	O
visuellement	O
dans	O
le	O
prolongement	O
de	O
la	O
tradition	O
atomiste	O
remontant	O
à	O
l’Antiquité,	O
y	O
compris	O
par	O
la	O
référence	O
visuelle	O
à	O
l’iconographie	O
de	O
l’atome	O
sphérique	O
(voir	O
illustration	O
p.	B-MISC
37).	I-MISC
A	L-MISC
partir	O
de	O
1911,	O
Perrin	U-PER
remplacera	O
la	O
projection,	O
toujours	O
délicate	O
à	O
réaliser,	O
par	O
la	O
projection	O
de	O
films	O
du	O
mouvement	O
brownien	O
dans	O
ses	O
conférences,	O
pour	O
lesquels	O
il	O
fera	O
régulièrement	O
appel	O
à	O
Jean	B-PER
Comandon	L-PER
,	O
pionnier	O
du	O
cinéma	O
scientifique	O
et	O
de	O
la	O
cinématographie	O
microscopique.	O
De	B-MISC
fait,	I-MISC
la	I-MISC
cinématographie	I-MISC
du	I-MISC
mouvement	I-MISC
brownien	I-MISC
constitue	I-MISC
l’une	I-MISC
des	I-MISC
premières	I-MISC
tentatives	I-MISC
de	I-MISC
cinéma	I-MISC
scientifique,	I-MISC
expérimentée	L-MISC
dès	O
1908	O
par	O
Victor	B-PER
Henri	L-PER
au	O
Collège	B-LOC
de	I-LOC
France	L-LOC
dans	O
l’ancien	O
laboratoire	O
d’	O
Etienne-Jules	B-PER
Marey	L-PER
,	O
inventeur	O
d’une	O
technique	O
anticipatrice	O
du	O
cinéma,	O
la	O
chronophotographie	O
Voir	O
Thierry	B-PER
Lefebvre,	I-PER
Contribution	L-PER
à	O
l’histoire	O
de	O
la	O
microcinématographie	O
:	O
de	O
François-Franck	B-PER
à	I-PER
Comandon,	L-PER
in	O
1895,	O
vol.	O
14,	O
1993,	O
p.	O
20-36	O
;	O
recherches	O
dont	O
non	O
seulement	O
Comandon	U-PER
,	O
mais	O
aussi	O
Jean	B-PER
Perrin	L-PER
avaient	O
connaissance	O
puisque	O
ce	O
dernier	O
adoptera	O
le	O
style	O
de	O
visualisation	O
«	O
chronophotographique	O
»	O
du	O
mouvement	O
brownien	O
de	O
particules	O
individuelles	O
développé	O
par	O
V.	B-PER
Henri	L-PER
(voir	O
illustration	O
p.	O
39).	O
Comme	O
la	O
projection	O
et	O
selon	O
des	O
modalités	O
technologiques	O
assez	O
proches,	O
le	O
cinéma	O
est	O
à	O
la	O
fois	O
un	O
instrument	O
de	O
recherche	O
et	O
un	O
moyen	O
de	O
communication,	O
d’autant	O
plus	O
qu'il	O
reste	O
encore	O
une	O
technique	O
expérimentale,	O
a	O
fortiori	O
lorsqu’il	O
est	O
microscopique,	O
ralenti,	O
etc.	O
Le	B-MISC
cinéma,	I-MISC
vanté	L-MISC
dès	O
ses	O
débuts	O
pour	O
sa	O
capacité	O
à	O
représenter	O
le	O
mouvement	O
d’une	O
manière	O
particulièrement	O
vivante,	O
est	O
une	O
option	O
technologique	O
qui	O
sert	O
particulièrement	O
bien	O
les	O
ambitions	O
de	O
Jean	B-PER
Perrin.	I-PER
Remarquons	L-PER
que	O
l’usage	O
du	O
cinéma	O
en	O
science	O
n’allait	O
pas	O
de	O
soi	O
à	O
cette	O
époque	O
:	O
lors	O
des	O
premières	O
projections	O
filmées	O
à	O
l’Académie	O
des	O
sciences,	O
de	O
nombreux	O
savants	O
exprimèrent	O
des	O
réticences	O
à	O
l’encontre	O
de	O
ce	O
nouveau	O
média	O
qui	O
fleurait	O
trop	O
la	O
fête	O
foraine	O
et	O
dont	O
la	O
fiabilité	O
restait	O
à	O
démontrer.	O
Les	O
frontières	O
entre	O
film	O
scientifique	O
et	O
de	O
divertissement	O
étaient	O
(et	O
restent	O
parfois)	O
assez	O
floues,	O
puisqu’à	O
l’issue	O
de	O
son	O
doctorat	O
en	O
1909	O
Jean	B-PER
Comandon	L-PER
sera	O
d’abord	O
recruté	O
par	O
Charles	B-PER
Pathé.	L-PER
C’est	O
dans	O
son	O
nouveau	O
laboratoire	O
de	O
microcinématographie	O
de	O
l’usine	O
Pathé	B-ORG
de	I-ORG
Vincennes	L-ORG
que	O
Comandon	U-PER
réalisera	O
des	O
films	O
à	O
destination	O
des	O
scientifiques	O
et	O
du	O
grand	O
public.	O
Le	B-MISC
film	I-MISC
sur	I-MISC
le	I-MISC
mouvement	I-MISC
brownien	L-MISC
réalisé	O
pour	O
Perrin	U-PER
est	O
lui-même	O
inclus	O
dans	O
le	O
programme	O
Pathé	U-ORG
dès	O
1911.	O
Comandon,	B-PER
Perrin	L-PER
et	O
d’autres	O
se	O
feront	O
les	O
avocats	O
infatigables	O
d’un	O
emploi	O
sérieux	O
du	O
film	O
cinématographique,	O
en	O
s’élevant	O
contre	O
des	O
usages	O
par	O
trop	O
profanes	O
de	O
leurs	O
productions	O
(par	O
exemple	O
la	O
diffusion	O
dans	O
des	O
lieux	O
d’amusement	O
de	O
films	O
spectaculaires	O
d’opérations	O
chirurgicales	O
à	O
l’origine	O
destinés	O
à	O
l’enseignement	O
médical)	U-ORG
et	O
en	O
s’impliquant	U-LOC
dans	O
la	O
réalisation	O
de	O
films	O
pédagogiques.	O
Après	B-MISC
la	I-MISC
Première	I-MISC
Guerre	I-MISC
mondiale,	I-MISC
Comandon	L-MISC
réalise	O
notamment	O
pour	O
Pathé	U-ORG
un	O
grand	O
nombre	O
de	O
films	O
scientifiques	O
de	O
propagande	O
hygiéniste	O
qui	O
sont	O
largement	O
diffusés	O
Béatrice	B-PER
de	I-PER
Pastre	L-PER
et	O
Thierry	B-PER
Lefebvre	L-PER
(éd.)	O
:	O
Filmer	O
la	O
science,	O
comprendre	O
la	O
vie.	O
Le	O
cinéma	O
de	O
Jean	B-PER
Comandon,	I-PER
Paris,	L-PER
2012	O
.	O
Au-delà	O
de	O
ses	O
usages	O
expérimentaux,	O
Perrin	U-PER
comme	O
Comandon	U-PER
conçoivent	O
le	O
cinéma	O
comme	O
un	O
outil	O
pédagogique,	O
reprenant	O
une	O
rhétorique	O
utilisée	O
auparavant	O
pour	O
promouvoir	O
la	O
projection.	O
Le	O
cinéma	O
est	O
intégré	O
à	O
une	O
conception	O
réformiste	O
de	O
l’enseignement	O
qui	O
privilégie	O
la	O
leçon	O
de	O
choses,	O
le	O
contact	O
avec	O
les	O
objets	O
et	O
la	O
perception	O
sensible,	O
à	O
l’encontre	O
de	O
l’enseignement	O
purement	O
verbal	O
et	O
supposé	O
aride	O
Voir	O
à	O
ce	O
propos	O
les	O
travaux	O
d’Oliver	O
Gaycken,	O
dont	O
:	O
Oliver	B-MISC
Gaycken,	L-MISC
The	O
cinema	O
of	O
the	O
future:	O
visions	O
of	O
the	O
medium	O
as	O
modern	O
educator,	O
1895-1910,	O
in	O
Devin	B-MISC
Orgeron,	L-MISC
Marsha	O
Orgeron,	O
Dan	B-PER
Streible	L-PER
(éd.)	O
:	O
Learning	B-MISC
with	L-MISC
the	O
lights	O
off	O
:	O
Educational	B-MISC
film	I-MISC
in	I-MISC
the	I-MISC
United	L-MISC
States,	O
Oxford,	O
2012,	O
p.	O
67-89	O
.	O
Le	O
rapport	O
pour	O
1920	O
de	O
la	O
Commission	U-ORG
extra-parlementaire	O
chargée	O
d'étudier	O
les	O
moyens	O
de	O
généraliser	O
l'application	O
du	O
cinématographe	O
dans	O
les	O
différentes	O
branches	O
de	O
l'enseignement	O
(que	O
Comandon	U-PER
rejoindra	O
peu	O
après)	U-ORG
formule	O
cette	O
attitude	O
de	O
la	O
manière	O
suivante	O
:	O
«	O
l’intérêt	O
du	O
spectacle	O
sollicite	O
l’attention	O
des	O
élèves,	O
de	O
ceux	O
mêmes	O
dont	O
l'imagination	O
est	O
paresseuse.	O
Les	O
souvenirs	O
qui	O
leur	O
restent	O
d'une	O
image	O
animée	O
sont	O
plus	O
nets	O
et	O
persistent	O
plus	O
longtemps.	O
Admirable	U-MISC
auxiliaire	O
pour	O
le	O
maître	O
dont	O
il	O
vivifie	O
l'enseignement,	O
le	O
cinématographe	O
permet	O
de	O
réduire	O
le	O
verbalisme	O
qui	O
délaie	O
et	O
affaiblit	O
l'idée	O
:	O
il	O
met	O
sous	O
les	O
yeux	O
la	O
synthèse	O
vivante	O
des	O
êtres	O
et	O
des	O
choses.	O
‘Voir	O
c'est	O
presque	O
savoir’,	O
écrit	O
justement	O
notre	O
distingué	O
collègue	O
M.	U-PER
Roux.	U-PER
Il	O
ne	O
se	O
borne	O
pas	O
à	O
donner	O
la	O
vision	O
rapide	O
du	O
mouvement	O
et	O
de	O
l'action,	U-MISC
il	O
les	O
ralentit,	O
les	O
décompose	O
et	O
par	O
là	O
même	O
devient	O
un	O
merveilleux	O
instrument	O
de	O
démonstration	O
et	O
d'analyse	O
(…)	O
Quand	O
l'observation	O
directe	O
de	O
la	O
réalité	O
n'est	O
pas	O
possible,	O
les	O
projections	O
cinématographiques	O
y	O
suppléent.	O
Elles	O
sont	O
le	O
document	O
précieux,	O
le	O
témoignage	O
réel	O
qui	O
confirme	O
la	O
leçon	O
du	O
maître	O
»	O
Rapport	O
général	O
de	O
la	O
commission	O
extra-parlementaire	O
chargée	O
d'étudier	O
les	O
moyens	O
de	O
généraliser	O
l'application	O
du	O
cinématographe	O
dans	O
les	O
différentes	O
branches	O
de	O
l'enseignement,	O
Paris,	U-ORG
1920,	O
p.	O
4	O
.	O
Exploitant	O
le	O
fort	O
impact	O
visuel	O
de	O
la	O
projection	O
et	O
du	O
cinéma,	O
Perrin	U-PER
utilise	O
ces	O
technologies	O
pour	O
emporter	O
l’adhésion	O
de	O
ses	O
publics	O
dans	O
sa	O
démonstration	O
de	O
la	O
réalité	O
moléculaire.	O
Ces	O
dispositifs	O
permettent	O
littéralement	O
au	O
physico-chimiste	O
de	O
poser	O
la	O
réalité	O
moléculaire	O
comme	O
une	O
«	O
sensation	O
possible	O
».	U-MISC
Ils	O
témoignent	O
d’une	O
grande	O
cohérence	O
entre	O
son	O
approche	O
scientifique	O
et	O
ses	O
conceptions	O
pédagogiques,	O
qui	O
reposent	O
sur	O
la	O
perception	O
sensorielle	O
comme	O
élément	O
essentiel	O
de	O
la	O
connaissance.	O
Ces	O
convictions	O
continueront	O
de	O
guider	O
les	O
activités	O
de	O
Perrin,	U-LOC
à	O
la	O
fois	O
dans	O
ses	O
recherches	O
sur	O
d’autres	O
phénomènes	O
permettant	O
de	O
visualiser	O
la	O
discontinuité	O
de	O
la	O
matière	O
(couches	O
monomoléculaires)	U-ORG
et	O
dans	O
ses	O
interventions	O
publiques.	O
Après	O
la	O
Première	B-MISC
Guerre	I-MISC
mondiale	L-MISC
et	O
plus	O
particulièrement	O
après	O
l’attribution	O
en	O
1926	O
du	O
prix	B-MISC
Nobel	I-MISC
de	I-MISC
physique	L-MISC
pour	O
ses	O
recherches	O
sur	O
le	O
mouvement	O
brownien,	O
Perrin	U-PER
sera	O
amené	O
lors	O
d’innombrables	O
conférences	O
à	O
présenter	O
et	O
représenter	O
ses	O
travaux,	O
sollicitant	O
régulièrement	O
Comandon	U-PER
pour	O
de	O
nouvelles	O
copies	O
des	O
films	O
du	O
mouvement	O
brownien,	O
allant	O
jusqu’à	U-PER
produire	O
en	O
1921	O
un	O
film	O
où	O
il	O
se	O
met	O
lui-même	O
en	O
scène,	O
répétant	O
ses	O
désormais	O
célèbres	O
expériences	O
(voir	O
illustration	O
p.	O
38).	O
A	O
travers	O
ce	O
film	O
(et	O
d’autres	O
films	O
comparables	O
réalisés	O
à	O
la	O
même	O
époque)	U-LOC
et	O
l’usage	O
revendiqué	O
de	O
la	O
technologie	O
moderne	O
du	O
cinéma,	O
est	O
proposée	O
une	O
nouvelle	O
manière	O
de	O
représenter	O
visuellement	O
non	O
seulement	O
les	O
objets	O
scientifiques	O
et	O
la	O
recherche,	O
mais	O
aussi	O
la	O
figure	O
du	O
scientifique,	O
et	O
ce	O
au	O
moment	O
où	O
Perrin	U-PER
met	O
à	O
profit	O
cette	O
présence	O
médiatique	O
pour	O
promouvoir	O
la	O
recherche	O
et	O
son	O
financement	O
public.	O
On	B-MISC
connaît	I-MISC
le	I-MISC
rôle	I-MISC
qu’a	I-MISC
joué	L-MISC
Perrin	U-PER
par	O
la	O
suite	O
dans	O
la	O
structuration	O
de	O
la	O
recherche	O
en	O
France	U-LOC
,	O
notamment	O
en	O
sa	O
qualité	O
de	O
sous-secrétaire	O
de	O
la	O
recherche	O
scientifique	O
en	O
1936-1937.	O
Dans	O
les	O
deux	O
grandes	O
institutions	O
qu’il	O
contribua	O
à	O
mettre	O
sur	O
pied,	O
le	O
CNRS	U-ORG
et	O
le	O
palais	O
de	O
la	O
Découverte,	O
on	O
retrouve	O
de	O
nombreux	O
éléments	O
de	O
l’approche	O
caractéristique	O
de	O
Perrin	U-PER
telle	O
que	O
nous	O
l’avons	O
brièvement	O
esquissée,	O
et	O
qui	O
persistent	O
encore	O
aujourd’hui.	O
Le	O
palais	O
de	O
la	O
Découverte,	U-LOC
le	O
volet	O
scientifique	O
de	O
l’Exposition	O
internationale	O
des	O
arts	O
et	O
techniques	O
dans	O
la	O
vie	O
moderne	O
tenue	O
à	O
Paris	U-LOC
en	O
1937,	O
pérennisé	O
en	O
1938	O
pour	O
devenir	O
le	O
premier	O
grand	O
musée	O
des	O
sciences	O
en	O
France	U-LOC
,	O
incarne	O
ainsi	O
la	O
conception	O
de	O
la	O
pédagogie	O
défendue	O
par	O
Perrin,	U-PER
y	O
compris	O
dans	O
ses	O
choix	O
technologiques.	O
Au	O
moment	O
de	O
son	O
inauguration,	O
il	O
affirme	O
:	O
«	O
Dans	O
ce	O
palais,	O
nous	O
avons	O
voulu	O
réaliser	O
une	O
exposition	O
vivante	O
où	O
sont	O
autant	O
que	O
possible	O
répétées	O
de	O
façon	O
spectaculaire,	O
avec	O
les	O
ressources	O
les	O
plus	O
modernes,	O
les	O
découvertes	O
fondamentales	O
qui	O
ont	O
élargi	O
notre	O
intelligence	O
(…)	O
Les	O
expériences	O
sont	O
refaites	O
sous	O
les	O
yeux	O
des	O
visiteurs	O
par	O
des	O
«	O
démonstrateurs	O
»	O
qui	O
les	O
expliquent,	O
s’aidant	O
au	O
besoin	O
de	O
phonogrammes	O
synchronisés	O
ou	O
de	O
films	O
cinématographiques	O
»	O
Jean	B-PER
Perrin,	L-PER
préface,	O
in	O
Exposition	B-MISC
internationale.	I-MISC
Palais	I-MISC
de	I-MISC
la	I-MISC
Découverte,	I-MISC
Paris,	L-MISC
1937,	O
p.	O
6	O
.	O
Perrin	U-PER
fera	O
d’ailleurs	O
consacrer	O
une	O
salle	O
de	O
la	O
section	O
de	O
physique	O
à	O
la	O
«	O
Discontinuité	U-MISC
de	O
la	O
matière	O
et	O
réalité	O
moléculaire	O
»,	U-MISC
dans	O
laquelle	O
ses	O
propres	O
expériences	O
sont	O
mises	O
en	O
scène,	O
y	O
compris	O
à	O
l’aide	O
de	O
projections	O
et	O
de	O
films	O
du	O
mouvement	O
brownien,	O
lui	O
permettant	O
de	O
s’inscrire	O
matériellement	O
dans	O
l’histoire	O
des	O
sciences	O
telle	O
qu’elle	O
est	O
communiquée	O
au	O
palais.	O
Si	O
cette	O
mise	O
en	O
scène	O
a	O
depuis	O
disparu,	O
le	O
palais	B-LOC
de	I-LOC
la	I-LOC
Découverte	L-LOC
continue	O
néanmoins	O
de	O
mettre	O
en	O
avant	O
une	O
conception	O
de	O
la	O
communication	O
scientifique	O
en	O
adéquation	O
avec	O
l’ambition	O
d’origine	O
de	O
donner	O
à	O
voir	O
«	O
la	O
science	O
en	O
train	O
de	O
se	O
faire	O
»,	U-LOC
avec	O
le	O
but	O
ultime	O
d’encourager	O
les	O
vocations	O
scientifiques.	O
Enfin,	U-MISC
lorsque	O
le	O
CNRS	U-ORG
est	O
créé	O
en	O
1939,	O
il	O
absorbe	O
plusieurs	O
institutions	O
existantes,	O
dont	O
l'Office	B-ORG
national	I-ORG
des	I-ORG
recherches	I-ORG
scientifiques	I-ORG
et	I-ORG
industrielles	I-ORG
et	I-ORG
des	I-ORG
inventions	L-ORG
et	O
son	O
service	O
de	O
photographie	O
et	O
cinématographie	O
techniques,	O
que	O
Jean	B-PER
Comandon	L-PER
dirigeait	O
depuis	O
1920.	O
Ce	O
service	O
était	O
chargé	O
à	O
la	O
fois	O
d’assister	O
les	O
scientifiques	O
dans	O
l’utilisation	O
du	O
cinématographe	O
dans	O
leurs	O
recherches,	O
et	O
de	O
produire	O
une	O
documentation	O
filmée	O
de	O
la	O
recherche	O
effectuée	O
par	O
l’organisme.	O
La	O
mission	O
de	O
documentation	O
visuelle	O
des	O
recherches	O
est	O
aujourd’hui	O
assurée	O
par	O
le	O
service	O
CNRS	B-ORG
Images	L-ORG
qui	O
est	O
aussi	O
responsable	O
de	O
la	O
conservation,	O
l’archivage	O
et	O
la	O
diffusion	O
de	O
ces	O
images	O
fixes	O
et	O
animées.	O
Faut-il	U-MISC
alors	O
s’étonner	O
que	O
parmi	O
les	O
documents	O
les	O
plus	O
anciens	O
de	O
ce	O
fonds	O
se	O
trouvent	O
les	O
films	O
réalisés	O
par	O
et	O
pour	O
Perrin	U-PER
sur	O
le	O
mouvement	O
brownien	O
?	O
Récemment	O
mis	O
en	O
ligne,	O
ils	O
continuent,	O
sous	O
de	O
nouvelles	O
modalités	O
technologiques,	O
d’assurer	O
la	O
présence	O
médiatique	O
de	O
Perrin	U-PER
et	O
de	O
sa	O
réalité	O
moléculaire.	O
