Hippocrate	O
a-t-il	O
inventé	O
la	O
médecine	O
d’observation	O
?	O
À	O
la	O
fin	O
du	O
xviii	O
e	O
siècle	O
puis	O
au	O
xix	O
e	O
siècle,	O
des	O
médecins	O
cliniciens	O
n’hésitent	O
pas	O
à	O
voir	O
dans	O
Hippocrate	U-PER
le	O
fondateur	O
d’une	O
médecine	O
d’observation,	U-MISC
père	O
d’une	O
proto-clinique,	O
commencement	O
lumineux	O
de	O
la	O
grande	O
histoire	O
du	O
progrès	O
médical	O
occidental.	O
Les	O
descriptions	O
de	O
cas	O
pathologiques	O
des	O
Épidémies	U-LOC
font	O
sur	O
eux	O
forte	O
impression	O
et	O
contribuent	O
à	O
cette	O
interprétation.	O
L’idée	O
fait	O
ensuite	O
son	O
chemin,	O
particulièrement	O
chez	O
l’éditeur	O
d’	O
Hippocrate	U-PER
et	O
médecin	O
Émile	B-PER
Littré	L-PER
,	O
et	O
après	O
lui	O
chez	O
d’autres	O
philologues.	O
Sous	O
cette	O
qualité	O
d’observation	O
qu’on	O
attribue	O
à	O
Hippocrate	U-PER
est	O
alors	O
entendue	O
tant	O
la	O
«	O
collection	O
»	O
des	O
faits	O
pathologiques	O
au	O
chevet	O
du	O
malade	O
qu’une	O
certaine	O
aptitude	O
à	O
produire	O
des	O
«	O
descriptions	O
»	O
ou	O
«	O
tableaux	O
»	O
nosologiques	O
précis.	O
Cette	O
terminologie	O
est	O
celle	O
dont	O
Michel	B-PER
Foucault	L-PER
a	O
montré	O
dans	O
La	B-MISC
Naissance	I-MISC
de	I-MISC
la	I-MISC
clinique	L-MISC
qu’elle	O
permettait	O
à	O
un	O
nouveau	O
regard	O
médical	O
de	O
se	O
définir	O
au	O
tournant	O
des	O
xviii	O
e	O
et	O
xix	O
e	O
siècles.	O
Une	O
nouvelle	O
pratique	O
médicale	O
se	O
cherche	O
des	O
origines,	O
ce	O
qui	O
pèse	O
sur	O
la	O
lecture	O
qui	O
est	O
faite	O
d’	O
Hippocrate	U-PER
.	O
En	O
d’autres	O
termes,	O
la	O
«	O
mythologie	O
»	O
de	O
la	O
clinique	O
des	O
temps	O
modernes,	O
selon	O
les	O
termes	O
de	O
Foucault,	U-PER
produit	O
une	O
mythologie	O
de	O
la	O
médecine	O
d’«	O
Hippocrate	U-PER
Le	O
choix	O
de	O
la	O
modernité	O
d’évoquer	O
un	O
Hippocrate,	U-PER
là	O
où	O
désormais	O
l’on	O
a	O
tendance	O
soit	O
à	O
reconnaître	O
une	O
pluralité	O
d’auteurs,	O
soit	O
à	O
insister	O
sur	O
les	O
différences	O
génériques	O
des	O
textes	O
de	O
médecine	O
(cf.,	O
pour	O
un	O
point	O
sur	O
ces	O
questions,	O
King	U-PER
1998,	O
p.	O
63-67	O
et	O
Langholf	U-LOC
2004),	O
participe	O
aussi	O
de	O
la	O
construction	O
d’une	O
figure	O
d’inventeur,	O
à	O
placer	O
à	O
l’origine	O
d’un	O
processus	O
de	O
civilisation.	O
».	B-PER
L’idée	L-PER
d’un	O
Hippocrate	U-PER
inventeur,	O
maître	O
et	O
organisateur	O
d’un	O
dispositif	O
scrupuleux	O
d’observation	O
de	O
la	O
maladie	O
et	O
de	O
ses	O
symptômes	O
s’impose	O
pour	O
longtemps.	O
La	O
construction	O
d’une	O
figure	O
déjà	O
scientifique	O
d’Hippocrate	O
établit	O
un	O
lien	O
entre	O
la	O
«	O
civilisation	O
»	O
moderne	O
du	O
progrès	O
scientifique	O
et	O
la	O
médecine	O
grecque	O
ancienne.	O
La	O
notion	O
d’observation	O
est	O
au	O
centre	O
de	O
cette	O
stratégie	O
d’intégration,	O
et	O
problématique	O
à	O
plusieurs	O
égards.	O
Un	B-MISC
Hippocrate	I-MISC
inventeur	I-MISC
de	I-MISC
la	I-MISC
médecine	I-MISC
d’observation	I-MISC
Hippocrate	L-MISC
,	O
à	O
partir	O
du	O
xviii	O
e	O
siècle,	O
est	O
le	O
médecin	O
grec	O
qui	O
a	O
inventé	O
la	O
médecine	O
d’observation.	O
À	O
l’aube	O
de	O
la	O
civilisation,	O
les	O
Grecs	U-MISC
montreraient	O
alors	O
la	O
voie	O
à	O
Laennec	U-PER
ou	O
encore	O
Claude	U-PER
Bernard,	O
à	O
la	O
médecine	O
clinique	O
et	O
expérimentale…	O
Le	O
thème	O
d’une	O
médecine	O
d’observation	O
d’origine	O
hippocratique	O
se	O
développe	O
en	O
France	U-LOC
,	O
au	O
xviii	O
e	O
siècle.	O
En	B-MISC
Europe,	L-MISC
comme	O
le	O
souligne	O
Mirko	B-PER
Grmek	L-PER
(1990),	O
les	O
médecins,	O
Thomas	B-PER
Sydenham	L-PER
(1624-1689)	O
et	O
Georges	B-PER
Baglivi	L-PER
(1668-1707),	O
l’Anglais	O
et	O
l’Italien,	O
avaient	O
déjà	O
vu	O
dans	O
certains	O
traités	O
d’Hippocrate	O
(Airs,	O
Eaux,	B-PER
Lieux	L-PER
et	O
Épidémies)	B-MISC
le	I-MISC
modèle	I-MISC
d’une	L-MISC
clinique	O
dégagée	O
d’une	O
emprise	O
théorique.	O
En	O
France	U-LOC
«	O
l’épidémiologie	O
météorologique	O
d’Hippocrate,	O
son	O
art	O
de	O
recueillir	O
des	O
histoires	O
cliniques	O
et	O
sa	O
sobriété	O
thérapeutique	O
exerceront	O
une	O
influence	O
décisive	O
sur	O
la	O
médecine	O
française	O
et	O
auront,	O
par	O
ce	O
biais,	O
un	O
impact	O
important	O
sur	O
le	O
développement	O
historique	O
de	O
la	O
pensée	O
médicale	O
occidentale	O
»	O
(Grmek	O
1990,	O
p.	O
299).	O
Les	O
Épidémies	U-LOC
sont	O
en	O
effet	O
le	O
traité	O
phare	O
d’un	O
grand	O
retour	O
à	O
Hippocrate	U-PER
dans	O
l’enseignement	O
des	O
facultés	O
de	O
médecine	O
(Pigeaud	O
1996,	O
p.	O
583-610).	O
Avec	O
le	O
Pronostic	U-LOC
et	O
les	O
Aphorismes,	U-LOC
il	O
est	O
le	O
plus	O
cité	O
dans	O
les	O
articles	O
de	O
l’Encyclopédie	O
selon	O
des	O
analyses	O
statistiques	O
de	O
Roseline	B-PER
Rey	L-PER
(1992,	O
p.	O
257-276).	O
Le	O
sens	O
de	O
l’observation	O
du	O
médecin	O
ancien	O
devient	O
alors	O
un	O
vrai	O
topos	O
de	O
l’enseignement	O
de	O
la	O
médecine.	O
La	O
traduction	O
française	O
des	O
Épidémies	B-ORG
I-III	L-ORG
par	O
Desmars	U-MISC
en	O
1767	O
confirme	O
ce	O
mouvement	O
interprétatif.	O
Toute	O
une	O
littérature	O
médicale	O
de	O
compte-rendus	O
épidémiologiques	O
se	O
réclame	O
à	O
cette	O
époque	O
du	O
traité	B-MISC
grec	I-MISC
des	I-MISC
Épidémies.	I-MISC
C’est	L-MISC
aussi	O
que	O
son	O
autorité	O
sert	O
en	O
ces	O
temps-là	O
à	O
contester	O
la	O
médecine	O
dogmatique	O
enseignée	O
dans	O
les	O
universités,	O
appuyée	O
principalement	O
sur	O
l’autorité	O
de	O
Galien.	B-LOC
Ensuite,	L-LOC
quand	O
la	O
clinique	O
triomphante	O
se	O
trouvera	O
d’autres	O
héros,	O
ils	O
seront	O
tous	O
comparés,	O
pour	O
leur	O
talent	O
d’observateur	O
au	O
premier	O
inventeur	O
qu’est	O
Hippocrate	U-PER
C’est	O
le	O
cas	O
par	O
exemple	O
pour	O
Arétée	B-PER
de	I-PER
Cappadoce,	L-PER
dont	O
le	O
souci	O
d’observation	O
est	O
parfois	O
égalé	O
à	O
Hippocrate.	U-PER
Il	O
est	O
traduit	O
par	O
Laennec	U-PER
au	O
début	O
du	O
xix	O
e	O
siècle.	O
Voir	O
l’introduction	O
à	O
Arétée	B-PER
de	I-PER
Cappadoce	L-PER
dans	O
l’édition	O
de	O
Grmek	U-PER
2000,	O
notamment	O
p.	O
5.	O
.	O
Il	O
est	O
l’étendard	O
prestigieux	O
d’une	O
tendance	O
nouvelle	O
de	O
la	O
médecine,	O
soucieuse	O
d’observation	O
clinique,	O
libérée	O
du	O
carcan	O
doctrinaire	O
galénique,	O
et	O
adepte	O
d’une	O
pratique	O
thérapeutique	O
prudente,	O
diététique	O
plus	O
que	O
médicamenteuse.	O
La	O
construction	O
d’un	O
Hippocrate	U-PER
père	O
de	O
la	O
médecine	O
d’observation	O
est	O
bien	O
visible	O
dans	O
l’article	O
«	O
Observateur	U-MISC
»	O
de	O
l’Encyclopédie,	O
par	O
Ménuret	B-PER
de	I-PER
Chambaud	L-PER
(1739-1815)	O
:	O
Hippocrate	U-PER
a	O
été	O
le	O
premier	O
et	O
le	O
meilleur	O
de	O
tous	O
les	O
médecins	O
observateurs	O
;	O
nous	O
n’hésitons	O
pas	O
à	O
le	O
proposer	O
pour	O
modèle	O
à	O
quiconque	O
veut	O
suivre	O
une	O
semblable	O
route,	O
c’est-à-dire,	O
s’adonner	O
à	O
la	O
partie	O
de	O
la	O
médecine	O
la	O
plus	O
sûre,	O
la	O
plus	O
utile	O
et	O
la	O
plus	O
satisfaisante.	O
Ses	O
ouvrages	O
annoncent	O
à	O
chaque	O
ligne	O
son	O
génie	O
observateur	O
;	O
peu	O
de	O
raisonnement	O
et	O
beaucoup	O
de	O
faits,	O
voilà	O
ce	O
qu’ils	O
renferment.	O
Ses	O
livres	O
d’épidémies	O
sont	O
un	O
morceau	O
très	O
précieux	O
et	O
unique	O
en	O
ce	O
genre	O
:	O
il	O
commence	O
par	O
donner	O
une	O
histoire	O
fidèle	O
des	O
saisons,	O
des	O
variations	O
qu’il	O
y	O
a	O
eu,	O
des	O
changements	O
dans	O
l’air,	O
les	O
météores,	O
etc.	O
Il	O
passe	O
au	O
détail	O
des	O
maladies	O
différentes	O
ou	O
analogues	O
qui	O
ont	O
régné	O
:	O
il	O
vient	O
enfin	O
à	O
la	O
description	O
de	O
chaque	O
maladie,	O
telle	O
que	O
chaque	O
malade	O
en	O
particulier	O
l’a	O
éprouvée	O
;	O
c’est	U-MISC
là	O
surtout	O
qu’il	O
est	O
inimitable.	O
Quand	B-MISC
on	I-MISC
lit	I-MISC
ces	I-MISC
histoires,	L-MISC
on	O
se	O
croit	O
transporté	O
au	O
lit	O
des	O
malades	O
;	O
on	O
croit	O
voir	O
les	O
symptômes	O
qu’il	O
détaille	O
;	O
il	O
raconte	O
simplement,	O
sans	O
y	O
mêler	O
rien	O
d’étranger	O
;	O
et	O
ces	O
narrations	O
simples,	O
fidèles,	O
qui,	O
dénuées	O
de	O
tout	O
ornement,	O
paraissent	O
devoir	O
être	O
sèches,	O
ennuyeuses,	O
ont	O
un	O
attrait	O
infini,	O
captivent	O
le	O
lecteur,	O
l’occupent	O
et	O
l’instruisent	O
sans	O
le	O
lasser,	O
sans	O
lui	O
inspirer	O
le	O
moindre	O
dégoût.	O
Il	O
y	O
a	O
là	O
l’expression	O
d’une	O
certaine	O
mythologie	O
du	O
regard	O
médical,	O
qui	O
observe	O
la	O
nature	O
et	O
en	O
perce	O
les	O
apparences,	O
dans	O
le	O
silence	O
des	O
théories,	O
telle	O
que	O
Michel	B-PER
Foucault	L-PER
l’a	O
décrite	O
dans	O
la	O
Naissance	B-MISC
de	I-MISC
la	I-MISC
clinique	L-MISC
(1972,	O
p.	O
53-62).	O
Une	O
opposition	O
se	O
dessine	O
entre	O
une	O
médecine	O
théorique,	O
dogmatique	O
et	O
une	O
médecine	O
d’observation	O
qui	O
contient	O
peu	O
de	O
raisonnements	O
mais	O
«	O
beaucoup	O
de	O
faits	O
»,	U-MISC
celle	O
dont	O
Hippocrate	U-PER
a	O
montré	O
la	O
voie.	O
Il	O
admire	O
la	O
diversité	O
des	O
observations	O
du	O
médecin	O
ancien	O
:	O
beaucoup	O
de	O
faits	O
sont	O
décrits,	O
climatiques,	O
astrologiques,	O
pathologiques.	O
Il	O
y	O
a	O
aussi	O
une	O
grande	O
attention	O
chez	O
lui	O
à	O
l’idiosyncrasie	O
des	O
patients.	O
Les	O
observations	O
particulières	O
et	O
singulières,	O
pour	O
chaque	O
malade,	O
font	O
la	O
richesse	O
des	O
histoires	O
hippocratiques.	O
Abondance	U-PER
de	O
faits	O
donc,	O
et,	U-MISC
qui	O
plus	O
est,	O
donnés	O
sans	O
la	O
déformation	O
d’un	O
filtre	O
théorique.	O
Le	B-MISC
médecin	I-MISC
ancien	I-MISC
n’interpose	L-MISC
«	O
rien	O
d’étranger	O
aux	O
observations	O
».	U-ORG
Ce	O
genre	O
de	O
valorisation	O
d’	O
Hippocrate	U-PER
ira	O
jusqu’à	O
des	O
expressions	O
encore	O
plus	O
fortes	O
chez	O
des	O
commentateurs	O
ultérieurs	O
des	O
Épidémies	U-ORG
:	O
le	O
médecin	O
ancien,	O
pour	O
certains,	O
présente	O
«	O
la	O
plus	O
grande	O
chasteté	O
possible	O
à	O
l’égard	O
des	O
théories	O
»,	U-PER
comme	O
l’écrit	O
le	O
chevalier	O
de	O
Mercy,	U-LOC
au	O
début	O
du	O
xix	O
e	O
dans	O
sa	O
traduction	O
des	O
Épidémies	U-LOC
d’Hippocrate	O
(p.	O
26)	O
Le	O
traducteur	O
et	O
commentateur	O
insiste	O
aussi	O
sur	O
la	O
dimension	O
didactique	O
de	O
l’enseignement	O
d’Hippocrate.	O
Lui-même	U-LOC
se	O
revendique	O
disciple	O
de	O
Pinel	U-PER
et	O
de	O
Cabanis,	U-LOC
donc	O
d’une	O
certaine	O
médecine	O
qui	O
aura	O
favorisé	O
et	O
mis	O
au	O
centre	O
de	O
son	O
enseignement	O
l’instruction	O
des	O
apprentis	O
par	O
la	O
clinique.	O
Le	B-MISC
chevalier	I-MISC
de	I-MISC
Mercy	L-MISC
a	O
aussi	O
écrit	O
un	O
Discours	B-MISC
pour	I-MISC
le	I-MISC
rétablissement	I-MISC
d’une	L-MISC
chaire	O
d’Hippocrate.	O
La	O
réflexion	O
qu’il	O
y	O
propose	O
sur	O
les	O
Épidémies	U-LOC
d’Hippocrate	O
s’y	O
limite,	O
il	O
me	O
semble,	O
à	O
un	O
éloge	O
du	O
médecin	O
ancien.	O
On	O
y	O
retrouve	O
le	O
lexique	O
la	O
«	O
restauration	O
»	O
d’Hippocrate	O
sur	O
le	O
trône	O
de	O
la	O
médecine	O
jusqu’alors	O
occupé	O
par	O
Galien	U-PER
dans	O
les	O
universités,	O
en	O
raison	O
de	O
son	O
talent	O
d’observateur.	O
.	O
La	O
«	O
description	O
»	O
des	O
maladies	O
faite	O
par	O
Hippocrate	U-PER
nous	O
permet	O
aussi	O
de	O
«	O
voir	O
»,	U-LOC
dit	O
Ménuret	U-LOC
,	O
les	O
choses	O
comme	O
si	O
on	O
y	O
était.	O
Les	O
qualités	O
littéraires	O
d’	O
Hippocrate	U-PER
(«	O
narration	O
»)	O
sont	O
aussi	O
grandes	O
que	O
ses	O
talents	O
d’observateur.	O
Les	O
descriptions	O
du	O
médecin	O
ont	O
une	O
vertu	O
didactique.	O
Si,	U-PER
en	O
lisant	O
Hippocrate	U-PER
,	O
nous	O
sommes	O
«	O
transportés	O
au	O
lit	O
du	O
malade	O
»	O
c’est	U-MISC
qu’	O
Hippocrate	U-PER
est	O
en	O
quelque	O
sorte	O
le	O
précurseur	O
de	O
cette	O
pratique	O
naissante	O
au	O
siècle	O
des	O
lumières	O
qu’est	O
la	O
clinique,	O
où	O
le	O
médecin-instructeur,	O
au	O
chevet	O
des	O
patients,	O
indique	O
à	O
ses	O
élèves	O
les	O
principales	O
pathologies	O
à	O
observer.	O
Le	O
discours	O
médical	O
hippocratique	O
proposerait	O
un	O
idéal	O
de	O
transparence	O
des	O
savoirs.	O
Il	O
susciterait	O
de	O
nouvelles	O
observations,	O
des	O
vérifications	O
ultérieures,	O
amorçant	O
ainsi	O
la	O
dynamique	O
du	O
progrès	O
scientifique.	O
Hippocrate	U-PER
observateur,	O
donc,	O
mais	O
aussi	O
pédagogue,	O
et	O
promoteur	O
du	O
progrès	O
médical.	O
Notons	O
que	O
ce	O
texte	O
de	O
l’Encyclopédie	O
repose	O
sur	O
les	O
Épidémies,	U-LOC
texte	O
phare	O
de	O
la	O
réhabilitation	O
d’	O
Hippocrate	U-PER
mais	O
en	O
réalité	O
assez	O
mal	O
connu	O
du	O
rédacteur.	O
Ménuret	U-PER
ne	O
lit	O
pas	O
de	O
près	O
le	O
traité	O
grec	O
qu’il	O
cite	O
à	O
l’appui	O
du	O
génie	O
d’	O
Hippocrate	U-PER
.	O
C’est	O
ce	O
même	O
niveau	O
de	O
généralité	O
et	O
d’approximation	O
qui	O
se	O
retrouve	O
dans	O
certains	O
cours	O
de	O
médecine	O
du	O
temps	O
et	O
dans	O
les	O
introductions	O
à	O
la	O
médecine	O
prononcés	O
dans	O
les	O
amphithéâtres.	O
La	O
mythologie	O
de	O
l’observation	O
hippocratique	O
se	O
répand	O
d’autant	O
plus	O
facilement	O
qu’	O
Hippocrate	U-PER
est	O
connu	O
à	O
travers	O
un	O
petit	O
nombre	O
de	O
textes,	O
souvent	O
lus	O
uniquement	O
en	O
traduction	O
française	O
et	O
en	O
extraits	O
Erwin	O
Ackerknecht	O
l’a	O
montré	O
à	O
propos	O
de	O
l’enseignement	O
de	O
Cabanis	U-PER
(1757-1808).	O
Hippocrate	U-PER
est	O
décrit	O
comme	O
le	O
premier	O
sensualiste,	O
qui	O
a	O
libéré	O
la	O
médecine	O
des	O
dogmes	O
et	O
inventé	O
la	O
médecine	O
d’observation,	U-MISC
mais	O
sans	O
presque	O
de	O
citation	O
explicite	O
du	O
médecin	O
grec.	O
Le	O
professeur	O
et	O
médecin	O
s’intéresse	O
à	O
la	O
portée	O
éthique	O
de	O
la	O
médecine	O
hippocratique	O
(1967,	O
p.	O
17).	O
Ce	O
que	O
Roseline	B-PER
Rey	L-PER
confirme	O
à	O
partir	O
de	O
l’étude	O
du	O
«	O
Discours	B-MISC
d’ouverture	I-MISC
du	I-MISC
cours	I-MISC
d’Hippocrate	I-MISC
»	L-MISC
de	O
Cabanis	U-LOC
(1992,	O
p.	O
263-264).	O
.	O
Certains	O
médecins	O
contesteront	O
cette	O
vénération	O
par	O
leurs	O
confrères	O
du	O
médecin	O
grec,	O
la	O
jugeant	O
aveugle	O
;	O
ils	O
trouveront	O
quant	O
à	O
eux	O
d’autres	O
bonnes	O
raisons	O
pour	O
se	O
réclamer	O
d’	O
Hippocrate	U-PER
C’est	O
le	O
cas	O
de	O
Bordeu	U-PER
1806,	O
p.	O
796-797	O
:	O
«	O
Le	O
commun	O
des	O
praticiens	O
s’est	O
contenté	O
de	O
rester	O
dans	O
une	O
sorte	O
de	O
vénération	O
muette	O
et	O
religieuse	O
au	O
sujet	O
d’Hippocrate.	O
Il	O
y	O
en	O
a	O
aujourd’hui	O
qui	O
en	O
parlent	O
souvent	O
sans	O
avoir	O
encore	O
décidé	O
en	O
quoi	O
consiste	O
la	O
médecine	O
hippocratique,	O
ni	O
quel	O
est	O
son	O
esprit	O
ou	O
son	O
caractère	O
essentiel	O
;	O
une	O
assez	O
pauvre	O
tisane	O
ou	O
bouillie	O
d’orge,	O
des	O
apophtegmes	O
généraux	O
sur	O
les	O
crises	O
qu’on	O
n’entend	O
point	O
ou	O
qu’on	O
ne	O
suit	O
pour	O
ainsi	O
dire	O
que	O
du	O
bout	O
des	O
lèvres	O
;	O
des	O
lieux	O
communs	O
sur	O
les	O
épidémies,	O
l’air	O
et	O
les	O
eaux	O
;	O
voilà	O
à	O
parler	O
vrai	O
à	O
quoi	O
se	O
réduisent	O
dans	O
notre	O
siècle	O
les	O
préceptes	O
ou	O
les	O
documents	O
de	O
Cos	U-LOC
;	O
on	O
n’en	O
fait	O
presque	O
jamais	O
l’application	O
ni	O
à	O
la	O
théorie	O
ni	O
à	O
la	O
pratique	O
de	O
l’art.	O
»	O
.	O
La	O
portée	O
réelle	O
de	O
la	O
«	O
clinique	O
»	O
d’	O
Hippocrate	U-PER
semble	O
échapper	O
en	O
partie	O
à	O
ceux	O
même	O
qui	O
la	O
professent.	O
Le	B-MISC
deuxième	L-MISC
repère	O
que	O
je	O
prendrai	O
dans	O
la	O
construction	O
historique	O
d’un	O
Hippocrate	U-PER
inventeur	O
de	O
la	O
médecine	O
d’observation	O
est	O
Littré.	U-LOC
Le	O
savant	O
reprend	O
certains	O
des	O
jugements	O
hérités	O
de	O
la	O
mythologie	O
clinique	O
du	O
xviii	O
e	O
.	O
Littré	U-PER
est	O
resté	O
jusqu’à	O
récemment	O
l’édition	O
de	O
référence	O
en	O
français	O
pour	O
certains	O
ouvrages	O
hippocratiques,	O
dont	O
les	O
Épidémies	B-ORG
I-III	L-ORG
et	O
le	O
Pronostic.	U-LOC
Dans	O
son	O
introduction	O
à	O
ses	O
Œuvres	U-MISC
complètes	O
d’Hippocrate,	O
il	O
présente	O
la	O
doctrine	O
du	O
maître,	O
en	O
la	O
comparant	O
avec	O
la	O
médecine	O
du	O
début	O
du	O
xix	O
e	O
.	O
Le	O
médecin	O
grec,	O
avec	O
ses	O
spécificités,	O
est	O
bien	O
l’inventeur	O
à	O
l’origine	O
de	O
la	O
médecine	O
moderne	O
(p.	O
455	O
et	O
sq.)	O
:	O
La	O
prognose	O
[pronostic]	O
est	O
la	O
première	O
construction	O
scientifique	O
que	O
nous	O
connaissions	O
de	O
la	O
médecine.	O
À	O
ce	O
titre	O
elle	O
mérite	O
notre	O
attention,	O
et	O
elle	O
la	O
mérite	O
parce	O
qu’elle	O
n’est	O
point	O
fondée	O
sur	O
des	O
vues	O
rationnelles	O
et	O
hypothétiques,	O
mais	O
parce	O
qu’elle	O
part	O
d’observations	O
et	O
d’expériences	O
réelles	O
[…].	O
La	O
prognose	O
étudie	O
l’expression	O
fidèle	O
par	O
laquelle	O
l’économie	O
trahit	O
le	O
dérangement	O
qu’elle	O
éprouve	O
et	O
c’est	U-MISC
ce	O
dérangement	O
qu’il	O
importe	O
de	O
saisir.	O
Faire	U-LOC
prévaloir	O
l’observation	O
de	O
tout	O
l’organisme,	O
[…]	O
telle	O
est	O
la	O
médecine	O
de	O
l’école	O
de	O
Cos	U-LOC
et	O
d’	B-PER
Hippocrate	L-PER
.	O
Le	O
pronostic	O
serait	O
l’acte	O
de	O
naissance	O
de	O
la	O
médecine	O
moderne.	O
Le	O
savant	O
introduit	O
la	O
notion	O
de	O
«	O
prognose	O
»	O
en	O
vue,	O
paradoxalement,	O
de	O
moderniser	O
un	O
peu	O
plus	O
Hippocrate	U-PER
.	O
Le	O
pronostic	O
hippocratique,	O
et	O
ses	O
prévisions	O
des	O
jours	O
qui	O
doivent	O
voir	O
la	O
maladie	O
se	O
terminer,	O
ne	O
pourrait-il	O
pas	O
au	O
contraire	O
apparaître	O
comme	O
une	O
charlatanerie	O
datée	O
?	O
Non,	U-MISC
nous	O
dit	O
Littré	U-PER
.	O
Le	O
pronostic	O
est	O
d’abord	O
«	O
induction	O
»	O
à	O
partir	O
d’observations	O
particulières.	O
C’est	O
le	O
fruit	O
d’une	O
généralisation	O
des	O
données	O
de	O
l’expérience,	U-PER
qui	O
sont	O
ainsi	O
formalisées	O
dans	O
les	O
fameuses	O
listes	O
de	O
jours	O
critiques	O
qui	O
fixent	O
les	O
moments	O
où	O
la	O
maladie	O
doit	O
évoluer,	O
changer	O
ou	O
disparaître.	O
Ici	B-MISC
Littré	L-MISC
fait	O
fonctionner	O
ensemble	O
deux	O
pans	O
des	O
textes	O
hippocratiques,	O
bien	O
visibles	O
notamment	O
dans	O
les	O
Épidémies	B-ORG
I-III.	L-ORG
Les	O
descriptions	O
de	O
cas	O
«	O
cliniques	O
»	O
seraient	O
le	O
matériau	O
de	O
base	O
dont	O
les	O
listes	O
de	O
jours	O
critiques	O
qu’on	O
rencontre	O
ici	O
ou	O
là	O
ne	O
seraient	O
que	O
le	O
résultat	O
après	O
réécriture	O
et	O
généralisation	O
Ces	O
deux	O
pans	O
du	O
texte	O
sont	O
nettement	O
présentés	O
et	O
articulés	O
dans	O
l’ouvrage	O
de	O
Langholf	U-LOC
1990.	O
Voir	O
aussi	O
Manetti	U-PER
1990,	O
p.	O
143-145.	O
Voir	O
Jouanna	U-PER
2016,	O
p.	O
33-55	O
de	O
la	O
notice.	O
.	O
Littré	U-PER
propose	O
en	O
outre	O
une	O
définition	O
large	O
du	O
pronostic	O
comme	O
«	O
prognose	O
de	O
toute	O
expression	O
fidèle	O
de	O
l’économie	O
du	O
corps	O
affecté	O
par	O
la	O
maladie	O
».	U-PER
En	O
fait,	O
dans	O
cette	O
définition,	O
le	O
pronostic	O
devient	O
une	O
sorte	O
de	O
diagnostic.	O
Le	U-MISC
pronostic	O
n’est	O
pas	O
à	O
comprendre	O
comme	O
une	O
prophétie	O
abstraite	O
mais	O
bien	O
comme	O
le	O
fruit	O
d’une	O
observation,	O
comme	O
Littré	U-PER
l’affirme	O
en	O
s’appuyant	O
sur	O
le	O
premier	O
chapitre	O
du	O
Pronostic	U-LOC
et	O
sur	O
cette	O
formule	O
mystérieuse	O
selon	O
laquelle	O
le	O
médecin	O
«	O
pronostique	O
le	O
passé,	O
le	O
présent	O
et	O
l’avenir	O
».	U-ORG
Il	O
fait	O
de	O
la	O
sentence	O
mantique	O
une	O
lecture	O
biaisée	O
qui	O
en	O
ignore	O
précisément	O
la	O
portée	O
oraculaire	O
:	O
le	O
pronostic	O
serait	O
ainsi	O
observation	O
de	O
ce	O
que	O
le	O
patient	O
a	O
ressenti	O
ou	O
ressent.	O
Loin	O
de	O
conduire	O
le	O
médecin	O
à	O
passer	O
pour	O
un	O
inspiré	O
ou	O
un	O
devin,	O
la	O
pratique	O
du	O
pronostic	O
le	O
rapproche	O
médecin	O
qui	O
diagnostique,	O
en	O
se	O
fondant	O
sur	O
une	O
discussion	O
avec	O
le	O
malade	O
sur	O
ses	O
symptômes	O
et	O
sur	O
une	O
forme	O
d’auscultation.	O
On	U-PER
aurait	O
ainsi	O
tort	O
de	O
distinguer	O
le	O
diagnostic	O
moderne	O
et	O
le	O
pronostic	O
hippocratique.	O
Littré	U-PER
offre	O
ensuite	O
une	O
interprétation	O
encore	O
plus	O
téméraire	O
de	O
la	O
méthode	O
d’	O
Hippocrate	U-PER
(p.	O
463)	O
:	O
On	O
le	O
voit	O
donc,	O
la	O
méthode	O
antique	O
d’	B-PER
Hippocrate	L-PER
et	O
la	O
méthode	O
moderne	O
ne	O
diffèrent	O
pas	O
dans	O
leur	O
essence,	O
car	O
elles	O
sont	O
l’une	O
et	O
l’autre	O
la	O
méthode	O
expérimentale.	O
Hippocrate	U-PER
,	O
comme	O
nous,	O
a	O
voulu	O
qu’on	O
observât	O
la	O
nature	O
et,	U-MISC
comme	O
nous,	O
il	O
s’est	O
servi	O
de	O
l’induction	O
pour	O
agrandir	O
le	O
champ	O
de	O
ses	O
observations	O
et	O
trouver	O
un	O
lien	O
entre	O
les	O
faits	O
particuliers	O
[…].	O
C’est	O
que	O
nous	O
nous	O
enfonçons	O
chaque	O
jour	O
davantage	O
dans	O
les	O
détails,	O
dans	O
l’observation	O
locale,	O
dans	O
les	O
recherches	O
de	O
plus	O
en	O
plus	O
ténues	O
et	O
minutieuses.	O
Hippocrate	U-PER
,	O
par	O
la	O
nature	O
de	O
ses	O
connaissances,	O
a	O
été	O
tenu	O
à	O
la	O
superficie	O
du	O
corps	O
malade.	O
La	B-MISC
volonté	I-MISC
explicite	L-MISC
de	O
Littré	U-PER
est	O
de	O
faire	O
d’	O
Hippocrate	U-PER
un	O
point	O
de	O
départ.	O
Ce	O
que	O
Littré	U-PER
appelle	O
l’induction	O
est	O
en	O
réalité	O
un	O
processus	O
de	O
généralisation	O
qui	O
donne	O
naissance	O
à	O
des	O
pronostics	O
généraux.	O
Or,	U-ORG
loin	O
de	O
détourner	O
du	O
concret	O
cette	O
logique	O
inductive	O
favoriserait	O
le	O
souci	O
des	O
faits.	O
Par	O
un	O
cercle	O
vertueux,	O
l’induction	O
permet	O
d’«	U-MISC
agrandir	O
le	O
champ	O
des	O
observations	O
»,	U-LOC
en	O
dirigeant	O
le	O
regard	O
médical	O
vers	O
les	O
moments	O
signifiants	O
et	O
saillants	O
de	O
la	O
pathologie.	O
Un	B-MISC
rapport	I-MISC
vertueux	I-MISC
entre	I-MISC
observation	L-MISC
et	O
théorie	O
se	O
voit	O
chez	O
le	O
médecin	O
ancien	O
comme	O
dans	O
la	O
médecine	O
moderne.	O
Littré	U-PER
voit	O
ici	O
en	O
puissance	O
chez	O
Hippocrate	U-PER
une	O
dialectique	O
de	O
l’observation	O
et	O
de	O
la	O
théorie	O
qu’il	O
considère	O
comme	O
le	O
facteur	O
de	O
progrès	O
de	O
la	O
médecine	O
de	O
son	O
temps,	O
d’après	O
l’analyse	O
que	O
donne	O
G.	B-MISC
Canguilhem	I-MISC
de	I-MISC
la	I-MISC
médecine	I-MISC
du	I-MISC
savant	I-MISC
français	L-MISC
(1982).	O
La	O
différence	O
reconnue	O
toutefois	O
entre	O
médecine	O
ancienne	O
et	O
médecine	O
moderne	O
tient	O
à	O
ce	O
que	O
la	O
médecine	O
ancienne	O
ne	O
cherche	O
pas	O
à	O
connaître	O
les	O
maladies	O
selon	O
leur	O
origine	O
locale	O
et	O
anatomique	O
(elle	O
ne	O
connaît	O
pas	O
l’anatomo-pathologie	O
de	O
la	O
lésion	O
qui	O
se	O
développe	O
au	O
xix	O
e	O
).	O
Hippocrate	U-PER
n’a	O
pas	O
connu	O
les	O
lésions	O
dans	O
ses	O
«	O
diagnostics	O
»,	U-LOC
et	O
s’est	O
contenté	O
de	O
penser	O
les	O
affections	O
comme	O
des	O
affections	O
touchant	O
l’organisme	O
dans	O
son	O
ensemble.	O
En	B-MISC
somme	I-MISC
l’intention	L-MISC
et	O
la	O
méthode	O
médicales	O
d’	O
Hippocrate	U-PER
sont	O
identiques	O
à	O
celles	O
des	O
modernes	O
:	O
l’observation.	O
Changent,	U-LOC
pour	O
Littré,	U-PER
les	O
capacités	O
techniques.	O
Il	O
manquait	O
à	O
Hippocrate	U-PER
les	O
instruments	O
et	O
la	O
pensée	O
technique	O
pour	O
aller	O
jusqu’au	O
bout	O
de	O
ses	O
projets	O
d’observation,	U-MISC
pour	O
ne	O
pas	O
en	O
rester	O
à	O
la	O
superficie	O
du	O
corps,	O
et	O
observer	O
en	O
profondeur	O
certaines	O
lésions.	O
Premier	U-PER
inventeur	O
de	O
la	O
clinique	O
donc,	O
mais	O
avec	O
des	O
moyens	O
limités.	O
La	B-MISC
mythologie	L-MISC
d’un	O
Hippocrate	U-PER
observateur	O
passe	O
donc	O
on	O
le	O
voit	O
chez	O
Littré	U-PER
par	O
sa	O
définition	O
particulière	O
du	O
pronostic,	O
qui	O
en	O
efface	O
toute	O
dimension	O
oraculaire,	O
et	O
met	O
au	O
second	O
plan	O
les	O
savoirs	O
mathématiques	O
et	O
les	O
croyances	O
arithmétiques	O
qui	O
le	O
sous-tendent	O
souvent.	O
Ce	O
type	O
d’interprétation	O
d’	O
Hippocrate	U-PER
continue	O
de	O
peser	O
sur	O
la	O
traduction	O
et	O
la	O
compréhension	O
des	O
textes	O
de	O
médecine	O
ancienne.	O
L’idée	O
que	O
l’observation	O
est	O
première	O
et	O
fondamentale	O
dans	O
une	O
certaine	O
médecine	O
hippocratique	O
se	O
rencontre	O
encore	O
chez	O
des	O
auteurs	O
qui	O
retrouvent	O
les	O
accents	O
enthousiastes	O
de	O
la	O
mythologie	O
clinique	O
du	O
xviii	O
e	O
siècle	O
et	O
de	O
l’interprétation	O
positiviste	O
de	O
Littré	U-PER
Un	O
ouvrage	O
récent	O
d’un	O
philosophe	O
de	O
la	O
médecine,	O
retrouve	O
les	O
accents	O
de	O
Littré.	U-LOC
Dans	O
Lombard	U-MISC
2015,	O
p.	O
64	O
:	O
«	O
De	O
cette	O
union	O
de	O
la	O
prodigieuse	O
aventure	O
du	O
regard	O
et	O
de	O
la	O
vigilance	O
sans	O
faille	O
de	O
l’esprit,	U-LOC
c’est	U-MISC
un	O
“esprit	O
positif”	O
qui	O
est	O
né,	O
avec	O
la	O
règle	O
impérative	O
du	O
respect	O
absolu	O
des	O
faits	O
dans	O
tout	O
exercice	O
de	O
la	O
pensée.	O
Les	B-MISC
faits	I-MISC
sont	I-MISC
établis	L-MISC
par	O
un	O
examen	O
méthodique	O
et	O
le	O
regard	O
est	O
à	O
la	O
fois	O
précis	O
et	O
ample	O
–	O
et	O
jamais	O
négligent.	O
Être,	U-ORG
selon	O
la	O
devise	O
hippocratique	O
d’Épidémies	O
V,	U-LOC
le	O
“serviteur	O
de	O
l’art”,	O
c’est	O
faire	O
profession	O
de	O
rigueur	O
absolue,	O
dans	O
le	O
cadre	O
d’une	O
démarche	O
qui	O
étant	O
sans	O
expérimentation	O
est	O
toujours	O
entièrement	O
d’observation.	O
»	O
.	O
Retour	O
aux	O
médecins	O
anciens	O
:	O
existe-t-il	O
vraiment	O
une	O
«	O
observation	O
»	O
hippocratique	O
?	O
Les	O
nouvelles	O
analyses	O
qui	O
ont	O
été	O
faites	O
des	O
textes	O
médicaux,	O
notamment	O
des	O
Épidémies	B-ORG
I-III	L-ORG
à	O
la	O
fin	O
du	O
xx	O
e	O
siècle,	O
autorisent	O
pourtant	O
à	O
douter	O
de	O
la	O
prévalence	O
de	O
l’observation	O
ainsi	O
définie	O
de	O
façon	O
moderne.	O
Ce	O
texte	O
est	O
composé	O
de	O
descriptions	O
pathologiques	O
de	O
malades,	O
qui	O
s’articulent	O
avec	O
des	O
exposés	O
généraux	O
sur	O
les	O
«	O
constitutions	O
climatiques	O
»	O
(καταστάσεις	O
dans	O
lesquelles	O
le	O
médecin	O
décrit	O
un	O
certain	O
nombre	O
de	O
traits	O
climatiques	O
saisonniers,	O
parfois	O
sur	O
plus	O
d’une	O
année,	O
Langholf	U-LOC
1990,	O
p.	O
170	O
sq.).	O
Ce	B-MISC
sont	I-MISC
ces	I-MISC
fiches	I-MISC
de	I-MISC
malades	L-MISC
qui	O
ont	O
conduit,	O
à	O
l’époque	O
moderne,	O
à	O
penser	O
qu’il	O
y	O
avait	O
là	O
un	O
premier	O
exercice	O
antique	O
de	O
clinique.	O
L’idée	O
que	O
l’observation	O
prime	O
sur	O
tout	O
le	O
reste,	O
et	O
particulièrement	O
sur	O
la	O
généralisation,	O
la	O
théorie,	O
ou	O
le	O
dogme,	O
qui	O
seraient	O
subordonnés,	O
comme	O
voulaient	O
le	O
démontrer	O
les	O
Encyclopédistes,	U-MISC
ou,	O
d’une	O
autre	O
manière	O
Littré	U-PER
,	O
ne	O
tient	O
pourtant	O
pas.	O
Il	B-MISC
a	I-MISC
pu	I-MISC
être	I-MISC
montré	L-MISC
que	O
ce	O
n’est	O
bien	O
souvent	O
pas	O
l’observation	O
des	O
cas	O
particuliers	O
de	O
malades	O
qui	O
permet	O
le	O
pronostic	O
par	O
généralisation,	O
«	O
induction	O
»,	U-LOC
comme	O
le	O
dit	O
Littré	U-PER
,	O
mais	O
que	O
le	O
cadre	O
dogmatique	O
du	O
pronostic	O
conditionne	O
l’observation	O
des	O
cas	O
particuliers,	O
en	O
imposant	O
d’avance	O
un	O
certain	O
nombre	O
de	O
jours	O
pré-déterminés	O
où	O
peuvent	O
s’observer	O
des	O
événements	O
pathologiques	O
d’importance.	O
Volker	B-PER
Langholf	L-PER
a	O
constaté	O
que	O
beaucoup	O
de	O
manifestations	O
pathologiques	O
se	O
produisaient	O
de	O
préférence	O
certains	O
jours,	O
selon	O
une	O
méthode	O
d’observation	O
biaisée	O
par	O
des	O
croyances	O
numérales	O
(1990,	O
p.	O
112	O
sq.,	O
façon	O
plus	O
affirmative	O
p.	O
117,	O
et	O
avec	O
une	O
critique	O
de	O
la	O
notion	O
d’induction	O
appliquée	O
à	O
la	O
médecine	O
ancienne,	O
p.	O
219-220).	O
On	O
peut	O
relever	O
aussi	O
un	O
certain	O
nombre	O
d’«	O
observations	O
négatives	O
»,	B-LOC
c’est	L-LOC
à	O
dire	O
le	O
constat	O
par	O
le	O
médecin	O
de	O
l’absence	O
de	O
tel	O
ou	O
tel	O
symptôme,	O
absence	O
qui	O
ne	O
se	O
comprend	O
bien	O
entendu	O
que	O
par	O
rapport	O
à	O
un	O
cadre	O
d’observation	O
préconçu	O
(Manetti	O
1990,	O
p.	O
148-149).	O
Plus	O
largement	O
l’importance	O
du	O
vocabulaire	O
de	O
la	O
coction	O
et	O
de	O
la	O
crise	O
pour	O
qualifier	O
toute	O
évolution	O
de	O
la	O
maladie	O
dans	O
les	O
prétendues	O
descriptions	O
cliniques	O
suffit	O
à	O
mettre	O
en	O
évidence	O
la	O
prégnance	O
d’une	O
téléologie	O
préalable	O
à	O
l’observation	O
Il	O
y	O
a	O
crise	O
parfaite	O
quand	O
le	O
corps	O
a	O
bien	O
opéré	O
la	O
coction.	O
Voir	O
Langholf	U-ORG
1990,	O
p.	O
80	O
sq.,	O
notamment	O
pour	O
ces	O
notions	O
techniques.	O
.	O
Le	O
médecin	O
se	O
sert	O
des	O
phénomènes	O
qu’il	O
juge	O
critiques	O
pour	O
deviner	O
comment	O
la	O
maladie	O
évolue	O
et	O
la	O
crise	O
fonctionne	O
comme	O
un	O
telos	O
de	O
la	O
maladie	O
à	O
identifier	O
coûte	O
que	O
coûte.	O
C’est	O
dans	O
les	O
études	O
de	O
genre	O
que	O
la	O
notion	O
d’observation	O
est	O
encore	O
remise	O
en	O
cause	O
:	O
les	O
travaux	O
d’Helen	O
King	U-PER
notamment	O
(1998,	O
p.	O
67-74)	O
sur	O
le	O
cas	O
d’une	O
patiente	O
des	O
Épidémies	B-PER
VII	L-PER
montrent	O
qu’il	O
est	O
impossible	O
de	O
considérer	O
la	O
description	O
qui	O
est	O
faite	O
de	O
la	O
maladie	O
comme	O
un	O
matériau	O
brut,	O
alors	O
que	O
ce	O
qui	O
nous	O
est	O
donné	O
à	O
lire	O
sous	O
forme	O
écrite	O
a	O
subi	O
un	O
processus	O
de	O
sélection,	O
en	O
fonction	O
de	O
préconceptions	O
sur	O
la	O
physiologie	O
et	O
la	O
nature	O
féminine.	O
Ces	O
perspectives	O
font	O
apparaître	O
les	O
excès	O
apologétiques	O
des	O
discours	O
des	O
modernes	O
qui	O
construisaient	O
un	O
Hippocrate	U-PER
capable	O
de	O
jeter	O
un	O
œil	O
«	O
chaste	O
»	O
de	O
toute	O
théorie	O
sur	O
les	O
«	O
faits	O
»	O
pathologiques.	O
Toutefois,	U-PER
s’il	O
peut	O
sembler	O
évident	O
que	O
le	O
médecin	O
grec	O
n’est	O
ni	O
Pinel	U-PER
ni	O
Claude	U-PER
Bernard,	O
la	O
notion	O
d’observation	O
reste	O
centrale	O
encore	O
aujourd’hui	O
pour	O
analyser	O
la	O
médecine	O
hippocratique.	O
Alors	O
que	O
la	O
notion	O
d’expérience	O
est	O
désormais	O
désuète	O
(après	O
notamment	O
les	O
mises	O
au	O
point	O
de	O
Geoffrey	B-PER
Lloyd	L-PER
en	O
1979	O
et	O
de	O
Mirko	B-PER
Grmek	L-PER
en	O
1990),	O
le	O
vocabulaire	O
de	O
l’observation	O
résiste	O
mieux.	O
Lloyd	U-PER
insiste	O
ainsi	O
sur	O
le	O
fait	O
que	O
les	O
Épidémies	U-LOC
présentent	O
«	O
des	O
observations	O
systématiques	O
»,	U-PER
«	O
soutenues	O
et	O
méticuleuses	O
»,	U-PER
ou	O
encore	O
des	O
«	O
examens	O
cliniques	O
»	O
(1990,	O
p.	O
160-165	O
de	O
la	O
traduction	O
française).	O
Dans	O
ses	O
introductions	O
au	O
traité	B-MISC
du	I-MISC
Pronostic	I-MISC
(2013)	L-MISC
et	O
au	O
traité	B-MISC
des	I-MISC
Épidémies	I-MISC
I-III	L-MISC
(2016),	O
Jacques	B-PER
Jouanna	L-PER
affirme	O
quant	O
à	O
lui	O
que	O
la	O
méthode	O
d’«	O
observation	O
»	O
du	O
médecin	O
se	O
déploie	O
pleinement.	O
Elle	O
permet	O
«	O
une	O
information	O
complète	O
sur	O
les	O
signes	O
»	O
et	O
est	O
à	O
l’origine	O
du	O
bon	O
pronostic	O
(2013,	O
p.	O
32-36	O
de	O
l’introduction	O
au	O
Pronostic)	U-LOC
:	O
«	O
l’observation	O
est	O
la	O
source	O
d’information	O
principale	O
du	O
médecin,	O
complétée	O
éventuellement	O
par	O
l’interrogation	O
du	O
malade	O
».	B-PER
L’éditeur	L-PER
souligne	O
l’importance	O
des	O
deux	O
verbes	O
σκέπτεσθαι	O
et	O
σκοπεῖν	O
dans	O
le	O
traité,	O
verbes	O
qui	O
peuvent	O
avoir	O
pour	O
objet	O
les	O
σημεῖα,	O
les	O
«	O
signes	O
pathologiques	O
».	U-ORG
Le	O
médecin	O
se	O
concentrerait	O
donc	O
sur	O
des	O
faits	O
corporels,	O
les	O
observerait	O
attentivement,	O
les	O
mesurerait	O
avec	O
une	O
«	O
exigence	O
scientifique	O
»	O
(p.	O
33)	O
pour	O
établir	O
son	O
pronostic	O
pondéré.	O
Le	B-MISC
σκοπεῖν	L-MISC
désignerait	O
cette	O
pratique	O
de	O
l’«	O
examen	O
»,	U-LOC
activité	O
d’observation	O
des	O
signes	O
pathologiques.	O
Les	O
sens	O
que	O
la	O
notion	O
d’observation	O
a	O
pris	O
en	O
français	O
depuis	O
la	O
médecine	O
moderne	O
s’attachent	O
alors	O
irrémédiablement	O
à	O
ce	O
σκοπεῖν	O
:	O
à	O
la	O
fois	O
respect	O
des	O
faits,	O
exigence	O
d’exhaustivité	O
dans	O
leur	O
relevé,	O
et	O
mobilisation	O
de	O
toute	O
l’attention	O
du	O
médecin	O
(«	O
les	O
principaux	O
sens	O
du	O
médecin	O
sont	O
mobilisés	O
»).	U-MISC
Pourquoi	O
maintenir	O
ce	O
lexique	O
de	O
l’«	O
observation	O
»	O
?	O
Est-ce	O
que	O
la	O
pratique	O
du	O
σκοπεῖν	O
évoquée	O
par	O
les	O
médecins	O
eux-mêmes	O
peut	O
se	O
comprendre	O
comme	O
«	O
observation	O
»	O
avec	O
les	O
connotations	O
inévitables	O
que	O
comporte	O
ce	O
terme	O
façonné	O
par	O
la	O
médecine	O
clinique	O
moderne	O
?	O
Si	O
le	O
médecin	O
du	O
Pronostic	U-LOC
évoque	O
une	O
vision	O
médicale	O
qu’il	O
désigne	O
par	O
le	O
verbe	O
σκέπτεσθαι	O
ou	O
σκοπεῖν	O
,	O
il	O
y	O
a	O
un	O
argument	O
philologique	O
contre	O
la	O
compréhension	O
du	O
σκοπεῖν	O
comme	O
«	O
observation	O
».	U-ORG
Les	O
usages	O
intransitifs	O
du	O
verbe	O
sont	O
en	O
effets	O
fréquents.	O
Par	O
exemple,	O
dans	O
Épidémies	B-PER
I,	L-PER
après	O
une	O
longue	O
énumération	O
sur	O
les	O
trois	O
types	O
de	O
savoirs	O
qu’il	O
doit	O
posséder	O
pour	O
bien	O
différencier	O
les	O
maladies,	O
le	O
médecin	O
conclut	O
:	O
«	O
c’est	U-MISC
en	O
tirant	O
son	O
savoir	O
de	O
ces	O
choses-là	O
(et	O
de	O
ce	O
qui	O
découle	O
d’elles)	O
qu’il	O
faut	O
chercher	O
à	O
bien	O
voir	O
(σκεπτέον)	U-MISC
»	O
(Littré,	O
2,	O
668-670	O
=	O
Jouanna	U-PER
2016,	O
p.	O
34)	O
Voici	O
le	O
passage	O
méthodologique.	O
Je	B-MISC
la	I-MISC
traduis	I-MISC
ici	I-MISC
en	I-MISC
ajoutant	I-MISC
moi-même	L-MISC
une	O
numérotation	O
des	O
éléments	O
du	O
discours,	O
et	O
en	O
faisant	O
ressortir	O
le	O
parallélisme	O
qui	O
structure	O
la	O
double	O
énumération	O
tripartite	O
(Épidémies	O
I,	B-PER
Littré	L-PER
2,	O
668-670	O
=	O
Jouanna	U-PER
2016,	O
p.	O
34)	O
:	O
«	O
Apprenant	U-PER
(μαθόντες)	O
ce	O
qui	O
se	O
passe	O
au	O
cours	O
des	O
maladies,	O
à	O
partir	O
de	O
ce	O
qui	O
suit,	O
nous	O
établissons	O
les	O
différences	O
(διαγιγνωσκώμεν)	O
:	O
a)	O
à	O
partir	O
de	O
la	O
nature	O
commune	O
de	O
toutes	O
choses	O
et	O
de	O
la	O
nature	O
particulière	O
de	O
chacune	O
;	O
b)	O
à	O
partir	O
de	O
la	O
maladie	O
et	O
à	O
partir	O
du	O
malade	O
;	O
c)	O
à	O
partir	O
de	O
ce	O
qui	O
est	O
emporté	O
et	O
de	O
ce	O
qui	O
s’ajoute	O
(qui	O
conditionne	O
l’amélioration	O
ou	O
la	O
détérioration)	O
;	O
a’)	O
à	O
partir	O
de	O
la	O
constitution	O
climatique	O
(καταστάσιος)	O
toute	O
entière,	O
et	O
des	O
parts	O
(μέρεα)	O
qu’ont	O
les	O
ciels	O
et	O
chaque	O
contrée	O
[dans	O
la	O
maladie]	O
;	O
b’)	O
à	O
partir	O
de	O
l’habitude	O
;	O
à	O
partir	O
du	O
régime,	O
à	O
partir	O
des	O
occupations	O
du	O
malade	O
;	O
de	O
l’âge	O
de	O
chacun	O
;	O
au	O
moyen	O
de	O
ses	O
discours,	O
de	O
ses	O
mœurs,	O
de	O
son	O
silence,	O
de	O
ses	O
pensées,	O
de	O
ses	O
songes,	O
de	O
l’absence	O
de	O
songes,	O
des	O
visions	O
des	O
songes	O
(ἐνυπνίοισιν),	O
quelles	O
elles	O
sont	O
et	O
le	O
moment	O
où	O
elles	O
le	O
harcèlent,	O
des	O
démangeaisons,	O
des	O
larmes	O
;	O
c’)	O
À	O
partir	O
des	O
paroxysmes	O
:	O
au	O
moyen	O
des	O
selles,	O
des	O
urines,	O
des	O
crachats,	O
des	O
vomissements	O
;	O
il	O
y	O
a	O
aussi	O
les	O
successions	O
(διαδοχαί)	O
des	O
maladies,	O
comment	O
elles	O
passent	O
de	O
telle	O
maladie	O
à	O
telle	O
autre,	O
et	O
les	O
dépôts	O
qui	O
tournent	O
à	O
la	O
mort	O
ou	O
à	O
la	O
crise.	O
Il	O
y	O
a	O
la	O
sueur,	O
le	O
refroidissement,	O
le	O
frisson,	O
la	O
toux,	O
les	O
éternuements,	O
les	O
hoquets,	O
les	O
souffles,	O
les	O
éructations,	O
les	O
vents	O
silencieux	O
ou	O
bruyants,	O
les	O
hémorragies,	O
les	O
flux	O
de	O
sang.	O
C’est	O
en	O
tirant	O
son	O
savoir	O
de	O
ces	O
choses-là	O
(et	O
de	O
ce	O
qui	O
découle	O
d’elles)	O
qu’il	O
faut	O
chercher	O
à	O
avoir	O
une	O
vision	O
(σκεπτέον).	O
»	O
.	O
La	O
vision	O
du	O
médecin	O
est	O
intransitive.	O
Autrement	B-MISC
dit,	I-MISC
ici,	L-MISC
c’est	U-MISC
le	O
résultat	O
de	O
l’étude	O
des	O
signes	O
qui	O
permet	O
un	O
σκοπεῖν	O
et	O
non	O
le	O
σκοπεῖν	O
qui	O
porte	O
sur	O
ces	O
signes	O
eux-mêmes.	O
Il	O
désigne	O
alors	O
plus	O
simplement	O
un	O
acte	O
de	O
«	O
vision	O
»	O
sur	O
l’avenir	O
de	O
la	O
maladie,	O
une	O
prévision.	O
Le	O
verbe	O
rejoindrait	O
alors	O
d’autres	O
sens	O
qui	O
se	O
rattachent	O
au	O
dérivé	O
σκοπός,	O
le	O
but,	O
ce	O
qui	O
est	O
visé	O
(Chantraine	O
2009,	O
s.v.	O
σκέπτομαι).	O
À	O
cela	O
s’ajoute	O
une	O
remarque	O
contextuelle	O
:	O
dans	O
ce	O
passage	O
méthodologique	O
des	O
Épidémies	B-PER
I,	L-PER
pour	O
élaborer	O
sa	O
vision	O
projective,	O
le	O
médecin	O
se	O
soucie	O
beaucoup	O
des	O
choses	O
invisibles.	O
Son	O
examen	O
s’appuie	O
en	O
effet	O
sur	O
l’étude	O
des	O
discours	O
que	O
le	O
patient	O
tient	O
lui-même,	O
qui	O
sont	O
tenus	O
sur	O
le	O
patient,	O
afin	O
de	O
déterminer	O
son	O
éthos	O
de	O
malade,	O
ainsi	O
que	O
sur	O
les	O
rêves	O
et	O
visions	O
du	O
malade,	O
qui	O
sont	O
situées	O
au	O
cœur	O
de	O
ce	O
passage	O
méthodologique.	O
Dans	O
un	O
texte	O
du	O
Pronostic	U-MISC
en	O
outre,	O
le	O
verbe	O
σκέπτεσθαι	O
désigne,	O
à	O
nouveau	O
sans	O
complément	O
d’objet,	O
une	O
vision	O
de	O
ce	O
que	O
deviendra	O
la	O
maladie,	O
de	O
la	O
manière	O
dont	O
«	O
tournera	O
»	O
la	O
maladie	O
:	O
«	O
En	O
fait,	O
il	O
faut	O
y	O
réfléchir	O
dès	O
le	O
premier	O
jour,	O
et	O
ensuite	O
chercher	O
à	O
bien	O
voir,	O
à	O
chaque	O
addition	O
de	O
groupe	O
de	O
quatre	O
jours	O
(καὶ	O
καθ’	O
ἑκάστην	O
τετράδα	O
προστιθεμένην	O
σκέπτεσθαι).	O
Et	B-MISC
il	I-MISC
ne	I-MISC
vous	I-MISC
échappera	I-MISC
pas	L-MISC
quel	O
tour	O
prendra	O
la	O
maladie	O
(ὅπῃ	O
τρέψεται)	O
»	O
(Pronostic,	O
c.	O
20	O
=	O
Littré,	B-MISC
2,	I-MISC
168,	I-MISC
6	L-MISC
-	O
170,	O
9.)	O
Dans	O
le	O
σκοπεῖν,	O
se	O
trouve	O
donc	O
l’idée	O
d’une	O
vision	O
qui	O
se	O
structure	O
à	O
partir	O
de	O
données	O
invisibles	O
autant	O
qu’à	O
partir	O
de	O
perceptions	O
sensibles	O
et	O
qui,	O
surtout,	O
porte	O
sur	O
l’invisible	O
qu’est	O
l’avenir.	O
Il	O
y	O
a	O
là	O
l’opération	O
mentale	O
qui	O
fonde	O
le	O
pronostic.	O
Autrement	U-PER
dit,	O
le	O
médecin	O
doit	O
«	O
guetter	O
»	O
(autre	O
sens	O
de	O
certains	O
dérivés	O
de	O
σκέπτομαι,	O
selon	O
Chantraine)	O
un	O
ensemble	O
de	O
manifestations,	O
accessibles	O
ou	O
non	O
à	O
une	O
perception	O
par	O
les	O
sens,	O
pour	O
proposer	O
un	O
pronostic	O
sur	O
le	O
déroulement,	O
la	O
fin	O
de	O
la	O
maladie.	O
Le	O
sens	O
de	O
σκοπεῖν	O
ainsi	O
défini	O
rejoint	O
alors	O
en	O
partie	O
des	O
sens	O
qu’on	O
peut	O
trouver	O
chez	O
Platon,	U-MISC
où	O
le	O
verbe	O
désigne	O
non	O
une	O
observation	O
sensible	O
mais	O
une	O
activité	O
de	O
l’âme	U-MISC
nettement	O
distincte	O
de	O
la	O
perception.	O
C’est	O
très	O
clair	O
dans	O
le	O
Théétète	U-LOC
où	O
le	O
σκοπεῖν	O
est	O
une	O
vision	O
que	O
l’âme	U-MISC
a	O
des	O
«	O
communs	O
»	O
ou	O
de	O
l’être,	O
qui	O
est	O
opposée	O
à	O
la	O
vue	O
des	O
sens	O
Dans	B-MISC
le	I-MISC
Théétète,	L-MISC
il	O
y	O
a	O
plusieurs	O
emplois	O
de	O
σκοπεῖν,	U-LOC
appliqués	O
à	O
la	O
vision	O
de	O
l’âme,	O
à	O
partir	O
de	O
la	O
page	O
185,	O
vision	O
qui	O
n’est	O
précisément	O
pas	O
une	O
perception	O
des	O
phénomènes.	O
Cf.	O
un	O
passage	O
qui	O
utilise	O
justement	O
la	O
tripartition	O
temporelle	O
de	O
la	O
mantique	O
et	O
du	O
pronostic	O
:	O
«	O
C’est	O
du	O
beau,	O
du	O
laid,	O
du	O
bien	O
et	O
du	O
mal	O
que	O
l’âme	U-MISC
me	O
paraît	O
voir	O
(σκοπεῖσθαι)	O
l’être	O
(οὐσίαν),	O
par	O
une	O
comparaison	O
mutuelle,	O
quand	O
elle	O
réfléchit	O
en	O
elle-même	O
sur	O
le	O
passé,	O
le	O
présent	O
et	O
l’avenir.	O
»	O
.	O
Le	O
σκοπεῖν,	O
dans	O
le	O
récit	O
de	O
la	O
pestilence	O
thucydidéen,	O
intransitif	O
lui	O
aussi,	O
évoque	O
une	O
«	O
prévision	O
»	O
du	O
déroulement	O
de	O
la	O
maladie,	O
propre	O
à	O
protéger	O
du	O
découragement	O
et	O
de	O
l’ignorance.	O
Cette	O
vision	O
qui	O
anticipe	O
sera	O
peut-être	O
rendue	O
possible	O
lors	O
de	O
la	O
prochaine	O
épidémie	O
grâce	O
précisément	O
au	O
récit	O
circonstancié	O
que	O
l’historien	O
propose	O
de	O
la	O
peste	O
(II,	O
48)	O
Thucydide,	U-PER
I,	O
48,	O
3,	O
je	O
traduis	O
:	O
«	O
Pour	O
moi	O
je	O
dirai	O
comment	O
la	O
pestilence	O
se	O
produisait,	O
et	O
les	O
choses	O
qui	O
permettraient	O
de	O
la	O
prévoir	O
(ἀφ’	O
ὧν	O
ἄν	O
τις	O
σκοπῶν),	U-LOC
si	O
elle	O
s’abattait	O
à	O
nouveau,	O
et	O
de	O
disposer	O
au	O
mieux	O
de	O
quelque	O
connaissance	O
préalable	O
sans	O
être	O
dans	O
l’ignorance	O
(μάλιστ’	O
ἂν	O
ἔχοι	O
τι	O
προειδὼς	O
μὴ	O
ἀγνοεῖν).	O
»	O
J.	B-PER
De	I-PER
Romilly	L-PER
traduit	O
ainsi	O
:	O
«	O
les	O
signes	O
à	O
observer	O
pour	O
pouvoir,	O
si	O
jamais	O
elle	O
se	O
reproduisait…	O
»	O
(La	O
Guerre	B-MISC
du	I-MISC
Péloponnèse,	L-MISC
CUF,	O
p.	O
35).	O
.	O
Cette	O
définition	O
du	O
σκοπεῖν	O
médical	O
comme	O
prévision	O
du	O
déroulement	O
à	O
venir	O
de	O
la	O
maladie,	O
comme	O
formalisation	O
de	O
l’avenir	O
plutôt	O
que	O
comme	O
repérage	O
du	O
champ	O
du	O
visible	O
physique	O
vaut-elle	O
pour	O
les	O
occurrences	O
où	O
le	O
verbe	O
reçoit	O
un	O
objet	O
?	O
Il	O
y	O
a	O
bien	O
en	O
effet	O
aussi	O
un	O
σκοπεῖν	O
qui	O
porte	O
sur	O
des	O
signes	O
pathologiques.	O
Cependant,	U-LOC
même	O
ce	O
regard-là	O
n’est	O
pas	O
nécessairement	O
à	O
comprendre	O
comme	O
une	O
«	O
observation	O
».	U-ORG
Il	O
faut	O
s’intéresser	O
à	O
sa	O
dynamique	O
La	B-MISC
question	I-MISC
des	I-MISC
regards	I-MISC
médicaux	I-MISC
reste	I-MISC
encore	I-MISC
à	I-MISC
explorer.	L-MISC
Il	O
existe	O
en	O
revanche	O
de	O
nombreux	O
travaux	O
d’anthropologie	O
du	O
regard	O
ancien,	O
comme	O
en	O
témoignent	O
G.	B-PER
Jay-Robert	L-PER
et	O
E.	B-PER
Valette	L-PER
(2014),	O
qui	O
dressent	O
le	O
tableau	O
des	O
tendances	O
de	O
la	O
recherche	O
sur	O
cette	O
question.	O
.	O
Quels	O
sont	O
les	O
objets	O
du	O
σκοπεῖν	O
du	O
médecin,	O
par	O
exemple	O
dans	O
le	O
Pronostic	B-LOC
Ainsi,	L-LOC
d’après	O
la	O
pagination	O
de	O
l’édition	O
de	O
Jouanna	U-PER
2013,	O
pour	O
ce	O
qui	O
concerne	O
indifféremment	O
σκοπέω	O
et	O
σκέπτομαι,	O
il	O
y	O
a	O
2	O
occurrences	O
intransitives	O
:	O
p.	O
4,	O
ligne	O
1	O
;	O
p.	O
59,	O
10.	O
P.	O
7,	O
1,	O
le	O
mot	O
renvoie	O
au	O
regard	O
porté	O
sur	O
les	O
signes,	O
σημεῖα,	O
et	O
notamment	O
ceux	O
du	O
visage	O
;	O
p.	O
8,	O
3,	O
le	O
verbe	O
renvoie	O
au	O
regard	O
porté	O
sur	O
la	O
blancheur	O
ou	O
la	O
lividité	O
des	O
paupières	O
pendant	O
le	O
sommeil	O
;	O
en	O
21,	O
5	O
aux	O
gonflements	O
sous	O
le	O
nombril	O
;	O
à	O
la	O
page	O
25,	O
7,	O
au	O
noircissement	O
et	O
à	O
la	O
lividité	O
des	O
doigts	O
et	O
des	O
mains.	O
Ce	O
regard	O
sur	O
les	O
signes	O
de	O
la	O
main,	O
pris	O
entre	O
les	O
polarités	O
du	O
trop	O
noir	O
et	O
du	O
trop	O
blanc,	O
est	O
d’ailleurs	O
associé	O
dans	O
ce	O
dernier	O
cas	O
à	O
la	O
nécessité	O
de	O
tenir	O
compte	O
du	O
fait	O
que	O
la	O
maladie	O
fasse	O
«	O
dépôt	O
»,	U-LOC
c’est-à-dire	O
ait	O
passé	O
l’étape	O
de	O
la	O
crise.	O
P.	B-MISC
35,	L-MISC
ligne	O
8,	O
le	O
regard	O
porte	O
sur	O
les	O
«	O
nuages	O
»	O
dans	O
les	O
urines,	O
leur	O
forme	O
et	O
leur	O
couleur.	O
Notons	O
que	O
le	O
verbe	O
ὁράω	O
ne	O
se	O
trouve	O
pas	O
dans	O
le	O
traité,	O
et	O
qu’ὄψις	O
s’y	O
rencontre,	O
mais	O
pour	O
désigner	O
la	O
pupille	O
des	O
malades.	O
?	O
Une	O
grande	O
part	O
des	O
choses	O
regardées	O
par	O
le	O
médecin	O
l’est	O
dans	O
le	O
cadre	O
d’une	O
téléologie	O
de	O
l’évolution	O
de	O
la	O
maladie,	O
qui	O
est	O
celle	O
de	O
l’expulsion	O
favorable	O
ou	O
critique	O
de	O
matière	O
morbide.	O
Le	O
regard	O
porté	O
sur	O
les	O
«	O
gonflements	O
»	O
autour	O
du	O
nombril	O
est	O
de	O
ce	O
point	O
de	O
vue	O
assez	O
significatif	O
Je	B-MISC
traduis	I-MISC
le	I-MISC
c.	I-MISC
7,	L-MISC
10,	O
p.	O
21-22	O
de	O
l’édition	O
de	O
Jouanna	U-PER
:	O
«	O
Les	O
amas	O
de	O
pus	O
doivent	O
être	O
ainsi	O
considérés	O
(σκέπτεσθαι)	O
quand	O
ils	O
proviennent	O
du	O
ventre.	O
Ceux	O
qui	O
se	O
tournent	O
vers	O
l’extérieur	O
sont	O
les	O
meilleurs,	O
attendu	O
qu’ils	O
tendent	O
vraiment	O
à	O
l’éclatement	O
et	O
qu’ils	O
font	O
une	O
bosse	O
pointue,	O
mais	O
les	O
grands	O
et	O
plats	O
et	O
qui	O
se	O
bombent	O
moins	O
en	O
pointe,	O
ce	O
sont	O
les	O
pires.	O
Pour	O
ceux	O
qui	O
éclatent	O
à	O
l’intérieur,	O
les	O
meilleurs	O
sont	O
ceux	O
qui	O
n’ont	O
aucune	O
communication	O
avec	O
le	O
monde	O
extérieur,	O
mais	O
qui	O
sont	O
bon	O
contenus,	O
indolores	O
et	O
qui	O
laissent	O
voir	O
une	O
peau	O
extérieure	O
bien	O
uniforme.	O
»	O
.	O
Dans	O
le	O
cas	O
où	O
la	O
purulence	O
semble	O
vouloir	O
percer	O
l’enveloppe	O
corporelle	O
pour	O
se	O
déverser	O
à	O
l’extérieur,	O
il	O
faut	O
être	O
attentif,	O
dit	O
le	O
médecin,	O
à	O
des	O
signes	O
favorables	O
qui	O
indiquent	O
une	O
évacuation	O
imminente	O
(gonflement,	O
formation	O
d’une	O
«	O
pointe	O
»	O
de	O
l’abcès).	O
Si	O
l’évacuation	O
semble	O
au	O
contraire	O
se	O
faire	O
vers	O
l’intérieur	O
du	O
corps,	O
il	O
faut	O
σκέπτεσθαι	O
d’autres	O
signes	O
favorables	O
:	O
le	O
caractère	O
indolore	O
et	O
l’absence	O
de	O
tout	O
changement	O
à	O
la	O
surface	O
de	O
la	O
peau.	O
En	B-MISC
somme	I-MISC
il	I-MISC
faut	I-MISC
guetter	L-MISC
ce	O
qui	O
laisse	O
présager	O
que	O
la	O
purulence	O
interne	O
n’aura	O
pas	O
de	O
contact	O
avec	O
l’extérieur,	O
selon	O
une	O
théorie	O
implicite	O
qui	O
veut	O
que	O
le	O
monde	O
extérieur	O
puisse	O
venir	O
alimenter	O
une	O
maladie	O
intérieure.	O
Une	O
théorie	O
pathologique	O
non	O
exprimée	O
conduit	O
à	O
guetter	O
un	O
phénomène	O
invisible,	O
une	O
absence	O
de	O
changement	O
du	O
corps	O
du	O
malade.	O
Ce	O
qui	O
«	O
s’observe	O
»	O
dans	O
le	O
corps,	O
c’est	U-MISC
donc	O
du	O
réel	O
(vu	O
à	O
travers	O
le	O
prisme	O
téléologique	O
de	O
l’excrétion	O
salvatrice	O
Les	O
choses	O
corporelles	O
peuvent	O
être	O
aussi	O
vues	O
à	O
travers	O
le	O
prisme	O
de	O
l’éloge	U-PER
et	O
du	O
blâme	O
(le	O
verbe	O
μέμφεσθαι	O
est	O
utilisé	O
deux	O
fois	O
à	O
propos	O
du	O
regard	O
porté	O
sur	O
les	O
urines	O
dans	O
Jouanna	U-PER
2013,	O
p.	O
35-36),	O
ou	O
encore	O
de	O
la	O
ressemblance	O
et	O
de	O
la	O
dissemblance	O
à	O
soi	O
du	O
corps	O
malade	O
(«	O
Il	O
faut	O
regarder	O
ainsi,	O
σκέπτεσθαι,	O
dans	O
les	O
maladies	O
aiguës	O
:	O
d’abord	O
le	O
visage	O
du	O
malade	O
pour	O
savoir	O
s’il	O
est	O
semblable,	O
ὅμοιον,	O
à	O
celui	O
des	O
gens	O
en	O
bonne	O
santé,	O
et	O
surtout	O
s’il	O
est	O
semblable	O
à	O
lui-même	O
»,	U-LOC
c.	O
2).	O
),	O
et	O
de	O
l’invisible.	O
De	O
ce	O
point	O
de	O
vue,	O
ce	O
sont	O
bien	O
des	O
σημεῖα	O
sur	O
lesquels	O
porte	O
le	O
regard	O
médical	O
(cf.	O
l’expression	O
σημεῖα	O
σκέπτεσθαι,	O
Pronostic,	U-MISC
p.	O
7,	O
ligne	O
1),	O
au	O
sens	O
où	O
ce	O
qui	O
est	O
objet	O
de	O
vision	O
est	O
signe	O
d’avenir,	O
le	O
signe	O
pouvant	O
être	O
concrètement	O
sous	O
les	O
yeux	O
ou	O
bien	O
en	O
partie	O
imaginé.	O
Exprimé	U-LOC
par	O
σκοπεῖν,	O
le	O
regard	O
du	O
médecin	O
se	O
concentre	O
d’ailleurs	O
à	O
deux	O
reprises	O
dans	O
le	O
Pronostic	U-LOC
sur	O
les	O
zones	O
de	O
haute	O
signification	O
que	O
sont	O
les	O
pourtours	O
des	O
yeux	O
du	O
patient	O
endormi	O
(c.	O
2,	O
§	O
6-7)	O
et	O
les	O
nuages	O
de	O
ses	O
urines	O
(c.	O
12,	O
§	O
9)	U-LOC
Les	O
yeux	O
sont	O
un	O
objet	O
privilégié	O
du	O
regard	O
médical	O
comme	O
l’a	O
souligné	O
L.	B-PER
Villard	L-PER
(2005),	O
œil	O
qui	O
résiste	O
d’ailleurs	O
aux	O
descriptions	O
exhaustives,	O
comme	O
le	O
souligne	O
l’auteur	O
de	O
l'article	O
:	O
«	O
cette	O
richesse	O
des	O
signes	O
à	O
observer	O
dans	O
l’œil	O
est	O
telle	O
que	O
certains	O
médecins	O
–	U-ORG
comme	O
celui	O
des	O
Épidémies	B-PER
VI	L-PER
–	O
n’arrivent	O
pas	O
au	O
bout	O
de	O
leur	O
énumération	O
et	O
la	O
terminent	O
par	O
“et	O
tout	O
le	O
reste	O
qui	O
est	O
passé	O
sous	O
silence”	O
»,	U-PER
p.	O
111-112.	O
Le	B-MISC
regard	I-MISC
médical	L-MISC
se	O
perd	O
ici	O
dans	O
l’ineffable.	O
?	O
Les	O
nuages,	O
comme	O
la	O
surface	O
brillante	O
et	O
changeante	O
des	O
yeux,	O
évoquent	O
des	O
objets	O
privilégiés	O
de	O
la	O
mantique,	O
des	O
σημεῖα	O
justement,	O
dont	O
les	O
changements	O
de	O
forme	O
et	O
de	O
couleurs	O
prêtent	O
à	O
des	O
spéculations	O
infinies.	O
Les	O
médecins	O
n’hésitent	O
pas	O
à	O
se	O
faire	O
dogmatiques	O
sur	O
la	O
durée	O
des	O
maladies	O
:	O
les	O
schémas	O
de	O
la	O
temporalité	O
critiques	O
qu’ils	O
professent	O
seraient	O
toujours	O
valables	O
et	O
les	O
signes	O
pronostiques	O
toujours	O
ceux	O
qu’ils	O
décrivent	O
Citons	O
les	O
derniers	O
mots	O
du	O
Pronostic,	U-MISC
c.	O
25	O
:	O
«	O
Et	O
il	O
ne	O
faut	O
regretter	O
l'absence	O
du	O
nom	O
d'aucune	O
maladie	O
qui	O
ne	O
soit	O
pas	O
écrit	O
ici	O
;	O
car	O
toutes	O
les	O
maladies	O
qui	O
se	O
jugent	O
dans	O
les	O
périodes	O
indiquées	O
plus	O
haut,	O
tu	O
les	O
connaîtras	O
au	O
moyen	O
des	O
mêmes	O
signes.	O
»	O
.	O
De	O
telles	O
affirmations	O
contribuent	O
aussi	O
à	O
fragiliser	O
encore	O
l’hypothèse	O
d’un	O
élan	O
permanent	O
vers	O
l’observation	O
Un	O
autre	O
biais	O
dans	O
l’observation	O
peut	O
être	O
dû	O
d’ailleurs	O
au	O
passage	O
à	O
l’écrit	O
lui-même,	O
comme	O
le	O
souligne	O
King	U-PER
(1998)	O
à	O
propos	O
des	O
cas	O
pathologiques	O
des	O
Épidémies,	U-LOC
p.	O
55	O
et	O
68.	O
Elle	O
s’appuie	O
notamment	O
sur	O
les	O
travaux	O
de	O
B.	B-PER
J.	I-PER
Good	L-PER
(1994),	O
Medecine,	B-MISC
Rationality	I-MISC
and	I-MISC
Experience	L-MISC
:	O
an	O
anthropological	O
perspective,	O
sur	O
la	O
médecine	O
d’époque	O
moderne,	O
qui	O
étudie	O
les	O
procédures	O
de	O
mise	O
en	O
forme	O
qui	O
structurent	O
l’écriture	O
des	O
«	O
cas	O
»	O
pathologique,	O
et	O
transforment	O
un	O
«	O
individu	O
»	O
en	O
«	O
cas	O
».	U-MISC
.	O
Au	O
sens	O
moderne	O
cette	O
pratique	O
devrait	O
être	O
toujours	O
prompte	O
à	O
démentir	O
les	O
théories	O
obsolètes	O
:	O
or,	O
certains	O
médecins	O
semblent	O
avant	O
tout	O
soucieux	O
de	O
voir	O
définitivement	O
acceptés	O
et	O
reconnus	O
leurs	O
pronostics.	O
Que	O
penser	O
de	O
cela	O
?	O
Les	O
descriptions	O
sophistiquées	O
du	O
corps	O
seraient-elles	O
alors	O
au	O
service	O
de	O
la	O
construction	O
d’une	O
autorité	O
de	O
devin	O
ou	O
de	O
visionnaire	O
plutôt	O
que	O
destinées	O
à	O
montrer	O
l’exemple	O
à	O
un	O
apprenti	O
et	O
à	O
ouvrir	O
la	O
voie	O
à	O
une	O
observation	O
scrupuleuse	O
?	O
La	O
portée	O
didactique	O
des	O
écrits	O
médicaux	O
dits	O
hippocratiques	O
et	O
leur	O
capacité	O
à	O
inciter	O
et	O
guider	O
dans	O
l’observation	O
étaient	O
au	O
contraire	O
mises	O
en	O
avant	O
dans	O
lecture	O
d’	O
Hippocrate	U-PER
que	O
donnait	O
l’Encyclopédie	O
:	O
non	O
content	O
de	O
produire	O
une	O
observation,	O
le	O
père	O
de	O
la	O
médecine,	O
par	O
une	O
«	O
narration	O
»	O
didactique	O
et	O
transparente	O
de	O
la	O
maladie,	O
incitait	O
à	O
des	O
observations	O
complémentaires	O
pour	O
faire	O
progresser	O
la	O
connaissance.	O
L’exposé	O
sur	O
les	O
fièvres	O
du	O
Pronostic,	U-MISC
qui	O
pourrait	O
sembler	O
proposer	O
un	O
calendrier	O
des	O
«	O
observations	O
»	O
à	O
faire	O
pour	O
les	O
fièvres,	O
permet	O
de	O
résoudre	O
en	O
partie	O
la	O
question.	O
Je	O
donne	O
ici	O
une	O
traduction	O
de	O
ce	O
texte	O
complexe	O
(c.	O
20	O
=	O
Littré,	B-MISC
2,	I-MISC
168,	I-MISC
6	L-MISC
-	O
170,	O
9	O
=	O
Langholf	U-LOC
1990,	O
p.	O
95	O
=	O
Jouanna	U-PER
2013,	O
p.	O
57-59)	O
:	O
Les	O
fièvres	O
dont	O
on	O
se	O
sort	O
et	O
celles	O
dont	O
on	O
meurt	O
sont	O
jugées	O
(κρίνονται)	O
aux	O
mêmes	O
jours,	O
pour	O
ce	O
qui	O
est	O
du	O
nombre	O
(τὸν	O
ἀριθμόν).	O
Les	O
fièvres	O
les	O
plus	O
bénignes,	O
avec	O
les	O
signes	O
les	O
plus	O
sûrs	O
pour	O
départ	O
(ἐπὶ	O
σημείων	O
ἀσφαλεστάτων	O
βεβῶτες)	U-LOC
se	O
terminent	O
au	O
4ème	O
jour	O
ou	O
plus	O
tôt	O
(τεταρταῖοι	O
παύονται	O
ἢ	O
πρόσθεν).	O
Les	O
plus	O
malignes,	O
apparaissant	O
avec	O
les	O
signes	O
les	O
plus	O
dangereux,	O
tuent	O
au	O
4ème	O
jour	O
ou	O
plus	O
tôt.	O
C’est	O
la	O
fin	O
de	O
leur	O
première	O
attaque	O
(πρώτη	O
ἔφοδος).	O
La	B-MISC
deuxième	L-MISC
attaque	O
s’étend	O
jusqu’au	O
7ème	O
jour	O
(ἐς	O
τὴν	O
ἑβδόμην	O
περιάγεται),	O
la	O
troisième	O
jusqu’au	O
11ème,	O
la	O
quatrième	O
jusqu’au	O
14ème,	O
la	O
cinquième	O
jusqu’au	O
17ème,	O
la	O
sixième	O
jusqu’au	O
20ème.	O
Dans	B-MISC
les	I-MISC
maladies	I-MISC
les	I-MISC
plus	I-MISC
aiguës,	I-MISC
ces	I-MISC
attaques	L-MISC
se	O
terminent	O
au	O
20ème	O
jour,	O
par	O
addition	O
de	O
4	O
en	O
4	O
(διὰ	O
τεσσάρων	O
ἐς	O
τὰς	O
εἴκοσιν	O
ἐκ	O
προσθέσιος	O
τελευτῶσιν).	O
Rien	B-MISC
de	I-MISC
cela	L-MISC
ne	O
peut	O
être	O
calculé	O
en	O
jours	O
entiers	O
de	O
façon	O
exacte	O
(ἀριθμεῖσθαι	O
ἀτρεκέως),	O
car	O
ni	O
l’année	O
ni	O
les	O
mois	O
ne	O
sont	O
de	O
nature	O
à	O
être	O
calculés	O
en	O
jours	O
entiers.	O
Ensuite,	U-MISC
par	O
la	O
même	O
méthode	O
(τρόπῳ)	O
et	O
par	O
la	O
même	O
addition	O
(πρόσθεσιν),	O
la	O
première	O
période	O
(περίοδος)	U-ORG
se	O
produit	O
en	O
34	O
jours	O
(τεσσάρων	O
καὶ	O
τριήκοντα	O
ἡμερέων),	O
la	O
seconde	O
en	O
40	O
jours,	O
et	O
la	O
troisième	O
en	O
60	O
jours.	O
Il	O
est	O
très	O
difficile	O
de	O
pronostiquer,	O
au	O
début	O
de	O
celles-ci,	O
celles	O
qui	O
vont	O
être	O
jugées	O
dans	O
un	O
très	O
long	O
délai	O
(ἐν	O
πλείστῳ	O
χρόνῳ	O
κρίνεσθαι),	O
car	O
leurs	O
commencements	O
sont	O
très	O
semblables.	O
En	O
fait,	O
il	O
faut	O
y	O
réfléchir	O
dès	O
le	O
premier	O
jour,	O
et	O
ensuite	O
chercher	O
à	O
bien	O
voir,	O
à	O
chaque	O
addition	O
de	O
groupe	O
de	O
quatre	O
jours	O
(καὶ	O
καθ’	O
ἑκάστην	O
τετράδα	O
προστιθεμένην	O
σκέπτεσθαι).	O
Et	B-MISC
il	I-MISC
ne	I-MISC
vous	I-MISC
échappera	I-MISC
pas	L-MISC
quel	O
tour	O
prendra	O
la	O
maladie	O
(ὅπῃ	O
τρέψεται).	O
On	B-MISC
peut,	I-MISC
dans	I-MISC
une	I-MISC
première	I-MISC
lecture,	L-MISC
par	O
provision,	O
donner	O
à	O
ce	O
texte	O
le	O
statut	O
traditionnel	O
de	O
«	O
description	O
»	O
des	O
fièvres,	O
de	O
leurs	O
«	O
paroxysmes	O
»	O
et	O
de	O
leurs	O
«	O
crises	O
».	U-ORG
Il	O
permettrait	O
alors	O
de	O
dénombrer	O
les	O
moments	O
importants	O
d’un	O
type	O
de	O
maladie,	O
en	O
tracerait	O
le	O
déroulement,	O
proposerait	O
une	O
sorte	O
de	O
description	O
clinique	O
générale	O
des	O
fièvres.	O
Le	O
pronostic	O
s’appuierait	O
sur	O
une	O
connaissance	O
générale	O
des	O
fièvres,	O
acquise	O
grâce	O
à	O
une	O
longue	O
expérience,	O
une	O
longue	O
fréquentation	O
des	O
cas	O
particuliers,	O
savoir	O
général	O
qui,	O
on	O
le	O
voit,	O
laisserait	O
aussi	O
la	O
place	O
avec	O
souplesse	O
à	O
différentes	O
types	O
de	O
déroulement	O
pathologiques	O
possibles.	O
Pour	O
que	O
description	O
clinique	O
il	O
y	O
ait,	O
il	O
faut	O
aussi	O
que	O
les	O
données	O
soient	O
exactes	O
et	O
précises	O
:	O
c’est	U-MISC
ce	O
qui	O
semble	O
d’abord	O
apparaître	O
ici.	O
Non	O
seulement	O
le	O
médecin	O
a	O
relevé	O
les	O
jours	O
précis	O
où	O
il	O
y	O
a	O
des	O
paroxysmes,	O
mais	O
en	O
outre,	O
il	O
permet	O
à	O
son	O
disciple	O
ou	O
interlocuteur	O
de	O
reprendre	O
et	O
vérifier	O
ses	O
«	O
observations	O
»,	U-LOC
en	O
lui	O
demandant	O
de	O
se	O
livrer	O
lui-même	O
à	O
des	O
«	O
observations	O
»,	U-LOC
«	O
tous	O
les	O
quatre	O
jours	O
».	U-ORG
Les	O
généralisations	O
du	O
maître	O
seraient	O
là	O
pour	O
être	O
complétées,	O
vérifiées,	O
par	O
de	O
nouvelles	O
observations	O
du	O
disciple.	O
Hippocrate	U-PER
observateur,	O
pédagogue	O
et	O
soucieux	O
du	O
progrès	O
des	O
connaissances	O
?	O
Cette	O
lecture	O
ne	O
tient	O
toutefois	O
pas	O
longtemps.	O
Tout	O
d’abord,	O
l’importance	O
du	O
nombre	O
4,	O
dont	O
tous	O
les	O
chiffres	O
avancés	O
sont	O
des	O
multiples,	O
introduit	O
un	O
doute	O
sur	O
la	O
neutralité	O
de	O
l’observation	O
médicale	O
des	O
fièvres.	O
L’abondance	O
du	O
vocabulaire	O
de	O
la	O
nécessité	O
que	O
relève	O
P.	B-PER
Demont	L-PER
(2014)	O
semblerait	O
aussi	O
signaler	O
qu’on	O
a	O
un	O
processus	O
de	O
formalisation	O
mathématique.	O
Autrement	U-PER
dit,	O
la	O
rigueur	O
du	O
système	O
temporel	O
ici	O
présenté	O
est	O
souhaitée	O
et	O
voulue	O
plutôt	O
que	O
constatée	O
dans	O
un	O
compte-rendu	O
pathologique.	O
Déroutant	U-LOC
est	O
aussi	O
le	O
flou	O
du	O
calendrier	O
que	O
donne	O
le	O
médecin,	O
qui	O
n’en	O
semble	O
plus	O
vraiment	O
un.	O
En	O
effet,	O
le	O
point	O
de	O
départ	O
du	O
décompte	O
du	O
temps	O
de	O
la	O
maladie	O
est	O
imprécis	O
(«	O
4ème	O
jour	O
ou	O
plus	O
tôt	O
»).	U-MISC
Les	O
maladies	O
fébriles	O
ont	O
une	O
première	O
attaque	O
au	O
bout	O
de	O
quatre	O
jours,	O
mais	O
cela	O
peut	O
être	O
plus	O
tôt,	O
ce	O
qui	O
fragilise	O
tout	O
le	O
système	O
qui	O
dépend	O
de	O
ce	O
quatrième	O
jour	O
fondateur.	O
En	O
outre,	O
les	O
jours	O
eux-mêmes	O
sont	O
des	O
unités	O
de	O
mesure	O
dont	O
la	O
durée	O
peut	O
varier	O
(«	O
Rien	O
de	O
cela	O
ne	O
peut	O
être	O
calculé	O
en	O
jours	O
entiers	O
de	O
façon	O
exacte,	O
ἀριθμεῖσθαι	O
ἀτρεκέως,	O
car	O
ni	O
l’année	O
ni	O
les	O
mois	O
ne	O
sont	O
de	O
nature	O
à	O
être	O
calculés	O
en	O
jours	O
entiers	O
»).	U-MISC
Enfin,	O
la	O
maladie	O
a	O
une	O
durée	O
totale	O
qui	O
n’est	O
pas	O
précisée	O
:	O
on	O
peut	O
additionner	O
les	O
périodes	O
par	O
inclusion	O
ou	O
exclusion.	O
La	O
durée	O
de	O
la	O
maladie	O
est	O
ainsi	O
ambiguë	O
allant	O
du	O
simple	O
au	O
triple,	O
de	O
soixante	O
jours	O
à	O
134	O
jours	O
selon	O
qu’on	O
compte	O
par	O
inclusion	O
ou	O
exclusion	O
(la	O
première	O
période,	O
περίοδος,	O
se	O
produit	O
en	O
34	O
jours,	O
τεσσάρων	O
καὶ	O
τριήκοντα	O
ἡμερέων,	O
la	O
seconde	O
en	O
40	O
jours,	O
et	O
la	O
troisième	O
en	O
60	O
jours)	O
Jouanna,	U-PER
dans	O
son	O
édition	O
(2013,	O
p.	O
217),	O
refuse	O
l’ambiguïté,	O
et	O
d’après	O
la	O
lecture	O
que	O
fait	O
Galien	U-PER
de	O
ce	O
texte,	O
compte	O
les	O
jours	O
par	O
inclusion.	O
Toutefois,	U-PER
rien	O
dans	O
le	O
texte	O
grec	O
n’y	O
oblige,	O
et	O
Langholf	U-LOC
(1990,	O
p.	O
97	O
et	O
sq.)	O
a,	O
je	O
crois,	O
raison	O
d’en	O
souligner	O
l’ambiguïté.	O
.	O
Ces	O
remarques	O
de	O
détail	O
permettent	O
de	O
supposer	O
que	O
le	O
médecin	O
ne	O
se	O
soucie	O
pas	O
d’établir	O
un	O
schéma	O
qui	O
se	O
coordonne	O
avec	O
un	O
temps	O
partageable	O
et	O
compréhensible	O
par	O
le	O
profane.	O
C’est	O
un	O
temps	O
ésotérique	O
de	O
la	O
maladie	O
qui	O
est	O
fixé,	O
destiné	O
à	O
être	O
compris	O
par	O
ceux	O
qui	O
souverainement,	O
voire	O
arbitrairement,	O
décident	O
de	O
son	O
rythme	O
:	O
ceux	O
qui	O
disposent	O
de	O
la	O
technique	O
de	O
vision	O
pronostique.	O
Le	O
médecin	O
livre	O
donc	O
une	O
méthode	O
ésotérique	O
de	O
fabrication	O
du	O
pronostic	O
plutôt	O
qu’il	O
ne	O
décrit	O
des	O
maladies	O
selon	O
des	O
repères	O
temporels	O
communicables	O
:	O
il	O
y	O
a	O
ici	O
très	O
peu	O
de	O
«	O
données	O
»	O
précises	O
sur	O
les	O
moments	O
des	O
accès	O
de	O
fièvres.	O
Un	B-MISC
tel	I-MISC
schéma,	I-MISC
s’il	L-MISC
n’est	O
pas	O
le	O
fruit	O
de	O
la	O
seule	O
«	O
observation	O
»,	U-LOC
ne	O
peut	O
pas	O
non	O
plus	O
la	O
diriger,	O
puisqu’il	O
ne	O
s’inscrit	O
pas	O
dans	O
une	O
temporalité	O
clairement	O
identifiable.	O
L’illusion	U-PER
moderne	O
d’un	O
Hippocrate	U-PER
pédagogue	O
et	O
dispensateur	O
d’un	O
savoir	O
partageable	O
se	O
dissipe.	O
Le	O
flou	O
qu’entretient	O
le	O
médecin	O
est	O
peut-être	O
volontaire	O
:	O
c’est	U-MISC
la	O
maîtrise	O
d’un	O
temps	O
savant	O
qu’il	O
revendique	O
ici,	O
voire	O
l’arbitraire	O
souverain	O
qui	O
lui	O
permet	O
de	O
constater	O
une	O
logique	O
mathématique	O
dans	O
des	O
faits	O
qui	O
en	O
sont	O
dépourvus	O
pour	O
le	O
commun	O
des	O
mortels.	O
On	O
pourrait	O
même	O
voir	O
là	O
une	O
certaine	O
rouerie	O
médicale	O
:	O
le	O
médecin	O
tient	O
à	O
conserver	O
son	O
prestige	O
de	O
«	O
voyant	O
»	O
sans	O
se	O
risquer	O
toutefois	O
à	O
des	O
pronostics	O
datés	O
précisément,	O
qui	O
pourraient	O
être	O
démentis	O
par	O
les	O
faits.	O
L’image	O
d’un	O
Hippocrate	U-PER
inventeur	O
et	O
maître	O
de	O
l’observation	O
clinique,	O
forgée	O
par	O
une	O
certaine	O
histoire	O
moderne	O
de	O
la	O
médecine	O
voulant	O
trouver	O
son	O
origine	O
chez	O
les	O
Grecs,	U-LOC
est	O
trompeuse.	O
L’	B-PER
Hippocrate	L-PER
clinicien	O
est	O
historiquement	O
daté.	O
La	O
construction	O
d’une	O
telle	O
figure	O
permettait	O
de	O
s’opposer	O
à	O
la	O
vieille	O
tradition	O
galénique	O
des	O
universités,	O
favorisait	O
un	O
renouveau	O
de	O
la	O
philologie	O
médicale	O
en	O
France	U-LOC
et	O
permettait	O
plus	O
prosaïquement	O
de	O
justifier	O
des	O
requêtes	O
institutionnelles.	O
En	O
1821,	O
le	O
chevalier	O
de	O
Mercy,	U-LOC
traducteur	O
des	O
Épidémies,	U-LOC
insiste	O
sur	O
l’importance	O
du	O
médecin	O
ancien	O
pour	O
former	O
les	O
jeunes	O
médecins	O
à	O
la	O
clinique,	O
tout	O
en	O
demandant	O
le	O
«	O
rétablissement	O
d’une	O
chaire	O
d’	O
Hippocrate	U-PER
»	O
à	O
l’université	O
de	O
Paris	U-LOC
,	O
chaire	O
qu’il	O
pense	O
bien	O
avoir	O
quelques	O
droits	O
à	O
occuper.	O
É.	B-PER
Littré	L-PER
,	O
au	O
début	O
de	O
son	O
entreprise	O
monumentale	O
d’édition	O
des	O
œuvres	O
d’	O
Hippocrate	U-PER
,	O
destinait	O
quant	O
à	O
lui	O
son	O
œuvre,	O
non	O
au	O
seul	O
public	O
des	O
philologues,	O
mais	O
bien	O
aux	O
amphithéâtres	O
d’étudiants	O
en	O
médecine,	O
soucieux	O
de	O
se	O
former	O
aux	O
sources	O
de	O
la	O
clinique.	O
La	B-MISC
notion	I-MISC
d’observation	I-MISC
tout	I-MISC
comme	I-MISC
certaines	I-MISC
idées	L-MISC
qui	O
lui	O
sont	O
apparentées,	O
notamment	O
le	O
souci	O
d’exactitude	O
des	O
descriptions	O
et	O
la	O
clarté	O
du	O
propos	O
du	O
médecin,	O
cherchent	O
à	O
maintenir	O
les	O
écrits	O
hippocratiques	O
dans	O
les	O
bornes	O
d’une	O
technè	O
rationnelle,	O
à	O
placer	O
la	O
médecine	O
grecque	O
à	O
l’origine	O
du	O
grand	O
procès	O
de	O
la	O
civilisation	O
scientifique.	O
Procédant	B-MISC
d’une	L-MISC
certaine	O
image	O
unifiée	O
de	O
la	O
médecine	O
moderne,	O
cette	O
interprétation	O
imposée	O
aux	O
textes	O
hippocratiques	O
occulte	O
la	O
diversité	O
des	O
pratiques	O
médicales	O
anciennes.	O
Quel	U-LOC
était	O
le	O
regard	O
des	O
médecins	O
anciens	O
?	O
Ou	O
plutôt	O
leurs	O
regards	O
?	O
L’exploration	O
reste	O
à	O
faire.	O
Bibliographie	O
