«	U-LOC
L’extraordinaire	O
du	O
roman,	O
c’est	U-MISC
que	O
pour	O
comprendre	O
le	O
réel	O
objectif,	O
il	O
invente	O
d’inventer	O
»	O
Aragon,	U-LOC
Les	O
cloches	O
de	O
Bâle.	B-ORG
On	I-ORG
constate	I-ORG
l’«	L-ORG
inflation	O
»,	U-MISC
dans	O
les	O
milieux	O
des	O
sciences	O
humaines	O
et	O
de	O
l’anthropologie,	O
de	O
publications	O
récentes	O
dont	O
le	O
titre	O
contient	O
le	O
mot	O
invention	O
:	O
L’invention	O
du	O
sujet	O
moderne	O
;	O
L’invention	O
de	O
Dieu	U-MISC
;	O
L’invention	O
du	O
monde	O
;	O
L’invention	O
de	O
la	O
culture	O
Environ	B-LOC
710	L-LOC
titres	O
de	O
l’Année	O
philologique	O
portent	O
cette	O
mention	O
avec	O
une	O
croissance	O
nette	O
à	O
partir	O
des	O
années	O
2000.	O
Pour	O
une	O
liste	O
indicative,	O
voir	O
la	O
bibliographie.	O
.	O
Aucune	O
notion	O
ne	O
semble	O
aujourd’hui	O
échapper	O
à	O
son	O
invention.	O
S’agissant	O
des	O
Grecs	U-MISC
anciens,	O
est-il	O
nécessaire	O
de	O
rappeler,	O
entre	O
autres,	O
des	O
titres	O
tels	O
que	O
L’Invention	U-MISC
de	O
la	O
mythologie	O
(Detienne	O
1981)	U-MISC
ou	O
L’invention	U-MISC
d’Athènes	O
(Loraux	O
1981)	U-MISC
?	O
Un	O
chercheur	O
contemporain	O
n’hésite	O
pas	O
à	O
relier	O
explicitement	O
l’usage	O
de	O
ce	O
concept	O
à	O
l’école	O
de	O
Paris	U-LOC
:	O
«	O
All	B-MISC
the	I-MISC
scholars	I-MISC
of	I-MISC
this	L-MISC
group	O
appear	O
to	O
be	O
deeply	O
concerned	O
with	O
invention	O
»	O
(Miller	O
2000,	O
p.	O
56).	O
Il	O
semble	O
bien,	O
en	O
effet,	O
y	O
avoir	O
eu	O
un	O
privilège	O
de	O
l’usage	O
du	O
mot	O
invention	O
dans	O
les	O
études	O
anciennes	O
surtout	O
à	O
partir	O
des	O
années	O
80,	O
comme	O
en	O
témoigne,	O
par	O
exemple,	O
la	O
traduction	O
française	O
d’un	O
ouvrage	O
de	O
Moses	B-PER
Finley	L-PER
paru	O
en	O
1983,	O
Politics	B-MISC
in	I-MISC
the	I-MISC
Ancient	I-MISC
World,	L-MISC
qui,	O
deux	O
ans	O
plus	O
tard,	O
a	O
fait	O
date	O
en	O
France	U-LOC
,	O
sous	O
le	O
titre	O
dont	O
apparaît	O
clairement	O
le	O
caractère	O
forcé	O
:	O
L’invention	O
de	O
la	O
politique.	O
Or,	U-PER
si	O
Finley	U-PER
écrit	O
bien	O
(p.	O
53)	O
:	O
«	O
Politics	B-MISC
[…]	I-MISC
were	L-MISC
a	O
Greek	B-MISC
invention	I-MISC
»,	L-MISC
le	O
titre	O
français	O
ne	O
reflète	O
pas	O
l’intention	O
de	O
l’ouvrage	O
(Darbo-Peschanski	O
1986,	O
p.	O
305).	O
Qu’en	U-LOC
est-il	O
du	O
concept	O
d’invention,	O
que	O
signifie	O
exactement	O
l’invention	O
dont	O
on	O
parle	O
?	O
Il	O
y	O
a	O
une	O
différence	O
flagrante	O
entre	O
le	O
point	O
de	O
vue	O
selon	O
lequel	O
les	O
Grecs	U-MISC
ont	O
inventé	O
au	O
sens	O
de	O
découvert	O
le	O
théorème	O
de	O
Pythagore	U-PER
,	O
la	O
géométrie	O
d’	O
Euclide	U-PER
,	O
le	O
cadran	O
solaire,	O
le	O
principe	O
d’	O
Archimède	U-PER
,	O
la	O
machine	O
à	O
vapeur,	O
l’orgue	O
hydraulique,	O
et	O
le	O
point	O
de	O
vue	O
selon	O
lequel	O
ils	O
se	O
sont	O
inventés	O
ou	O
imaginés	O
eux-mêmes.	O
Dans	O
le	O
premier	O
cas,	O
l’invention	O
est	O
entendue	O
au	O
sens	O
heuristique	O
et	O
démiurgique,	O
alors	O
que	O
dans	O
le	O
second	O
cas,	O
elle	O
désigne	O
une	O
fiction	O
idéologique.	O
Le	U-MISC
mot	O
ambigu	O
«	O
invention	O
»,	U-LOC
chargé	O
de	O
rendre	O
intelligible	O
un	O
devenir	O
et	O
ses	O
«	O
événements	O
Les	B-MISC
guillemets	I-MISC
suggèrent	I-MISC
que	I-MISC
le	I-MISC
statut	I-MISC
du	I-MISC
terme	L-MISC
événement	O
ne	O
va	O
pas	O
non	O
plus	O
de	O
soi	O
(Choplin	O
et	O
Soulier	U-PER
2014,	O
p.	O
351-364).	O
»,	U-LOC
fonctionne	O
dans	O
les	O
sciences	O
humaines	O
de	O
manière	O
in-interrogée	O
comme	O
une	O
sorte	O
de	O
fossile	O
verbal,	O
et	O
ce	O
malgré	O
la	O
disparité	O
de	O
modèles	O
d’interprétation	O
tels	O
que	O
celui	O
du	O
«	O
Miracle	U-MISC
grec	O
»	O
selon	O
l’expression	O
bien	O
connue	O
d’Ernest	O
Renan,	U-PER
les	O
paradigmes	O
généalogique	O
et	O
heuristique	O
qui	O
dominent	O
l’après	O
guerre	O
chez	O
Richard	B-PER
Onians	L-PER
et	O
Bruno	B-PER
Snell	L-PER
,	O
l’anthropologie	O
historique	O
et	O
sociologique	O
de	O
Louis	B-PER
Gernet	L-PER
et	O
Jean-Pierre	B-PER
Vernant	L-PER
,	O
ou	O
plus	O
récemment	O
de	O
Nicole	B-PER
Loraux	L-PER
ou	O
Marcel	B-PER
Detienne	L-PER
.	O
Il	O
existe	O
un	O
rapport	O
différentiel	O
entre	O
une	O
série	O
de	O
conventions	O
épistémologiques	O
et	O
culturelles	O
propres	O
à	O
l’anthropologue	O
ou	O
à	O
l’historien	O
qui	O
étudient	O
les	O
Grecs	U-MISC
anciens,	O
et	O
celles	O
des	O
Grecs	B-MISC
anciens	L-MISC
eux-mêmes.	O
Faute	O
de	O
prendre	O
en	O
compte	O
ce	O
rapport	O
et	O
de	O
continuellement	O
le	O
réviser	O
ou	O
le	O
corriger,	O
on	O
tombe	O
dans	O
les	O
anachronismes	O
et	O
les	O
points	O
aveugles	O
épistémologiques	O
et	O
méthodologiques.	O
Un	B-MISC
exemple	I-MISC
:	I-MISC
le	I-MISC
prôtos	I-MISC
heuretès	L-MISC
Un	B-MISC
exemple	I-MISC
est	I-MISC
offert	I-MISC
par	I-MISC
la	I-MISC
façon	L-MISC
dont	O
la	O
tradition	O
grecque	O
du	O
«	O
premier	O
inventeur	O
»	O
(	O
prôtos	O
heuretès	O
)	O
Sur	O
cette	O
tradition	O
bien	O
connue,	O
Kleingünter	B-MISC
1933	L-MISC
;	O
Brelich	U-LOC
1978	O
;	O
Zhmud	U-PER
2006.	O
infiltre	O
les	O
histoires	O
modernes	O
de	O
la	O
science	O
grecque	O
ancienne.	O
Chacun	U-LOC
connaît	O
dans	O
le	O
Prométhée	U-PER
enchaîné	O
d’Eschyle,	O
le	O
titan	O
«	O
premier	O
à	O
inventer	O
»	O
les	O
techniques	O
et	O
la	O
culture	O
(vers	O
465-468)	O
ou	O
encore	O
la	O
figure	O
d’Hermès-Thoth	O
qui	O
concentre	O
toute	O
une	O
série	O
de	O
traditions	O
d’inventions	O
et	O
de	O
révélations	O
Sur	B-MISC
les	I-MISC
modalités	I-MISC
de	I-MISC
la	I-MISC
révélation	L-MISC
:	O
Festugière	U-LOC
1981,	O
p.	O
348-354.	O
à	O
la	O
fois	O
grecques	O
et	O
égyptiennes	O
dont	O
on	O
a	O
des	O
échos	O
chez	O
Platon	U-PER
(Cratyle,	O
407e)	O
et	O
Diodore	B-PER
de	I-PER
Sicile	L-PER
(I,	O
16).	O
Cette	O
«	O
mythologie	O
»	O
de	O
l’origine	O
divine	O
ou	O
héroïque	O
des	O
sciences	O
ou	O
des	O
techniques	O
imprègne	O
les	O
histoires	O
anciennes,	O
comme	O
celles	O
de	O
la	O
musique.	O
Plutarque	U-PER
mentionne	O
les	O
histoires	O
dont	O
les	O
harmoniciens	O
(	O
harmonikoi	O
)	O
sont	O
les	O
auteurs	O
(Plutarque,	O
De	B-MISC
la	I-MISC
Musique,	I-MISC
1136d-e)	L-MISC
et	O
déclare	O
s’appuyer	O
sur	O
les	O
historiens	O
anciens,	O
comme	O
Istros	U-LOC
et	O
Anticleides,	U-LOC
auteurs	O
du	O
iii	O
e	O
siècle	O
avant	O
J.-C.	U-PER
(De	O
la	O
Musique,	B-MISC
1135f-1136a).	L-MISC
Cette	O
«	O
mythologie	O
»	O
imprègne	O
non	O
seulement,	O
à	O
l’époque	O
hellénistique,	O
une	O
pléthore	O
de	O
traités	O
de	O
propagande	O
personnelle,	O
le	O
plus	O
souvent	O
perdus,	O
de	O
médecine,	O
de	O
stratégie,	O
de	O
peinture	O
ou	O
d’architecture	O
Vitruve	U-PER
mentionne	O
une	O
série	O
de	O
traités	O
d’architecture	O
:	O
De	B-MISC
l’architecture,	I-MISC
VII,	I-MISC
introduction	L-MISC
(Gros	O
2015).	O
,	O
mais	O
elle	O
imprègne	O
aussi	O
la	O
Renaissance	U-LOC
(De	O
Rerum	B-LOC
inventoribus	I-LOC
de	L-LOC
Polydore	O
Vergilius),	O
et	O
la	O
Modernité	U-LOC
(par	O
exemple,	O
tout	O
le	O
début	O
du	O
Manuel	B-PER
de	I-PER
Philologie	L-PER
classique	O
de	O
Salomon	B-PER
Reinach,	L-PER
publié	O
en	O
1880,	O
peut	O
être	O
considéré	O
comme	O
un	O
catalogue	O
des	O
grands	O
inventeurs	O
dans	O
les	O
humanités	O
et	O
possède	O
le	O
ton	O
emphatique	O
des	O
histoires	O
hellénistiques,	O
marqué	O
par	O
le	O
ressassement	O
d’adjectifs	O
et	O
de	O
substantifs	O
dans	O
le	O
style	O
de	O
l’éloge	U-PER
:	O
«	O
le	O
plus	O
grand	O
»	O
ou	O
«	O
premier	O
»	O
;	O
«	O
novateur	O
»).	U-MISC
Et	O
selon	O
un	O
effet	O
de	O
miroir	O
symptomatique,	O
on	O
appelait	O
prôtos	O
heuretès	O
de	O
la	O
philologie	O
moderne	O
le	O
philologue	O
allemand	O
Friedrich	O
August	B-PER
Wolf,	L-PER
auteur	O
en	O
1807	O
d’une	O
Darstellung	U-MISC
der	O
Altertumswissenschaft	O
(Hummel	O
2000,	O
p.	O
110)	O
destinée	O
à	O
étayer	O
le	O
récit	O
fondateur	O
de	O
la	O
science	O
allemande	O
qu’est	O
le	O
Griechenmythos	U-LOC
(Andurand	O
2013	O
;	O
Roche	U-LOC
et	O
Demetriou	U-PER
2018).	O
Le	O
«	O
Miracle	B-MISC
grec	L-MISC
»,	U-PER
vanté	O
par	O
Ernest	B-PER
Renan,	L-PER
convoque	O
la	O
figure	O
d’une	O
création	O
unique	O
et	O
fondamentale,	O
ethnologiquement	O
marquée,	O
et	O
caractérisée	O
par	O
un	O
commencement	O
à	O
la	O
fois	O
absolu,	O
singulier,	O
nouveau	O
et	O
immortel.	O
C’est	O
ce	O
même	O
concept	O
d’invention	O
qui	O
anime	O
les	O
travaux	O
de	O
John	B-PER
Burnet	L-PER
(1914,	O
p.	O
3)	O
:	O
«	O
Now	U-MISC
rational	O
science	O
is	O
the	O
creation	O
of	O
the	O
Greeks	O
and	O
we	O
know	O
when	O
it	O
began.	O
»	O
Et	O
passant	O
en	O
revue	O
les	O
traces	O
papyrologiques	O
et	O
archéologiques	O
des	O
sciences	O
d’origine	O
indienne,	O
égyptienne,	O
ou	O
babylonienne,	O
il	O
écrit	O
(1920,	O
p.	O
27)	O
:	O
Nous	O
pouvons	O
résumer	O
tout	O
cela	O
en	O
disant	O
que	O
les	O
Grecs	U-MISC
n’ont	O
emprunté	O
à	O
l’Orient	O
ni	O
leur	O
philosophie	O
ni	O
leur	O
science.	O
Sans	B-MISC
doute	I-MISC
ont-ils	L-MISC
tiré	O
d’	B-MISC
Égypte	L-MISC
certaines	O
règles	O
de	O
mesure	O
qui,	O
une	O
fois	O
généralisées,	O
ont	O
donné	O
naissance	O
à	O
la	O
géométrie	O
tandis	O
que	O
de	O
Babylone	U-LOC
ils	O
ont	O
appris	O
que	O
les	O
phénomènes	O
des	O
cieux	O
se	O
reproduisent	O
circulairement	O
en	O
cycles	O
avec	O
la	O
plus	O
grande	O
régularité.	O
Cette	O
partie	O
de	O
la	O
connaissance	O
avait	O
sans	O
doute	O
beaucoup	O
à	O
voir	O
avec	O
l’essor	O
de	O
la	O
science	O
;	O
parce	O
que	O
cela	O
suggéra	O
aux	O
Grecs	U-MISC
des	O
questions	O
nouvelles,	O
telles	O
que	O
les	O
Babyloniens	U-LOC
ne	O
les	O
avaient	O
pas	O
même	O
rêvées	O
(trad.	O
personnelle).	O
Même	O
si	O
la	O
tradition	O
du	O
Prôtos	U-LOC
heuretès	O
est	O
examinée	O
de	O
manière	O
critique	O
dès	O
1933	O
Kleingünter	B-MISC
1933.	I-MISC
Notons	L-MISC
que	O
Vernant	U-PER
(1971,	O
p.	O
12)	O
n’accorde	O
que	O
peu	O
de	O
place	O
à	O
cette	O
question.	O
,	O
lorsque	O
Kurt	B-PER
von	I-PER
Fritz	L-PER
par	O
exemple,	O
déclare	O
qu’«	O
Hécatée	U-PER
inaugure	O
l’enquête	O
historique	O
»,	U-LOC
qu’«	O
il	O
invente	O
la	O
critique	O
rationnelle	O
des	O
vieilles	O
généalogies	O
»	O
ou	O
qu’«	O
il	O
apporte	O
les	O
lumières	O
du	O
premier	O
esprit	O
scientifique	O
»	O
(1967,	O
I,	U-LOC
p.	O
51),	O
force	O
est	O
de	O
constater	O
qu’il	O
réactive	O
sans	O
aucun	O
recul	O
cette	O
tradition.	O
Il	B-MISC
en	I-MISC
va	I-MISC
de	I-MISC
même	I-MISC
encore	I-MISC
lorsque	I-MISC
le	I-MISC
philologue	L-MISC
Arpad	B-PER
Szabo	L-PER
fait	O
de	O
Pythagore	U-PER
l’inventeur	O
du	O
monocorde	O
(Creese	O
2009,	O
p.	O
85,	O
90,	O
97-99).	O
Or,	U-ORG
en	O
dépit	O
du	O
fait	O
que	O
les	O
Grecs	B-MISC
anciens	L-MISC
eux-mêmes	O
n’hésitaient	O
pas	O
à	O
reconnaître	O
d’autres	O
peuples	O
comme	O
inventeurs	O
(Zhmud	O
2006,	O
p.	O
40)	O
Ajoutons	U-MISC
qu’ils	O
allaient	O
jusqu’à	O
reconnaître	O
les	O
animaux	O
comme	O
leurs	O
maîtres,	O
et	O
ce	O
dès	O
le	O
vii	O
e	O
siècle,	O
comme	O
en	O
témoigne	O
le	O
fragment	O
d’Alcman	O
(fr.	O
39	O
Page)	U-MISC
qui	O
proclame	O
qu’il	O
inventa	O
(heure)	O
des	O
vers	O
et	O
un	O
melos	O
en	O
composant	O
à	O
partir	O
de	O
la	O
voix	O
(opa)	O
modulante	O
(geglôssamenon)	O
des	O
katabis	O
(des	O
perdrix,	O
selon	O
Athénée	B-PER
9,	L-PER
43,	O
4).	O
,	O
l’invention	O
fonctionne	O
dans	O
l’historiographie	O
moderne	O
comme	O
l’attracteur	O
d’une	O
histoire	O
avide	O
de	O
se	O
donner	O
un	O
patrimoine.	O
On	O
invente	O
les	O
anciens	B-MISC
Grecs	L-MISC
comme	O
ces	O
grands	O
inventeurs	O
dont	O
il	O
s’agit	O
de	O
saluer	O
le	O
génie,	O
la	O
puissance	O
créatrice	O
inauguratrice	O
d’une	O
tradition	O
ancestrale	O
dans	O
une	O
temporalité	O
faite	O
d’événements,	O
on	O
invente	O
ses	O
inventeurs	O
J’emprunte	U-PER
la	O
formule	O
à	O
Atkinson	B-ORG
(2007).	L-ORG
.	O
L’invention	O
face	O
à	O
ses	O
paradigmes	O
Il	O
existe	O
toutefois	O
plusieurs	O
modèles	O
heurématographiques	O
(au	O
sens	O
où	O
ils	O
font	O
intervenir	O
l’invention,	B-ORG
Zhmud	L-ORG
2006,	O
p.	O
23).	O
C’est	O
pourquoi	O
il	O
nous	O
faut	O
revenir	O
sur	O
ce	O
qui	O
a	O
déterminé	O
des	O
anthropologues	O
comme	O
Louis	B-PER
Gernet	L-PER
à	O
user	O
du	O
mot	O
invention	O
en	O
opposition	O
non	O
pas	O
simplement	O
à	O
un	O
modèle	O
d’invention	O
relié	O
à	O
la	O
thèse	O
du	O
«	O
Miracle	U-MISC
grec	O
»,	U-LOC
mais	O
aussi	O
aux	O
paradigmes	O
généalogique	O
et	O
heuristique	O
qui	O
dominent	O
l’anthropologie	O
de	O
l’après-guerre	O
chez	O
Onians	U-LOC
et	O
Snell.	U-LOC
En	O
1946	O
paraissait	O
le	O
livre	O
de	O
Bruno	B-PER
Snell,	I-PER
Die	I-PER
Entdeckung	I-PER
des	I-PER
Geistes	L-PER
(La	O
découverte	O
de	O
l’esprit),	O
et	O
en	O
1951,	O
la	O
version	O
finale	O
du	O
livre	O
à	O
gestation	O
longue	O
de	O
Richard	B-PER
Broxton	L-PER
Onians,	O
The	B-MISC
Origins	I-MISC
of	I-MISC
European	I-MISC
Thought.	L-MISC
Selon	O
cet	O
auteur,	O
c’est	U-MISC
un	O
paradigme	O
généalogique	O
qui	O
fonde	O
l’histoire,	O
et	O
l’origine	O
de	O
la	O
pensée	O
européenne	O
est	O
grecque	O
(Introduction,	O
p.	O
7).	O
Et,	U-MISC
après	O
avoir	O
déclaré	O
que	O
Thalès	U-PER
et	O
Anaximandre	U-PER
sont	O
les	O
«	O
branches	O
»	O
survivantes	O
d’un	O
«	O
arbre	O
»	O
beaucoup	O
plus	O
vaste,	O
il	O
enchaîne	O
(p.	O
7)	U-ORG
:	O
Tout	O
au	O
long	O
des	O
siècles	O
passés,	O
se	O
tend	O
la	O
tige	O
de	O
la	O
parenté	O
(	O
stretches	O
the	O
parent	O
stem	O
),	O
la	O
pensée	O
de	O
la	O
race	O
(	O
the	O
thought	O
of	O
the	O
race	O
),	O
le	O
système	O
de	O
croyances	O
par	O
lequel	O
la	O
race	O
se	O
rendit	O
intelligible	O
à	O
elle-même,	O
pour	O
de	O
nombreuses	O
générations	O
(whereby	O
the	O
race	O
rendered	O
intelligible	O
to	O
itself	O
for	O
many	O
generations),	O
la	O
vie	O
de	O
l’homme	O
et	O
le	O
monde	O
dans	O
lequel	O
vit	O
l’homme	O
;	O
une	O
foi	O
à	O
l’œuvre,	O
avec	O
de	O
légères	O
différences,	O
sans	O
doute,	O
d’un	O
endroit	O
à	O
un	O
autre,	O
et	O
qui	O
s’accroît	O
progressivement	O
de	O
la	O
pensée	O
de	O
ces	O
individus	O
dont	O
la	O
contribution	O
n’est	O
plus	O
discernable	O
aujourd’hui	O
et	O
dont	O
le	O
nom	O
est	O
à	O
jamais	O
perdu.	O
Ses	O
racines	O
(	O
its	O
roots	O
)	O
sont	O
profondément	O
enfouies	O
comme	O
les	O
races	O
convergentes	O
de	O
l’union	O
heureuse	O
desquelles	O
a	O
jailli	O
le	O
tronc	O
que	O
nous	O
connaissons	O
(	O
as	O
the	O
converging	O
races	O
from	O
whose	O
happy	O
union	O
sprang	O
the	O
stock	O
we	O
know	O
).	O
Les	B-MISC
Philosophies	L-MISC
plus	O
tardives,	O
les	O
théories	O
des	O
individus	O
et	O
des	O
écoles,	O
sont	O
des	O
critiques	O
et	O
des	O
améliorations,	O
de	O
plus	O
en	O
plus	O
parfaites,	O
sur	O
le	O
fond	O
de	O
ce	O
schème	O
racial	O
(upon	O
this	O
racial	O
scheme)	U-ORG
et	O
ne	O
peuvent	O
pas	O
être	O
correctement	O
comprises	O
indépendamment	O
de	O
leur	O
rapport	O
à	O
lui	O
(trad.	O
personnelle).	O
Le	O
cadre	O
idéologique	O
de	O
ce	O
passage	O
est	O
remarquable	O
et	O
la	O
traduction	O
ne	O
doit	O
pas	O
l’édulcorer	O
Dans	B-MISC
la	I-MISC
traduction	I-MISC
française	L-MISC
(Onians	O
1999,	O
p.	O
7),	O
ce	O
vocabulaire	O
est	O
évité	O
:	O
«	O
la	O
souche	O
mère	O
»	O
traduit	O
«	O
the	O
parent	O
stem	O
»	O
;	O
«	O
les	O
ancêtres	O
»	O
traduit	O
«	O
the	O
race	O
»	O
;	O
«	O
sur	O
fond	O
de	O
cet	O
héritage	O
»	O
traduit	O
«	O
this	O
racial	O
scheme	O
».	B-MISC
C’est	L-MISC
d’autant	O
plus	O
surprenant	O
que	O
l’expression	O
«	O
converging	O
races»	O
est	O
quant	O
à	O
elle	O
traduite	O
par	O
«	O
races	O
convergentes	O
».	U-ORG
:	O
la	O
métaphore	O
de	O
l’arbre	O
généalogique	O
et	O
des	O
racines	O
voisine	O
avec	O
le	O
paradigme	O
de	O
la	O
race	O
qui	O
transmet	O
un	O
héritage	O
à	O
travers	O
les	O
siècles.	O
On	O
comprend	O
que	O
Richard	B-PER
Onians	L-PER
devait	O
être	O
critiqué	O
par	O
Jean-Pierre	B-PER
Vernant	L-PER
qui	O
a	O
parfaitement	O
saisi	O
l’intention	O
idéologique	O
présente	O
dans	O
son	O
œuvre	O
:	O
«	O
l’homme	O
grec	O
se	O
trouve,	O
dans	O
cette	O
perspective,	O
élevé	O
au-dessus	O
des	O
autres	O
peuples,	O
prédestiné	O
»	O
(Vernant	O
1957,	O
p.	O
183).	O
Bruno	B-PER
Snell	L-PER
,	O
qui	O
avait	O
pourtant	O
réfléchi	O
sur	O
la	O
pertinence	O
anthropologique	O
de	O
la	O
notion	O
d’invention,	U-MISC
tombe	O
aussi	O
sous	O
le	O
coup	O
des	O
critiques	O
de	O
Jean-Pierre	B-PER
Vernant	L-PER
.	O
Lorsqu’il	U-LOC
rédige	O
son	O
célèbre	O
chapitre	O
«	O
Zur	B-PER
Entstehung	L-PER
des	O
geschichtlichen	O
Bewusstsein	O
»	O
(littéralement	O
«	O
la	O
Formation	U-MISC
de	O
la	O
conscience	O
historique	O
»),	O
Bruno	B-PER
Snell	L-PER
,	O
qui	O
appelle	O
Hérodote	U-PER
«	O
le	O
Père	B-LOC
de	I-LOC
l’Histoire	I-LOC
»,	L-LOC
considère	O
que	O
l’histoire	O
marque	O
l’avènement	O
de	O
la	O
rationalité	O
dans	O
la	O
littérature	O
grecque,	O
à	O
côté	O
des	O
autres	O
disciplines	O
que	O
sont	O
la	O
philosophie	O
et	O
les	O
sciences	O
de	O
la	O
nature	O
et	O
la	O
géographie	O
(Snell	O
1994,	O
p.	O
206).	O
Et	U-MISC
il	O
souligne	O
l’originalité	O
heuristique	O
des	O
Grecs	U-MISC
(p.	O
214)	O
:	O
Les	O
Grecs	U-MISC
ont	O
eu	O
la	O
chance	O
de	O
vivre,	O
depuis	O
l’époque	O
des	O
migrations	O
doriennes	O
jusqu’au	O
début	O
du	O
cinquième	O
siècle,	O
dans	O
un	O
lieu	O
à	O
l’abri	O
de	O
l’histoire	O
mondiale,	O
et	O
ils	O
ont	O
consolidé	O
ce	O
privilège	O
en	O
créant	O
leur	O
culture	O
spécifique.	O
Leurs	U-LOC
temples	O
constituent	O
des	O
édifices	O
monumentaux	O
bien	O
différents	O
des	O
forteresses	O
de	O
l’époque	O
archaïque	O
ou	O
des	O
sanctuaires	O
de	O
l’Orient.	O
Assurément	U-ORG
leur	O
architecture	O
alla	O
chercher	O
en	O
Égypte	U-LOC
certaines	O
idées,	O
mais	O
elle	O
était	O
nouvelle.	O
Cet	O
extrait	O
permet	O
immédiatement	O
de	O
remarquer	O
comment	O
le	O
paradigme	O
généalogique	O
(illustré	O
par	O
la	O
paternité	O
d’	O
Hérodote	U-PER
)	O
se	O
noue	O
au	O
paradigme	O
heuristique,	O
et	O
comment	O
les	O
notions	O
d’avènement,	O
de	O
nouveauté	O
et	O
d’originalité	O
se	O
joignent	O
à	O
l’idée	O
de	O
la	O
découverte	O
«	O
chanceuse	O
»	O
suggérant,	O
qu’on	O
le	O
veuille	O
ou	O
non,	O
le	O
«	O
miracle	O
grec	O
».	U-ORG
Mais	O
le	O
plus	O
intéressant	O
est	O
ceci	O
:	O
l’auteur	O
a	O
hésité,	O
au	O
moment	O
de	O
choisir	O
son	O
titre,	O
entre	O
les	O
mots	O
«	O
découverte	O
»	O
et	O
«	O
invention	O
».	U-ORG
Au	O
terme	O
d’une	O
réflexion	O
sur	O
la	O
pertinence	O
des	O
deux	O
notions	O
au	O
regard	O
de	O
celle	O
d’Esprit,	O
il	O
finit	O
par	O
s’expliquer	O
ainsi	O
:	O
‘La	O
découverte	O
de	O
l’Esprit’	O
signifie	O
autre	O
chose	O
que	O
lorsqu’on	O
dit	O
de	O
Christophe	B-PER
Colomb	L-PER
qu’il	O
a	O
découvert	O
l’Amérique	O
:	O
l’Amérique	O
existait	O
avant	O
la	O
découverte,	O
l’esprit	O
européen	O
est	O
né	O
en	O
étant	O
découvert	O
;	O
il	O
acquiert	O
une	O
existence	O
dans	O
la	O
conscience	O
de	O
soi	O
de	O
l’homme.	O
Pourtant	O
c’est	U-MISC
sciemment	O
que	O
nous	O
employons	O
ici	O
le	O
terme	O
découverte.	O
On	O
n’a	O
pas	O
inventé	O
l’esprit	O
comme	O
l’homme	O
invente	O
un	O
outil	O
pour	O
améliorer	O
ses	O
organes	O
corporels,	O
ou	O
encore	O
une	O
méthode	O
pour	O
aborder	O
un	O
problème	O
particulier.	O
Ce	O
n’est	O
pas	O
quelque	O
chose	O
qu’on	O
aurait	O
imaginé	O
arbitrairement	O
ou	O
que	O
l’on	O
pourrait	O
façonner,	O
comme	O
des	O
inventions	O
que	O
l’on	O
modifie	O
pour	O
les	O
mieux	O
adapter	O
à	O
leur	O
finalité	O
;	O
à	O
la	O
différence	O
d’une	O
invention,	O
l’esprit	O
n’est	O
pas	O
associé	O
à	O
une	O
fin	O
;	O
d’une	O
certaine	O
façon	O
il	O
existait	O
avant	O
que	O
d’être	O
découvert,	O
mais	O
sous	O
une	O
autre	O
forme,	O
et	O
non	O
pas	O
en	O
tant	O
qu’esprit	O
(Snell	O
1994,	O
p.	O
8).	O
L’Esprit	U-MISC
se	O
constitue	O
par	O
l’acte	O
de	O
sa	O
propre	O
découverte	O
:	O
En	O
disant	O
que	O
les	O
Grecs	U-MISC
ont	O
découvert	O
l’esprit	O
(dass	O
die	O
Griechen	B-PER
den	I-PER
Geist	L-PER
entdecken),	O
[…]	O
nous	O
entendons	O
[…]	O
que	O
l’Esprit	O
se	O
réalise	O
par	O
cet	O
acte	O
(dass	O
der	O
Geist	U-LOC
dadurch	O
erst	O
wird).	O
L’Esprit	U-MISC
est	O
une	O
réalité	O
performative,	O
comme	O
un	O
acte	O
de	O
langage.	O
Découvrir	U-LOC
l’Esprit,	O
cette	O
entité	O
éminemment	O
téléologique,	O
c’est	U-MISC
cette	O
étrange	O
opération,	O
accomplie	O
par	O
les	O
Grecs,	U-LOC
par	O
laquelle	O
découvrir	O
c’est	U-MISC
instantanément	O
susciter	O
en	O
soi.	O
Comme	O
le	O
dit	O
ironiquement	O
encore	O
Jean-Pierre	B-PER
Vernant	L-PER
(1957,	O
p.	O
183)	O
:	O
«	O
La	O
pensée	O
vraie	O
ne	O
saurait	O
avoir	O
d’autre	O
origine	O
qu’elle-même.	O
»	O
Le	O
paradigme	O
heuristique	O
de	O
l’invention	O
est,	O
si	O
l’on	O
peut	O
dire,	O
«	O
auto-génératif	O
».	U-ORG
Il	O
en	O
découle	O
que	O
des	O
auteurs	O
obéissant	O
au	O
paradigme	O
généalogique,	O
comme	O
Richard	B-PER
Onians	L-PER
qui	O
croit	O
en	O
une	O
souche	O
ethnique	O
providentielle	O
conduisant	O
au	O
rameau	O
grec	O
et	O
au-delà	O
des	O
Grecs	U-MISC
à	O
la	O
pensée	O
occidentale,	O
ou	O
des	O
auteurs	O
qui	O
suivent	O
un	O
paradigme	O
heuristique,	O
comme	O
Bruno	B-PER
Snell	L-PER
qui	O
croit	O
en	O
une	O
révélation	O
grecque,	O
un	O
avènement	O
grec,	O
une	O
invention	O
de	O
l’esprit,	O
voire	O
de	O
l’Esprit,	O
reconduisent	O
l’idéologie	U-LOC
selon	O
laquelle	O
les	O
Grecs,	U-LOC
«	O
premiers	O
inventeurs	O
»,	U-PER
ont	O
eu	O
la	O
«	O
révélation	O
brusque	O
et	O
inconditionnée	O
de	O
la	O
Raison	U-PER
»	O
(Vernant	O
1957,	O
p.	O
187).	O
Rappelons	O
que	O
pour	O
Vernant	U-PER
,	O
l’invention	O
ne	O
relève	O
pas	O
d’une	O
création	O
originale	O
et	O
unique,	O
mais	O
d’une	O
construction,	O
élaboration	O
innovante,	O
en	O
rupture	O
avec	O
ce	O
qui	O
précède,	O
et	O
globale,	O
dès	O
lors	O
qu’elle	O
concerne	O
toute	O
une	O
série	O
de	O
phénomènes	O
culturels	O
et	O
sociaux	O
intriqués	O
et	O
reliés	O
entre	O
eux.	O
C’est	O
ainsi	O
que	O
dans	O
Les	B-MISC
Origines	I-MISC
de	I-MISC
la	I-MISC
pensée	I-MISC
grecque	L-MISC
(1962),	O
il	O
montre	O
comment	O
les	O
cités	O
grecques	O
d’Asie	O
Mineure	U-LOC
du	O
vi	U-MISC
e	O
siècle	O
av.	O
J.-C.	U-PER
sont	O
passées	O
«	O
du	O
mythe	O
à	O
la	O
raison	O
»,	U-LOC
de	O
la	O
«	O
religion	O
»	O
à	O
la	O
«	O
science	O
»,	U-LOC
suivant	O
une	O
perspective	O
qui	O
privilégie	O
précisément	O
l’invention	O
considérée	O
à	O
partir	O
de	O
connotations	O
telles	O
que	O
la	O
rupture,	O
le	O
tournant,	O
la	O
mutation,	O
convoquées	O
pour	O
combattre	O
l’idéologie	O
de	O
la	O
notion	O
éternelle.	O
Or,	U-ORG
c’est	O
Louis	B-PER
Gernet	L-PER
qui	O
passe	O
pour	O
avoir	O
défini	O
la	O
méthode	O
de	O
l’anthropologie	O
historique	O
et	O
sociologique	O
dans	O
son	O
livre	O
Recherches	U-LOC
sur	O
le	O
développement	O
de	O
la	O
pensée	O
juridique	O
et	O
morale	O
en	O
Grèce,	U-LOC
paru	O
en	O
1917.	O
Ce	B-MISC
qui	I-MISC
intéresse	I-MISC
ce	I-MISC
sociologue	L-MISC
qui	O
est	O
aussi	O
un	O
historien,	O
écrit	O
Jean-Pierre	B-PER
Vernant	L-PER
,	O
ce	O
sont	O
moins	O
les	O
systèmes	O
constitués	O
que	O
la	O
façon	O
dont	O
ils	O
se	O
sont	O
successivement	O
construits,	O
modifiés,	O
décomposés	O
:	O
les	O
périodes	O
de	O
crise,	O
les	O
mutations,	O
les	O
ruptures,	O
les	O
innovations	O
dans	O
tous	O
les	O
domaines	O
et	O
sur	O
tous	O
les	O
plans	O
de	O
la	O
vie	O
sociale.	O
Ces	O
faits	O
de	O
changement,	O
brusques	O
et	O
profonds,	O
qu’ils	O
soient	O
d’ordre	O
technique,	O
économique,	O
religieux,	O
scientifique,	O
ou	O
esthétique,	O
comportent	O
toujours	O
une	O
dimension	O
proprement	O
humaine.	O
[…]	O
Louis	B-PER
Gernet	L-PER
apporte	O
sur	O
ce	O
point	O
une	O
démonstration	O
décisive	O
quand	O
il	O
examine	O
en	O
Grèce	U-LOC
ancienne	O
toute	O
une	O
série	O
de	O
«	O
tournants	O
»	O
où	O
les	O
mutations	O
mentales	O
et	O
les	O
changements	O
sociaux	O
apparaissent	O
en	O
raison	O
dialectique	O
:	O
avènement	O
du	O
droit	O
à	O
partir	O
du	O
pré-droit,	O
création	O
de	O
la	O
monnaie	O
et	O
dégagement	O
du	O
plan	O
de	O
l’économie	O
à	O
partir	O
de	O
comportements	O
qui	O
impliquent	O
une	O
notion	O
mythique	O
de	O
la	O
valeur,	O
naissance	O
de	O
la	O
Cité	O
et	O
d’une	O
pensée	O
politique,	O
origine	O
de	O
la	O
philosophie	O
(Gernet	O
1968,	O
p.	O
IV-V).	O
Dans	O
sa	O
préface	O
au	O
livre	O
rassemblant	O
des	O
textes	O
inédits	O
de	O
Louis	B-PER
Gernet,	L-PER
réunis	O
par	O
Riccardo	B-PER
Di	I-PER
Donato,	L-PER
Les	O
Grecs	U-MISC
sans	O
miracle	O
(1983),	O
Jean-Pierre	B-PER
Vernant	L-PER
rappelle	O
qu’il	O
s’agissait	O
tout	O
d’abord	O
de	O
s’opposer	O
au	O
«	O
Miracle	B-MISC
grec	L-MISC
»,	U-PER
et	O
il	O
reconnaît	O
dans	O
l’œuvre	O
de	O
Louis	B-PER
Gernet	L-PER
la	O
méthode	O
de	O
l’anthropologie	O
sociologique	O
qui	O
consistait	O
à	O
substituer	O
à	O
ce	O
qu’on	O
peut	O
considérer	O
comme	O
une	O
histoire	O
de	O
mirabilia,	O
une	O
autre	O
histoire	O
fondée	O
sur	O
la	O
construction	O
de	O
systèmes	O
sociaux	O
plutôt	O
que	O
sur	O
des	O
systèmes	O
constitués,	O
c’est-à-dire	O
sur	O
leurs	O
modifications	O
et	O
sur	O
les	O
ruptures.	O
Louis	B-PER
Gernet	L-PER
voulait	O
rompre	O
avec	O
l’éternité	O
de	O
la	O
cité	O
ou	O
de	O
l’homme	O
grec,	O
ou	O
encore	O
avec	O
l’âme	U-MISC
éternelle	O
de	O
l’humanité	O
et	O
avec	O
la	O
philologie	O
concomitante	O
de	O
telles	O
idées,	O
représentée	O
par	O
Rudolf	B-PER
Hirzel	L-PER
dans	O
sa	O
monographie	O
à	O
propos	O
de	O
laquelle	O
Louis	B-PER
Gernet	L-PER
écrit	O
(1917,	O
p.	O
7)	O
:	O
La	O
justice	O
reste	O
une	O
pure	O
Idée	U-PER
;	O
d’enseignement	O
positif	O
sur	O
la	O
conscience	O
grecque,	O
point	O
de	O
pertinent,	O
sinon	O
que	O
c’est	U-MISC
la	O
même	O
chose	O
dans	O
toutes	O
les	O
«	O
démocraties	O
»	O
et	O
qu’il	O
n’y	O
a	O
rien	O
de	O
nouveau	O
sous	O
le	O
soleil.	O
Toutefois,	U-PER
en	O
dépit	O
des	O
éloges	O
dont	O
le	O
couvre	O
Jean-Pierre	B-PER
Vernant	L-PER
,	O
il	O
convient	O
de	O
noter	O
la	O
persistance	O
chez	O
Louis	B-PER
Gernet	L-PER
,	O
du	O
lexique	O
de	O
l’explication	O
génétique,	O
de	O
l’évolution,	U-MISC
et	O
même	O
du	O
progrès	O
(1917,	O
p.	O
28	O
à	O
propos	O
d’	O
Hésiode	U-PER
),	O
ou	O
encore	O
du	O
passage	O
de	O
la	O
mentalité	O
primitive	O
à	O
la	O
mentalité	O
rationnelle	O
(p.	O
12-13).	O
Subsiste,	B-MISC
de	I-MISC
façon	L-MISC
latente	O
aussi,	O
l’idéologie	O
d’une	O
sorte	O
d’épopée	O
gréco-européenne	O
du	O
dépassement	O
de	O
la	O
mentalité	O
primitive,	O
et	O
de	O
ses	O
conquêtes	O
spirituelles.	O
Louis	B-PER
Gernet	L-PER
,	O
il	O
faut	O
le	O
rappeler,	O
est	O
aussi	O
l’auteur	O
d’un	O
livre	O
au	O
titre	O
éloquent	O
:	O
Le	O
Génie	B-MISC
grec	I-MISC
dans	I-MISC
la	I-MISC
religion	L-MISC
(1932),	O
dont	O
les	O
premiers	O
mots	O
ne	O
le	O
sont	O
pas	O
moins	O
(p.	O
9)	O
:	O
Dans	O
la	O
formation	O
de	O
l’humanité	O
qui	O
est	O
la	O
nôtre,	O
l’apport	O
de	O
la	O
Grèce	U-LOC
a	O
une	O
valeur	O
singulière.	O
Il	O
faut	O
le	O
voir	O
où	O
il	O
est.	O
On	O
peut	O
dire,	O
sinon	O
à	O
la	O
lettre,	O
du	O
moins	O
pratiquement,	O
que	O
les	O
Grecs	U-MISC
ont	O
inventé	O
la	O
géométrie	O
et	O
la	O
monnaie	O
;	O
on	O
se	O
doute	O
de	O
ce	O
qui	O
s’ensuit	O
:	O
ce	O
que	O
nous	O
appelons	O
la	O
raison	O
vient	O
de	O
là.	O
Quant	O
à	O
la	O
langue,	O
à	O
l’instar	O
de	O
la	O
philologie	O
de	O
Richard	B-PER
Onians	L-PER
,	O
elle	O
n’est	O
considérée	O
qu’en	O
tant	O
qu’elle	O
conserve	O
les	O
traces	O
d’une	O
généalogie.	O
Ne	O
négligeons	O
pas	O
le	O
fait	O
que	O
c’est	U-MISC
dans	O
cette	O
veine	O
que	O
se	O
développe	O
une	O
certaine	O
histoire	O
des	O
sciences	O
:	O
par	O
exemple,	O
parce	O
qu’il	O
était	O
impossible	O
de	O
faire	O
correspondre	O
les	O
géométries	O
grecques	O
ou	O
indiennes	O
avec	O
les	O
géométries	O
babyloniennes	O
ou	O
sumériennes,	O
et	O
de	O
prouver	O
que	O
la	O
géométrie	O
s’était	O
ensuite	O
diffusée	O
vers	O
les	O
Grecs	U-MISC
ou	O
les	O
Indiens,	B-MISC
certains,	L-MISC
comme	O
Bartel	B-PER
Van	I-PER
der	I-PER
Waerden	L-PER
,	O
ont	O
émis	O
l’hypothèse	O
que	O
c’est	U-MISC
finalement	O
la	O
racine	O
indo-européenne	O
commune	O
des	O
langues	O
indiennes	O
et	O
grecques	O
qui	O
expliquerait	O
la	O
géométrie	O
dépendant	O
de	O
leurs	O
rituels	O
communs	O
(Staal	O
1999).	O
On	O
ne	O
s’étonnera	O
pas	O
en	O
conséquence	O
de	O
la	O
sévérité	O
des	O
critiques	O
venues	O
d’un	O
autre	O
antiquisant	O
et	O
comparatiste	O
éminent,	O
Gustave	B-PER
Glotz	L-PER
(1918)	O
:	O
Qu’il	O
le	O
veuille	O
ou	O
non	O
il	O
(i.e.	O
Gernet	U-MISC
)	O
procède	O
par	O
pure	O
déduction.	O
Il	O
retrouve	O
dans	O
ses	O
conclusions	O
les	O
notions	O
qu’il	O
a	O
introduites	O
dans	O
ses	O
prémisses	O
soit	O
par	O
une	O
rétroactivité	O
consciente	O
soit	O
par	O
fidélité	O
inconsciente	O
à	O
la	O
doctrine.	O
[…]	O
La	O
hardiesse	O
plus	O
que	O
philologique	O
de	O
la	O
pensée,	O
avec	O
l’idée	O
plus	O
qu’historique	O
de	O
s’élever	O
à	O
l’unité,	U-LOC
c’est	U-MISC
ce	O
qui	O
caractérise	O
la	O
métaphysique	O
:	O
M.	O
Gernet	U-PER
est	O
un	O
métaphysicien.	O
Disons	U-MISC
mieux	O
:	O
il	O
apparaît	O
quelques	O
fois	O
comme	O
un	O
croyant	O
qui	O
démontre	O
les	O
dogmes	O
qu’il	O
admet	O
a	O
priori.	O
Tout	O
en	O
rompant	O
avec	O
l’illusion	O
du	O
Miracle	U-MISC
grec,	O
Louis	B-PER
Gernet	L-PER
convoquait	O
une	O
notion	O
d’invention	O
assurément	O
désacralisée,	O
mais	O
se	O
définissant	O
néanmoins	O
à	O
partir	O
de	O
ce	O
qui	O
la	O
suit,	O
l’évolution	O
mentale	O
s’accomplissant	O
selon	O
une	O
perspective	O
a	O
parte	O
post.	O
D’où	O
la	O
fréquence	O
dans	O
ses	O
écrits	O
de	O
formules	O
contenant	O
les	O
préfixes	O
pré-	O
ou	O
proto.	O
Il	B-MISC
en	I-MISC
est	L-MISC
de	O
même	O
des	O
catégories	O
ou	O
des	O
paramètres	O
tels	O
que	O
l’origine	O
spatio-temporelle	O
:	O
d’où	O
vient	O
telle	O
chose	O
;	O
quand	O
s’est-elle	O
manifestée	O
;	O
au	O
terme	O
de	O
quel	O
processus	O
;	O
sous	O
quelle(s)	O
forme(s)	O
?,	O
etc.	O
Tel	U-MISC
est	O
le	O
cas	O
emblématique	O
de	O
la	O
notion	O
d’individu	O
(Gernet	O
2001,	O
p.	O
5)	U-MISC
:	O
«	O
L’idée	O
claire	O
et	O
distincte	O
de	O
l’individu	O
est	O
une	O
conquête	O
de	O
la	O
pensée	O
humaine.	O
»	O
Pour	O
ces	O
raisons,	O
l’école	O
de	O
Paris	U-LOC
,	O
à	O
commencer	O
par	O
Jean-Pierre	B-PER
Vernant	L-PER
lui-même,a	O
abandonné	O
ce	O
qui	O
pouvait	O
encore	O
demeurer	O
chez	O
Louis	B-PER
Gernet	L-PER
de	O
conceptions	O
progressistes	O
de	O
l’histoire	O
au	O
sens	O
des	O
penseurs	O
des	O
xviii	O
e	O
et	O
xix	O
e	O
siècles,	O
tels	O
que	O
Herbert	B-PER
Spencer,	I-PER
Auguste	I-PER
Comte	L-PER
ou	O
même	O
Hegel	U-PER
(Vernant	O
1957,	O
p.	O
184)	O
:	O
Au	O
cours	O
des	O
cinquante	O
dernières	O
années	O
[…]	O
la	O
confiance	O
de	O
l’Occident	O
en	O
ce	O
monopole	O
de	O
la	O
Raison	U-PER
a	O
été	O
entamée.	O
La	B-MISC
crise	I-MISC
de	I-MISC
la	I-MISC
Physique	L-MISC
et	O
de	O
la	O
science	O
contemporaines	O
a	O
ébranlé	O
les	O
fondements	O
qu’on	O
croyait	O
définitifs	O
de	O
la	O
logique	O
classique.	O
Le	O
contact	O
avec	O
les	O
grandes	O
civilisations	O
spirituellement	O
différentes	O
de	O
la	O
nôtre,	O
comme	O
l’	O
Inde	U-LOC
et	O
la	O
Chine	U-LOC
,	O
a	O
fait	O
éclater	O
le	O
cadre	O
de	O
l’humanisme	O
traditionnel.	O
L’Occident	U-MISC
ne	O
peut	O
plus	O
aujourd’hui	O
prendre	O
sa	O
pensée	O
pour	O
la	O
pensée	O
[…]	O
La	O
pensée	O
rationnelle,	O
dans	O
le	O
temps	O
où	O
elle	O
s’inquiète	O
de	O
son	O
avenir	O
et	O
qu’elle	O
met	O
en	O
question	O
ses	O
principes,	O
se	O
tourne	O
vers	O
ses	O
origines.	O
L’Anthropologie	U-LOC
comme	O
science	O
des	O
«	O
idéologies	O
»	O
Un	O
refus	O
inquiet	O
et	O
sceptique	O
de	O
l’ethnocentrisme	O
imprègne,	O
on	O
le	O
voit,	O
la	O
quête	O
des	O
origines.	O
La	O
conséquence	O
de	O
ce	O
scepticisme	O
est	O
une	O
histoire	O
dans	O
laquelle	O
désormais	O
la	O
temporalité	O
change.	O
Au	O
lieu	O
d’être	O
une	O
succession	O
d’événements,	O
le	O
temps	O
fait	O
coïncider	O
l’origine	O
et	O
la	O
fin.	O
Ainsi,	U-PER
dans	O
le	O
livre	O
de	O
Francis	B-PER
Macdonald	L-PER
Cornford,	O
publié	O
en	O
1953,	O
Principium	B-MISC
Sapientiae.	I-MISC
The	I-MISC
Origins	I-MISC
of	I-MISC
greek	L-MISC
philosophical	O
Thought,	U-MISC
la	O
rationalité	O
baigne	O
dans	O
la	O
religion,	O
selon	O
l’esprit	O
des	O
recherches	O
des	O
Cambridge	B-ORG
Ritualists,	L-ORG
dont	O
la	O
bergsonienne	O
et	O
durkheimienne	O
Jane	B-PER
Ellen	I-PER
Harrison	L-PER
avait	O
constitué	O
une	O
figure	O
de	O
proue.	O
Comme	B-MISC
le	L-MISC
dit	O
Jean-Pierre	B-PER
Vernant	L-PER
de	O
la	O
philosophie	O
(1957,	O
p.	O
184)	O
:	O
Elle	O
transpose	O
dans	O
une	O
forme	O
laïcisée	O
et	O
sur	O
un	O
plan	O
de	O
pensée	O
plus	O
abstraite,	O
le	O
système	O
de	O
représentation	O
que	O
la	O
religion	O
a	O
élaboré.	O
Notons	O
que	O
l’idée	O
de	O
transposition	O
qu’il	O
introduit	O
ici,	O
induisait	O
la	O
notion	O
de	O
renouvellement	O
plus	O
que	O
celle	O
d’invention.	O
Cependant,	O
contre	O
toute	O
attente,	O
ce	O
n’est	O
pas	O
dans	O
ce	O
sens	O
que	O
se	O
dirige	O
Jean-Pierre	B-PER
Vernant	L-PER
,	O
mais	O
bien	O
vers	O
l’idée	O
d’innovation.	O
Car	O
si	O
le	O
mérite	O
de	O
Francis	B-PER
Cornford	L-PER
avait	O
été	O
de	O
mettre	O
en	O
évidence	O
la	O
continuité	O
du	O
mythe	O
et	O
de	O
la	O
raison	O
et	O
de	O
rompre	O
définitivement	O
avec	O
le	O
commencement	O
miraculeux,	O
Jean-Pierre	B-PER
Vernant	L-PER
lui	O
reproche	O
de	O
se	O
borner	O
à	O
retrouver	O
dans	O
la	O
philosophie	O
l’ancien,	O
alors	O
qu’il	O
faut	O
«	O
en	O
dégager	O
le	O
véritablement	O
nouveau	O
»	O
(1957,	O
p.	O
187).	O
Et	B-MISC
le	I-MISC
vocabulaire	I-MISC
convoqué	I-MISC
parle	I-MISC
de	I-MISC
lui-même.	L-MISC
La	O
philosophie	O
est	O
rupture	O
avec	O
le	O
passé,	O
elle	O
inaugure	O
un	O
nouveau	O
«	O
commencement	O
»,	U-LOC
à	O
charge	O
pour	O
l’anthropologue	O
de	O
percevoir	O
cette	O
innovation	O
en	O
innovant	O
lui-même.	O
Le	B-MISC
style	L-MISC
de	O
Jean-Pierre	B-PER
Vernant	L-PER
exprime	O
cette	O
rupture	O
:	O
sans	O
doute	O
le	O
philosophe	O
conserve-t-il	O
les	O
traits	O
religieux	O
du	O
sage,	O
mage,	O
devin	O
comme	O
Phérécyde	U-PER
ou	O
Épiménide	U-PER
;	O
sans	O
doute	O
Parménide	U-PER
mêle-t-il	O
encore	O
le	O
religieux	O
et	O
l’abstrait	O
(1957,	O
p.	O
192-193),	O
et	O
sans	O
doute	O
enfin	O
Pythagore	U-PER
est-il	O
redevable	O
des	O
exercices	O
de	O
respiration	O
shamaniques	O
qui	O
concentrent	O
la	O
psychè	O
diffuse	O
dans	O
le	O
corps	O
pour	O
la	O
détacher	O
du	O
corps	O
(1957,	O
p.	O
195)	O
Vernant	U-MISC
suit	O
Gernet	U-ORG
(1968,	O
p.	O
425).	O
.	O
Mais,	U-PER
soudain,	O
la	O
phrase	O
de	O
Jean-Pierre	B-PER
Vernant	L-PER
marque	O
la	O
mutation	O
:	O
«	O
Pourtant,	O
le	O
premier	O
philosophe	O
n’est	O
plus	O
un	O
shamane	O
»	O
(1957,	O
p.	O
196).	O
Et	B-MISC
l’anthropologue	I-MISC
parle	I-MISC
d’innovation,	L-MISC
de	O
tournant	O
entre	O
le	O
mage	O
et	O
le	O
philosophe	O
(1957,	O
p.	O
194).	O
Plus	O
instructive	O
cependant	O
encore	O
est	O
la	O
façon	O
dont	O
il	O
montre	O
comment	O
la	O
pensée	O
ionienne	O
passe	O
du	O
paradigme	O
de	O
la	O
généalogie	O
à	O
celui	O
de	O
l’archéologie	O
en	O
convoquant	O
les	O
inventions	O
techniques	O
(1957,	O
p.	O
189)	O
:	O
Tant	O
que	O
restaient	O
confondus	O
les	O
deux	O
sens	O
de	O
phuein	O
:	O
produire	O
et	O
enfanter,	O
comme	O
les	O
deux	O
sens	O
de	O
genesis	O
:	O
origine	O
et	O
naissance,	O
l’explication	O
du	O
devenir	O
reposait	O
sur	O
l’image	O
mythique	O
de	O
l’union	O
sexuelle.	O
Comprendre,	U-ORG
c’était	O
trouver	O
le	O
père	O
et	O
la	O
mère,	O
dresser	O
l’arbre	O
généalogique.	O
Chez	O
les	O
Ioniens,	O
les	O
éléments	O
naturels,	O
devenus	O
abstraits,	O
ne	O
peuvent	O
plus	O
s’unir	O
par	O
mariage	O
à	O
la	O
façon	O
des	O
hommes.	O
La	O
cosmologie,	O
par	O
là,	O
ne	O
modifie	O
pas	O
seulement	O
son	O
langage	O
;	O
elle	O
change	O
de	O
contenu.	O
Au	O
lieu	O
de	O
raconter	O
des	O
naissances	O
successives,	O
elle	O
définit	O
les	O
principes	O
premiers,	O
constitutifs	O
de	O
l’être.	O
De	O
récit	O
historique,	O
elle	O
se	O
transforme	O
en	O
un	O
système	O
qui	O
expose	O
la	O
structure	O
profonde	O
du	O
réel.	O
Le	B-MISC
problème	I-MISC
de	I-MISC
la	I-MISC
genèsis	I-MISC
du	I-MISC
devenir,	L-MISC
se	O
mue	O
en	O
une	O
recherche,	O
par-delà	O
le	O
changeant,	O
du	O
stable,	O
du	O
permanent,	O
de	O
l’identique.	O
En	O
même	O
temps,	O
la	O
notion	O
de	O
phusis	O
est	O
soumise	O
à	O
une	O
critique	O
qui	O
la	O
dépouille	O
progressivement	O
de	O
tout	O
ce	O
qu’elle	O
empruntait	O
encore	O
au	O
mythe.	O
On	O
fait	O
appel	O
de	O
plus	O
en	O
plus,	O
pour	O
rendre	O
raison	O
des	O
changements	O
dans	O
le	O
cosmos,	O
aux	O
modèles	O
qu’offrent	O
les	O
ingéniosités	O
techniques,	O
au	O
lieu	O
de	O
se	O
référer	O
à	O
la	O
vie	O
animale	O
ou	O
à	O
la	O
croissance	O
des	O
plantes.	O
L’homme	U-LOC
comprend	O
mieux	O
et	O
autrement,	O
ce	O
qu’il	O
a	O
lui-même	O
construit.	O
Ce	O
texte	O
qui	O
rend	O
compte	O
avec	O
tant	O
d’acuité	O
du	O
passage	O
du	O
paradigme	O
botanique	O
et	O
généalogique	O
au	O
paradigme	O
technologique	O
de	O
la	O
cosmologie	O
et	O
de	O
la	O
phusis	O
grecque,	O
demeure	O
aveugle	O
à	O
ses	O
propres	O
présupposés	O
heurématographiques.	O
On	O
constate	O
que	O
la	O
notion	O
d’invention	O
est	O
élargie	O
de	O
façon	O
à	O
envelopper	O
à	O
la	O
fois	O
la	O
construction	O
d’un	O
modèle	O
de	O
compréhension	O
de	O
la	O
réalité	O
et	O
un	O
modèle	O
technique,	O
avec	O
cette	O
conséquence	O
inévitable	O
de	O
penser	O
l’un	O
à	O
partir	O
de	O
l’autre.	O
On	O
le	O
constate	O
notamment	O
aux	O
moyens	O
rhétoriques	O
auxquels	O
recourt	O
Jean-Pierre	B-PER
Vernant	L-PER
pour	O
pallier	O
les	O
aspérités	O
rencontrées	O
lors	O
de	O
son	O
application.	O
C’est	O
ainsi	O
que,	O
dans	O
une	O
note,	O
conscient	O
de	O
la	O
difficulté	O
que	O
pose	O
l’existence	O
dans	O
le	O
«	O
mythe	O
»	O
de	O
nombreuses	O
images	O
techniques	O
telles	O
que	O
le	O
tissage	O
ou	O
le	O
filage,	O
la	O
roue,	O
la	O
balance,	O
il	O
se	O
sent	O
obligé	O
d’opérer	O
un	O
distinguo	O
(1957,	O
p.	O
189,	O
n.	O
8)	U-LOC
:	O
À	O
ce	O
niveau	O
de	O
pensée,	O
le	O
modèle	O
technique	O
sert	O
à	O
caractériser	O
un	O
type	O
d’activité,	O
ou	O
la	O
fonction	O
d’un	O
agent	O
:	O
les	O
dieux	O
filent	O
le	O
destin,	O
pèsent	O
les	O
sorts,	O
comme	O
les	O
femmes	O
tissent	O
la	O
laine	O
[…].	O
Dans	O
la	O
pensée	O
rationnelle,	O
l’image	O
technique	O
assume	O
une	O
fonction	O
nouvelle,	O
structurelle	O
et	O
non	O
plus	O
active.	O
Elle	O
fait	O
comprendre	O
le	O
jeu	O
d’un	O
mécanisme.	O
Or,	U-ORG
un	O
peu	O
plus	O
loin,	O
Jean-Pierre	B-PER
Vernant	L-PER
se	O
place	O
sous	O
l’égide	U-PER
de…	O
Bruno	B-PER
Snell	L-PER
lorsqu’il	O
oppose	O
Homère	U-PER
,	O
pour	O
lequel	O
la	O
comparaison	O
technique	O
exprime	O
une	O
manifestation	O
«	O
vitale	O
et	O
active	O
»,	U-PER
et	O
Empédocle	U-PER
pour	O
lequel	O
elle	O
exprime	O
la	O
structure	O
permanente	O
d’un	O
objet	O
!	O
C’est	O
dire	O
combien	O
est	O
fragile	O
l’argumentation	O
qui	O
a	O
pour	O
but	O
de	O
faire	O
de	O
l’invention	O
une	O
transformation	O
mentale,	O
une	O
révolution	O
mentale,	O
pour	O
étayer	O
la	O
thèse	O
selon	O
laquelle	O
les	O
Grecs	U-MISC
sont	O
passés	O
de	O
la	O
mentalité	O
du	O
mythe	O
à	O
celle	O
de	O
la	O
pensée	O
positive	O
et	O
abstraite.	O
Il	O
arrive	O
même	O
à	O
Jean-Pierre	B-PER
Vernant	L-PER
de	O
dire	O
comme	O
Benjamin	B-PER
Farrington,	L-PER
auteur	O
en	O
1953	O
d’une	O
Greek	B-PER
Science,	L-PER
que	O
le	O
rationalisme	O
se	O
rattache	O
au	O
progrès	O
technique,	O
tout	O
en	O
faisant	O
remarquer	O
avec	O
George	B-PER
Thomson	L-PER
(auteur	O
en	O
1955	O
de	O
Studies	B-MISC
in	L-MISC
ancient	O
Greek	B-PER
Society)	L-PER
que,	O
sur	O
le	O
plan	O
technique,	O
la	O
Grèce	U-LOC
n’a	O
jamais	O
«	O
rien	O
inventé,	O
innové	O
»	O
(1957,	O
p.	O
191-192).	O
Et	O
il	O
ajoute	O
aussitôt	O
cette	O
curieuse	O
remarque	O
(1957,	O
p.	O
192)	O
:	O
Tributaire	U-PER
de	O
l’Orient	O
en	O
ce	O
domaine,	O
elle	O
ne	O
l’a	O
jamais	O
réellement	O
dépassé.	O
Et	O
l’Orient,	O
en	O
dépit	O
de	O
son	O
intelligence	O
technique,	O
n’a	O
pas	O
su	O
se	O
dégager	O
du	O
mythe	O
et	O
construire	O
une	O
philosophie	O
rationnelle.	O
Ces	O
contradictions	O
traduisent	O
les	O
difficultés	O
posées	O
par	O
l’urgence	O
de	O
se	O
défaire	O
de	O
«	O
l’immaculée	O
conception	O
de	O
la	O
raison	O
»	O
ainsi	O
que	O
la	O
volonté	O
de	O
débarrasser	O
la	O
notion	O
d’innovation	O
du	O
paradigme	O
de	O
l’invention	O
au	O
sens	O
du	O
Miracle	B-MISC
grec	L-MISC
:	O
«	O
Ces	O
innovations	O
qui	O
apportent	O
une	O
première	O
forme	O
de	O
rationalité	O
ne	O
constituent	O
pas	O
un	O
miracle	O
»	O
(1957,	O
p.	O
205).	O
D’où	O
la	O
convocation	O
des	O
ressources	O
épistémologiques	O
du	O
terme	O
génétique	O
«	O
mutation	O
»	O
(la	O
«	O
mutation	O
mentale	O
»	O
solidaire	O
des	O
transformations	O
qui	O
se	O
produisent	O
entre	O
le	O
vii	O
e	O
et	O
le	O
vi	U-MISC
e	O
siècle,	O
à	O
tous	O
les	O
niveaux	O
des	O
cités	O
grecques),	O
mais	O
aussi,	O
à	O
la	O
limite	O
de	O
la	O
contradiction,	O
celles	O
de	O
la	O
métaphore	O
de	O
la	O
racine	O
qui	O
permet	O
d’installer	O
le	O
changement	O
dans	O
la	O
continuité	O
(«	O
enracinée	O
dans	O
le	O
passé	O
»,	U-PER
se	O
«	O
formant	O
à	O
partir	O
de	O
lui	O
en	O
même	O
temps	O
que	O
contre	O
lui	O
»).	U-MISC
De	O
telles	O
tensions	O
peuvent	O
assurément	O
être	O
réduites	O
au	O
style	O
dialectique	O
qui	O
habite	O
le	O
projet	O
de	O
Jean-Pierre	B-PER
Vernant	L-PER
.	O
Il	O
ne	O
faut	O
pas	O
toutefois	O
que	O
cette	O
réduction	O
dissimule	O
le	O
fait	O
que	O
toutes	O
les	O
informations	O
dont	O
dispose	O
l’interprète	O
sont	O
distribuées	O
en	O
fonction	O
d’un	O
schème	O
binaire	O
dominant	O
l’examen	O
:	O
le	O
nouveau,	O
l’invention	O
(technique	O
et	O
mentale),	O
et	O
l’ancien,	O
ou	O
encore	O
l’origine	O
première	O
et	O
le	O
nouveau	O
commencement.	O
L’équation	O
qui	O
consiste	O
à	O
poser	O
le	O
problème	O
suscité	O
par	O
cette	O
tension	O
dialectique	O
est	O
en	O
place,	O
reste	O
à	O
trouver	O
la	O
solution.	O
Cette	O
solution	O
est	O
offerte	O
par	O
un	O
autre	O
paradigme	O
dans	O
la	O
méthode	O
de	O
Jean-Pierre	B-PER
Vernant	L-PER
,	O
ce	O
qu’on	O
peut	O
appeler	O
un	O
paradigme	O
du	O
«	O
chemin	O
»	O
ou	O
de	O
la	O
«	O
voie	O
».	B-MISC
Partons	L-MISC
de	O
ce	O
qu’il	O
dit	O
encore	O
dans	O
sa	O
préface	O
de	O
1968	O
(p.	O
II-III)	U-MISC
:	O
Dépouillée	U-LOC
de	O
sa	O
prétention	O
à	O
incarner	O
l’Esprit	O
absolu,	O
la	O
Raison	U-PER
éternelle,	O
l’expérience	O
grecque	O
[…]	O
prend	O
tout	O
son	O
sens	O
dès	O
lors	O
que	O
confrontée	O
aux	O
grandes	O
civilisations	O
différentes	O
comme	O
celles	O
du	O
Proche-Orient,	U-LOC
de	O
l’	O
Inde	U-LOC
,	O
de	O
la	O
Chine	U-LOC
,	O
de	O
l’Afrique,	O
et	O
de	O
l’Amérique	O
pré-colombienne,	O
elle	O
apparaît	O
comme	O
une	O
voie,	O
parmi	O
d’autres,	O
dans	O
laquelle	O
l’histoire	O
humaine	O
s’est	O
engagée.	O
Voie	U-LOC
différente	O
sur	O
le	O
chemin	O
de	O
l’histoire	O
et	O
non	O
plus,	O
comme	O
chez	O
Bruno	B-PER
Snell	L-PER
,	O
voie	O
nouvelle	O
et	O
originale	O
(1994,	O
p.	O
214),	O
telle	O
est	O
l’évidence	O
grecque	O
qui	O
n’est	O
plus	O
singulière	O
et	O
incomparable,	O
et	O
peut	O
éventuellement	O
se	O
répéter,	O
la	O
chronologie	O
ne	O
paramétrant	O
plus	O
l’histoire	O
(Vernant	O
1968,	O
p.	O
12-13)	O
:	O
Une	O
explication	O
objective	O
est	O
celle	O
qui	O
atteint	O
des	O
rapports	O
nécessaires,	O
non	O
pas	O
purement	O
temporels	O
:	O
de	O
là	O
vient,	O
en	O
particulier,	O
qu’un	O
même	O
processus,	O
par	O
exemple	O
le	O
passage	O
d’une	O
mentalité	O
primitive	O
à	O
une	O
mentalité	O
rationnelle,	O
s’avère	O
fort	O
bien	O
à	O
des	O
époques	O
différentes	O
dès	O
lors	O
qu’on	O
le	O
considère	O
à	O
des	O
plans	O
différents.	O
Par	O
exemple,	O
l’on	O
pense	O
aujourd’hui	O
que	O
les	O
sciences	O
dont	O
«	O
l’invention	O
»	O
a	O
été	O
attribuée	O
aux	O
Grecs	U-MISC
étaient	O
présentes	O
chez	O
d’autres	O
peuples	O
:	O
c’est	U-MISC
le	O
cas	O
pour	O
la	O
géométrie	O
qui	O
existait	O
chez	O
les	O
Indiens	U-LOC
dans	O
la	O
période	O
védique	O
comme	O
en	O
témoignent	O
les	O
Sulbasûtras	B-MISC
du	I-MISC
dernier	I-MISC
millénaire	L-MISC
avant	O
J.-C.	U-PER
Dans	O
cette	O
perspective,	O
on	O
s’intéresse	O
plutôt	O
aux	O
situations	O
qui	O
ont	O
favorisé	O
l’étude	O
de	O
la	O
géométrie,	O
à	O
savoir	O
les	O
nécessités	O
rituelles.	O
Ainsi	O
le	O
problème	O
de	O
la	O
duplication	O
du	O
cube	O
à	O
propos	O
de	O
l’autel	O
d’	B-PER
Apollon	L-PER
à	O
Délos	U-LOC
pour	O
la	O
Grèce	U-LOC
,	O
et	O
le	O
problème	O
de	O
la	O
surface	O
de	O
l’autel	O
de	O
Agnicayana,	U-PER
une	O
construction	O
en	O
forme	O
d’oiseau,	O
pour	O
les	O
Indiens,	U-LOC
supposaient	O
tous	O
deux	O
la	O
connaissance	O
du	O
théorème	O
de	O
Pythagore	U-PER
(Seidenberg	O
1962).	O
On	O
se	O
rapproche	O
alors	O
de	O
la	O
notion	O
de	O
structures	O
de	O
l’invention.	O
Sans	O
doute	O
ne	O
s’agit-il	O
pas	O
en	O
toute	O
rigueur	O
chez	O
Jean-Pierre	B-PER
Vernant	L-PER
du	O
concept	O
de	O
structure	O
au	O
sens	O
où	O
Claude	B-PER
Lévi-Strauss	L-PER
dégageait	O
les	O
structures	O
élémentaires	O
de	O
la	O
parenté	O
en	O
1958.	O
Les	O
systèmes	O
de	O
parenté	O
sont,	O
au	O
modèle	O
de	O
la	O
linguistique	O
structurale,	O
des	O
systèmes	O
de	O
symboles	O
ou	O
systèmes	O
séméiologiques	O
d’écarts	O
différentiels	O
ou	O
de	O
variantes	O
qui	O
obéissent	O
à	O
la	O
nécessité	O
de	O
«	O
remplacer	O
un	O
système	O
de	O
relations	O
consanguines,	O
d’origine	O
biologique,	O
par	O
un	O
système	O
sociologique	O
d’alliance	O
»	O
de	O
sorte	O
qu’on	O
pourrait	O
exprimer	O
mathématiquement	O
au	O
moyen	O
d’une	O
algèbre	O
de	O
groupes	O
de	O
transformations	O
«	O
tous	O
les	O
systèmes	O
d’échange	O
concevables	O
entre	O
n	O
partenaires	O
pour	O
en	O
déduire	O
les	O
règles	O
de	O
mariage	O
à	O
l’œuvre	O
dans	O
les	O
sociétés	O
existantes.»	O
(Lévi-Strauss	O
1974,	O
p.	O
75).	O
Si	O
Jean-Pierre	B-PER
Vernant	L-PER
n’hésitait	O
pas	O
à	O
parler	O
d’une	O
«	O
rupture	O
épistémologique	O
»	O
à	O
propos	O
de	O
l’anthropologie	O
structurale	O
(1974,	O
p.	O
238),	O
en	O
lui	O
reconnaissant	O
le	O
mérite	O
d’avoir	O
dégagé	O
la	O
notion	O
de	O
système	O
symbolique	O
de	O
relations,	O
il	O
ne	O
convoque	O
pas	O
la	O
notion	O
de	O
variante	O
comme	O
le	O
fait	O
Claude	B-PER
Lévi-Strauss	L-PER
.	O
Pour	O
lui	O
la	O
variante	O
demeure	O
une	O
version	O
singulière	O
qu’il	O
faut	O
examiner	O
comme	O
telle	O
dans	O
un	O
contexte	O
historique	O
en	O
rapport	O
avec	O
une	O
mentalité	O
suivant	O
la	O
psychologie	O
historique	O
d’	O
Ignace	B-PER
Meyerson	L-PER
Nous	O
ne	O
sommes	O
évidemment	O
pas	O
concernés	O
dans	O
cette	O
étude	O
par	O
un	O
examen	O
exhaustif	O
de	O
tous	O
les	O
points	O
de	O
convergence	O
et	O
de	O
divergence	O
qui	O
existent	O
entre	O
les	O
deux	O
auteurs	O
et	O
leurs	O
méthodes	O
(Salmon	O
2007,	O
p.	O
42-65).	O
.	O
Dans	O
cette	O
perspective,	O
les	O
métaphores	O
du	O
chemin,	O
de	O
la	O
route	O
ou	O
de	O
la	O
voie	O
impliquent	O
l’abandon	O
du	O
schème	O
de	O
l’invention	O
compris	O
comme	O
une	O
découverte	O
et	O
une	O
création	O
inaugurale.	O
Le	O
commencement	O
se	O
répète	O
et	O
s’oublie	O
pour	O
devenir	O
recommencement.	O
Lorsque	O
Marcel	B-PER
Detienne	L-PER
mentionne	O
Aristote	U-PER
,	O
c’est	U-PER
pour	O
affirmer	O
que	O
«	O
toutes	O
les	O
inventions	O
ont	O
été	O
trouvées	O
une	O
infinité	O
de	O
fois	O
»	O
(1981,	O
p.	O
13).	O
Il	O
en	O
découle	O
que	O
le	O
concept	O
d’invention	O
devient	O
lui-même	O
problématique.	O
Marcel	B-PER
Detienne	L-PER
qui	O
a	O
effectué	O
en	O
1990	O
une	O
enquête	O
sur	O
une	O
catégorie	O
proche	O
de	O
celle	O
de	O
l’invention,	U-LOC
la	O
fondation,	O
recourt	O
à	O
cet	O
exemple	O
afin	O
d’illustrer	O
sa	O
méthode	O
définie	O
comme	O
«	O
comparaison	O
de	O
l’incomparable	O
»	O
(2009,	O
p.	O
44-56),	O
suivant	O
laquelle	O
il	O
s’agit	O
de	O
construire	O
des	O
catégories	O
aptes	O
à	O
faire	O
surgir	O
des	O
dissonances.	O
La	O
méthode	O
de	O
l’enquête	O
doit	O
examiner	O
aussi	O
bien	O
l’Inde	O
védique	O
que	O
les	O
sociétés	O
africaines,	O
et	O
des	O
sociétés	O
les	O
plus	O
éloignées	O
les	O
unes	O
des	O
autres,	O
jusqu’à	O
ce	O
qu’on	O
découvre	O
une	O
société	O
dans	O
laquelle	O
il	O
n’y	O
a	O
pas	O
de	O
fondation	O
mais	O
une	O
restauration,	O
comme	O
c’est	U-MISC
le	O
cas	O
du	O
Japon.	U-LOC
On	O
est	O
ici	O
devant	O
la	O
«	O
dissonance	O
»	O
qui	O
suffit	O
à	O
ébranler	O
une	O
catégorie	O
qui	O
semblait	O
aller	O
de	O
soi.	O
On	B-MISC
s’interroge	I-MISC
alors	I-MISC
sur	I-MISC
la	I-MISC
catégorie	L-MISC
en	O
question,	O
à	O
savoir	O
quel	O
rapport	O
entretient	O
la	O
fondation	O
avec	O
des	O
notions	O
comme	O
l’habitation	O
ou	O
la	O
localisation,	O
pour	O
faire	O
ressortir	O
la	O
différence	O
essentielle	O
:	O
fonder	O
c’est	U-MISC
«	O
établir	O
un	O
territoire	O
».	U-ORG
La	O
recherche	O
se	O
poursuit	O
avec	O
cette	O
nouvelle	O
catégorie	O
afin	O
d’observer	O
ses	O
rapports	O
avec	O
d’autres	O
voisines,	O
telles	O
que	O
commencer,	O
inaugurer,	O
historiciser,	O
historialiser	O
ou	O
encore	O
avoir	O
des	O
racines,	O
etc.	O
Avec	O
une	O
telle	O
méthode,	O
on	O
comprend	O
que	O
Marcel	B-PER
Detienne	L-PER
ait	O
creusé	O
de	O
manière	O
significative	O
le	O
décalage	O
ou	O
l’écart	O
épistémologique	O
entre	O
l’invention	O
comme	O
mutation	O
dans	O
une	O
évolution	O
mentale,	O
et	O
l’invention	O
comme	O
idéologie.	O
Ainsi,	U-PER
l’évolution	O
de	O
la	O
pensée	O
mythopoiètique	O
des	O
Grecs	U-MISC
vers	O
la	O
rationalité	O
est	O
comprise	O
en	O
un	O
sens	O
critique	O
quasi	O
ironique	O
:	O
si	O
nous	O
sommes	O
les	O
héritiers	O
des	O
Grecs,	B-ORG
c’est	L-ORG
avant	O
tout	O
et	O
surtout	O
parce	O
que	O
nous	O
sommes	O
prisonniers	O
de	O
notre	O
rationalité.	O
En	B-MISC
mettant	L-MISC
en	O
évidence	O
le	O
caractère	O
idéologique	O
de	O
l’anthropologie	O
d’un	O
Max	B-PER
Müller	L-PER
ou	O
d’un	O
Edward	B-PER
Tyler,	L-PER
Marcel	O
Detienne	O
débarrasse	O
l’anthropologie	O
de	O
ses	O
attaches	O
avec	O
l’idéal	O
du	O
«	O
progrès	O
civilisatoire	O
».	U-MISC
De	O
même,	O
désormais	O
coupée	O
de	O
son	O
sol	O
proto-logique,	O
l’invention	O
n’est	O
plus	O
rupture	O
ou	O
mutation,	O
elle	O
est	O
création	O
au	O
sens	O
d’idéologie,	O
de	O
représentation	O
phantasmatique.	O
Or,	U-ORG
il	O
est	O
intéressant	O
de	O
remarquer	O
que	O
cette	O
redéfinition	O
passe	O
par	O
une	O
réflexion	O
sur	O
la	O
notion	O
d’archè	O
et	O
par	O
la	O
prise	O
de	O
conscience	O
du	O
caractère	O
pragmatiquement	O
auto-référentiel	O
de	O
l’entreprise	O
archéologique	O
(Villani	O
1992)	B-MISC
:	L-MISC
La	O
Grèce	U-LOC
est	O
le	O
pays	O
des	O
commencements.	O
Les	O
Grecs	U-MISC
réfléchissent	O
sur	O
l’archè	O
au	O
sens	O
d’inaugurer,	O
ils	O
se	O
pensent	O
comme	O
des	O
gens	O
qui	O
ont	O
commencé	O
toute	O
une	O
série	O
de	O
choses.	O
L’attention	O
se	O
porte	O
très	O
vite	O
chez	O
eux	O
sur	O
l’inventeur,	U-LOC
dans	O
un	O
temps	O
des	O
hommes,	O
séparé,	O
mais	O
en	O
même	O
temps	O
voisin	O
de	O
celui	O
des	O
dieux,	O
sans	O
être	O
oblitéré	O
par	O
le	O
poids	O
de	O
ces	O
dieux.	O
D’où	O
une	O
subtile	O
enquête	O
sur	O
les	O
manières	O
d’inventer,	O
et	O
l’invitation	O
à	O
poser	O
les	O
questions	O
de	O
l’initium	O
à	O
partir	O
du	O
champ	O
grec.	O
Parallèlement	O
à	O
la	O
déconstruction	O
de	O
la	O
mythologie,	O
Marcel	B-PER
Detienne	L-PER
entreprend	O
celles	O
de	O
l’archéologie	O
et	O
de	O
la	O
généalogie,	O
en	O
faisant	O
ressortir	O
leur	O
caractère	O
épidictique,	O
rhétorique,	O
et	O
relatif	O
à	O
une	O
idéologie	O
politique	O
:	O
la	O
pratique	O
de	O
reconnaissance	O
des	O
familles	O
nobles	O
à	O
travers	O
l’armorial	O
et	O
la	O
généalogie,	O
doublés,	O
au	O
moment	O
de	O
la	O
colonisation,	O
par	O
les	O
récits	O
sur	O
les	O
origines	O
et	O
la	O
fondation	O
des	O
cités.	O
L’Archéologie	O
désigne	O
le	O
répertoire	O
généalogique	O
des	O
logographes	O
ou	O
des	O
sophistes	O
comme	O
Hippias,	U-MISC
répertoire	O
qui	O
s’étend	O
des	O
théogonies	O
aux	O
récits	O
de	O
fondation	O
d’une	O
cité.	O
Tel	U-MISC
est	O
le	O
soubassement	O
«	O
archiviste	O
»	O
de	O
l’archéologie.	O
Toute	U-LOC
archéologie	O
est	O
gestion	O
de	O
la	O
trace,	O
son	O
contrôle	O
sélectif,	O
sa	O
hiérarchie.	O
L’archivation	O
est	O
hiérarchie,	O
travail	O
d’organisation	O
de	O
ce	O
qui	O
doit	O
survivre	O
en	O
fonction	O
de	O
conditions	O
évaluatrices.	O
On	B-MISC
évalue	I-MISC
ce	I-MISC
qui	I-MISC
mérite	I-MISC
d’être	I-MISC
gardé	L-MISC
ou	O
oublié	O
en	O
fonction	O
de	O
ce	O
qui	O
possède	O
un	O
intérêt	O
pour	O
la	O
cité.	O
Et	O
en	O
un	O
sens,	O
on	O
peut	O
affirmer	O
que	O
l’archive	O
est	O
toujours	O
tournée	O
vers	O
l’avenir.	O
Or,	U-LOC
si	O
la	O
pratique	O
d’archivage	O
est	O
attestée	O
depuis	O
l’Âge	U-MISC
de	O
Bronze	U-MISC
en	O
ce	O
qui	O
concerne	O
le	O
Moyen-Orient,	U-LOC
il	O
semble	O
qu’en	O
ce	O
qui	O
concerne	O
les	O
Grecs,	U-LOC
elle	O
remonte	O
au	O
iv	O
e	O
siècle	O
(Detienne	O
1981,	O
p.	O
66),	O
ce	O
que	O
confirme	O
Stella	B-PER
Georgoudi	L-PER
dans	O
son	O
examen	O
du	O
Metrôon	U-LOC
d’	O
Athènes	U-LOC
,	O
dépôt	O
de	O
lois	O
et	O
de	O
décrets,	O
alors	O
que	O
les	O
temples	O
recevaient	O
les	O
archives	O
propres	O
aux	O
phratries	O
ou	O
aux	O
dèmes	O
(1988,	O
p.	O
228-233).	O
Selon	O
Detienne	U-ORG
,	O
la	O
cité	O
est	O
orale,	O
elle	O
méprise	O
l’archive	O
(1981,	O
p.	O
67).	O
Les	O
Grecs	U-MISC
sont	O
oublieux	O
comme	O
le	O
rappelle	O
le	O
Critias	B-PER
de	I-PER
Platon	L-PER
(que	O
Detienne	U-LOC
cite	O
à	O
la	O
p.	O
166).	O
Mais	B-MISC
n’en	I-MISC
résulte-t-il	I-MISC
pas,	I-MISC
contre	I-MISC
toute	I-MISC
attente	I-MISC
que,	I-MISC
si	I-MISC
l’oralité	I-MISC
implique	L-MISC
l’absence	O
d’archive,	O
elle	O
favorise	O
en	O
réalité	O
le	O
pire	O
des	O
archivages	O
?	O
Il	O
y	O
a	O
des	O
œuvres	O
d’art	O
qui	O
survivent,	O
d’autres	O
qui	O
ne	O
survivent	O
pas.	O
Il	O
y	O
en	O
a	O
qui	O
vont	O
dans	O
les	O
musées,	O
et	O
il	O
y	O
en	O
a	O
qu’on	O
oublie,	O
qui	O
se	O
détruisent.	O
Il	O
y	O
a	O
des	O
œuvres	O
littéraires	O
sans	O
génie	O
et	O
qui	O
restent,	O
et	O
on	O
soupçonne	O
qu’il	O
y	O
a	O
pu	O
y	O
avoir	O
des	O
œuvres	O
littéraires,	O
artistiques,	O
picturales,	O
cinématographiques	O
peut-être	O
géniales	O
dont	O
on	O
ne	O
garde	O
pas	O
l’archive,	O
dont	O
l’archive	O
pour	O
une	O
raison	O
ou	O
pour	O
une	O
autre,	O
n’a	O
pas	O
été	O
ou	O
a	O
même	O
été	O
détruite.	O
Et	O
par	O
définition	O
on	O
ne	O
saura	O
jamais,	O
puisque	O
ça	O
a	O
été	O
détruit	O
[…]	O
(Derrida	O
2014,	O
p.	O
64).	O
C’est	O
en	O
conséquence	O
à	O
l’épreuve	O
de	O
la	O
différence	O
de	O
l’écriture	O
et	O
de	O
l’oralité	O
que	O
la	O
notion	O
d’invention	O
devient	O
synonyme	O
d’idéologie,	O
pour	O
une	O
anthropologie	O
qui	O
saisit	O
qu’il	O
faut	O
en	O
finir	O
avec	O
un	O
certain	O
concept	O
d’invention	O
noué	O
à	O
la	O
tradition	O
du	O
prôtos	O
heuretès	O
,	O
«	O
premier	O
inventeur	O
».	B-PER
Prenons	L-PER
l’exemple	O
de	O
la	O
musique	O
ancienne	O
qui	O
offre	O
certains	O
des	O
témoignages	O
les	O
plus	O
anciens	O
de	O
cette	O
tradition	O
(Wersinger	O
2014	O
;	O
2016)	O
L.	B-PER
Zhmud	L-PER
(2006,	O
p.	O
24-25)	O
fait	O
remonter	O
l’origine	O
du	O
protos	O
heuretès	O
au	O
fragment	O
du	O
Phoronis	U-LOC
anonyme	O
cité	O
par	O
Apollonios	B-PER
de	I-PER
Rhodes	L-PER
(fr.	O
2	O
Bernabé)	U-LOC
et	O
que	O
l’on	O
situe	O
entre	O
le	O
vii	O
e	O
et	O
le	O
vi	U-MISC
e	O
s.	O
av.	O
J.-C.,	O
selon	O
lequel	O
les	O
Dactyles	U-LOC
de	O
l’Ida,	O
les	O
géants	O
magiciens	O
(goètes)	O
sont	O
les	O
premiers	O
inventeurs	O
du	O
fer	O
(prôtoi	O
…	O
heuron).	O
Mais	O
il	O
ne	O
faut	O
pas	O
négliger	O
qu’on	O
leur	O
attribue	O
aussi	O
la	O
transmission	O
de	O
la	O
musique	O
et	O
de	O
l’enchantement	O
à	O
Orphée.	U-LOC
.	O
C’est	O
la	O
musique	O
telle	O
qu’elle	O
est	O
reconstruite	O
par	O
les	O
historiens	O
grecs,	O
transcrite	O
sur	O
papyrus,	O
une	O
musique	O
en	O
«	O
trompe-l’œil	U-MISC
»	O
selon	O
l’expression	O
de	O
Florence	B-PER
Dupont	L-PER
(1994,	O
p.	O
76),	O
archivée	O
et	O
liée	O
à	O
une	O
institution	O
de	O
concours	O
musicaux	O
dans	O
le	O
cadre	O
de	O
performances	O
agonistiques	O
soumises	O
à	O
évaluation	O
lors	O
de	O
festivals,	O
qui,	O
aux	O
xix	O
e	O
et	O
xx	O
e	O
siècles,	O
est	O
assimilée	O
à	O
la	O
musique	O
authentique	O
et	O
originelle	O
grecque.	O
Tout	O
se	O
joue	O
dans	O
la	O
notion	O
de	O
«	O
commencement	O
».	U-ORG
Dans	O
le	O
modèle	O
historiographique	O
du	O
traité	O
sur	O
la	O
musique	O
attribué	O
faussement	O
à	O
Plutarque	U-PER
(qui	O
comprend	O
de	O
nombreux	O
extraits	O
de	O
la	O
pensée	O
d’	O
Aristoxène	U-PER
de	O
Tarente	B-PER
Barker	L-PER
2007,	O
p.	O
63.	O
),	O
le	O
commencement	O
se	O
confond	O
avec	O
une	O
invention	O
première,	O
la	O
musique	O
devenant	O
une	O
série	O
d’inventions	O
successives	O
:	O
Maintenant	O
que	O
j’ai	O
décrit,	O
au	O
mieux	O
que	O
j’ai	U-ORG
pu,	O
la	O
première	O
musique	O
et	O
ses	O
premiers	O
inventeurs	O
(	O
peri	O
te	O
tês	O
prôtès	O
mousikês	O
kai	O
tôn	O
prôtôn	O
heurontôn	O
autèn	O
),	O
et	O
mentionné	O
les	O
gens	O
qui	O
ont	O
ajouté	O
à	O
ses	O
ressources	O
à	O
travers	O
le	O
temps	O
avec	O
des	O
inventions	O
supplémentaires	O
(	O
kai	O
hupo	O
tinôn	O
kata	O
chronous	O
taîs	O
prosexeuresesin	O
èuxètai	O
)	O
(Plutarque,	O
De	B-MISC
la	I-MISC
Musique,	I-MISC
1135d7-9).	L-MISC
De	O
plus,	O
ce	O
concept	O
d’invention	O
implique	O
une	O
ontologie	O
de	O
type	O
platonicien	O
:	O
Il	O
est	O
visible	O
qu’Olympos	O
développa	O
la	O
musique	O
(	O
auxèsas	O
mousikèn	O
)	O
en	O
introduisant	O
quelque	O
chose	O
qui	O
n’existait	O
pas	O
avant	O
(	O
tôi	O
agenèton	O
ti	O
)	O
et	O
était	O
inconnu	O
à	O
ses	O
prédécesseurs	O
(	O
kai	O
agnooumenon	O
hupo	O
tôn	O
emprosthen	O
eisagageîn	O
)	O
et	O
qu’il	O
devint	O
le	O
fondateur	O
(archègos)	O
de	O
la	O
musique	O
grecque	O
et	O
noble	O
(Plutarque,	O
De	B-MISC
la	I-MISC
Musique,	I-MISC
1135B10-C2).	I-MISC
L’inventeur,	L-MISC
qui	O
est	O
un	O
initiateur,	O
un	O
fondateur	O
(archègos),	O
crée	O
à	O
partir	O
du	O
non-être.	B-LOC
Quelque	L-LOC
chose	O
qui	O
«	O
n’existait	O
pas	O
»	O
s’est	O
mis	O
à	O
exister,	O
ce	O
qui	O
correspond	O
à	O
la	O
définition	O
de	O
la	O
production	O
(	O
poièsis	O
)	O
au	O
début	O
du	O
Sophiste	U-MISC
de	O
Platon	U-PER
(219b4-6).	O
Bref,	O
l’invention	O
au	O
sens	O
du	O
prôtos	O
heuretès	O
convoque	O
une	O
dimension	O
ontologique,	O
didactique	O
(le	O
passage	O
à	O
la	O
connaissance),	O
fondatrice	O
(l’inauguration	O
d’un	O
commencement)	U-MISC
;	O
et	O
elle	O
édifie	O
une	O
archéologie	O
disciplinaire	O
postulant	O
une	O
série	O
successive	O
de	O
commencements.	O
Au	O
contraire,	O
au	O
chant	B-MISC
VIII	I-MISC
de	I-MISC
l’Odyssée,	L-MISC
l’aède	O
Démodocos	U-LOC
est	O
dit	O
«	O
commencer	O
avec	O
le	O
dieu	O
»	O
(	O
theou	O
archeto	O
),	O
ce	O
qui	O
signifie	O
à	O
la	O
fois	O
qu’il	O
chante	O
un	O
hymne,	O
le	O
verbe	O
archein	O
indiquant	O
la	O
marque	O
rituelle	O
du	O
chant	O
mais	O
aussi	O
le	O
fait	O
de	O
lancer	O
le	O
signal	O
du	O
chant	O
en	O
un	O
sens	O
performatif	O
(Nagy	O
2002,	O
p.	O
72	O
;	O
Letoublon	U-LOC
2012,	O
p.	O
23).	O
De	O
même	O
le	O
poète-musicien	O
Archiloque	U-PER
est	O
dit	O
«	O
avoir	O
commencé	O
le	O
beau	O
melos	O
»	O
(	O
kalon	O
exarxai	O
melos	O
)	O
pour	O
donner	O
le	O
signal	O
du	O
dithyrambe	O
(fr.	O
120	O
West).	U-PER
Il	O
n’a	O
rien	O
à	O
voir	O
ni	O
avec	O
un	O
prôtos	O
heuretès,	O
ni	O
avec	O
un	O
novateur.	O
Or	O
il	O
s’agit	O
d’une	O
tradition	O
orale	O
et	O
surtout	O
aurale,	O
interactive	O
et	O
improvisée,	O
de	O
chant	O
et	O
de	O
danse,	O
distincte	O
de	O
celle	O
de	O
la	O
musique	O
des	O
concours	O
et	O
des	O
virtuoses	O
soumis	O
à	O
évaluation	O
et	O
archivés.	O
À	B-MISC
la	I-MISC
lumière	L-MISC
de	O
tels	O
faits,	O
on	O
comprend	O
pourquoi	O
les	O
anthropologues	O
comme	O
Marcel	B-PER
Detienne	L-PER
emploient	O
le	O
mot	O
invention	O
au	O
sens	O
d’idéologie.	O
Il	O
faut	O
se	O
prémunir	O
contre	O
la	O
puissance	O
persuasive	O
d’un	O
paradigme	O
de	O
l’invention	O
aux	O
connotations	O
ambiguës,	O
démiurgiques	O
et	O
prométhéennes	O
«	O
civilisationnistes	O
»,	U-LOC
ou	O
«	O
ethnocentriques	O
».	B-PER
Ainsi,	L-PER
lorsque	O
Marcel	B-PER
Detienne	L-PER
use	O
du	O
mot	O
invention	O
à	O
propos	O
de	O
la	O
Mythologie,	U-MISC
c’est	U-MISC
au	O
sens	O
de	O
«	O
fiction	O
»,	U-PER
«	O
d’illusion	O
essentiellement	O
mouvante	O
»,	U-PER
«	O
d’ombre	O
portée	O
d’une	O
raison	O
ou	O
d’une	O
religion	O
de	O
circonstance,	O
chaque	O
vision	O
du	O
monde	O
inventant	O
sa	O
mythologie,	O
ou	O
découvrant	O
une	O
mythologie	O
toujours	O
nouvelle	O
»	O
(1981,	O
p.	O
230).	O
Lorsque	O
Nicole	O
Loraux	O
emploie	O
le	O
mot	O
invention,	O
à	O
propos	O
d’Athènes,	O
c’est	U-MISC
au	O
sens	O
à	O
la	O
fois	O
de	O
la	O
fiction	O
rhétorique	O
d’une	O
Athènes	U-LOC
suscitée	O
par	O
l’épithaphios	O
et	O
de	O
la	O
représentation	O
que	O
la	O
démocratie	O
athénienne	O
masculine	O
s’est	O
donnée	O
d’elle-même	O
à	O
travers	O
une	O
institution	O
de	O
parole,	O
autrement	O
dit	O
au	O
sens	O
d’idéologie,	O
mais	O
il	O
s’agit	O
aussi,	O
plus	O
subtilement,	O
de	O
l’image	O
d’Athènes	O
créée	O
par	O
cette	O
idéologie	O
chez	O
les	O
historiens	O
eux-mêmes.	O
Le	O
mot	O
invention	O
dans	O
ces	O
derniers	O
exemples	O
est	O
plus	O
ou	O
moins	O
synonyme	O
d’idéologie,	O
soit	O
au	O
sens	O
de	O
l’ensemble	O
des	O
idées	O
et	O
des	O
croyances	O
propres	O
à	O
une	O
société	O
(Wagner	O
1975),	O
soit	O
au	O
sens	O
marxiste	O
comme	O
le	O
disent	O
explicitement	O
Mario	B-PER
Vegetti	L-PER
(1975)	O
ou	O
Nicole	B-PER
Loraux	L-PER
(dans	O
sa	O
préface	O
de	O
l’édition	O
de	O
1993,	O
p.	O
19)	O
Mon	O
propos	O
présent	O
n’étant	O
pas	O
de	O
définir	O
l’idéologie,	O
il	O
n’est	O
pas	O
possible,	O
faute	O
de	O
place,	O
de	O
développer	O
cette	O
remarque	O
concernant	O
Nicole	B-PER
Loraux.	L-PER
.	O
Se	O
pose	O
alors	O
une	O
question	O
cruciale	O
:	O
pourquoi	O
conserver	O
le	O
mot	O
invention	O
dont	O
les	O
connotations	O
sont	O
si	O
ambiguës	O
?	O
Faut-il	O
voir	O
dans	O
cet	O
étrange	O
conservatisme	O
verbal	O
l’effet	O
d’une	O
méfiance	O
encore	O
vivace	O
à	O
l’égard	O
du	O
mot	O
idéologie	O
Par	O
exemple,	O
Jacqueline	B-PER
de	I-PER
Romilly	L-PER
(1979,	O
p.	O
31-33)	O
jugeait	O
ce	O
terme	O
inadéquat	O
s’agissant	O
de	O
son	O
application	O
à	O
la	O
Grèce	U-LOC
ancienne,	O
lui	O
préférant	O
…	O
celui	O
d’invention	O
!	O
?	O
Ce	O
que	O
montre	O
ce	O
rapide	O
parcours,	O
c’est	U-MISC
qu’il	O
n’est	O
peut-être	O
pas	O
certain	O
qu’on	O
en	O
ait	O
fini	O
avec	O
l’idéologie	U-ORG
de	O
l’invention.	O
L’invention	O
semble	O
être	O
le	O
lemme	O
ou	O
le	O
résidu	O
in-interrogé	O
d’une	O
anthropologie	O
fondée	O
sur	O
une	O
méthode	O
historiciste	O
qui	O
prend	O
conscience	O
du	O
fait	O
qu’elle	O
est	O
piégée	O
par	O
les	O
constructions	O
idéologiques	O
préparées	O
en	O
amont	O
par	O
son	O
objet	O
d’étude,	U-MISC
dont	O
l’archive	O
constitue	O
l’illustration	O
la	O
plus	O
saisissante.	O
Dès	O
lors	O
qu’on	O
prend	O
conscience	O
du	O
caractère	O
idéologique	O
de	O
ces	O
questions,	O
peut-on	O
continuer	O
à	O
demander	O
:	O
qui	O
est	O
le	O
premier	O
?	O
Quel	O
commencement	O
?	O
Quel	O
père	O
fondateur	O
?	O
Continuer	U-PER
à	O
dire	O
«	O
invention	O
»	O
lorsqu’on	O
pense	O
idéologie,	O
revient	O
à	O
dissimuler	O
la	O
profonde	O
aporie	O
suscitée	O
par	O
la	O
prise	O
en	O
compte	O
de	O
l’idéologie	U-LOC
dans	O
l’anthropologie.	O
Car	O
c’est,	O
pour	O
ainsi	O
dire,	O
un	O
balancement	O
disciplinaire	O
entre,	O
d’une	O
part,	O
une	O
science	O
critique	O
ou	O
analytique	O
des	O
idéologies	O
et,	O
d’autre	O
part,	O
les	O
sciences	O
anthropologiques	O
et	O
historiques,	O
qui	O
se	O
joue	O
à	O
travers	O
ce	O
conflit	O
épistémologique	O
entre	O
les	O
registres	O
de	O
l’explication	O
de	O
dicto	O
et	O
de	O
re.	O
Et	O
cette	O
aporie	O
pourra	O
sembler	O
d’autant	O
plus	O
vertigineuse	O
qu’elle	O
est	O
attisée	O
aujourd’hui	O
par	O
la	O
logique	O
de	O
l’innovation	O
et	O
de	O
l’heuristique	O
par	O
obsolescence	O
programmée	O
qui	O
emporte	O
la	O
recherche	O
actuelle,	O
y	O
compris	O
dans	O
les	O
sciences	O
humaines.	O
Ce	O
n’est	O
plus	O
un	O
secret	O
pour	O
personne	O
que	O
l’économie	O
contemporaine	O
qui	O
mobilise	O
l’ensemble	O
des	O
ressources	O
non	O
seulement	O
naturelles	O
mais	O
aussi	O
symboliques	O
et	O
immatérielles	O
comme	O
l’éducation	O
et	O
la	O
recherche,	O
repose	O
sur	O
une	O
dynamique	O
de	O
l’innovation	O
dont	O
le	O
moteur	O
est	O
la	O
destruction	O
de	O
plus	O
en	O
plus	O
rapide.	O
L’«	U-MISC
invention	O
innovante	O
»,	U-LOC
est	O
alors	O
la	O
figure	O
mystificatrice	O
de	O
la	O
«	O
destruction	O
créatrice	O
»	O
selon	O
la	O
formule	O
de	O
l’économiste	O
Joseph	B-PER
Schumpeter	L-PER
,	O
préconisée	O
aujourd’hui	O
dans	O
nos	O
programmes	O
de	O
recherches	O
universitaires	O
fondés	O
sur	O
la	O
concurrence,	O
et	O
dont	O
le	O
poids	O
risque	O
de	O
peser	O
encore	O
lourdement	O
contre	O
le	O
projet	O
souhaitable	O
d’une	O
anthropologie	O
comme	O
science	O
critique	O
des	O
idéologies.	O
Bibliographie	O
