Comme	O
elle	O
allait	O
être	O
condamnée,	O
il	O
la	O
fit	O
avancer	O
au	O
milieu	O
de	O
la	O
salle	O
(εἰς	O
μέσον)	U-ORG
et,	U-MISC
ayant	O
déchiré	O
son	O
vêtement,	O
il	O
exhiba	O
(ἐπέδειξε)	U-MISC
la	O
poitrine	O
de	O
la	O
femme.	O
Quand	B-MISC
les	I-MISC
juges	L-MISC
virent	O
(ἀπιδόντων)	O
sa	O
beauté,	O
ils	O
l’acquittèrent	O
Plutarque,	O
Vie	O
des	O
dix	O
orateurs,	O
Hypéride,	O
20	O
:	O
Moralia,	B-MISC
849e	L-MISC
:	O
Μελλούσης	U-LOC
δ'	O
αὐτῆς	O
ἁλίσκεσθαι,	O
παραγαγὼν	O
εἰς	O
μέσον	O
καὶ	O
περιρρήξας	O
τὴν	O
ἐσθῆτα	O
ἐπέδειξε	O
τὰ	O
στέρνατῆς	O
γυναικός,	O
καὶ	O
τῶν	O
δικαστῶν	O
εἰς	O
τὸ	O
κάλλος	O
ἀπιδόντων	O
ἀφείθη.	O
.	O
Fig.	O
1	O
:	O
Phryné	U-PER
devant	O
l’Aréopage.	O
Jean-Léon	B-PER
Gérôme,	I-PER
Hamburg,	I-PER
Kunsthalle,	L-PER
1861.	O
C’est	O
ainsi	O
que	O
le	O
Pseudo-Plutarque	U-LOC
expose	O
la	O
stratégie	O
utilisée	O
par	O
Hypéride	U-PER
pour	O
défendre	O
Phryné	U-PER
,	O
courtisane	O
accusée	O
d’impiété	O
dans	O
les	O
années	O
340-330	O
Sur	B-MISC
les	I-MISC
trois	I-MISC
chefs	I-MISC
d’inculpation	I-MISC
précis,	L-MISC
voir	O
Foucart	U-MISC
1902.	O
Pour	B-MISC
la	I-MISC
date,	L-MISC
voir	O
la	O
bibliographie	O
exposée	O
par	O
Gianfranco	B-PER
Bartolini	L-PER
(1977,	O
p.	O
117-118).	O
.	O
La	O
présentation	O
du	O
corps	O
de	O
l’hétaïre	O
apparaît	O
comme	O
une	O
«	O
arme	O
rhétorique	O
redoutable	O
Gherchanoc	U-MISC
2012,	O
p.	O
207.	O
L’ensemble	O
de	O
l’article	O
analyse	O
les	O
raisons	O
qui	O
font	O
de	O
ce	O
dévoilement	O
un	O
moyen	O
de	O
persuasion.	O
».	B-MISC
Si	L-MISC
le	O
discours	O
de	O
l’orateur	O
est	O
aujourd’hui	O
perdu	O
Une	O
seule	O
phrase	O
a	O
survécu,	O
grâce	O
à	O
Harpocration	U-MISC
et	O
Hésychius.	B-PER
Elle	L-PER
ne	O
concerne	O
malheureusement	O
pas	O
l’opération	O
de	O
dévoilement	O
mais	O
la	O
déesse	O
étrangère	O
Isodaitès,	U-MISC
qu’aurait	O
introduite	O
Phryné.	B-MISC
Voir	L-MISC
Foucart	U-LOC
1975,	O
p.	O
136,	O
n.	O
2.	O
Pour	B-MISC
l’ensemble	I-MISC
des	I-MISC
remarques	I-MISC
des	I-MISC
Anciens	L-MISC
qui	O
se	O
rapportent	O
à	O
l’affaire,	O
voir	O
les	O
fragments	O
d’Hypéride	O
dans	O
l’édition	O
Teubner	U-ORG
éditée	O
par	O
Christian	B-PER
Jensen	L-PER
(1917,	O
p.	O
143-145	O
:	O
fragments	O
171-180).	U-MISC
et	O
si	O
l’authenticité	O
de	O
ce	O
passage	O
a	O
été	O
contestée	O
Voir	O
Craig	B-PER
Cooper	L-PER
(1995),	O
qui	O
parle	O
d’une	O
«	O
biographical	O
fiction	O
»	O
(p.	O
305).	O
,	O
ce	O
geste,	O
ayant	O
valeur	O
d’argument,	O
a	O
été	O
largement	O
évoqué	O
dans	O
l’Antiquité	O
Cette	O
version	O
se	O
trouve	O
dans	O
Athénée,	U-MISC
Deipnosophistes,	O
XIII,	O
590	O
d-f.	O
D’autres	O
auteurs	O
affirment	O
que	O
c’est	B-PER
Phryné	L-PER
qui	O
a	O
déchiré	O
ses	O
vêtements	O
:	O
Alciphron,	B-MISC
Lettres	I-MISC
d’hétaïres	L-MISC
(IV),	O
4	O
;	O
Sextus	B-PER
Empiricus,	L-PER
Contre	O
les	O
rhéteurs	O
(II),	O
4.	O
Enfin,	B-MISC
Posidippe	L-MISC
affirmerait	O
dans	O
son	O
Éphésienne	U-LOC
(fr.	O
13)	O
quece	O
sont	O
les	O
larmes	O
de	O
Phryné,	U-PER
et	O
non	O
pas	O
son	O
dévoilement,	O
qui	O
ont	O
convaincu	O
les	O
juges	O
(Athénée,	O
Deipnosophistes,	B-MISC
XIII,	I-MISC
591	I-MISC
e-f).	L-MISC
et	O
exploité	O
à	O
partir	O
de	O
l’époque	O
moderne	O
Ce	B-MISC
spectacle	I-MISC
vivant	L-MISC
est	O
évoqué	O
dès	O
le	O
xvi	O
e	O
siècle	O
par	O
Michel	B-PER
de	I-PER
Montaigne	L-PER
:	O
«	O
Phryné	U-PER
perdoit	O
sa	O
cause	O
entre	O
les	O
mains	O
d’un	O
excellent	O
advocat	O
si,	O
ouvrant	O
sa	O
robbe	O
elle	O
n’eust	O
corrompu	O
ses	O
juges	O
par	O
l’esclat	U-PER
de	O
sa	O
beauté	O
»	O
(Essais,	O
III,	O
12	O
:	O
«	O
De	O
la	O
phisionomie	O
»).	U-MISC
Sur	O
les	O
nombreux	O
emplois	O
de	O
la	O
scène	O
à	O
sa	O
suite,	O
voir	O
Vouilloux	U-LOC
2002,	O
p.	O
41-52.	O
Voir	O
aussi	O
Wittenburg	U-LOC
2007,	O
p.	O
212,	O
n.	O
73.	O
,	O
à	O
l’image	O
du	O
tableau	O
de	O
Jean-Léon	B-PER
Gérôme	L-PER
(fig.	O
1).	O
Le	O
dévoilement	O
de	O
Phryné	U-PER
témoigne	O
du	O
lien	O
fort	O
qui	O
unit	O
l’exhibition	O
et	O
la	O
conviction	O
En	O
parlant	O
de	O
la	O
réception	O
du	O
tableau	O
de	O
Gérôme,	U-MISC
Gerald	B-PER
Ackerman	L-PER
affirme	O
(2000,	O
p.	O
52)	O
:	O
«	O
Peu	O
à	O
peu,	O
celle-ci	O
devient	O
le	O
symbole	O
de	O
la	O
vérité	O
dévoilée.	O
»	O
.	O
Faire	U-LOC
voir	O
permet	O
de	O
faire	O
accepter,	O
montrer	O
c’est	U-MISC
déjà	O
démontrer.	O
Montrer-démontrer	U-LOC
:	O
la	O
corrélation	O
entre	O
les	O
deux	O
verbes	O
paraît	O
naturelle,	O
puisqu’ils	O
ne	O
différent	O
que	O
d’un	O
préfixe,	O
tout	O
comme	O
leurs	O
étymons	O
latins	O
et	O
grecs	O
que	O
sont	O
monstrare/demonstrare	O
et	O
δείκνυμι/ἀποδείκνυμι.	U-MISC
D’un	O
côté,	O
montrer	O
consiste	O
à	O
«	O
faire	O
voir	O
»,	U-LOC
c’est-à-dire	O
attirer	O
l’attention	O
d’une	O
ou	O
plusieurs	O
personnes.	O
Comme	O
l’écrit	O
Nadine	B-PER
Lavand	L-PER
(2008,	O
p.	O
18),	O
le	O
verbe	O
«	O
exprime	O
alors	O
toute	O
action	O
d’indiquer,	O
que	O
ce	O
soit	O
la	O
bonne	O
direction	O
–	O
montrer	O
le	O
chemin,	O
montrer	O
où	O
regarder	O
–	O
ou	O
la	O
meilleure	O
manière	O
de	O
procéder	O
–	O
montrer	O
comment	O
faire	O
–	O
celle	O
encore	O
de	O
se	O
conduire	O
–	O
montrer	O
l’exemple.	O
»	O
Monstrare	U-PER
,	O
en	O
latin,	O
désigne	O
ainsi	O
le	O
fait	O
d’agir	O
sur	O
un	O
esprit	O
et	O
le	O
monstrum	O
est	O
le	O
prodige,	O
c’est-à-dire	O
l’avertissement	O
des	O
dieux.	O
Or	B-MISC
personne	L-MISC
ne	O
peut	O
forcer	O
une	O
personne	O
à	O
regarder	O
quelque	O
chose	O
:	O
«	O
quand	O
le	O
sage	O
montre	O
la	O
Lune,	U-ORG
l’imbécile	O
regarde	O
le	O
doigt	O
».	B-MISC
Au-delà	I-MISC
de	I-MISC
la	I-MISC
question	I-MISC
des	I-MISC
facultés	I-MISC
de	I-MISC
compréhension	I-MISC
d’un	I-MISC
individu,	L-MISC
l’indication	O
d’une	O
information	O
se	O
fonde	O
d’une	O
part	O
sur	O
un	O
code	O
commun	O
de	O
signes	O
intelligibles	O
entre	O
le	O
locuteur	O
–	O
plus	O
ou	O
moins	O
sage	O
–	O
et	O
son	O
public,	O
et	O
d’autre	O
part	O
sur	O
la	O
capacité	O
du	O
premier	O
à	O
diriger	O
l’intérêt	O
du	O
second	O
sur	O
ce	O
qu’il	O
lui	O
désigne.	O
Cela	O
conduit	O
à	O
considérer	O
les	O
stratégies	O
–	O
énonciatives	O
et	O
scénographiques	O
–	O
pour	O
attirer	O
le	O
regard	O
du	O
ou	O
des	O
interlocuteur(s).	O
Le	O
contexte	O
et	O
les	O
procédures	O
de	O
présentation	O
importent	O
alors	O
autant	O
que	O
la	O
composition	O
propre	O
de	O
ce	O
qui	O
est	O
désigné	O
:	O
la	O
beauté	O
de	O
Phryné	U-PER
n’emporte	O
la	O
conviction	O
que	O
parce	O
qu’elle	O
est	O
au	O
centre	O
du	O
tribunal,	O
εἰς	O
μέσον,	U-PER
et	O
parce	O
qu’	O
Hypéride	U-PER
lève	O
le	O
voile	O
sur	O
elle,	O
plutôt	O
qu’il	O
ne	O
la	O
fait	O
arriver	O
déjà	O
nue.	O
Cette	U-LOC
mise	O
en	O
scène	O
contraint	O
alors	O
les	O
juges	O
à	O
observer	O
l’accusée.	O
Signe	U-LOC
que	O
si	O
on	O
ne	O
peut	O
forcer	O
quelqu’un	O
à	O
regarder	O
dans	O
une	O
direction,	O
il	O
est	O
possible	O
de	O
l’y	O
inciter	O
fortement.	O
D’un	O
autre	O
côté,	O
démontrer	O
s’entend	O
comme	O
faire	O
accepter	O
par	O
le	O
destinataire	O
une	O
information,	O
qu’il	O
s’agisse	O
d’un	O
savoir,	O
d’un	O
acte	O
ou	O
d’un	O
statut.	O
L’argumentation	U-LOC
peut	O
recourir	O
à	O
la	O
logique,	O
au	O
moyen	O
d’un	O
discours	O
et	O
de	O
preuves.	O
Ces	O
deux	O
derniers	O
moyens	O
de	O
convaincre	O
ne	O
sont	O
pas	O
assimilables	O
pour	O
autant,	O
comme	O
en	O
témoigne	O
Aristote	U-PER
qui	O
oppose	O
les	O
preuves	O
«	O
techniques	O
»	O
(ἔντεχνοι),	O
c’est-à-dire	O
le	O
discours	O
composé	O
par	O
l’orateur,	O
et	O
«	O
extra-techniques	O
»	O
(ἄτεχνοι),	O
que	O
sont	O
les	O
documents	O
exploités	O
lors	O
des	O
plaidoiries,	O
comme	O
les	O
témoignages	O
ou	O
les	O
contrats	O
(Aristote,	O
Rhétorique,	B-PER
I,	I-PER
2	L-PER
:	O
1355b35-39).	O
Démontrer	U-MISC
et	O
prouver	O
ne	O
se	O
recoupent	O
donc	O
pas	O
complètement,	O
même	O
s’ils	O
procèdent	O
tous	O
deux	O
d’une	O
argumentation.	O
Toutefois,	O
comme	O
la	O
démonstration	O
vise	O
l’adhésion	O
de	O
l’auditoire,	O
les	O
dispositifs	O
peuvent	O
jouer	O
sur	O
les	O
émotions	O
de	O
l’assistance	O
Sur	O
l’importance	O
des	O
passions	O
des	O
auditeurs,	O
voir	O
Aristote,	U-LOC
Rhétorique,	B-MISC
I,	I-MISC
2	L-MISC
:	O
1356a14-19.	O
.	O
Le	O
couple	O
émetteur-récepteur	O
apparaît	O
donc	O
tout	O
aussi	O
prépondérant	O
que	O
pour	O
la	O
monstration.	O
De	O
même,	O
l’effeuillage	O
de	O
Phryné	U-PER
renvoie,	O
comme	O
l’a	O
bien	O
montré	O
Florence	B-PER
Gherchanoc	L-PER
(2012),	O
à	O
un	O
geste	O
de	O
supplication	O
Ce	O
point	O
avait	O
déjà	O
été	O
soulevé	O
par	O
Craig	B-PER
Cooper	L-PER
(1995,	O
p.	O
312-314).	O
,	O
ce	O
qui	O
rappelle	O
la	O
place	O
du	O
religieux	O
dans	O
la	O
confiance	O
entre	O
individus	O
dans	O
l’Antiquité	O
Ce	O
dont	O
témoigne	O
la	O
double	O
signification	O
du	O
mot	O
πίστις,	O
à	O
la	O
fois	O
«	O
confiance	O
»	O
et	O
«	O
serment	O
».	U-ORG
Comme	O
le	O
rappelle	O
Giorgio	B-PER
Agamben	L-PER
(2009,	O
p.	O
41),	O
«	O
en	O
grec	O
pistis	O
est	O
synonyme	O
de	O
horkos	O
dans	O
des	O
expressions	O
du	O
type	O
:	O
pistin	O
kai	O
horka	O
poieisthai	O
(prêter	O
serment),	O
pista	O
dounai	O
kai	O
lambanein	O
(échanger	O
un	O
serment).	O
»	O
:	O
l’aspect	O
rituel	O
de	O
la	O
démonstration	O
ne	O
doit	O
pas	O
être	O
oublié.	O
La	O
dialectique	O
du	O
faire	O
accepter	O
repose	O
néanmoins	O
sur	O
un	O
refus	O
initial,	O
envisagé	O
ou	O
rencontré	O
:	O
il	O
ne	O
peut	O
y	O
avoir	O
attestation	O
qu’à	O
partir	O
du	O
moment	O
où	O
une	O
idée	O
ne	O
va	O
pas	O
ou	O
plus	O
de	O
soi.	O
La	O
validation	O
va	O
donc	O
à	O
l’encontre	O
de	O
l’évidence,	O
qui	O
est	O
pourtant	O
en	O
lien	O
fort	O
avec	O
le	O
caractère	O
visuel	O
de	O
l’exhibition.	O
C’est	O
le	O
hiatus	O
que	O
pointe	O
Nadine	B-PER
Lavand	L-PER
,	O
en	O
exposant	O
le	O
double	O
sens	O
du	O
préfixe	O
de-	O
:	O
s’il	O
peut	O
indiquer	O
l’achèvement	O
ou	O
la	O
perfection,	O
ce	O
qui	O
pointe	O
la	O
relation	O
entre	O
les	O
deux	O
verbes,	O
il	O
peut	O
également	O
signifier	O
l’éloignement,	U-MISC
la	O
séparation	O
ou	O
la	O
privation.	O
La	O
différence	O
peut	O
donc	O
être	O
de	O
degré	O
ou	O
de	O
nature	O
Nadine	B-PER
Lavand	L-PER
(2008,	O
p.	O
17-33)	O
se	O
demande	O
si	O
démontrer	O
c’est	U-MISC
«	O
mettre	O
la	O
vue	O
hors	O
jeu,	O
ou	O
montrer	O
parfaitement	O
?	O
»	O
La	O
solution	O
se	O
trouve	O
évidemment	O
dans	O
l’entre-deux	O
:	O
«	O
De	O
démontrer	O
à	O
montrer,	O
peut-être	O
n’y	O
a-t-il	O
pas	O
qu’une	O
assonance	O
;	O
leurs	O
différences	O
ne	O
sont	O
ni	O
tout	O
à	O
fait	O
de	O
nature,	O
ni	O
tout	O
à	O
fait	O
de	O
degré.	O
»	O
(p.	O
33).	O
.	O
L’exemple	O
de	O
Phryné	U-PER
est	O
symptomatique	O
de	O
cette	O
divergence	O
possible.	O
En	O
effet,	O
la	O
mise	O
à	O
nu	O
de	O
la	O
courtisane	O
n’a	O
pas	O
lieu	O
au	O
hasard	O
:	O
Hypéride	U-PER
,	O
ou	O
Phryné	U-PER
selon	O
les	O
versions,	O
se	O
rend	O
précisément	O
compte	O
qu’il	O
ne	O
convainc	O
pas	O
les	O
juges	O
et	O
dénude	O
partiellement	O
sa	O
cliente	O
pour	O
avoir	O
gain	O
de	O
cause.	O
Carlos	B-PER
Lévy	L-PER
et	O
Laurent	B-PER
Pernot	L-PER
en	O
concluent	O
(1997,	O
p.	O
6)	U-LOC
:	O
«	O
Faute	O
de	O
pouvoir	O
démontrer,	O
il	O
montra.	O
Et	O
ce	O
que	O
l’argumentation	O
n’avait	O
pas	O
obtenu,	O
le	O
geste	O
l’emporta.	O
»	O
L’exposition,	U-MISC
qui	O
inclut	O
un	O
caractère	O
visuel,	O
peut	O
ainsi	O
se	O
différencier	O
de	O
la	O
démonstration,	O
qui	O
passe	O
essentiellement	O
par	O
la	O
parole	O
ou	O
l’écrit.	O
Si	O
ce	O
cas	O
ne	O
suffit	O
pas	O
à	O
rompre	O
tout	O
lien	O
existant	O
entre	O
montrer	O
et	O
démontrer,	O
force	O
est	O
de	O
constater	O
qu’ils	O
font	O
l’objet	O
de	O
dynamiques	O
différentes,	O
qui	O
peuvent	O
se	O
compléter	O
mais	O
aussi	O
différer.	O
Et	O
c’est	U-MISC
en	O
faisant	O
ce	O
pas	O
de	O
côté	O
sur	O
le	O
chemin	O
tout	O
tracé	O
du	O
faire	O
voir	O
au	O
faire	O
accepter	O
qu’on	O
peut	O
saisir	O
la	O
connexion	O
d’autant	O
plus	O
forte	O
des	O
deux	O
notions	O
dans	O
les	O
situations	O
où	O
elle	O
advient.	O
La	O
manœuvre	O
de	O
Phryné	U-PER
trouve	O
aussi	O
son	O
parallèle	O
dans	O
le	O
monde	O
romain,	O
où	O
les	O
soldats	O
peuvent	O
dévoiler	O
leurs	O
cicatrices	O
dans	O
les	O
procès,	O
à	O
l’image	O
de	O
Manius	B-PER
Aquilius	L-PER
:	O
Antoine,	O
son	O
avocat,	O
«	O
le	O
campa	O
debout	O
à	O
la	O
vue	O
de	O
tous	O
et	O
déchira	O
sa	O
tunique	O
pour	O
montrer	O
au	O
peuple	O
romain	O
et	O
aux	O
juges	O
les	O
cicatrices	O
des	O
blessures	O
reçues	O
en	O
face	O
Cicéron,	B-MISC
Seconde	L-MISC
action	O
contre	O
Verrès,	B-PER
V,	L-PER
1,	O
3.	O
Cicéron	U-PER
critique	O
néanmoins	O
l’emploi	O
de	O
ce	O
procédé	O
que	O
pourrait	O
faire	O
Verrès.	U-PER
Voir	O
Pierre	B-PER
Cordier	L-PER
(2005,	O
p.	O
116)	O
:	O
«	O
Pour	O
gagner	O
les	O
juges	O
et	O
l’attroupement	O
(corona)	O
du	O
public	O
à	O
sa	O
cause,	O
dans	O
le	O
cadre	O
d’un	O
procès,	O
un	O
accusé	O
avait	O
intérêt	O
à	O
montrer	O
ses	O
cicatrices.	O
»	O
Pierre	B-PER
Cordier	L-PER
met	O
notamment	O
en	O
avant	O
l’aspect	O
suppliant	O
de	O
cette	O
pratique.	O
.	O
»	O
De	O
la	O
même	O
manière	O
qu’	O
Hypéride	U-PER
,	O
«	O
il	O
ne	O
se	O
fia	O
pas	O
à	O
son	O
plaidoyer,	O
mais	O
au	O
choc	O
visuel	O
que	O
reçurent	O
les	O
Romains	U-LOC
»	O
(Quintilien,	O
Institution	U-LOC
oratoire,	O
II,	U-LOC
15,	O
7).	O
C’est	O
également	O
le	O
cas	O
chez	O
Ovide,	U-PER
quand	O
Ulysse	B-PER
s’oppose	L-PER
à	O
Ajax	U-PER
pour	O
les	O
armes	O
d’Achille,	O
il	O
clame	O
ses	O
exploits	O
guerriers	O
et	O
ajoute	O
:	O
«	O
“Moi	O
aussi,	O
je	O
porte	O
des	O
blessures,	O
citoyens,	O
que	O
leur	O
place	O
rend	O
glorieuses	O
;	O
n’en	O
jugez	O
pas	O
seulement	O
par	O
de	O
vaines	O
paroles.	O
Tenez,	U-LOC
voyez	O
!”	O
De	O
la	O
main	O
il	O
écarte	O
son	O
vêtement	O
;	O
puis	O
il	O
reprend	O
:	O
“Voilà	O
cette	O
poitrine	O
qui	O
s’est	O
toujours	O
exposée	O
pour	O
votre	O
cause.	O
Au	O
contraire	O
le	O
fils	O
de	O
Télamon	U-PER
,	O
pendant	O
tant	O
d’années,	O
n’a	O
pas	O
versé	O
une	O
goutte	O
de	O
sang	O
pour	O
ses	O
compagnons	O
d’armes	O
;	O
son	O
corps	O
n’a	O
pas	O
une	O
blessure.”	U-PER
»	O
(Ovide,	O
Métamorphoses,	O
XIII,	O
262-267).	O
Ces	O
situations	O
sont	O
d’ailleurs	O
proches	O
de	O
celle	O
d’Ulysse	O
qui	O
se	O
fait	O
reconnaître	O
par	O
sa	O
nourrice	O
Euryclée	U-PER
du	O
fait	O
de	O
sa	O
cicatrice	O
(Homère,	O
Odyssée,	B-MISC
XIX,	I-MISC
386-476).	L-MISC
Mais	O
le	O
héros	O
d’	O
Ithaque	U-PER
cherche	O
à	O
éviter	O
d’être	O
reconnu,	O
au	O
contraire	O
de	O
l’exhibition	O
des	O
blessures	O
au	O
cours	O
des	O
procès	O
romains	O
Voir	O
aussi,	O
dans	O
un	O
contexte	O
non	O
judiciaire,	O
le	O
vétéran	O
de	O
la	O
guerre	O
contre	O
les	O
Sabins	U-LOC
qui	O
montre	O
ses	O
blessures	O
sur	O
le	O
forum	O
chez	O
Tite-Live	U-PER
(Histoire	O
romaine,	O
II,	U-PER
23,	O
3-7)	O
et	O
Denys	U-PER
d’Halicarnasse	O
(Antiquités	O
romaines,	O
VI,	U-LOC
26,	O
1-2).	O
.	O
On	O
voit	O
ainsi	O
s’ouvrir	O
un	O
large	O
champ	O
de	O
comparatisme,	O
à	O
la	O
fois	O
entre	O
les	O
mondes	O
grec	O
et	O
romain	O
mais	O
aussi	O
entre	O
différents	O
types	O
de	O
documents.	O
D’ailleurs,	U-LOC
comme	O
le	O
signale	O
Catherine	B-PER
Baroin	L-PER
(2002,	O
p.	O
45-46),	O
les	O
glorieuses	O
cicatrices	O
des	O
Romains	U-LOC
ne	O
sont	O
jamais	O
représentées	O
sur	O
des	O
peintures,	O
alors	O
qu’elles	O
peuvent	O
être	O
mises	O
en	O
scène	O
dans	O
les	O
affaires	O
judiciaires.	O
La	O
comparaison	O
doit	O
donc	O
se	O
faire	O
entre	O
les	O
différentes	O
sources,	O
qui	O
témoignent	O
de	O
stratégies	O
distinctes	O
et	O
invitent	O
à	O
des	O
précautions	O
particulières	O
selon	O
chaque	O
type	O
de	O
document.	O
Fig.	O
2	O
:	O
Le	O
général	O
Bonaparte	U-PER
au	O
Conseil	B-ORG
des	I-ORG
Cinq-Cents,	L-ORG
à	O
Saint-Cloud.	U-LOC
10	O
novembre	O
1799.	O
François	B-PER
Bouchot,	I-PER
Musée	L-PER
national	O
du	O
château	O
de	O
Versailles,	O
1840.	O
L’évocation	O
des	O
représentations	O
à	O
Rome	U-LOC
conduit	O
encore	O
une	O
fois	O
à	O
Phryné	U-PER
,	O
telle	O
qu’elle	O
est	O
figurée	O
par	O
Jean-Léon	B-PER
Gérôme	L-PER
(1824-1904)	O
dans	O
sa	O
célèbre	O
toile	O
Phryné	U-PER
devant	O
l’Aréopage.	O
Ce	O
tableau	O
de	O
quatre-vingt	O
centimètres	O
sur	O
un	O
mètre	O
vingt-huit	O
a	O
été	O
exposé	O
au	O
salon	O
de	O
1861,	O
où	O
il	O
a	O
été	O
qualifié	O
de	O
«	O
scabreux	O
»	O
ou	O
de	O
«	O
pornographique	O
»	O
Ce	O
sont	O
les	O
termes	O
de	O
Degas	U-PER
:	O
voir	O
Georges	B-PER
Janniot,	I-PER
«	I-PER
Souvenirs	L-PER
sur	O
Degas	B-MISC
»,	I-MISC
Revue	I-MISC
Universelle,	I-MISC
LV,	I-MISC
14	L-MISC
(1933),	O
p.	O
172.	O
Pour	O
la	O
réception	O
de	O
l’œuvre	O
à	O
l’époque,	U-LOC
voir	O
Vouilloux	U-LOC
2002,	O
p.	O
53-54.	O
.	O
Cela	O
permet	O
de	O
mettre	O
en	O
perspective	O
la	O
réception	O
de	O
cet	O
épisode	O
antique	O
au	O
xix	O
e	O
siècle	O
:	O
la	O
peinture	O
en	O
dit	O
moins	O
sur	O
le	O
procès	O
particulier	O
que	O
sur	O
sa	O
perception	O
moderne.	O
On	O
pourrait	O
ainsi	O
souligner	O
que	O
Phryné	U-PER
n’a	O
probablement	O
pas	O
été	O
présentée	O
devant	O
l’Aréopage	O
Posidippe	U-PER
mentionne	O
l’Héliée	O
selon	O
Athénée	U-PER
(XIII,	O
591	O
e-f)	O
mais	O
toutes	O
les	O
autres	O
sources	O
sont	O
muettes	O
sur	O
le	O
sujet.	O
Les	O
peintres	O
sont	O
quant	O
à	O
eux	O
unanimes	O
à	O
partir	O
du	O
xviii	O
e	O
siècle	O
:	O
Phryné	U-PER
est	O
«	O
devant	O
l’Aréopage	O
»	O
pour	O
Pierre-Antoine	B-PER
Baudoin	L-PER
(salon	O
de	O
1763),	O
Victor	B-PER
Robert	L-PER
(salon	O
de	O
1846),	O
François	B-PER
Tabar	L-PER
(salon	O
de	O
1852),	O
Victor-Louis	B-PER
Mottez	L-PER
(salon	O
de	O
1859).	O
Gérôme	U-PER
ne	O
fait	O
donc	O
que	O
reprendre	O
une	O
tradition.	O
Bernard	B-PER
Vouilloux	L-PER
(2002,	O
p.	O
82)	O
explique	O
ce	O
choix	O
:	O
«	O
Son	O
nom	O
était	O
plus	O
évocateur	O
que	O
celui	O
de	O
l’Héliée,	O
l’autre	O
institution	O
judiciaire	O
d’Athènes,	O
et	O
l’affaire	O
n’en	U-MISC
prenait	O
que	O
plus	O
de	O
relief.	O
Y	B-MISC
compris	L-MISC
dans	O
l’acceptation	O
visuelle	O
du	O
terme	O
:	O
le	O
geste	O
de	O
monstration	O
ou	O
d’auto-monstration	O
se	O
charge	O
de	O
valeurs	O
différentes	O
selon	O
qu’il	O
a	O
pour	O
témoins	O
une	O
assemblée	O
restreinte	O
ou	O
un	O
vaste	O
auditoire.	O
»	O
À	O
noter	O
que	O
le	O
titre	O
du	O
tableau	O
devient	O
en	O
anglais	O
Phryne	U-PER
before	O
the	O
Tribunal	U-MISC
:	O
voir	O
Smith	U-PER
2001,	O
p.	O
88-91.	O
;	O
l’assemblée	O
d’une	O
trentaine	O
de	O
juges	O
visiblement	O
âgés,	O
en	O
toges	O
rouges,	O
fait	O
surtout	O
penser	O
à	O
une	O
conjecture	O
qui	O
mélange	O
les	O
sénateurs	O
romains,	O
en	O
toge	O
à	O
la	O
Curie,	O
et	O
l’empereur,	U-MISC
vêtu	O
de	O
pourpre.	O
Ce	O
choix	O
pictural	O
s’explique	O
en	O
partie	O
par	O
la	O
difficulté	O
des	O
peintres	O
à	O
avoir	O
accès	O
à	O
une	O
connaissance	O
précise	O
du	O
monde	O
grec	O
seul	O
et	O
par	O
les	O
libertés	O
qu’ils	O
peuvent	O
prendre	O
par	O
rapport	O
à	O
l’historicité	O
d’un	O
tableau.	O
Il	O
peut	O
enfin	O
être	O
interprété	O
comme	O
une	O
référence	O
au	O
sénat	O
révolutionnaire	O
et	O
napoléonien,	O
dont	O
les	O
membres	O
couvraient	O
leurs	O
habits	O
d’une	O
toge	O
rouge,	O
comme	O
l’illustre	O
le	O
tableau	O
de	O
François	B-PER
Bouchot,	L-PER
Le	O
général	O
Bonaparte	U-PER
au	O
Conseil	B-ORG
des	I-ORG
Cinq-Cents	L-ORG
Le	O
tableau	O
a	O
été	O
exposé	O
en	O
1840,	O
soit	O
une	O
vingtaine	O
d’années	O
avant	O
celui	O
de	O
Gérôme,	U-MISC
ce	O
qui	O
pourrait	O
donc	O
constituer	O
une	O
référence	O
importante	O
pour	O
le	O
peintre	O
de	O
Bonaparte	U-PER
devant	O
le	O
Sphinx.	U-PER
(fig.	O
2).	B-MISC
L’Antiquité	L-MISC
apparaît	O
alors	O
comme	O
un	O
prétexte	O
utilisé	O
par	O
Gérôme	U-PER
pour	O
traiter	O
de	O
son	O
temps.	O
Colombe	B-PER
Couëlle	L-PER
(2013,	O
p.	O
26),	O
qui	O
analyse	O
la	O
représentation	O
de	O
l’Antiquité	O
dans	O
la	O
peinture	O
européenne	O
de	O
la	O
deuxième	O
moitié	O
du	O
xix	O
e	O
siècle,	O
montre	O
d’ailleurs	O
que	O
Phryné	U-PER
«	O
perd	O
de	O
son	O
antique	O
splendeur	O
pour	O
incarner	O
la	O
cocotte	O
du	O
seconde	O
empire	O
».	U-ORG
*	O
L’usage	O
de	O
la	O
«	O
monstration	O
»	O
se	O
transforme	O
en	O
fonction	O
des	O
jeux	O
et	O
des	O
enjeux	O
des	O
sociétés	O
qui	O
y	O
ont	O
recours,	O
comme	O
le	O
montre	O
l’historiographie	O
récente	O
où	O
les	O
verbes	O
«	O
montrer	O
»	O
et	O
«	O
démontrer	O
»	O
sont	O
très	O
représentés.	O
En	B-MISC
2012	I-MISC
et	I-MISC
2013,	L-MISC
deux	O
journées	O
d’études	O
ont	O
eu	O
pour	O
thème	O
«	O
Montrer,	O
démontrer	O
le	O
territoire	O
Organisée	U-LOC
par	O
l’IRHiS	O
en	O
juin	O
2012	O
:	O
voir	O
le	O
programme	O
en	O
ligne,	O
URL	O
:	O
http://irhis.hypotheses.org/5034	O
»	O
et	O
«	O
Montrer,	U-MISC
démontrer	O
la	O
préhistoire	O
:	O
la	O
construction	O
du	O
préhistorique	O
dans	O
les	O
musées	O
et	O
les	O
expositions	O
en	O
Europe	U-LOC
:	O
xix	O
e-xx	O
e	O
siècle	O
Pour	O
plus	O
de	O
détails,	O
voir	O
le	O
blog	O
«	O
Matières	U-LOC
à	O
penser	O
»,	U-PER
URL	O
:	O
http://matap.hypotheses.org/509	O
».	U-PER
Lors	O
de	O
cette	O
dernière	O
journée,	O
les	O
organisateurs	O
envisageaient	O
le	O
préhistorique	O
dans	O
ses	O
espaces	O
d’exposition	O
et	O
les	O
différents	O
processus	O
qui	O
permettent	O
l’élaboration	O
de	O
ce	O
type	O
de	O
savoir,	O
depuis	O
les	O
fouilles	O
jusqu’aux	O
publications	O
scientifiques,	O
la	O
scénographie	O
et	O
l’analyse	O
des	O
discours	O
savants.	O
Des	O
ouvrages	O
scientifiques	O
récents	O
ont	O
réfléchi,	O
dans	O
leurs	O
champs	O
respectifs,	O
à	O
l’association	O
de	O
ces	O
deux	O
verbes	O
d’action.	O
Outre	B-MISC
le	I-MISC
livre	I-MISC
de	L-MISC
Nadine	B-PER
Lavand,	L-PER
la	O
revue	O
«	O
Ethnographique.	U-PER
org	O
»	O
a	O
intitulé	O
son	O
numéro	O
de	O
décembre	O
2012	O
«	O
Filmer	B-MISC
le	I-MISC
travail	L-MISC
:	O
chercher,	O
montrer,	O
démontrer	O
Voir	B-LOC
Giglio-Jacquemot	L-LOC
et	O
Gehin	O
2013	O
:	O
les	O
analyses	O
insistent	O
sur	O
les	O
outils	O
heuristiques	O
qui	O
permettent	O
d’aborder	O
«	O
le	O
processus	O
de	O
fabrication	O
audiovisuelle	O
et	O
les	O
différentes	O
étapes	O
de	O
la	O
démarche	O
de	O
recherche	O
»	O
mis	O
en	O
scène	O
par	O
l’articulation	O
de	O
ces	O
trois	O
verbes	O
sur	O
un	O
terrain	O
de	O
recherche	O
spécifique.	O
».	U-PER
En	O
littérature,	O
un	O
chapitre	O
de	O
L’inscription	O
du	O
regard	O
:	O
Moyen-âge,	B-ORG
Renaissance	L-ORG
de	O
Simone	B-PER
Perrier	L-PER
(1995)	U-LOC
a	O
pour	O
titre	O
:	O
«	O
Montrer,	O
démontrer.	O
Quelques	O
modalités	O
du	O
visible	O
dans	O
la	O
poésie	O
du	O
xvi	O
e	O
siècle	O
».	U-ORG
Pour	O
l’auteur,	O
«	O
faire	O
voir	O
»,	B-MISC
c’est	L-MISC
mettre	O
en	O
jeu	O
et	O
du	O
sensible	O
et	O
de	O
l’intelligible.	O
L’écriture	U-LOC
permet	O
de	O
donner	O
l’illusion	O
d’une	O
présence	O
;	O
la	O
place	O
de	O
la	O
description	O
dans	O
les	O
poésies	O
du	O
xvi	O
e	O
siècle	O
joue	O
le	O
rôle	O
de	O
représentation	O
du	O
monde	O
ayant	O
pour	O
tâche	O
de	O
«	O
montrer	O
et	O
démontrer	O
la	O
vérité	O
sous	O
le	O
voile	O
des	O
apparences	O
Gally	U-PER
et	O
Jourde	U-PER
1995,	O
p.	O
352.	O
Voir	O
Perrier	O
1995,	O
p.	O
37	O
:	O
«	O
Le	O
mot	O
«	O
visible	O
»,	U-LOC
avec	O
les	O
questions	O
qu’il	O
pose,	O
pourrait	O
servir	O
ici	O
à	O
interroger	O
la	O
poésie	O
du	O
xvi	O
e	O
siècle	O
sur	O
la	O
manière	O
dont	O
elle	O
donne	O
à	O
voir	O
le	O
monde	O
concret,	O
autrement	O
dit	O
sur	O
le	O
statut,	O
dans	O
cette	O
poésie,	O
de	O
la	O
description.	O
»	O
».	B-PER
Phryné	L-PER
se	O
cache	O
le	O
visage	O
avec	O
ses	O
mains,	O
comme	O
pour	O
ne	O
pas	O
dévoiler	O
ce	O
qu’elle	O
peut	O
laisser	O
dissimulé.	O
Face	O
visible	O
et	O
accessible	O
de	O
la	O
recherche,	O
ce	O
panorama	O
historiographique	O
montre	O
que	O
la	O
réflexion	O
autour	O
des	O
relations	O
entre	O
«	O
montrer	O
»	O
et	O
«	O
démontrer	O
»	O
traverse	O
l’ensemble	O
des	O
sciences	O
humaines	O
et	O
sociales	O
«	O
Montrer	U-PER
»	O
est	O
utilisé	O
dans	O
de	O
nombreux	O
livres,	O
comme	O
L.	B-PER
Veray	L-PER
et	O
P.	B-MISC
Simonet	L-MISC
dir.,	O
Montrer	U-PER
le	O
sport	O
:	O
photographie,	O
cinéma,	O
télévision,	O
Paris,	B-ORG
2000	L-ORG
;	O
L.	B-PER
Gervereau,	I-PER
Montrer	L-PER
la	O
guerre	O
?	O
:	O
information	O
ou	O
propagande...,	B-MISC
Paris,	I-MISC
2006	L-MISC
;	O
J.-P.	B-PER
Curnier,	I-PER
Montrer	L-PER
l'invisible	O
:	O
écrits	O
sur	O
l'image,	O
Paris,	B-LOC
2009	L-LOC
;	O
ou	O
encore	O
J.	B-PER
Maeck,	I-PER
Montrer	L-PER
la	O
Shoah	U-MISC
à	O
la	O
télévision,	O
de	O
1960	O
à	O
nos	O
jours,	O
Paris,	U-PER
2009.	O
On	O
retrouve	O
aussi	O
le	O
verbe	O
«	O
montrer	O
»	O
associé	O
à	O
d’autres	O
verbes	O
comme	O
dans	O
A.	B-MISC
Auchlin,	I-MISC
Faire,	L-MISC
montrer,	O
dire	O
:	O
pragmatique	O
comparée	O
de	O
l'énonciation	O
en	O
français	O
et	O
en	O
chinois,	O
Berne-Berlin,	U-LOC
1993	O
ou	O
L.	B-PER
Comparini	L-PER
et	O
M.	B-PER
Vuillermozdir.,	I-PER
Montrer-cacher	L-PER
:	O
la	O
représentation	O
et	O
ses	O
ellipses	O
dans	O
le	O
théâtre	O
des	O
xvii	O
e	O
et	O
xviii	O
e	O
siècles,	O
Chambéry,	B-LOC
2008	L-LOC
;	O
H.	B-PER
de	I-PER
Chanay,	L-PER
M.	O
Colas-Blaise	O
et	O
O.	O
Le	O
Guen	O
dir.,	B-MISC
Dire-montrer,	L-MISC
au	O
cœur	O
du	O
sens,	O
Chambéry,	U-LOC
2013.	O
Pour	O
«	O
démontrer	O
»,	U-LOC
on	O
trouve	O
les	O
titres	O
suivants	O
–	O
mise	O
à	O
part	O
la	O
littérature	O
pédagogique	O
:	O
L.	O
Raizon,	B-PER
Argumenter	L-PER
:	O
démontrer,	O
convaincre,	O
persuader,	O
délibérer,	O
Paris,	U-PER
2003	O
;	O
M.	O
Amorim,	B-PER
Raconter,	L-PER
démontrer,	O
survivre	O
:	O
formes	O
de	O
savoirs	O
et	O
de	O
discours	O
dans	O
la	O
culture	O
contemporaine,	O
Ramonville	U-MISC
Saint-Agne,	O
2006.	O
,	O
servant	O
d’outils	O
discursifs	O
voire	O
herméneutiques	O
pour	O
analyser	O
des	O
situations	O
historiques	O
ou	O
sociales	O
les	O
plus	O
variées.	O
Leur	O
usage	O
est	O
cependant	O
récent	O
et	O
les	O
relations	O
entre	O
ces	O
deux	O
notions	O
n’ont	O
pas	O
encore	O
fait	O
l’objet	O
d’approches	O
historiques	O
approfondies.	O
Le	O
rapport	O
entre	O
monstration	O
et	O
démonstration	O
est	O
en	O
revanche	O
au	O
cœur	O
de	O
la	O
philosophie,	O
depuis	O
Aristote	U-PER
Aristote,	O
Premiers	O
analytiques.	O
jusqu’à	O
la	O
philosophie	O
contemporaine	O
des	O
mathématiques	O
Voir	O
en	O
particulier	O
Schulte	U-ORG
1992.	O
.	O
Jean-Jacques	B-PER
Rousseau	L-PER
par	O
exemple,	O
quand	O
il	O
raisonne	O
sur	O
l’origine	O
des	O
langues,	O
met	O
en	O
avant	O
deux	O
moyens	O
de	O
communiquer	O
les	O
pensées	O
:	O
le	O
langage	O
et	O
le	O
geste.	O
Avant	O
de	O
discourir	O
sur	O
la	O
parole,	O
il	O
met	O
en	O
lumière	O
le	O
caractère	O
probant	O
de	O
ce	O
qui	O
est	O
montré.	O
Il	O
se	O
tourne	O
alors	O
vers	O
l’Antiquité,	O
pensée	O
comme	O
une	O
sorte	O
de	O
stade	O
initial,	O
ce	O
qui	O
n’a	O
rien	O
de	O
dépréciatif	O
dans	O
la	O
pensée	O
rousseauiste	O
:	O
Ce	O
que	O
les	O
anciens	O
disoient	O
le	O
plus	O
vivement,	O
ils	O
ne	O
l’exprimoient	O
pas	O
par	O
des	O
mots	O
mais	O
par	O
des	O
signes	O
;	O
ils	O
ne	O
le	O
disoient	O
pas,	O
ils	O
le	O
montroient.	O
Ouvrez	O
l’histoire	O
ancienne	O
vous	O
la	O
trouverez	O
pleine	O
de	O
ces	O
maniéres	O
d’argumenter	O
aux	O
yeux,	O
et	O
jamais	O
elles	O
ne	O
manquent	O
de	O
produire	O
un	O
effet	O
plus	O
assuré	O
que	O
tous	O
les	O
discours	O
qu’on	O
auroit	O
pu	O
mettre	O
à	O
la	O
place	O
J.-J.	B-PER
Rousseau,	I-PER
Essai	L-PER
sur	O
l’origine	O
des	O
langues.	O
Où	O
il	O
est	O
parlé	O
de	O
la	O
mélodie	O
et	O
de	O
l’Imitation	O
musicale,	O
Bordeaux,	U-MISC
1968,	O
p.	O
31-33.	O
Rousseau	U-PER
évoque	O
d’ailleurs	O
à	O
cette	O
occasion	O
le	O
cas	O
de	O
Phryné	U-PER
:	O
«	O
Et	O
la	O
manière	O
dont	O
Athénée	U-PER
rapporte	O
que	O
l’orateur	O
Hypéride	U-PER
fit	O
absoudre	O
la	O
courtisane	O
Phryné	U-PER
sans	O
alleguer	O
un	O
seul	O
mot	O
pour	O
sa	O
deffense,	O
est	O
encore	O
un[e]	O
éloquence	O
muette	O
dont	O
l’effet	O
n’est	O
pas	O
rare	O
dans	O
tous	O
les	O
tems.	O
»	O
L’idée	O
principale	O
est	O
reprise	O
approximativement	O
dans	O
J.-J.	B-PER
Rousseau,	I-PER
Émile	L-PER
ou	O
de	O
l’éducation,	O
Paris,	U-PER
1966,	O
p.	O
422-423.	O
.	O
De	O
même,	O
Martin	B-PER
Heidegger	L-PER
a	O
inséré	O
cette	O
thématique	O
dans	O
sa	O
réflexion	O
sur	O
le	O
sens	O
de	O
l’être.	O
Dans	O
De	B-MISC
l’essence	I-MISC
de	I-MISC
la	I-MISC
vérité,	L-MISC
il	O
a	O
développé	O
à	O
partir	O
des	O
textes	O
platoniciens	O
de	O
la	O
République	U-LOC
et	O
du	O
Théétète	U-LOC
la	O
théorie	O
de	O
l’ἀλήθεια,	O
la	O
vérité	O
grecque,	O
comme	O
Unverborgenheit,	U-PER
terme	O
complexe	O
traduit	O
le	O
plus	O
souvent	O
par	O
«	O
dévoilement	O
Heidegger	U-PER
2001.	O
Le	O
texte	O
provient	O
de	O
cours	O
donnés	O
en	O
1931-1932	O
et	O
édités	O
tardivement.	O
».	U-MISC
L’étant	O
n’est	O
vrai	O
qu’en	O
ce	O
qu’il	O
s’expose	O
en	O
adéquation	O
avec	O
ce	O
qu’il	O
est.	O
L’exhibition	U-LOC
est	O
par	O
conséquent	O
en	O
rapport	O
étroit	O
avec	O
la	O
véridiction.	O
Les	O
historiens	O
quant	O
à	O
eux	O
ont	O
jusqu’à	O
présent	O
peu	O
mis	O
en	O
avant	O
la	O
dimension	O
visuelle	O
de	O
l’attestation	O
dans	O
leurs	O
objets	O
d’étude	O
ou	O
dans	O
leurs	O
démarches.	O
Comme	O
s’il	O
s’agissait	O
d’une	O
évidence,	O
il	O
est	O
impossible	O
de	O
rattacher	O
cette	O
question	O
à	O
un	O
courant	O
historique	O
spécifique	O
ou	O
de	O
voir	O
une	O
évolution	O
dans	O
l’attention	O
que	O
l’historiographie	O
lui	O
a	O
portée.	O
Néanmoins,	U-LOC
une	O
telle	O
problématique	O
n’aurait	O
pas	O
émergé	O
sans	O
l’apport	O
de	O
l’anthropologie	O
historique.	O
En	O
mettant	O
au	O
cœur	O
de	O
ses	O
perspectives	O
la	O
question	O
des	O
pratiques,	O
cette	O
approche	O
s’est	O
effectivement	O
intéressée	O
à	O
ce	O
qui	O
se	O
passe	O
concrètement	O
quand	O
un	O
acte	O
est	O
mentionné	O
dans	O
les	O
sources	O
des	O
sociétés	O
anciennes.	O
Dans	O
le	O
chapitre	O
«	O
Figuration	B-MISC
de	I-MISC
l’invisible	L-MISC
et	O
catégorie	O
psychologique	O
du	O
double	O
:	O
le	O
colossos	O
»	O
de	O
Mythe	U-LOC
et	O
pensée	O
chez	O
les	O
Grecs,	U-LOC
paru	O
à	O
l’origine	O
en	O
1965,	O
Jean-Pierre	B-PER
Vernant	L-PER
(1998)	O
s’est	O
penché	O
sur	O
le	O
lien	O
intrinsèque	O
entre	O
les	O
puissances	O
divines	O
–	O
invisibles	O
–	O
et	O
leur	O
figuration	O
–	O
visible.	O
À	O
travers	O
l’exemple	O
du	O
kolossos,	O
il	O
a	O
dégagé	O
le	O
fonctionnement	O
effectif	O
de	O
la	O
présentification	O
des	O
défunts,	O
tout	O
en	O
analysant	O
la	O
catégorie	O
mentale	O
du	O
double,	O
c’est-à-dire	O
le	O
système	O
symbolique	O
auquel	O
il	O
renvoie	O
;	O
le	O
signe	O
plastique	O
n’étant	O
alors	O
pas	O
séparable	O
du	O
rite	O
Voir	B-MISC
l’ensemble	L-MISC
de	O
la	O
partie	O
«	O
Du	O
double	O
à	O
l’image	O
»,	U-PER
qui	O
contient	O
également	O
un	O
chapitre	O
intitulé	O
«	O
De	B-MISC
la	I-MISC
présentification	I-MISC
de	I-MISC
l’invisible	L-MISC
à	O
l’imitation	O
de	O
l’apparence	O
»,	U-LOC
p.	O
339-351.	O
Il	O
y	O
est	O
notamment	O
affirmé	O
(p.	O
341-342)	O
:	O
«	O
La	O
figuration	O
religieuse	O
ne	O
vise	O
pas	O
seulement	O
à	O
évoquer	O
dans	O
l’esprit	O
du	O
spectateur	O
qui	O
la	O
regarde	O
la	O
puissance	O
sacrée	O
à	O
laquelle	O
elle	O
renvoie,	O
qu’elle	O
«	O
représente	O
»	O
dans	O
certains	O
cas	O
;	O
[…]	O
son	O
ambition	O
est	O
de	O
rendre	O
présente	O
cette	O
puissance	O
hic	O
et	O
nunc,	O
pour	O
la	O
mettre	O
à	O
la	O
disposition	O
des	O
hommes,	O
dans	O
les	O
formes	O
rituellement	O
requises.	O
»	O
.	O
Les	O
moyens	O
de	O
rendre	O
visible	O
l’invisible	O
ont	O
par	O
la	O
suite	O
été	O
largement	O
approfondis	O
dans	O
le	O
champ	O
de	O
l’histoire	O
religieuse.	O
La	O
première	O
partie	O
de	O
l’ouvrage	O
Image	B-MISC
et	I-MISC
religion	L-MISC
dirigé	O
par	O
Sylvia	B-PER
Estienne,	I-PER
Dominique	L-PER
Jaillard,	B-PER
Natacha	I-PER
Lubtchansky	L-PER
et	O
Claude	B-PER
Pouzadoux	L-PER
(2008)	O
est	O
ainsi	O
intitulée	O
«	O
Montrer	U-PER
l’invisible	O
».	U-PER
De	O
même,	O
le	O
récent	O
livre	O
collectif	O
Figures	B-MISC
de	I-MISC
dieux.	L-MISC
Construire	U-PER
le	O
divin	O
en	O
images	O
dirigé	O
par	O
Sylvia	B-ORG
Estienne,	L-ORG
Valérie	B-PER
Huet,	L-PER
François	B-PER
Lissarrague	L-PER
et	O
Francis	B-PER
Prost	L-PER
(2015)	O
traite	O
de	O
la	O
construction	O
du	O
divin	O
par	O
l’efficience	O
des	O
images.	O
La	O
contribution	O
d’Emmanuelle	O
Rosso,	U-LOC
«	O
Genius	B-PER
Augusti.	L-PER
Construire	O
la	O
divinité	O
impériale	O
en	O
images	O
»	O
(p.	O
39-76)	O
tente	O
de	O
comprendre	O
comment	O
a	O
été	O
forgée	O
l’iconographie	O
du	O
Génie	B-MISC
de	I-MISC
l’empereur,	L-MISC
c’est-à-dire	O
comment	O
a	O
été	O
mise	O
en	O
place,	O
en	O
pratique,	O
une	O
formule	O
rituelle	O
par	O
laquelle	O
Auguste	U-PER
pouvait	O
être	O
objet	O
de	O
culte	O
sans	O
pour	O
autant	O
être	O
un	O
dieu.	O
Le	O
pas	O
est	O
franchi	O
pour	O
analyser	O
le	O
rapport	O
entre	O
l’exposition	O
d’une	O
image	O
et	O
les	O
stratégies	O
qui	O
la	O
sous-tendent,	O
donc	O
entre	O
montrer	O
et	O
démontrer	O
Il	B-MISC
ne	I-MISC
saurait	I-MISC
être	I-MISC
question,	I-MISC
néanmoins,	I-MISC
de	I-MISC
réduire	I-MISC
l’approche	I-MISC
de	I-MISC
l’article	L-MISC
et	O
même	O
de	O
l’ouvrage	O
à	O
cette	O
problématique	O
:	O
la	O
dimension	O
rituelle	O
n’est	O
pas	O
de	O
l’ordre	O
de	O
la	O
démonstration.	O
.	O
Les	O
problématiques	O
de	O
l’anthropologie	O
historique	O
ont	O
amené	O
les	O
chercheurs	O
à	O
s’intéresser	O
aux	O
procédures	O
qui	O
produisent	O
un	O
fait	O
social	O
Pour	B-MISC
un	I-MISC
résumé	I-MISC
historiographique	I-MISC
de	I-MISC
ces	I-MISC
questions	I-MISC
du	I-MISC
point	I-MISC
de	I-MISC
vue	I-MISC
de	I-MISC
l’histoire	I-MISC
des	I-MISC
sciences,	L-MISC
voir	O
Pestre	B-MISC
1995.	L-MISC
ainsi	O
qu’à	O
leurs	O
implications	O
cognitives.	O
De	B-MISC
nombreuses	I-MISC
études	L-MISC
portent	O
désormais	O
sur	O
les	O
opérations	O
qui	O
rendent	O
visibles,	O
valident,	O
accréditent	O
un	O
acte,	O
savant,	O
social,	O
politique.	O
Par	O
exemple,	O
le	O
travail	O
d’Anthony	O
Grafton	U-PER
(1998)	O
sur	O
les	O
notes	O
de	O
bas	O
de	O
page	O
rend	O
compte	O
des	O
autorités	O
graphiques	O
et	O
paratextuelles	O
qui	O
valident	O
un	O
texte	O
scientifique.	O
De	B-MISC
même,	I-MISC
les	I-MISC
Lieux	I-MISC
de	I-MISC
savoirs	L-MISC
dirigés	O
par	O
Christian	B-PER
Jacob	L-PER
(2007	O
et	O
2010)	U-MISC
examinent	O
la	O
production	O
du	O
«	O
fait	O
savant	O
»	O
dans	O
toutes	O
ses	O
dimensions.	O
*	O
Les	B-MISC
différents	I-MISC
articles	I-MISC
de	I-MISC
ce	I-MISC
dossier	L-MISC
se	O
proposent	O
d’interroger	O
l’espace	O
historique	O
et	O
géographique	O
de	O
l’Antiquité	O
en	O
observant	O
les	O
pratiques	O
de	O
mises	O
en	O
visibilité	O
:	O
comment	O
un	O
savoir,	O
un	O
événement,	O
un	O
statut	O
(personnel,	O
juridique,…),	O
une	O
information,	O
un	O
fait,	O
une	O
représentation,	O
sont	O
affichés,	O
construits,	O
légitimés,	O
acceptés.	O
L’intérêt	O
du	O
questionnement	O
réside	O
dans	O
le	O
terrain	O
d’étude	O
spécifique	O
qu’est	O
l’Antiquité	O
grâce	O
à	O
la	O
particularité	O
de	O
ses	O
sources.	O
Peut-on	U-PER
déceler	O
une	O
spécificité	O
du	O
«	O
rendre	O
visible	O
»	O
pour	O
montrer,	O
démontrer,	O
dans	O
l’Antiquité	O
?	O
Est-ce	O
que	O
«	O
montrer	O
»	O
passe	O
par	O
d’autres	O
pratiques	O
que	O
«	O
rendre	O
visible	O
»	O
?	O
Lesquelles	U-PER
et	O
à	O
travers	O
quelles	O
stratégies	O
?	O
Montrer,	O
est-ce	O
forcément	O
démontrer	O
?	O
Les	O
différents	O
champs	O
des	O
sociétés	O
gréco-romaines	O
(politique,	O
religieux,	O
social,	O
savant…)	U-LOC
se	O
présentent	O
comme	O
autant	O
de	O
lieux	O
d’investigations	O
mettant	O
en	O
jeu	O
ce	O
regard	O
spécifique.	O
Ainsi,	U-LOC
la	O
perception	O
de	O
l’identité	O
filiale,	O
étudiée	O
par	O
Alessandro	B-PER
Buccheri	L-PER
à	O
partir	O
du	O
Philoctète	B-LOC
de	I-LOC
Sophocle,	L-LOC
et	O
la	O
construction	O
du	O
lien	O
dynastique	O
sous	O
les	O
Sévères,	U-MISC
analysée	O
par	O
Vincent	B-PER
N’Guyen-Van	L-PER
,	O
conduisent	O
à	O
interroger	O
les	O
procédures	O
de	O
légitimation	O
généalogique.	O
La	B-MISC
validation	I-MISC
de	I-MISC
la	I-MISC
ressemblance	L-MISC
passe	O
autant	O
par	O
des	O
processus	O
mis	O
en	O
place	O
par	O
celui	O
qui	O
veut	O
être	O
reconnu	O
comme	O
descendant	O
que	O
par	O
l’acceptation	O
de	O
ses	O
destinataires.	O
Si,	U-PER
dans	O
le	O
Philoctète	B-LOC
de	I-LOC
Sophocle,	I-LOC
Néoptolème	L-LOC
montre	O
la	O
même	O
valeur	O
que	O
son	O
père	O
Achille	U-PER
en	O
restituant	O
son	O
arc	O
au	O
héros	O
éponyme,	O
c’est	U-MISC
bien	O
Philoctète	U-LOC
qui	O
atteste	O
cette	O
hérédité.	O
En	B-MISC
Grèce	L-MISC
ancienne,	O
un	O
individu	O
peut	O
témoigner	O
de	O
son	O
identité,	O
mais	O
celle-ci	O
n’est	O
produite	O
que	O
par	O
la	O
validation	O
d’autrui.	O
Sur	B-MISC
les	I-MISC
monnaies	I-MISC
sévériennes,	I-MISC
les	I-MISC
empereurs	L-MISC
se	O
servent	O
de	O
l’iconographie	O
et	O
des	O
titulatures	O
numismatiques	O
pour	O
soutenir	O
la	O
fiction	O
d’une	O
hérédité	O
dynastique.	O
Chaque	O
détail	O
des	O
portraits	O
représentés	O
(front,	O
regard,	O
mâchoire,	O
barbe)	U-ORG
vise	O
ainsi	O
à	O
créer	O
des	O
liens	O
avec	O
certains	O
prédécesseurs,	O
à	O
chaque	O
fois	O
sélectionnés	O
selon	O
les	O
visées	O
du	O
prince.	O
Ces	O
procédés	O
picturaux	O
lui	O
donnent	O
l’occasion	O
de	O
démontrer	O
sa	O
légitimité.	O
Ensuite,	U-MISC
les	O
déesses	O
ailées	O
sur	O
les	O
vases	O
attiques,	O
présentées	O
par	O
Annaïg	B-PER
Caillaud,	L-PER
et	O
les	O
statues	O
des	O
philosophes	O
grecs,	O
évoquées	O
par	O
Nicolas	B-PER
Davieau	L-PER
,	O
permettent	O
de	O
réfléchir	O
à	O
la	O
manière	O
de	O
montrer	O
des	O
figures	O
singulières.	O
Si	U-MISC
les	O
deux	O
présentations	O
pointent	O
l’ambiguïté	O
des	O
traits	O
pensés	O
comme	O
spécifiques	O
à	O
chaque	O
personnage	O
ou	O
type	O
de	O
personnage,	O
il	O
n’en	O
demeure	O
pas	O
moins	O
essentiel	O
d’envisager	O
les	O
questions	O
que	O
les	O
Anciens	U-MISC
ont	O
dû	O
résoudre.	O
Dans	O
l’étude	O
de	O
la	O
céramique	O
attique,	O
reconnaître	O
des	O
divinités	O
grâce	O
à	O
leurs	O
attributs	O
est	O
un	O
exercice	O
récurrent	O
mais	O
ces	O
identifications	O
servent	O
plutôt	O
de	O
moyen	O
à	O
une	O
réflexion	O
plus	O
générale	O
et	O
les	O
chercheurs	O
ne	O
s’y	O
attardent	O
pas.	O
Le	B-MISC
cas	I-MISC
des	I-MISC
déesses	L-MISC
ailées	O
que	O
sont	O
Niké	U-PER
,	O
Iris	U-PER
et	O
Éos	U-PER
amène	O
à	O
détailler	O
les	O
techniques	O
déployées	O
par	O
les	O
peintres	O
pour	O
donner	O
à	O
voir	O
l’une	O
plutôt	O
qu’une	O
autre.	O
En	O
ce	O
qui	O
concerne	O
la	O
statuaire	O
grecque,	O
les	O
critères	O
souvent	O
avancés	O
comme	O
définissant	O
le	O
philosophe	O
–	O
position	O
assise,	O
port	O
de	O
l’himation	O
sans	O
tunique,	O
présence	O
d’une	O
barbe,	O
air	O
pensif	O
(rides,	O
sourcils	O
contractés),	O
geste	O
de	O
la	O
main,…	O
–	O
ne	O
fonctionnent	O
pas	O
de	O
façon	O
mécanique	O
et	O
ne	O
sont	O
opérants	O
que	O
quand	O
ils	O
sont	O
combinés.	O
Pour	O
démontrer	O
le	O
statut	O
du	O
philosophe	O
à	O
travers	O
son	O
corps,	O
les	O
sculpteurs	O
utilisent	O
des	O
codes	O
particuliers	O
avec	O
lesquels	O
ils	O
jouent,	O
tout	O
en	O
veillant	O
à	O
conserver	O
des	O
caractéristiques	O
personnelles	O
à	O
chacun.	O
Enfin,	U-MISC
les	O
descriptions	O
de	O
la	O
ville	B-LOC
de	I-LOC
Rome	L-LOC
par	O
les	O
auteurs	O
des	O
iv	O
e-v	O
e	O
siècles	O
de	O
notre	O
ère,	O
examinées	O
par	O
Vincent	B-PER
Mahieu,	L-PER
témoignent	O
de	O
la	O
façon	O
dont	O
la	O
représentation	O
du	O
paysage	O
n’est	O
pas	O
innocente	O
mais	O
répond	O
à	O
des	O
enjeux	O
idéologiques.	O
Les	O
auteurs	O
chrétiens	O
ou	O
païens	O
de	O
la	O
fin	O
de	O
l’Empire	O
ont	O
effectivement	O
exploité	O
les	O
lieux	O
comme	O
marqueurs	O
symboliques	O
afin	O
de	O
s’approprier	O
la	O
Ville.	B-MISC
L’espace	L-MISC
apparaît	O
alors	O
comme	O
le	O
terrain	O
des	O
luttes	O
identitaires	O
et	O
son	O
évocation	O
participe	O
de	O
la	O
stratégie	O
rhétorique	O
de	O
chacun	O
des	O
deux	O
groupes	O
sociaux.	O
Cet	O
ensemble	O
collectif	O
est	O
fortement	O
disparate,	O
mais	O
la	O
multiplicité	O
des	O
cas	O
présentés	O
et	O
les	O
nombreuses	O
sources	O
mobilisées	O
permettent	O
justement	O
de	O
considérer	O
des	O
moyens	O
variés	O
de	O
«	O
faire	O
voir	O
».	U-MISC
La	O
dimension	O
visuelle	O
transparaît	O
ainsi	O
à	O
travers	O
l’iconographie	O
des	O
vases,	O
les	O
sculptures,	O
la	O
numismatique	O
et	O
les	O
textes	O
issus	O
de	O
la	O
tradition	O
manuscrite.	O
Chaque	O
étude	O
propose	O
une	O
manière	O
particulière	O
de	O
dire,	O
d’exposer	O
ou	O
de	O
montrer	O
sa	O
présence	O
sur	O
la	O
scène	O
privée	O
ou	O
publique,	O
en	O
osant	O
même	O
parfois	O
user	O
de	O
tromperie,	O
de	O
jeux	O
ou	O
de	O
l’ambivalence	O
des	O
situations.	O
Bibliographie	O
