La	O
constitution	O
de	O
communautés	O
de	O
savoir	O
présuppose	O
un	O
ensemble	O
de	O
pratiques	O
de	O
sélection,	O
de	O
formation	O
et	O
de	O
reconnaissance	O
dont	O
les	O
formes	O
publiques	O
prennent	O
ordinairement	O
un	O
caractère	O
rituel	O
:	O
il	O
s’agit,	O
à	O
travers	O
une	O
série	O
d’épreuves,	O
d’agréger	O
à	O
des	O
collectifs	O
de	O
nouveaux	O
entrants	O
qui	O
pourront	O
à	O
leur	O
tour	O
participer	O
à	O
la	O
production	O
de	O
savoirs	O
spécialisés.	O
Les	O
dispositifs	O
conçus	O
à	O
cet	O
effet	O
permettent	O
d’identifier	O
des	O
groupes	O
ou	O
des	O
institutions,	O
de	O
les	O
inscrire	O
officiellement	O
dans	O
la	O
durée	O
et	O
de	O
leur	O
garantir	O
une	O
assignation	O
stable	O
dans	O
la	O
trame	O
de	O
la	O
vie	O
sociale.	O
La	O
question	O
des	O
lieux	O
de	O
savoir	O
est	O
ici	O
indissociable	O
de	O
l’inscription	O
temporelle	O
des	O
procédures	O
d’initiation,	O
de	O
certification	O
et	O
d’intégration	O
qui	O
caractérisent	O
la	O
volonté	O
de	O
transmettre	O
des	O
connaissances	O
en	O
les	O
mettant	O
à	O
l’abri	O
des	O
risques	O
de	O
perte	O
ou	O
de	O
falsification,	O
menace	O
permanente	O
pour	O
la	O
reproduction	O
des	O
corpus	O
savants.	O
Les	O
protocoles	O
extrêmement	O
variés	O
qui	O
permettent	O
d’assurer	O
ou	O
de	O
confirmer	O
l’entrée	O
dans	O
un	O
collectif	O
ont	O
ceci	O
en	O
commun	O
qu’ils	O
organisent	O
une	O
scansion	O
particulière	O
du	O
temps,	O
en	O
dessinant	O
une	O
ligne	O
de	O
partage	O
entre	O
l’avant	O
et	O
l’après	O
de	O
l’initiation	O
ou	O
de	O
la	O
formation,	O
mais	O
aussi	O
en	O
fixant	O
la	O
durée	O
des	O
épreuves	O
et	O
en	O
les	O
installant	O
dans	O
une	O
temporalité	O
particulière	O
qui	O
peut	O
avoir	O
des	O
effets	O
sur	O
l’ensemble	O
de	O
la	O
vie	O
sociale.	O
La	O
dimension	O
publique	O
que	O
revêtent	O
en	O
général	O
ces	O
formes	O
d’intégration	O
traduit	O
le	O
jeu	O
complexe	O
qui	O
s’instaure	O
entre	O
le	O
caractère	O
ésotérique	O
de	O
tout	O
savoir	O
et	O
la	O
nécessité,	O
proprement	O
exotérique,	O
de	O
sa	O
reconnaissance	O
publique.	O
Le	O
moment	O
de	O
l’entrée	O
dans	O
une	O
communauté	O
savante	O
est	O
en	O
effet	O
caractérisé	O
par	O
l’intensité	O
de	O
la	O
relation	O
entre	O
le	O
dedans	O
et	O
le	O
dehors	O
d’un	O
collectif.	O
Il	O
s’agit	O
à	O
la	O
fois	O
de	O
renforcer	O
le	O
groupe,	O
en	O
exprimant	O
sa	O
cohésion	O
et	O
en	O
y	O
ajoutant	O
des	O
ressources	O
fraîches,	O
et	O
de	O
manifester	O
la	O
légitimité	O
et	O
l’intérêt	O
de	O
ce	O
groupe	O
pour	O
la	O
société	O
dans	O
son	O
ensemble.	O
Il	O
n’est	O
pas	O
question	O
de	O
fournir	O
une	O
proposition	O
générale	O
apte	O
à	O
subsumer	O
la	O
collection	O
très	O
diverse	O
de	O
procédures,	O
de	O
scansions	O
temporelles	O
et	O
de	O
manifestations	O
à	O
caractère	O
rituel	O
qui	O
marquent	O
l’entrée	O
dans	O
un	O
collectif	O
savant.	O
Les	O
temps	O
sociaux	O
du	O
savoir,	O
aussi	O
bien	O
que	O
ses	O
lieux,	O
sont	O
pris	O
dans	O
des	O
configurations	O
locales	O
qui	O
les	O
contraignent	O
et	O
les	O
ordonnent.	O
La	O
possibilité	O
d’une	O
mise	O
en	O
équivalence	O
générale	O
et	O
la	O
tentation	O
d’un	O
comparatisme	O
simple	O
sont	O
de	O
ce	O
fait	O
interdites.	O
L’efficace	O
propre	O
de	O
l’articulation	O
que	O
permet	O
la	O
lecture	O
croisée	O
du	O
compte	O
rendu	O
d’expériences	O
très	O
éloignées	O
dans	O
l’espace	O
et	O
le	O
temps	O
social	O
réside	O
bien	O
plutôt	O
dans	O
la	O
mise	O
au	O
jour	O
de	O
schèmes	O
d’action	O
et	O
de	O
représentation	O
qui	O
organisent	O
et	O
manifestent	O
la	O
coupure	O
franche	O
entre	O
trois	O
états	O
de	O
la	O
relation	O
au	O
savoir	O
:	O
l’extériorité	O
absolue,	O
qui	O
est	O
celle	O
du	O
profane	O
;	O
la	O
situation	O
d’apprentissage,	O
toujours	O
réversible	O
;	O
la	O
pleine	O
appartenance	O
à	O
un	O
collectif	O
qui	O
se	O
voit	O
certifiée	O
par	O
un	O
ensemble	O
d’épreuves	O
et	O
qui	O
interdit,	O
en	O
principe,	O
tout	O
retour	O
en	O
arrière.	O
Rendre	U-LOC
compte	O
de	O
l’entrée	O
dans	O
une	O
communauté	O
savante	O
par	O
l’analyse	O
des	O
formes	O
de	O
production	O
d’une	O
séparation	O
radicale	O
entre	O
deux	O
ordres	O
de	O
temporalité	O
et	O
deux	O
modalités	O
d’existence	O
sociale	O
revient	O
inévitablement	O
à	O
mettre	O
en	O
question	O
le	O
grand	O
partage	O
entre	O
les	O
sociétés	O
archaïques	O
et	O
les	O
sociétés	O
modernes	O
:	O
lorsqu’on	O
s’interroge	O
sur	O
les	O
schèmes	O
d’action	O
qui	O
conduisent	O
à	O
la	O
différenciation	O
de	O
formes	O
d’existence	O
ou	O
de	O
rapport	O
à	O
des	O
savoirs	O
inégalement	O
partagés,	O
on	O
met	O
en	O
suspens	O
la	O
distinction	O
entre	O
magie	O
et	O
science,	O
entre	O
rituel	O
et	O
organisation	O
rationnelle	O
de	O
la	O
société.	O
Une	O
telle	O
suspension	O
ne	O
signifie	O
absolument	O
pas	O
que	O
l’on	O
tienne	O
ces	O
communautés	O
comme	O
équivalentes	O
sous	O
le	O
rapport	O
de	O
leur	O
capacité	O
de	O
production	O
de	O
connaissances,	O
comme	O
le	O
font	O
tous	O
les	O
relativismes.	O
On	O
doit	O
considérer	O
au	O
contraire,	O
dans	O
la	O
postérité	O
de	O
Max	B-PER
Weber	L-PER
,	O
l’importance	O
des	O
processus	O
de	O
rationalisation	O
qui	O
sont	O
à	O
l’œuvre	O
dans	O
la	O
transformation	O
continue	O
des	O
institutions	O
de	O
savoir	O
pour	O
comprendre	O
l’obsolescence	O
de	O
certaines	O
formes	O
de	O
certification	O
des	O
apprentissages.	O
Le	B-MISC
cas	I-MISC
du	I-MISC
système	I-MISC
traditionnel	I-MISC
des	I-MISC
examens	I-MISC
en	I-MISC
Chine	L-MISC
vient	O
immédiatement	O
à	O
l’esprit,	U-LOC
mais	O
il	O
est	O
loin	O
d’être	O
le	O
seul.	O
L’entrée	O
par	O
les	O
rituels	O
ou	O
les	O
procédures	O
de	O
coupure	O
est	O
susceptible	O
d’effets	O
heuristiques	O
décisifs,	O
mais	O
elle	O
ne	O
doit	O
pas	O
occulter	O
le	O
fait	O
que	O
les	O
dispositifs	O
de	O
certification	O
que	O
nous	O
identifions	O
principalement	O
par	O
leurs	O
manifestations	O
publiques	O
font	O
aussi	O
l’objet	O
de	O
luttes	O
intenses,	O
à	O
l’intérieur	O
et	O
à	O
l’extérieur	O
du	O
collectif,	O
et	O
que	O
l’histoire	O
du	O
développement,	O
du	O
déclin	O
et	O
de	O
la	O
disparition	O
de	O
ces	O
marqueurs	O
d’appartenance	O
est	O
essentielle	O
pour	O
une	O
anthropologie	O
des	O
lieux	O
de	O
savoir.	O
En	O
confrontant	O
trois	O
études	O
de	O
cas	O
qui	O
portent	O
sur	O
des	O
expériences	O
de	O
certification	O
explicitement	O
très	O
dissemblables	O
–	O
les	O
devins	O
bassar	O
du	O
Nord-	B-LOC
Togo	L-LOC
,	O
les	O
examens	O
publics	O
dans	O
la	B-LOC
Chine	L-LOC
impériale	O
des	O
derniers	O
siècles	O
et	O
la	O
tradition	O
européenne	O
de	O
la	O
collation	O
des	O
grades	O
universitaires	O
–,	O
on	O
peut	O
contribuer	O
à	O
la	O
réflexion	O
sur	O
la	O
production	O
de	O
rites	O
d’institution,	O
au	O
sens	O
que	O
Pierre	B-PER
Bourdieu	L-PER
donnait	O
à	O
cette	O
notion,	O
et	O
sur	O
les	O
effets	O
de	O
la	O
certification	O
des	O
entrants,	O
sans	O
jamais	O
perdre	O
de	O
vue	O
la	O
nécessité	O
de	O
l’historicisation	O
de	O
formes	O
qui,	O
parce	O
qu’elles	O
contribuent	O
puissamment	O
à	O
la	O
production	O
d’un	O
ordre	O
légitime,	O
tendent	O
à	O
rendre	O
invisible	O
leur	O
inscription	O
dans	O
une	O
configuration	O
locale.	O
Le	O
rite	O
et	O
les	O
raisons	O
Évoquer	U-PER
le	O
rite	O
ou	O
le	O
rituel	O
pour	O
rendre	O
compte	O
de	O
procédures	O
d’agrégation	O
à	O
un	O
collectif	O
ne	O
va	O
pas	O
de	O
soi.	O
Si	U-MISC
la	O
référence	O
à	O
la	O
notion	O
de	O
rite	O
de	O
passage	O
construite	O
par	O
Arnold	B-PER
Van	I-PER
Gennep	L-PER
en	O
vue	O
de	O
contribuer	O
à	O
une	O
classification	O
des	O
rites	O
paraît	O
s’imposer,	O
il	O
faut	O
cependant	O
se	O
méfier	O
de	O
son	O
caractère	O
trop	O
général	O
et	O
s’interroger	O
sur	O
les	O
conditions	O
de	O
l’exportation	O
d’une	O
notion	O
construite	O
pour	O
analyser	O
des	O
formes	O
de	O
la	O
vie	O
religieuse	O
à	O
des	O
univers	O
profanes.	O
Van	B-PER
Gennep	L-PER
écrivait,	O
pour	O
justifier	O
son	O
projet	O
à	O
caractère	O
généralisant	O
:	O
La	O
vie	O
individuelle	O
consiste	O
à	O
passer	O
d’un	O
âge	O
à	O
un	O
autre	O
et	O
d’une	O
occupation	O
à	O
une	O
autre.	O
Là	O
où	O
les	O
âges	O
sont	O
séparés	O
et	O
aussi	O
les	O
occupations,	O
ce	O
passage	O
s’accompagne	O
d’actes	O
spéciaux,	O
qui	O
par	O
exemple	O
constituent	O
pour	O
nos	O
métiers	O
l’apprentissage,	O
et	O
qui	O
chez	O
les	O
demi-civilisés	O
consistent	O
en	O
cérémonies,	O
parce	O
que	O
aucun	O
acte	O
chez	O
eux	O
n’est	O
indépendant	O
du	O
sacré	O
Van	B-PER
Gennep,	L-PER
1909,	O
p.	O
5.	O
.	O
Ainsi,	U-PER
l’existence	O
d’une	U-MISC
répartition	O
différente	O
du	O
profane	O
et	O
du	O
sacré	O
ne	O
met	O
pas	O
en	O
cause	O
l’efficacité	O
de	O
la	O
notion	O
de	O
rite,	O
valable	O
indépendamment	O
du	O
degré	O
de	O
complexité	O
ou	O
de	O
laïcisation	O
des	O
sociétés.	O
Remarquons	U-PER
cependant	O
que	O
la	O
qualification	O
simple	O
des	O
dispositifs	O
d’entrée	O
dans	O
un	O
collectif	O
savant	O
comme	O
«	O
rite	O
de	O
passage	O
»	O
risque	O
de	O
dissoudre	O
leur	O
spécificité,	O
dans	O
la	O
mesure	O
où	O
la	O
proposition	O
de	O
Van	B-PER
Gennep	L-PER
tend	O
à	O
rendre	O
identiques	O
toutes	O
les	O
situations	O
de	O
transition	O
ou	O
de	O
franchissement	O
de	O
seuil	O
d’un	O
point	O
de	O
vue	O
anthropologique.	O
La	B-MISC
notion	I-MISC
de	I-MISC
rite	L-MISC
d’institution,	U-MISC
élaborée	O
par	O
Pierre	B-PER
Bourdieu	L-PER
à	O
partir	O
d’une	O
analyse	O
du	O
cas	O
français,	O
est	O
plus	O
féconde,	O
mais	O
elle	O
exerce	O
ses	O
effets	O
bien	O
au-delà	O
des	O
cercles	O
savants	O
:	O
toute	O
action	O
pédagogique	O
peut	O
être	O
traitée	O
comme	O
«	O
une	O
action	O
de	O
consécration,	O
un	O
rite	O
d’institution	O
visant	O
à	O
produire	O
un	O
groupe	O
séparé	O
et	O
sacré	O
Bourdieu,	U-MISC
1989,	O
p.	O
101-102.	O
«.	O
Il	O
faut	O
ajouter	O
que	O
l’utilisation	O
de	O
la	O
notion	O
de	O
rite	O
en	O
vue	O
de	O
rendre	O
compte	O
d’actions	O
profanes	O
peut	O
être	O
considérée	O
comme	O
le	O
résultat	O
du	O
procès	O
de	O
laïcisation	O
des	O
rituels	O
dont	O
Erving	B-PER
Goffman	L-PER
,	O
en	O
exportant	O
la	O
conceptualisation	O
durkheimienne	O
de	O
l’efficacité	U-MISC
religieuse	O
vers	O
les	O
territoires	O
les	O
plus	O
infimes	O
de	O
la	O
vie	O
quotidienne,	O
a	O
été	O
le	O
meilleur	O
analyste	O
Goffman,	U-MISC
1974.	O
.	O
Goffman	U-PER
avait	O
en	O
effet	O
insisté	O
sur	O
l’importance	O
des	O
petites	O
cérémonies	O
et	O
des	O
micro-rituels	O
d’interaction	O
pour	O
rendre	O
compte	O
des	O
fils	O
multiples	O
dont	O
est	O
tramée	O
l’existence	O
ordinaire.	O
En	O
séparant	O
clairement	O
le	O
rite	O
de	O
la	O
vie	O
religieuse,	O
l’auteur	O
des	O
Rites	U-LOC
d’interaction	O
[Interaction	O
Ritual,	U-MISC
1967]	O
a	O
insisté	O
sur	O
la	O
dimension	O
performative	O
des	O
rituels,	O
que	O
Durkheim	U-PER
avait	O
déjà	O
envisagée	O
sans	O
l’approfondir	O
Collins,	O
2004,	O
et	O
Fabiani,	B-MISC
2006.	L-MISC
.	O
Les	O
formes	O
d’entrée	O
dans	O
des	O
collectifs	O
savants	O
ont	O
bien	O
cette	O
dimension	O
ritualisée,	O
dans	O
la	O
mesure	O
où	O
ils	O
ne	O
se	O
comprennent	O
qu’en	O
référence	O
à	O
des	O
codifications	O
complexes	O
et	O
à	O
des	O
séquences	O
de	O
gestes	O
et	O
d’actions	O
soumis	O
à	O
un	O
ordre	O
rigoureux.	O
Ces	O
éléments	O
ont	O
des	O
effets	O
performatifs	O
:	O
bien	O
que	O
la	O
plus	O
grande	O
partie	O
des	O
formes	O
d’inculcation	O
et	O
d’apprentissage	O
se	O
déroule	O
dans	O
d’autres	O
espaces,	O
l’épreuve	O
de	O
certification	O
constitue	O
inévitablement	O
le	O
moment	O
décisif.	O
Ce	O
moment	O
tranche	O
sur	O
les	O
phases	O
de	O
l’apprentissage.	O
Alors	O
que	O
les	O
phases	O
d’apprentissage	O
ou	O
d’initiation,	U-MISC
qu’on	O
peut	O
considérer	O
comme	O
équivalentes	O
sous	O
ce	O
rapport,	O
exigent	O
des	O
procédures	O
caractérisées	O
par	O
la	O
lenteur	O
et	O
la	O
répétition	O
fondées	O
sur	O
la	O
ré-articulation	O
permanente	O
d’éléments	O
cognitifs,	O
le	O
moment	O
de	O
l’entrée	O
dans	O
le	O
cercle	O
des	O
savants	O
ou	O
des	O
initiés	O
est	O
explicitement	O
démarqué	O
du	O
cours	O
ordinaire	O
des	O
pratiques	O
de	O
transmission.	O
C’est	O
le	O
cas	O
de	O
l’amplification	O
des	O
gestes	O
et	O
de	O
l’intensification	O
de	O
l’engagement	O
physique	O
qui	O
déterminent	O
l’entrée	O
dans	O
le	O
monde	O
des	O
devins	O
bassar	O
et	O
qui	O
conduisent	O
à	O
une	O
situation	O
de	O
transe	O
extrême.	O
Ce	O
moment	O
apparaît	O
comme	O
la	O
rupture	O
avec	O
la	O
situation	O
d’apprentissage,	O
alors	O
qu’il	O
en	O
constitue	O
la	O
consécration.	O
C’est	O
qu’il	O
y	O
a	O
toujours	O
une	O
dimension	O
d’incertitude	O
relative	O
à	O
l’entrée	O
dans	O
un	O
monde	O
nouveau.	O
L’initié	O
est	O
un	O
autre	O
homme,	O
parce	O
qu’il	O
a	O
pu	O
redéfinir	O
les	O
limites	O
de	O
son	O
corps	O
et	O
de	O
son	O
esprit.	O
Parallèlement,	U-LOC
le	O
diplômé	O
(et,	U-LOC
a	O
fortiori,	O
le	O
docteur)	U-ORG
n’est	O
jamais	O
réductible	O
à	O
la	O
formation	O
qu’il	O
a	O
reçue,	O
mais	O
n’a	O
de	O
reconnaissance	O
sociale	O
que	O
par	O
l’épreuve	O
qu’il	O
a	O
surmontée.	O
L’affichage	O
de	O
l’incertitude	O
du	O
processus	O
et	O
du	O
caractère	O
risqué,	O
pour	O
l’individu	O
comme	O
pour	O
l’institution,	O
de	O
la	O
succession	O
d’épreuves	O
est	O
inhérent	O
à	O
l’exigence	O
de	O
certification.	O
L’idée	O
d’un	O
contrôle	O
continu	O
ou	O
d’une	O
imprégnation	O
par	O
contact	O
prolongé	O
est	O
à	O
ce	O
point	O
inconcevable.	O
Toute	B-MISC
opération	L-MISC
de	O
ce	O
type	O
comporte	O
un	O
aléa	O
qui	O
en	O
fait	O
le	O
prix,	O
et	O
qui	O
conditionne	O
la	O
valeur	O
de	O
l’acte	O
de	O
reconnaissance.	O
Comme	O
le	O
montre	O
Stéphan	B-PER
Dugast	L-PER
,	O
l’entreprise,	O
même	O
lorsqu’elle	O
est	O
fortement	O
ritualisée,	O
n’est	O
jamais	O
entièrement	O
maîtrisée	O
:	O
elle	O
est	O
toujours	O
hasardeuse	O
pour	O
l’aspirant	O
aussi	O
bien	O
que	O
pour	O
la	O
congrégation	O
ou	O
le	O
collectif.	O
De	O
la	O
même	O
façon,	O
les	O
examens,	O
y	O
compris	O
dans	O
leur	O
forme	O
moderne,	O
constituent	O
une	O
double	O
mise	O
à	O
l’épreuve	O
:	O
pour	O
le	O
candidat,	O
c’est	U-MISC
une	O
évidence,	O
puisqu’il	O
doit	O
mobiliser	O
toutes	O
ses	O
ressources,	O
dans	O
un	O
espace	O
contraint	O
et	O
dans	O
une	O
temporalité	O
très	O
dense.	O
Pour	O
l’institution	O
également,	O
puisqu’elle	O
doit	O
y	O
éprouver	O
simultanément	O
son	O
efficacité	O
technique	O
et	O
son	O
sens	O
de	O
la	O
justice	O
évaluative.	O
Dernier	O
aspect	O
de	O
la	O
dimension	O
rituelle	O
de	O
la	O
certification	O
:	O
elle	O
revêt	O
un	O
caractère	O
d’événement	O
public	O
dans	O
des	O
contextes	O
historiques	O
et	O
culturels	O
fort	O
hétérogènes.	O
Benjamin	B-PER
Elman	L-PER
l’explicite	O
à	O
propos	O
des	O
examens	O
dans	O
la	B-LOC
Chine	L-LOC
impériale	O
des	O
derniers	O
siècles,	O
mais	O
le	O
constat	O
est	O
largement	O
transversal	O
:	O
l’instance	O
du	O
public	O
est	O
convoquée	O
pour	O
garantir	O
la	O
validité	O
des	O
procédures	O
à	O
travers	O
lesquelles	O
examinés	O
et	O
examinateurs	O
s’exposent	O
conjointement.	O
Le	O
corps	O
à	O
l’épreuve	O
L’engagement	O
physique	O
n’est	O
pas	O
réservé	O
aux	O
épreuves	O
d’initiation	O
à	O
des	O
pratiques	O
magiques	O
ou	O
divinatoires	O
:	O
il	O
s’agit	O
au	O
contraire	O
d’une	O
caractéristique	O
commune	O
à	O
des	O
contextes	O
d’évaluation	O
très	O
différents	O
et	O
apparemment	O
incomparables.	O
La	O
mise	O
en	O
jeu	O
du	O
corps	O
peut	O
recouvrir	O
des	O
significations	O
très	O
variables.	O
Si	O
William	B-PER
Clark	L-PER
montre	O
l’évaporation	O
progressive	O
du	O
corps	O
du	O
candidat	O
au	O
cours	O
de	O
l’histoire	O
universitaire	O
occidentale,	O
et	O
si	O
Stéphan	B-PER
Dugast	L-PER
illustre	O
à	O
l’opposé	O
l’intensité	O
de	O
l’engagement	O
physique	O
exigé	O
de	O
l’aspirant	O
devin,	O
les	O
deux	O
situations	O
analysées	O
peuvent	O
être	O
définies	O
à	O
partir	O
de	O
la	O
mise	O
en	O
œuvre	O
d’une	O
stratégie	O
de	O
la	O
tension	O
:	O
les	O
impétrants	O
ont	O
nécessairement	O
à	O
affronter	O
des	O
contraintes	O
physiques	O
et	O
mentales	O
dans	O
un	O
contexte	O
d’incertitude.	O
Ils	O
ne	O
sont	O
plus	O
maîtres	O
de	O
leur	O
temps,	O
et	O
leur	O
position	O
dans	O
l’espace	O
est	O
déterminée	O
de	O
manière	O
très	O
rigide	O
par	O
la	O
procédure,	O
à	O
chaque	O
moment	O
de	O
la	O
cérémonie.	O
Le	B-MISC
dispositif	I-MISC
carcéral	I-MISC
développé	L-MISC
dans	O
la	B-LOC
Chine	L-LOC
impériale	O
en	O
constitue	O
à	O
l’évidence	O
une	O
forme	O
extrême,	O
mais	O
les	O
formes	O
modernes	O
de	O
la	O
soutenance	O
de	O
thèse	O
peuvent	O
aussi	O
envelopper	O
des	O
rémanences	O
adoucies	O
de	O
l’Inquisition.	B-MISC
Bien	L-MISC
que	O
la	O
soutenance	O
de	O
thèse	O
de	O
Michel	B-PER
Foucault	L-PER
,	O
dont	O
William	B-PER
Clark	L-PER
ne	O
dit	O
pas	O
qu’elle	O
présente	O
en	O
fait	O
un	O
caractère	O
exceptionnel	O
dans	O
l’institution,	U-LOC
soit	O
caractérisée	O
à	O
la	O
fois	O
par	O
une	O
rumeur	O
très	O
favorable	O
avant	O
la	O
cérémonie	O
et	O
par	O
une	O
dimension	O
incontestable	O
d’admiration	O
mutuelle,	O
le	O
candidat	O
n’est	O
pas	O
épargné,	O
et	O
il	O
se	O
voit	O
reprocher	O
bien	O
des	O
défauts	O
aux	O
deux	O
thèses	O
soumises	O
dans	O
le	O
cadre	O
d’une	O
épreuve	O
dont	O
la	O
dimension	O
physique	O
n’est	O
jamais	O
absente.	O
Une	O
grande	O
thèse	O
est	O
une	O
thèse	O
dont	O
l’ensemble	O
des	O
participants	O
sort	O
épuisé,	O
y	O
compris	O
le	O
public.	O
La	O
question	O
de	O
la	O
fatigue	O
physique	O
est	O
centrale	O
dans	O
les	O
dispositifs	O
de	O
certification,	O
par-delà	O
les	O
différences	O
relatives	O
à	O
leur	O
contenu	O
et	O
à	O
leur	O
inscription	O
sociale.	O
Dans	O
les	O
formes	O
les	O
plus	O
filiales	O
de	O
la	O
transmission	O
de	O
compétences,	O
la	O
dimension	O
affectueuse	O
de	O
la	O
relation	O
entre	O
le	O
maître	O
et	O
le	O
disciple	O
présente	O
un	O
caractère	O
ostentatoire,	O
par	O
l’accolade,	O
la	O
bénédiction	O
ou	O
le	O
baiser,	O
mais	O
elle	O
ne	O
l’emporte	O
jamais	O
sur	O
l’impératif	O
physique	O
de	O
la	O
mise	O
à	O
l’épreuve.	O
L’inconfort	O
psychique	O
est	O
une	O
condition	O
nécessaire	O
à	O
l’entrée	O
dans	O
une	O
communauté	O
savante,	O
et	O
il	O
en	O
constitue	O
même	O
une	O
sorte	O
de	O
garantie	O
visible	O
et	O
mesurable.	O
On	O
pourrait	O
dire	O
que	O
l’épreuve	O
s’éprouve	O
à	O
travers	O
la	O
reconnaissance	O
par	O
le	O
public	O
d’une	O
dépense	O
exceptionnelle	O
d’énergie.	O
Une	B-MISC
telle	I-MISC
caractéristique	I-MISC
rend	I-MISC
nécessaires	I-MISC
des	I-MISC
mécanismes	I-MISC
de	I-MISC
gestion	I-MISC
de	I-MISC
l’anxiété	L-MISC
devant	O
l’épreuve	O
:	O
ce	O
que	O
Jacques	B-PER
Derrida	L-PER
nommait	O
le	O
«	O
mal	O
de	O
l’école	O
»,	O
cet	O
état	O
nauséeux	O
saisissant	O
les	O
universitaires	O
qui	O
se	O
remémoraient	O
les	O
épreuves	O
qu’ils	O
avaient	O
subies	O
à	O
chaque	O
fois	O
qu’ils	O
franchissaient	O
le	O
seuil	O
des	O
institutions	O
de	O
savoir	O
Derrida,	U-MISC
1992,	O
p.	O
353-354.	O
,	O
est	O
une	O
conséquence	O
spectaculaire	O
de	O
l’accréditation	O
par	O
le	O
stress	O
qui	O
définit	O
la	O
plupart	O
des	O
collectifs	O
savants.	O
La	B-LOC
Chine	L-LOC
impériale	O
est	O
le	O
théâtre	O
le	O
plus	O
explicite	O
d’une	O
anxiété	O
qui	O
ronge	O
les	O
candidats	O
et	O
leurs	O
familles,	O
et	O
qui	O
suscite	O
tout	O
un	O
ensemble	O
de	O
pratiques	O
remédiales	O
aussi	O
bien	O
qu’une	O
série	O
de	O
justifications	O
extra-cognitives	O
pour	O
l’échec	O
éventuel.	O
La	O
fréquence	O
des	O
cas	O
de	O
panique	O
ou	O
d’effondrement	O
psychique	O
brutal	O
constitue	O
la	O
matière	O
principale	O
des	O
anecdotes	O
sur	O
les	O
examens	O
et	O
nourrit	O
tous	O
les	O
récits	O
d’épreuve.	O
Les	B-MISC
sociétés	I-MISC
modernes,	L-MISC
caractérisées	O
par	O
une	O
mise	O
à	O
distance	O
croissante	O
de	O
la	O
douleur	O
physique	O
et	O
une	O
réévaluation	O
progressive	O
de	O
la	O
valeur	O
et	O
du	O
rendement	O
technique	O
de	O
la	O
souffrance	O
psychique,	O
ont	O
cependant	O
conservé	O
une	O
dilection	O
pour	O
la	O
production	O
de	O
situations	O
anxiogènes	O
dans	O
les	O
épreuves	O
d’évaluation	O
et	O
de	O
cooptation.	O
Pour	O
s’en	O
persuader,	O
il	O
suffit	O
d’évoquer	O
le	O
rituel	O
national	O
du	O
baccalauréat	O
Piobetta,	B-MISC
1937.	L-MISC
,	O
pourtant	O
déconnecté	O
de	O
toute	O
promesse	O
d’entrée	O
dans	O
une	O
communauté	O
savante	O
:	O
l’épreuve,	O
qui	O
n’en	O
est	O
sans	O
doute	O
plus	O
une,	O
continue	O
d’engendrer	O
l’anxiété	O
générale	O
et	O
les	O
recettes	O
qui	O
permettent	O
de	O
la	O
contenir.	O
Benjamin	B-PER
Elman	L-PER
évoque	O
l’angoisse	O
profonde	O
qui	O
étreignait	O
les	O
candidats	O
aux	O
examens	O
en	O
Chine	U-LOC
.	O
Il	O
ne	O
fait	O
pas	O
de	O
doute	O
que	O
l’anxiété,	O
loin	O
d’être	O
un	O
simple	O
effet	O
indésirable	O
du	O
dispositif,	O
en	O
est	O
une	O
dimension	O
constitutive,	O
dans	O
la	O
mesure	O
où	O
elle	O
est	O
un	O
marqueur	O
tangible	O
de	O
l’épreuve,	O
un	O
signe	O
de	O
sa	O
force	O
et	O
de	O
son	O
objectivité.	O
Les	O
ratés	O
de	O
l’institution	O
Toute	B-MISC
épreuve	I-MISC
de	I-MISC
certification	I-MISC
implique	I-MISC
des	I-MISC
risques,	I-MISC
et	I-MISC
pas	L-MISC
seulement	O
pour	O
les	O
impétrants.	O
Les	O
institutions	O
de	O
savoir	O
peuvent	O
être	O
aussi	O
menacées,	O
de	O
l’intérieur	O
et	O
de	O
l’extérieur,	O
par	O
les	O
mécanismes	O
qu’elles	O
mettent	O
en	O
place	O
et	O
qui	O
finissent	O
par	O
leur	O
échapper.	O
La	O
première	O
menace	O
est	O
celle	O
de	O
la	O
routinisation	O
:	O
en	O
développant	O
des	O
formes	O
d’évaluation	O
à	O
la	O
fois	O
très	O
codifiées	O
et	O
très	O
standardisées,	O
les	O
institutions	O
de	O
savoir	O
nourrissent	O
des	O
automatismes	O
de	O
pensée	O
et	O
tendent	O
à	O
circonscrire	O
et	O
à	O
formater	O
l’activité	O
intellectuelle.	O
Le	B-MISC
formatage	I-MISC
des	I-MISC
questions	I-MISC
et	I-MISC
des	I-MISC
réponses	L-MISC
ne	O
concerne	O
jamais	O
seulement	O
les	O
candidats	O
:	O
il	O
engage	O
l’institution	O
tout	O
entière	O
dans	O
des	O
routines	O
en	O
privilégiant	O
l’aspect	O
purement	O
reproductif	O
de	O
la	O
transmission	O
des	O
connaissances	O
Fabiani,	U-LOC
1983	O
et	O
1988.	O
.	O
On	O
pourrait	O
dire	O
que	O
plus	O
le	O
système	O
des	O
examens	O
est	O
centralisé,	O
plus	O
il	O
est	O
susceptible	O
de	O
privilégier	O
les	O
routines	O
d’institution.	O
Il	O
faut	O
toutefois	O
modérer	O
ce	O
jugement	O
en	O
évoquant	O
les	O
capacités,	O
nécessairement	O
inégales,	O
qu’ont	O
les	O
différents	O
acteurs	O
du	O
système	O
de	O
conjurer	O
cette	O
menace.	O
Il	O
existe,	O
à	O
des	O
degrés	O
divers,	O
une	O
marge	O
d’interprétation	O
de	O
la	O
lettre	O
du	O
programme.	O
Les	O
institutions	O
permettent	O
fréquemment	O
des	O
formes	O
de	O
distance	O
aux	O
différents	O
rôles,	O
offrant	O
aux	O
évaluateurs	O
comme	O
aux	O
évalués	O
la	O
possibilité	O
d’un	O
espace	O
de	O
jeu	O
et	O
d’une	O
souplesse	O
interprétative.	O
La	O
dénégation	O
du	O
scolaire	O
est,	O
comme	O
l’ont	O
brillamment	O
montré	O
Pierre	B-PER
Bourdieu	L-PER
et	O
Jean-Claude	B-PER
Passeron	L-PER
,	O
une	O
caractéristique	O
inhérente	O
à	O
tout	O
système	O
d’enseignement	O
Bourdieu	U-PER
et	O
Passeron,	U-LOC
1970.	O
.	O
Le	O
perfectionnement	O
des	O
procédures	O
de	O
sélection	O
à	O
l’œuvre	O
dans	O
des	O
collectifs	O
savants	O
implique	O
pourtant,	O
à	O
travers	O
l’intériorisation	O
de	O
dispositions	O
évaluables,	O
la	O
production	O
d’une	O
orthodoxie,	O
avec	O
la	O
productivité	O
qu’elle	O
assure	O
et	O
les	O
inconvénients	O
qu’elle	O
comporte.	O
La	O
fraude	O
et	O
la	O
corruption	O
constituent	O
un	O
autre	O
raté	O
du	O
système.	O
Les	O
tricheurs	O
peuvent	O
représenter,	O
à	O
certains	O
moments	O
de	O
l’histoire,	O
une	O
fraction	O
importante	O
des	O
candidats.	O
Les	O
exemples	O
abondent	O
dans	O
les	O
textes	O
qui	O
suivent	O
:	O
ils	O
attestent	O
au	O
moins	O
la	O
créativité	O
délinquante	O
des	O
impétrants,	O
particulièrement	O
dans	O
le	O
monde	O
chinois.	O
Le	O
matériel	O
d’écriture	O
comme	O
les	O
vêtements	O
sont	O
les	O
supports	O
d’une	O
ingéniosité	O
toujours	O
renouvelée	O
en	O
dépit	O
de	O
l’amélioration	O
des	O
mesures	O
de	O
lutte	O
contre	O
la	O
fraude.	O
Plus	O
menaçante	O
pour	O
l’institution	O
elle-même	O
est	O
la	O
présence	O
de	O
la	O
corruption,	O
qui	O
peut	O
alternativement	O
être	O
imputée	O
à	O
des	O
évaluateurs	O
délinquants	O
agissant	O
de	O
leur	O
propre	O
chef	O
ou	O
en	O
petits	O
groupes	O
ou	O
à	O
la	O
constitution	O
de	O
connivences	O
institutionnelles.	O
Souvent	O
une	O
sorte	O
de	O
corruption	O
invisible	O
ronge	O
de	O
manière	O
sournoise	O
les	O
institutions	O
de	O
savoir	O
:	O
la	O
tentation	O
de	O
l’entre-soi	O
et	O
du	O
repli	O
sur	O
le	O
proche	O
est	O
une	O
conséquence	O
difficile	O
à	O
éviter	O
de	O
la	O
standardisation	O
des	O
procédures	O
et	O
de	O
la	O
production	O
de	O
disciples	O
très	O
formatés.	O
La	O
corruption	O
latente,	O
souvent	O
indétectable	O
par	O
ceux	O
qui	O
en	O
deviennent	O
malgré	O
eux	O
les	O
acteurs,	O
est	O
une	O
des	O
causes	O
fréquentes	O
du	O
déclin	O
des	O
institutions	O
de	O
savoir.	O
La	O
généralisation	O
des	O
procédures	O
d’examen	O
a	O
évidemment	O
multiplié	O
les	O
situations	O
d’échec.	O
Le	O
refus	O
de	O
reconnaissance	O
savante	O
est	O
ainsi	O
devenu	O
une	O
sorte	O
de	O
garant	O
de	O
l’efficacité	O
des	O
systèmes	O
en	O
constituant	O
une	O
population	O
de	O
recalés,	O
parfois	O
très	O
nombreuse,	O
comme	O
dans	O
la	B-LOC
Chine	L-LOC
impériale.	O
Les	O
institutions	O
de	O
savoir	O
travaillent	O
donc	O
à	O
produire,	O
quelquefois	O
en	O
grande	O
quantité,	O
leurs	O
propres	O
rebuts.	O
Leur	O
importance	O
relative	O
n’est	O
pas	O
en	O
soi	O
une	O
menace	O
pour	O
les	O
procédures	O
de	O
reconnaissance	O
des	O
qualifications.	O
La	O
situation	O
analysée	O
par	O
Benjamin	B-PER
Elman	L-PER
montre	O
bien	O
que	O
le	O
caractère	O
massif	O
de	O
la	O
préparation	O
aux	O
examens	O
peut	O
avoir	O
des	O
effets	O
en	O
retour	O
sur	O
la	O
vie	O
sociale	O
dans	O
son	O
ensemble	O
:	O
le	O
groupe	O
important	O
de	O
ceux	O
qui	O
ont	O
connu	O
l’échec	O
évoque	O
une	O
armée	O
de	O
réserve	O
dont	O
l’existence	O
a	O
des	O
conséquences	O
sur	O
la	O
vie	O
publique	O
et	O
culturelle	O
du	O
pays,	O
pour	O
autant	O
que	O
le	O
ressentiment	O
des	O
perdants	O
puisse	O
être	O
contenu	O
ou	O
détourné.	O
À	B-MISC
la	I-MISC
fréquence	I-MISC
de	I-MISC
l’échec	L-MISC
peut	O
être	O
associée,	O
sur	O
un	O
plan	O
différent,	O
la	O
surproduction	O
de	O
diplômés	O
:	O
la	O
population	O
cultivée	O
nouvellement	O
formée	O
n’a	O
aucune	O
chance	O
de	O
mobilité	O
sociale	O
ascendante,	O
mais	O
elle	O
constitue	O
un	O
nouveau	O
type	O
de	O
talent	O
qui	O
tend	O
à	O
modifier	O
l’ambiance	O
générale	O
de	O
la	O
société.	O
Dans	O
la	O
plupart	O
des	O
configurations	O
sociales,	O
le	O
développement	O
de	O
systèmes	O
de	O
certification	O
des	O
connaissances	O
est	O
loin	O
d’avoir	O
comme	O
objectif	O
exclusif	O
l’intégration	O
dans	O
des	O
communautés	O
savantes.	O
La	B-LOC
Chine	L-LOC
impériale	O
présente	O
le	O
meilleur	O
exemple	O
d’un	O
usage	O
social	O
des	O
examens	O
beaucoup	O
plus	O
large	O
que	O
celui	O
d’instrument	O
d’agrégation	O
au	O
monde	O
lettré,	O
mais	O
l’Europe	O
des	O
universités	O
offre	O
de	O
nombreuses	O
similarités.	O
La	O
question	O
récurrente	O
de	O
l’inflation	O
des	O
diplômes	O
dans	O
les	O
sociétés	O
démocratiques	O
contemporaines	O
n’est	O
pas	O
seulement	O
un	O
phénomène	O
idéologique,	O
bien	O
que	O
la	O
question	O
du	O
chômage	O
intellectuel,	O
ou	O
celle	O
de	O
la	O
constitution	O
des	O
diplômés	O
en	O
surplus	O
en	O
classe	O
dangereuse,	O
soit	O
devenue	O
un	O
lieu	O
commun	O
conservateur	O
depuis	O
la	O
seconde	O
moitié	O
du	O
xix	O
e	O
siècle	O
en	O
Occident.	U-LOC
Si	O
Jean-Claude	B-PER
Passeron	L-PER
souligne	O
justement	O
le	O
fait	O
qu’on	O
parle	O
beaucoup	O
plus	O
de	O
la	O
dévaluation	O
des	O
diplômes	O
sur	O
le	O
marché	O
du	O
travail	O
que	O
des	O
effets	O
positifs	O
de	O
l’extension	O
d’une	O
population	O
cultivée	O
Passeron,	U-LOC
1982.	O
,	O
il	O
n’en	O
reste	O
pas	O
moins	O
que	O
la	O
perception	O
du	O
rendement	O
différentiel	O
du	O
diplôme	O
à	O
l’entrée	O
dans	O
la	O
vie	O
active	O
et	O
le	O
sentiment	O
croissant	O
d’une	O
déconnexion	O
entre	O
le	O
succès	O
aux	O
examens	O
et	O
l’entrée	O
effective	O
dans	O
le	O
cercle	O
de	O
la	O
population	O
lettrée	O
ou	O
de	O
la	O
«	O
classe	O
cultivée	O
»	O
constituent	O
une	O
dimension	O
significative	O
de	O
l’expérience	O
sociale	O
contemporaine	O
Duru-Bellat,	U-ORG
2005.	O
.	O
La	O
confrontation	O
avec	O
la	B-LOC
Chine	L-LOC
impériale	O
nous	O
permet	O
certainement	O
de	O
relativiser	O
un	O
constat	O
qui	O
engendre	O
aujourd’hui	O
beaucoup	O
d’angoisse	O
sociale.	O
La	O
déconnexion	O
croissante	O
entre	O
le	O
titre	O
scolaire	O
et	O
le	O
poste	O
et	O
le	O
spectre	O
du	O
déclassement	O
n’en	O
sont	O
pas	O
moins	O
l’un	O
des	O
grands	O
paradoxes	O
de	O
la	O
démocratisation	O
des	O
savoirs.	O
Bibliographie	O
