TOKEN	PREDICTION	GOLD	VALIDITY
D’un	O	O	1
terrain	O	O	1
à	O	O	1
l’autre,	O	O	1
le	O	O	1
système	O	O	1
de	O	O	1
notation	O	O	1
adopté	O	O	1
par	O	O	1
un	O	O	1
ethnologue	O	O	1
n’est	O	O	1
jamais	O	O	1
figé.	O	O	1
Chaque	O	O	1
chercheur	O	O	1
l’adapte	O	O	1
en	O	O	1
fonction	O	O	1
de	O	O	1
l’évolution	O	O	1
conjointe	O	O	1
de	O	O	1
son	O	O	1
objet	O	O	1
de	O	O	1
recherche,	O	O	1
de	O	O	1
ses	O	O	1
méthodes	O	O	1
de	O	O	1
travail,	O	O	1
de	O	O	1
ses	O	O	1
présupposés	O	O	1
théoriques	O	O	1
et	O	O	1
de	O	O	1
ses	O	O	1
objectifs	O	O	1
scientifiques	O	O	1
ou	O	O	1
littéraires.	O	O	1
Pour	O	O	1
analyser	O	O	1
les	O	O	1
transformations	O	O	1
formelles	O	O	1
des	O	O	1
notes	O	O	1
ethnographiques,	O	O	1
cet	O	O	1
article	O	O	1
prend	O	O	1
pour	O	O	1
exemple	O	O	1
les	O	O	1
papiers	O	O	1
rédigés	O	O	1
par	O	O	1
Marcel	B-PER	B-PER	1
Griaule	I-PER	I-PER	1
au	O	O	1
cours	O	O	1
de	O	O	1
l’ensemble	O	O	1
de	O	O	1
ses	O	O	1
enquêtes,	O	O	1
de	O	O	1
1926	O	O	1
à	O	O	1
1956	O	O	1
Les	O	O	1
notes	O	O	1
de	O	O	1
ce	O	O	1
chercheur	O	O	1
se	O	O	1
répartissent	O	O	1
aujourd’hui	O	O	1
entre	O	O	1
les	O	O	1
fonds	O	O	1
Marcel-Griaule	B-LOC	O	O
et	O	O	1
Dakar-Djibouti.	B-LOC	O	O
.	O	O	1
L’aspiration	B-LOC	O	O
monographique	O	O	1
:	O	O	1
mettre	O	O	1
une	O	O	1
société	O	O	1
en	O	O	1
fiches	O	O	1
(1926-1939)	O	O	1
Ancien	O	O	1
militaire	O	O	1
avide	O	O	1
d’explorations	O	O	1
lointaines,	O	O	1
Marcel	B-PER	B-PER	1
Griaule	I-PER	I-PER	1
est	O	O	1
l’un	O	O	1
des	O	O	1
premiers	O	O	1
ethnographes	O	O	1
de	O	O	1
métier	O	O	1
formé	O	O	1
par	O	O	1
l’Institut	O	O	1
d’ethnologie	O	O	1
créé	O	O	1
à	O	O	1
Paris	B-LOC	B-LOC	1
en	O	O	1
1925.	O	O	1
Privilégiant	O	O	1
les	O	O	1
populations	O	O	1
exotiques	O	O	1
et	O	O	1
l’espace	O	O	1
colonial,	O	O	1
les	O	O	1
cours	O	O	1
dispensés	O	O	1
dans	O	O	1
ce	O	O	1
cadre	O	O	1
universitaire	O	O	1
visent	O	O	1
à	O	O	1
former	O	O	1
des	O	O	1
chercheurs	O	O	1
de	O	O	1
terrain	O	O	1
rompus	O	O	1
aux	O	O	1
techniques	O	O	1
d’enquête,	O	O	1
de	O	O	1
collecte	O	O	1
et	O	O	1
d’enregistrement.	O	O	1
À	O	O	1
cette	O	O	1
époque,	O	O	1
l’ethnologie	O	O	1
française	O	O	1
cherche	O	O	1
en	O	O	1
effet	O	O	1
à	O	O	1
se	O	O	1
professionnaliser	O	O	1
et	O	O	1
à	O	O	1
s’imposer	O	O	1
comme	O	O	1
une	O	O	1
discipline	O	O	1
autonome	O	O	1
en	O	O	1
se	O	O	1
dotant	O	O	1
à	O	O	1
la	O	O	1
fois	O	O	1
d’un	O	O	1
cursus,	O	O	1
d’un	O	O	1
objet	O	O	1
de	O	O	1
recherche	O	O	1
spécifique	O	O	1
–	O	O	1
les	O	O	1
«	O	O	1
sociétés	O	O	1
sans	O	O	1
machinisme	O	O	1
»,	B-PER	O	O
selon	O	O	1
l’expression	O	O	1
de	O	O	1
Griaule	B-PER	B-PER	1
–	O	O	1
et,	O	O	1
enfin,	O	O	1
d’une	O	O	1
méthode	O	O	1
ethnographique	O	O	1
précise,	O	O	1
rigoureuse	O	O	1
et	O	O	1
moderne.	O	O	1
Première	O	O	1
expérimentation	O	O	1
:	O	O	1
les	O	O	1
vignettes	O	O	1
ethnographiques	O	O	1
de	O	O	1
1926-1928	O	O	1
Pour	O	O	1
mettre	O	O	1
en	O	O	1
pratique	O	O	1
ce	O	O	1
nouvel	O	O	1
enseignement,	O	O	1
Marcel	B-PER	B-PER	1
Griaule	I-PER	I-PER	1
commence	O	O	1
par	O	O	1
s’exercer	O	O	1
à	O	O	1
l’enquête	O	O	1
orale	O	O	1
chez	O	O	1
lui,	O	O	1
dans	O	O	1
son	O	O	1
bureau	O	O	1
de	O	O	1
Boulogne	B-LOC	B-LOC	1
.	O	O	1
Entre	O	O	1
1926	O	O	1
et	O	O	1
1928,	O	O	1
il	O	O	1
y	O	O	1
interroge	O	O	1
de	O	O	1
jeunes	O	O	1
étudiants	O	O	1
éthiopiens	O	O	1
sur	O	O	1
leur	O	O	1
région	O	O	1
d’origine,	O	O	1
en	O	O	1
inscrivant	O	O	1
leurs	O	O	1
réponses	O	O	1
sur	O	O	1
un	O	O	1
calepin	O	O	1
de	O	O	1
brouillon	O	O	1
non	O	O	1
paginé	O	O	1
Cf.	O	O	1
Mercier,	B-PER	O	O
1993,	O	O	1
p.	O	O	1
46-49	O	O	1
;	O	O	1
Jolly,	O	O	1
2001/2002,	O	O	1
p.	O	O	1
82.	O	O	1
,	O	O	1
aux	O	O	1
feuilles	O	O	1
quadrillées	O	O	1
et	O	O	1
au	O	O	1
format	O	O	1
15,5	O	O	1
cm	O	O	1
×	O	O	1
17	O	O	1
cm.	O	O	1
Les	O	O	1
renseignements	O	O	1
glanés	O	O	1
sont	O	O	1
notés	O	O	1
dans	O	O	1
l’ordre	O	O	1
chronologique	O	O	1
de	O	O	1
leur	O	O	1
recueil	O	O	1
et	O	O	1
à	O	O	1
la	O	O	1
suite,	O	O	1
sans	O	O	1
saut	O	O	1
de	O	O	1
page,	O	O	1
en	O	O	1
étant	O	O	1
séparés	O	O	1
par	O	O	1
un	O	O	1
simple	O	O	1
trait	O	O	1
horizontal.	O	O	1
Il	O	O	1
s’agit	O	O	1
d’informations	O	O	1
ethnographiques	O	O	1
variées,	O	O	1
concises	O	O	1
et	O	O	1
indépendantes	O	O	1
les	O	O	1
unes	O	O	1
des	O	O	1
autres.	O	O	1
D’un	O	O	1
trait,	O	O	1
Griaule	B-PER	B-PER	1
peut	O	O	1
ainsi	O	O	1
passer	O	O	1
d’un	O	O	1
détail	O	O	1
concernant	O	O	1
les	O	O	1
modalités	O	O	1
d’enterrement	O	O	1
à	O	O	1
la	O	O	1
description	O	O	1
d’une	O	O	1
lampe	O	O	1
à	O	O	1
huile	O	O	1
:	O	O	1
un	O	O	1
tel	O	O	1
éclectisme	O	O	1
traduit	O	O	1
d’emblée	O	O	1
l’objectif	O	O	1
de	O	O	1
ses	O	O	1
entretiens	O	O	1
et	O	O	1
de	O	O	1
ses	O	O	1
notes.	O	O	1
Au	O	O	1
lieu	O	O	1
de	O	O	1
se	O	O	1
donner	O	O	1
un	O	O	1
fil	O	O	1
directeur,	O	O	1
lié	O	O	1
à	O	O	1
un	O	O	1
objet	O	O	1
ou	O	O	1
à	O	O	1
un	O	O	1
axe	O	O	1
de	O	O	1
recherche	O	O	1
particulier,	O	O	1
Griaule	B-PER	B-PER	1
vise	O	O	1
l’inventaire	O	O	1
exhaustif	O	O	1
de	O	O	1
toutes	O	O	1
les	O	O	1
composantes	O	O	1
de	O	O	1
la	O	O	1
société	O	O	1
ou	O	O	1
de	O	O	1
la	O	O	1
culture	O	O	1
éthiopienne.	O	O	1
Malgré	O	O	1
l’existence	O	O	1
de	O	O	1
quelques	O	O	1
thèmes	O	O	1
récurrents,	O	O	1
il	O	O	1
enquête	O	O	1
donc	O	O	1
sur	O	O	1
tous	O	O	1
les	O	O	1
sujets	O	O	1
à	O	O	1
la	O	O	1
fois.	O	O	1
Privilégiant	O	O	1
les	O	O	1
croquis	O	O	1
annotés	O	O	1
et	O	O	1
les	O	O	1
phrases	O	O	1
brèves	O	O	1
mais	O	O	1
complètes	O	O	1
Même	O	O	1
l’information	O	O	1
la	O	O	1
plus	O	O	1
courte	O	O	1
–	O	O	1
par	O	O	1
exemple	O	O	1
«	O	O	1
Il	O	O	1
y	O	O	1
a	O	O	1
du	O	O	1
platine	O	O	1
au	O	O	1
Choa	B-LOC	O	O
»	O	O	1
–	O	O	1
est	O	O	1
consignée	O	O	1
sous	O	O	1
forme	O	O	1
de	O	O	1
phrase	O	O	1
complète,	O	O	1
isolée	O	O	1
entre	O	O	1
deux	O	O	1
traits	O	O	1
(fonds	O	O	1
Marcel-Griaule).	O	O	1
,	O	O	1
Griaule	B-PER	B-PER	1
schématise	O	O	1
les	O	O	1
informations	O	O	1
retenues,	O	O	1
les	O	O	1
isole	O	O	1
et	O	O	1
les	O	O	1
dépouille	O	O	1
de	O	O	1
leur	O	O	1
contexte	O	O	1
d’énonciation	O	O	1
pour	O	O	1
les	O	O	1
transformer	O	O	1
en	O	O	1
données	O	O	1
ethnographiques	O	O	1
«	O	O	1
primaires	O	O	1
»,	B-LOC	O	O
non	O	O	1
triées.	O	O	1
Plus	O	O	1
proche	O	O	1
d’une	O	O	1
collection	O	O	1
de	O	O	1
faits	O	O	1
«	O	O	1
bruts	O	O	1
»	O	O	1
que	O	O	1
d’une	O	O	1
transcription	O	O	1
ou	O	O	1
d’un	O	O	1
mémento,	O	O	1
ce	O	O	1
brouillon	O	O	1
s’inscrit	O	O	1
clairement	O	O	1
dans	O	O	1
une	O	O	1
perspective	O	O	1
positiviste	O	O	1
et	O	O	1
monographique.	O	O	1
Fiche	O	O	1
de	O	O	1
Marcel	B-PER	O	O
Griaule	I-PER	O	O
sur	O	O	1
la	O	O	1
fabrication	O	O	1
d’un	O	O	1
parchemin	O	O	1
éthiopien,	O	O	1
d’après	O	O	1
des	O	O	1
informations	O	O	1
obtenues	O	O	1
en	O	O	1
1926,	O	O	1
à	O	O	1
Boulogne,	B-LOC	O	O
auprès	O	O	1
d’un	O	O	1
étudiant	O	O	1
éthiopien.	O	O	1
La	O	O	1
plupart	O	O	1
des	O	O	1
informations	O	O	1
écrites	O	O	1
au	O	O	1
brouillon	O	O	1
sur	O	O	1
les	O	O	1
calepins	O	O	1
sont	O	O	1
ensuite	O	O	1
redistribuées	O	O	1
et	O	O	1
recopiées	O	O	1
au	O	O	1
propre	O	O	1
et	O	O	1
à	O	O	1
l’encre	O	O	1
au	O	O	1
recto	O	O	1
de	O	O	1
ﬁches	O	O	1
cartonnées	O	O	1
presque	O	O	1
carrées	O	O	1
(14	O	O	1
cm	O	O	1
×	O	O	1
12,5	O	O	1
cm).	O	O	1
Pour	O	O	1
cette	O	O	1
seconde	O	O	1
strate	O	O	1
de	O	O	1
notes,	O	O	1
Griaule	O	B-PER	O
s’autorise	O	O	1
rarement	O	O	1
à	O	O	1
modiﬁer	O	O	1
les	O	O	1
phrases	O	O	1
et	O	O	1
les	O	O	1
croquis	O	O	1
originaux	O	O	1
;	O	O	1
il	O	O	1
se	O	O	1
contente	O	O	1
de	O	O	1
les	O	O	1
réorganiser	O	O	1
et	O	O	1
de	O	O	1
les	O	O	1
déplacer	O	O	1
selon	O	O	1
un	O	O	1
procédé	O	O	1
proche	O	O	1
du	O	O	1
couper-coller,	O	O	1
puisque	O	O	1
les	O	O	1
éléments	O	O	1
recopiés	O	O	1
sont	O	O	1
immédiatement	O	O	1
barrés	O	O	1
d’un	O	O	1
ou	O	O	1
de	O	O	1
plusieurs	O	O	1
traits	O	O	1
sur	O	O	1
le	O	O	1
calepin.	O	O	1
Sur	O	O	1
chaque	O	O	1
fiche,	O	O	1
on	O	O	1
retrouve	O	O	1
donc,	O	O	1
selon	O	O	1
une	O	O	1
nouvelle	O	O	1
composition,	O	O	1
soit	O	O	1
la	O	O	1
fraction	O	O	1
d’écrits	O	O	1
et	O	O	1
de	O	O	1
dessins	O	O	1
déjà	O	O	1
isolée	O	O	1
sur	O	O	1
le	O	O	1
calepin	O	O	1
par	O	O	1
des	O	O	1
traits	O	O	1
de	O	O	1
séparation,	O	O	1
soit	O	O	1
une	O	O	1
addition	O	O	1
de	O	O	1
plusieurs	O	O	1
de	O	O	1
ces	O	O	1
éléments	O	O	1
s’ils	O	O	1
sont	O	O	1
jugés	O	O	1
complémentaires	O	O	1
Comparées	B-LOC	O	O
aux	O	O	1
notes	O	O	1
recopiées	O	O	1
sur	O	O	1
le	O	O	1
terrain,	O	O	1
ces	O	O	1
fiches	O	O	1
rédigées	O	O	1
dans	O	O	1
le	O	O	1
confort	O	O	1
d’un	O	O	1
bureau	O	O	1
se	O	O	1
distinguent	O	O	1
par	O	O	1
le	O	O	1
soin	O	O	1
apporté	O	O	1
à	O	O	1
leur	O	O	1
élaboration.	O	O	1
Griaule	B-PER	O	O
répartit	O	O	1
texte	O	O	1
et	O	O	1
croquis	O	O	1
sur	O	O	1
l’ensemble	O	O	1
de	O	O	1
la	O	O	1
fiche	O	O	1
afin	O	O	1
de	O	O	1
composer	O	O	1
une	O	O	1
image	O	O	1
commentée	O	O	1
(avec	O	O	1
un	O	O	1
grand	O	O	1
dessin	O	O	1
réaliste	O	O	1
au	O	O	1
centre	O	O	1
et	O	O	1
des	O	O	1
notes	O	O	1
explicatives	O	O	1
en	O	O	1
contrebas	O	O	1
et	O	O	1
sur	O	O	1
le	O	O	1
côté),	O	O	1
ou	O	O	1
inversement	O	O	1
un	O	O	1
texte	O	O	1
illustré	O	O	1
(avec	O	O	1
une	O	O	1
longue	O	O	1
description	O	O	1
au	O	O	1
centre	O	O	1
et	O	O	1
de	O	O	1
petits	O	O	1
croquis	O	O	1
explicatifs	O	O	1
dans	O	O	1
la	O	O	1
marge).	O	O	1
.	O	O	1
À	O	O	1
l’époque,	O	O	1
ce	O	O	1
procédé	O	O	1
de	O	O	1
mise	O	O	1
en	O	O	1
ﬁches	O	O	1
vise	O	O	1
à	O	O	1
construire	O	O	1
une	O	O	1
«	O	O	1
donnée	O	O	1
»	O	O	1
ethnographique	O	O	1
«	O	O	1
carrée	O	O	1
»,	B-LOC	O	O
objective,	O	O	1
déﬁnitive	O	O	1
et	O	O	1
indépendante,	O	O	1
susceptible	O	O	1
d’être	O	O	1
classée	O	O	1
à	O	O	1
l’intérieur	O	O	1
d’un	O	O	1
ﬁchier.	O	O	1
Pour	O	O	1
atteindre	O	O	1
cet	O	O	1
objectif,	O	O	1
Griaule	B-PER	B-PER	1
va	O	O	1
faire	O	O	1
passer	O	O	1
chaque	O	O	1
note	O	O	1
d’information	O	O	1
par	O	O	1
quatre	O	O	1
étapes	O	O	1
:	O	O	1
1)	O	O	1
il	O	O	1
la	O	O	1
détache	O	O	1
du	O	O	1
carnet	O	O	1
de	O	O	1
terrain,	O	O	1
en	O	O	1
la	O	O	1
coupant	O	O	1
simultanément	O	O	1
de	O	O	1
la	O	O	1
chronologie	O	O	1
de	O	O	1
l’enquête	O	O	1
;	O	O	1
2)	B-LOC	O	O
il	O	O	1
la	O	O	1
ﬁge	O	O	1
en	O	O	1
passant	O	O	1
du	O	O	1
crayon	O	O	1
à	O	O	1
la	O	O	1
plume	O	O	1
;	O	O	1
3)	O	O	1
il	O	O	1
lui	O	O	1
donne	O	O	1
un	O	O	1
format	O	O	1
standard	O	O	1
;	O	O	1
4)	O	O	1
et	O	O	1
enfin	O	O	1
il	O	O	1
lui	O	O	1
attribue	O	O	1
deux	O	O	1
titres	O	O	1
thématiques.	O	O	1
Si	O	O	1
le	O	O	1
titre	O	O	1
calligraphié	O	O	1
en	O	O	1
haut	O	O	1
et	O	O	1
à	O	O	1
gauche	O	O	1
de	O	O	1
chaque	O	O	1
fiche	O	O	1
sert	O	O	1
à	O	O	1
définir	O	O	1
son	O	O	1
contenu,	O	O	1
le	O	O	1
titre	O	O	1
générique	O	O	1
placé	O	O	1
en	O	O	1
haut	O	O	1
et	O	O	1
au	O	O	1
centre	O	O	1
du	O	O	1
carton	O	O	1
est	O	O	1
celui	O	O	1
de	O	O	1
la	O	O	1
subdivision	O	O	1
thématique	O	O	1
dans	O	O	1
laquelle	O	O	1
sera	O	O	1
rangée	O	O	1
cette	O	O	1
note,	O	O	1
à	O	O	1
l’intérieur	O	O	1
du	O	O	1
fichier.	O	O	1
Ce	O	O	1
mot	O	O	1
classificateur	O	O	1
est	O	O	1
inscrit	O	O	1
au	O	O	1
moment	O	O	1
où	O	O	1
une	O	O	1
place	O	O	1
unique	O	O	1
est	O	O	1
attribuée	O	O	1
à	O	O	1
chaque	O	O	1
fiche,	O	O	1
selon	O	O	1
un	O	O	1
choix	O	O	1
en	O	O	1
partie	O	O	1
arbitraire.	O	O	1
Par	O	O	1
exemple,	O	O	1
si	O	O	1
la	O	O	1
fiche	O	O	1
«	O	O	1
École	O	O	1
»	O	O	1
est	O	O	1
finalement	O	O	1
identifiée	O	O	1
par	O	O	1
son	O	O	1
titre	O	O	1
central	O	O	1
comme	O	O	1
une	O	O	1
«	O	O	1
Habitation	B-PER	O	O
»,	I-PER	O	O
et	O	O	1
classée	O	O	1
comme	O	O	1
telle,	O	O	1
elle	O	O	1
aurait	O	O	1
pu	O	O	1
aussi	O	O	1
bien	O	O	1
être	O	O	1
rangée	O	O	1
à	O	O	1
l’entrée	O	O	1
«	O	O	1
Éducation	O	O	1
».	B-PER	O	O
Opter	I-PER	O	O
pour	O	O	1
l’un	O	O	1
de	O	O	1
ces	O	O	1
deux	O	O	1
classements	O	O	1
est	O	O	1
une	O	O	1
obligation	O	O	1
car	O	O	1
tout	O	O	1
doublon	O	O	1
est	O	O	1
exclu	O	O	1
à	O	O	1
l’intérieur	O	O	1
d’un	O	O	1
fichier	O	O	1
construit	O	O	1
à	O	O	1
l’image	O	O	1
de	O	O	1
la	O	O	1
société	O	O	1
étudiée,	O	O	1
c’est-à-dire,	O	O	1
selon	O	O	1
les	O	O	1
conceptions	O	O	1
de	O	O	1
l’époque,	B-LOC	O	O
comme	O	O	1
une	O	O	1
totalité	O	O	1
ordonnée.	O	O	1
D’abord	O	O	1
fragmentée	O	O	1
au	O	O	1
brouillon	O	O	1
en	O	O	1
éléments	O	O	1
indépendants,	O	O	1
chaque	O	O	1
société	O	O	1
que	O	O	1
l’on	O	O	1
veut	O	O	1
«	O	O	1
archiver	O	O	1
»	O	O	1
est	O	O	1
ainsi	O	O	1
mise	O	O	1
en	O	O	1
fiches	O	O	1
puis	O	O	1
mise	O	O	1
en	O	O	1
boîte,	O	O	1
en	O	O	1
étant	O	O	1
répartie	O	O	1
dans	O	O	1
les	O	O	1
diverses	O	O	1
subdivisions	O	O	1
du	O	O	1
fichier,	O	O	1
de	O	O	1
A	B-LOC	O	O
comme	O	O	1
agriculture	O	O	1
à	O	O	1
Z	O	O	1
comme	O	O	1
zoologie.	O	O	1
Les	O	O	1
carnets	O	O	1
et	O	O	1
la	O	O	1
notation	O	O	1
en	O	O	1
continu	O	O	1
:	O	O	1
l’inventaire	O	O	1
monographique	O	O	1
Entre	O	O	1
1928	O	O	1
et	O	O	1
1939,	O	O	1
Marcel	B-PER	B-PER	1
Griaule	I-PER	I-PER	1
va	O	O	1
diriger	O	O	1
cinq	O	O	1
expéditions	O	O	1
ethnographiques	O	O	1
en	O	O	1
Afrique.	B-LOC	O	O
À	O	O	1
l’exception	O	O	1
de	O	O	1
la	O	O	1
première,	O	O	1
réalisée	O	O	1
dans	O	O	1
la	O	O	1
province	O	O	1
éthiopienne	O	O	1
du	O	O	1
Godjam	B-LOC	B-LOC	1
(1928-1929),	O	O	1
les	O	O	1
quatre	O	O	1
suivantes	O	O	1
–	B-LOC	O	O
Dakar	I-LOC	B-LOC	O
-	O	O	1
Djibouti	B-LOC	B-LOC	1
(1931-1933),	O	O	1
Sahara-	B-LOC	O	O
Soudan	O	B-LOC	O
(1935),	O	O	1
Sahara-	B-LOC	O	O
Cameroun	B-LOC	B-LOC	1
(1936)	O	O	1
et	O	O	1
Niger	B-LOC	B-LOC	1
-Lac	O	O	1
Iro	B-LOC	O	O
(1938-1939)	O	O	1
–	B-LOC	O	O
sont	O	O	1
des	O	O	1
missions	O	O	1
collectives,	O	O	1
pluridisciplinaires	O	O	1
et	O	O	1
itinérantes	O	O	1
dont	O	O	1
le	O	O	1
principal	O	O	1
objectif	O	O	1
est	O	O	1
la	O	O	1
collecte	O	O	1
ou	O	O	1
l’enregistrement	O	O	1
de	O	O	1
témoignages	O	O	1
de	O	O	1
toutes	O	O	1
natures	O	O	1
(objets,	O	O	1
écrits,	O	O	1
photographies,	O	O	1
films…).	O	O	1
Si	O	O	1
l’immense	O	O	1
majorité	O	O	1
des	O	O	1
notes	O	O	1
de	O	O	1
terrain	O	O	1
sont	O	O	1
des	O	O	1
fiches,	O	O	1
Griaule	B-PER	B-PER	1
a	O	O	1
également	O	O	1
consigné	O	O	1
certaines	O	O	1
informations	O	O	1
ethnographiques	O	O	1
sur	O	O	1
de	O	O	1
petits	O	O	1
carnets	O	O	1
thématiques	O	O	1
consacrés	O	O	1
par	O	O	1
exemple	O	O	1
aux	O	O	1
nœuds	O	O	1
(1928-1929	O	O	1
et	O	O	1
1931).	O	O	1
Chaque	O	O	1
calepin	O	O	1
isole	O	O	1
d’emblée	O	O	1
un	O	O	1
thème	O	O	1
qui	O	O	1
a	O	O	1
été	O	O	1
volontairement	O	O	1
privilégié	O	O	1
dès	O	O	1
le	O	O	1
départ	O	O	1
en	O	O	1
prévision	O	O	1
de	O	O	1
la	O	O	1
publication	O	O	1
rapide	O	O	1
d’une	O	O	1
petite	O	O	1
monographie	O	O	1
sur	O	O	1
le	O	O	1
sujet	O	O	1
retenu.	O	O	1
En	O	O	1
d’autres	O	O	1
termes,	O	O	1
ce	O	O	1
support	O	O	1
particulier	O	O	1
a	O	O	1
été	O	O	1
choisi	O	O	1
non	O	O	1
pas	O	O	1
en	O	O	1
fonction	O	O	1
de	O	O	1
la	O	O	1
nature	O	O	1
des	O	O	1
informations	O	O	1
à	O	O	1
enregistrer,	O	O	1
mais	O	O	1
en	O	O	1
fonction	O	O	1
de	O	O	1
leur	O	O	1
utilisation	O	O	1
future.	O	O	1
Sur	O	O	1
les	O	O	1
différents	O	O	1
nœuds,	O	O	1
les	O	O	1
informations	O	O	1
se	O	O	1
suivent	O	O	1
sans	O	O	1
saut	O	O	1
de	O	O	1
page	O	O	1
ni	O	O	1
trait	O	O	1
de	O	O	1
séparation.	O	O	1
Souvent	O	O	1
composées	O	O	1
d’un	O	O	1
dessin	O	O	1
et	O	O	1
d’un	O	O	1
court	O	O	1
texte	O	O	1
descriptif,	O	O	1
elles	O	O	1
forment	O	O	1
toutefois	O	O	1
de	O	O	1
petits	O	O	1
blocs	O	O	1
distincts,	O	O	1
séparés	O	O	1
par	O	O	1
un	O	O	1
espace	O	O	1
et	O	O	1
numérotés	O	O	1
dans	O	O	1
l’ordre	O	O	1
de	O	O	1
leur	O	O	1
inscription	O	O	1
sur	O	O	1
le	O	O	1
carnet	O	O	1
(1,	O	O	1
2,	O	O	1
3…).	O	O	1
Ces	O	O	1
calepins	O	O	1
visent	O	O	1
la	O	O	1
même	O	O	1
exhaustivité	O	O	1
que	O	O	1
les	O	O	1
fiches	O	O	1
thématiques,	O	O	1
mais	O	O	1
sur	O	O	1
un	O	O	1
thème	O	O	1
précis,	O	O	1
en	O	O	1
privilégiant	O	O	1
le	O	O	1
regroupement	O	O	1
d’informations	O	O	1
et	O	O	1
l’inventaire	O	O	1
numéroté.	O	O	1
Ils	O	O	1
obéissent	O	O	1
ainsi	O	O	1
à	O	O	1
une	O	O	1
autre	O	O	1
logique	O	O	1
de	O	O	1
notation	O	O	1
et	O	O	1
de	O	O	1
classement,	O	O	1
davantage	O	O	1
adaptée	O	O	1
aux	O	O	1
feuillets	O	O	1
reliés.	O	O	1
Dans	O	O	1
l’esprit	O	O	1
de	O	O	1
Griaule	B-PER	B-PER	1
,	O	O	1
chacun	O	O	1
de	O	O	1
ces	O	O	1
carnets	O	O	1
thématiques	O	O	1
a	O	O	1
par	O	O	1
ailleurs	O	O	1
la	O	O	1
forme	O	O	1
et	O	O	1
le	O	O	1
statut	O	O	1
d’une	O	O	1
pré-publication	O	O	1
monographique.	O	O	1
S’il	O	O	1
sert	O	O	1
également	O	O	1
à	O	O	1
inventorier,	O	O	1
le	O	O	1
carnet	O	O	1
de	O	O	1
Dakar	B-LOC	B-LOC	1
-	O	O	1
Djibouti	B-LOC	B-LOC	1
intitulé	O	O	1
«	O	O	1
Enquêtes	B-LOC	O	O
à	O	O	1
faire	O	O	1
et	O	O	1
objets	O	O	1
à	O	O	1
acheter	O	O	1
Fonds	O	O	1
Dakar-Djibouti.	O	O	1
»	O	O	1
n’archive	O	O	1
rien,	O	O	1
en	O	O	1
revanche.	O	O	1
Ce	O	O	1
calepin	O	O	1
collectif	O	O	1
liste,	O	O	1
tout	O	O	1
au	O	O	1
long	O	O	1
du	O	O	1
trajet,	O	O	1
les	O	O	1
thèmes	O	O	1
à	O	O	1
traiter	O	O	1
ou,	O	O	1
plus	O	O	1
marginalement,	O	O	1
les	O	O	1
objets	O	O	1
ethnographiques	O	O	1
à	O	O	1
acquérir,	O	O	1
afin	O	O	1
de	O	O	1
combler	O	O	1
au	O	O	1
fur	O	O	1
et	O	O	1
à	O	O	1
mesure	O	O	1
les	O	O	1
lacunes	O	O	1
de	O	O	1
l’enquête	O	O	1
ou	O	O	1
de	O	O	1
la	O	O	1
collecte	O	O	1
matérielle.	O	O	1
De	O	O	1
Bamako	B-LOC	B-LOC	1
à	O	O	1
Addis-Abeba	B-LOC	B-LOC	1
,	O	O	1
chaque	O	O	1
membre	O	O	1
de	O	O	1
la	O	O	1
mission	O	O	1
y	O	O	1
note	O	O	1
brièvement	O	O	1
la	O	O	1
nature	O	O	1
du	O	O	1
complément	O	O	1
à	O	O	1
apporter	O	O	1
en	O	O	1
ajoutant	O	O	1
éventuellement	O	O	1
le	O	O	1
nom	O	O	1
de	O	O	1
l’informateur	O	O	1
ou	O	O	1
de	O	O	1
l’enquêteur	O	O	1
concerné.	O	O	1
À	O	O	1
l’image	O	O	1
du	O	O	1
calepin	O	O	1
de	O	O	1
brouillon	O	O	1
de	O	O	1
1926-1928,	O	O	1
ces	O	O	1
notes,	O	O	1
sans	O	O	1
rapport	O	O	1
les	O	O	1
unes	O	O	1
avec	O	O	1
les	O	O	1
autres,	O	O	1
se	O	O	1
suivent	O	O	1
en	O	O	1
étant	O	O	1
nettement	O	O	1
séparées	O	O	1
par	O	O	1
des	O	O	1
traits	O	O	1
horizontaux,	O	O	1
puis	O	O	1
sont	O	O	1
barrées	O	O	1
ou	O	O	1
hachurées	O	O	1
dès	O	O	1
que	O	O	1
la	O	O	1
lacune	O	O	1
est	O	O	1
comblée.	O	O	1
Facilement	O	O	1
consultable	O	O	1
par	O	O	1
l’ensemble	O	O	1
des	O	O	1
membres	O	O	1
de	O	O	1
la	O	O	1
mission,	O	O	1
ce	O	O	1
carnet	O	O	1
fait	O	O	1
office	O	O	1
d’aide-mémoire	O	O	1
et	O	O	1
de	O	O	1
guide	O	O	1
d’enquête	O	O	1
avec	O	O	1
toujours	O	O	1
le	O	O	1
même	O	O	1
objectif	O	O	1
en	O	O	1
ligne	O	O	1
de	O	O	1
mire	O	O	1
:	O	O	1
boucher	O	O	1
les	O	O	1
trous,	O	O	1
de	O	O	1
manière	O	O	1
concertée,	O	O	1
pour	O	O	1
enregistrer	O	O	1
ou	O	O	1
saisir	O	O	1
la	O	O	1
société	O	O	1
étudiée	O	O	1
dans	O	O	1
sa	O	O	1
totalité.	O	O	1
Les	O	O	1
fiches	O	O	1
manifolds	O	O	1
:	O	O	1
isoler	O	O	1
et	O	O	1
classer	O	O	1
des	O	O	1
faits	O	O	1
ou	O	O	1
des	O	O	1
témoignages	O	O	1
À	O	O	1
partir	O	O	1
de	O	O	1
l’expédition	O	O	1
Dakar	B-LOC	B-LOC	1
-	O	O	1
Djibouti	B-LOC	B-LOC	1
,	O	O	1
leadms	O	O	1
ﬁches	O	O	1
des	O	O	1
missions	O	O	1
Griaule	B-LOC	O	O
ont	O	O	1
toutes	O	O	1
un	O	O	1
format	O	O	1
standard	O	O	1
et	O	O	1
elles	O	O	1
sont	O	O	1
produites	O	O	1
instantanément	O	O	1
en	O	O	1
double	O	O	1
exemplaire	O	O	1
grâce	O	O	1
à	O	O	1
l’utilisation	O	O	1
de	O	O	1
papier	O	O	1
carbone.	O	O	1
Il	O	O	1
s’agit	O	O	1
de	O	O	1
feuillets	O	O	1
quadrillés	O	O	1
13,5	O	O	1
cm	O	O	1
×	O	O	1
19,5	O	O	1
cm,	O	O	1
écrits	O	O	1
uniquement	O	O	1
au	O	O	1
recto	O	O	1
et	O	O	1
aisément	O	O	1
détachables	O	O	1
d’un	O	O	1
carnet	O	O	1
manifold.	O	O	1
Dans	O	O	1
les	O	O	1
années	O	O	1
1930,	O	O	1
chaque	O	O	1
ethnographe	O	O	1
des	O	O	1
missions	O	O	1
Griaule	B-LOC	B-PER	O
les	O	O	1
remplit	O	O	1
au	O	O	1
crayon	O	O	1
en	O	O	1
indiquant	O	O	1
dans	O	O	1
les	O	O	1
coins	O	O	1
supérieurs	O	O	1
le	O	O	1
lieu,	O	O	1
la	O	O	1
population	O	O	1
concernée	O	O	1
et,	O	O	1
éventuellement,	O	O	1
l’identité	O	O	1
de	O	O	1
l’informateur.	O	O	1
En	O	O	1
haut	O	O	1
et	O	O	1
au	O	O	1
centre,	O	O	1
il	O	O	1
donne	O	O	1
également	O	O	1
un	O	O	1
titre	O	O	1
thématique	O	O	1
à	O	O	1
la	O	O	1
ﬁche	O	O	1
sous	O	O	1
forme	O	O	1
de	O	O	1
mot	O	O	1
unique	O	O	1
écrit	O	O	1
indifféremment	O	O	1
en	O	O	1
majuscules	O	O	1
ou	O	O	1
en	O	O	1
minuscules.	O	O	1
Qu’elle	B-LOC	O	O
soit	O	O	1
ensuite	O	O	1
recopiée	O	O	1
au	O	O	1
propre	O	O	1
ou	O	O	1
conservée	O	O	1
au	O	O	1
brouillon,	O	O	1
cette	O	O	1
note	O	O	1
manuscrite	O	O	1
est	O	O	1
toujours	O	O	1
produite	O	O	1
en	O	O	1
double	O	O	1
exemplaire	O	O	1
grâce	O	O	1
au	O	O	1
carbone,	O	O	1
puis	O	O	1
détachée	O	O	1
de	O	O	1
la	O	O	1
souche	O	O	1
du	O	O	1
carnet.	O	O	1
Le	O	O	1
duplicata	O	O	1
est	O	O	1
transmis	O	O	1
à	O	O	1
la	O	O	1
personne	O	O	1
travaillant	O	O	1
sur	O	O	1
le	O	O	1
sujet	O	O	1
en	O	O	1
question,	O	O	1
tandis	O	O	1
que	O	O	1
l’original	O	O	1
est	O	O	1
versé	O	O	1
dans	O	O	1
l’un	O	O	1
des	O	O	1
ﬁchiers	O	O	1
communs	O	O	1
en	O	O	1
étant	O	O	1
classé	O	O	1
dans	O	O	1
la	O	O	1
section	O	O	1
thématique	O	O	1
correspondant	O	O	1
à	O	O	1
son	O	O	1
titre.	O	O	1
Idéalement,	O	O	1
chaque	O	O	1
ﬁchier	O	O	1
regroupe	O	O	1
l’ensemble	O	O	1
des	O	O	1
ﬁches	O	O	1
ethnographiques	O	O	1
portant	O	O	1
sur	O	O	1
une	O	O	1
même	O	O	1
population	O	O	1
ou	O	O	1
un	O	O	1
même	O	O	1
pays,	O	O	1
quel	O	O	1
que	O	O	1
soit	O	O	1
leur	O	O	1
rédacteur	O	O	1
Dans	O	O	1
la	O	O	1
pratique,	O	O	1
les	O	O	1
expéditions	O	O	1
itinérantes	O	O	1
de	O	O	1
type	O	O	1
Dakar-Djibouti	O	O	1
produisent	O	O	1
néanmoins	O	O	1
un	O	O	1
fichier	O	O	1
thématique	O	O	1
transrégional,	O	O	1
plus	O	O	1
ou	O	O	1
moins	O	O	1
«	O	O	1
fourre-tout	O	O	1
»	O	O	1
et	O	O	1
très	O	O	1
peu	O	O	1
exploité.	O	O	1
.	O	O	1
Comme	O	O	1
il	O	O	1
vise	O	O	1
l’exhaustivité,	O	O	1
il	O	O	1
continue	O	O	1
parfois	O	O	1
de	O	O	1
s’enrichir	O	O	1
d’une	O	O	1
mission	O	O	1
à	O	O	1
l’autre	O	O	1
Dans	O	O	1
le	O	O	1
fonds	O	O	1
Marcel-Griaule,	B-PER	O	O
le	O	O	1
premier	O	O	1
fichier	O	O	1
dogon	O	O	1
rassemble	O	O	1
ainsi	O	O	1
plus	O	O	1
de	O	O	1
deux	O	O	1
mille	O	O	1
fiches	O	O	1
rédigées	O	O	1
entre	O	O	1
1931	O	O	1
et	O	O	1
1937	O	O	1
par	O	O	1
les	O	O	1
membres	O	O	1
de	O	O	1
trois	O	O	1
missions	O	O	1
successives.	O	O	1
,	O	O	1
mais	O	O	1
les	O	O	1
feuillets	O	O	1
manifolds,	O	O	1
qui	O	O	1
ont	O	O	1
valeur	O	O	1
d’archives	O	O	1
intangibles,	O	O	1
ne	O	O	1
sont	O	O	1
jamais	O	O	1
corrigés,	O	O	1
éliminés	O	O	1
ou	O	O	1
complétés.	O	O	1
L’ensemble	O	O	1
de	O	O	1
ces	O	O	1
procédés	O	O	1
de	O	O	1
notation	O	O	1
et	O	O	1
de	O	O	1
classement	O	O	1
répond	O	O	1
aux	O	O	1
exigences	O	O	1
d’une	O	O	1
enquête	O	O	1
collective,	O	O	1
méthodique	O	O	1
et	O	O	1
rapide,	O	O	1
avec	O	O	1
des	O	O	1
notes	O	O	1
standard	O	O	1
immédiatement	O	O	1
indexées,	O	O	1
dédoublées,	O	O	1
isolées	O	O	1
et	O	O	1
classées	O	O	1
dans	O	O	1
un	O	O	1
fichier	O	O	1
commun	O	O	1
consultable	O	O	1
et	O	O	1
exploitable	O	O	1
par	O	O	1
tous.	O	O	1
Dans	O	O	1
les	O	O	1
années	O	O	1
1930,	O	O	1
ce	O	O	1
système	O	O	1
de	O	O	1
fiches	O	O	1
et	O	O	1
de	O	O	1
fichiers	O	O	1
est	O	O	1
par	O	O	1
ailleurs	O	O	1
conforme	O	O	1
aux	O	O	1
présupposés	O	O	1
de	O	O	1
la	O	O	1
discipline	O	O	1
et	O	O	1
à	O	O	1
ses	O	O	1
objectifs	O	O	1
:	O	O	1
archiver	O	O	1
dans	O	O	1
l’urgence	B-LOC	O	O
et	O	O	1
en	O	O	1
totalité	O	O	1
des	O	O	1
sociétés	O	O	1
lointaines	O	O	1
conçues	O	O	1
comme	O	O	1
des	O	O	1
ensembles	O	O	1
clos,	O	O	1
homogènes	O	O	1
et	O	O	1
figés,	O	O	1
incapables	O	O	1
de	O	O	1
s’adapter	O	O	1
au	O	O	1
«	O	O	1
monde	O	O	1
moderne	O	O	1
»	O	O	1
et	O	O	1
condamnés	O	O	1
à	O	O	1
ce	O	O	1
titre	O	O	1
à	O	O	1
disparaître	O	O	1
rapidement.	O	O	1
Rangée	O	O	1
dans	O	O	1
un	O	O	1
fichier,	O	O	1
chaque	O	O	1
société	O	O	1
se	O	O	1
trouve	O	O	1
enregistrée,	O	O	1
«	O	O	1
sauvegardée	O	O	1
»	O	O	1
et	O	O	1
ordonnée	O	O	1
selon	O	O	1
un	O	O	1
découpage	O	O	1
purement	O	O	1
occidental.	O	O	1
D’autre	O	O	1
part,	O	O	1
chaque	O	O	1
fiche	O	O	1
est	O	O	1
censée	O	O	1
correspondre	O	O	1
à	O	O	1
une	O	O	1
donnée	O	O	1
objective	O	O	1
et	O	O	1
définitive,	O	O	1
indépendante	O	O	1
de	O	O	1
son	O	O	1
contexte	O	O	1
de	O	O	1
notation	O	O	1
;	O	O	1
ce	O	O	1
qui	O	O	1
conduit	O	O	1
à	O	O	1
l’occultation	O	O	1
de	O	O	1
toute	O	O	1
question,	O	O	1
interrogation	O	O	1
ou	O	O	1
interprétation.	O	O	1
Ce	O	O	1
positivisme	O	O	1
se	O	O	1
conjugue,	O	O	1
dans	O	O	1
le	O	O	1
cas	O	O	1
de	O	O	1
Griaule	B-PER	B-PER	1
,	O	O	1
à	O	O	1
une	O	O	1
conception	O	O	1
policière	O	O	1
et	O	O	1
judiciaire	O	O	1
de	O	O	1
l’enquête	O	O	1
de	O	O	1
terrain,	O	O	1
avec	O	O	1
l’idée	O	O	1
que	O	O	1
chaque	O	O	1
fiche	O	O	1
doit	O	O	1
être	O	O	1
autant	O	O	1
une	O	O	1
note	O	O	1
d’information	O	O	1
dépourvue	O	O	1
d’analyse	O	O	1
qu’un	O	O	1
document	O	O	1
attestant	O	O	1
ou	O	O	1
établissant	O	O	1
un	O	O	1
fait	O	O	1
;	O	O	1
et	O	O	1
cette	O	O	1
exigence	O	O	1
de	O	O	1
preuve	O	O	1
a	O	O	1
bien	O	O	1
sûr	O	O	1
une	O	O	1
incidence	O	O	1
sur	O	O	1
la	O	O	1
rédaction.	O	O	1
Qualifiées	O	O	1
de	O	O	1
«	O	O	1
fiches	O	O	1
d’interrogation	O	O	1
»,	B-PER	O	O
voire	O	O	1
de	O	O	1
«	O	O	1
fiches	O	O	1
d’interrogatoire	O	O	1
»	O	O	1
Cf.	B-LOC	O	O
Jamin,	I-LOC	O	O
1982,	O	O	1
p.	O	O	1
87-89.	O	O	1
,	O	O	1
les	O	O	1
notes	O	O	1
provenant	O	O	1
d’enquêtes	O	O	1
orales	O	O	1
sont	O	O	1
considérées	O	O	1
explicitement	O	O	1
comme	O	O	1
des	O	O	1
«	O	O	1
témoignages	O	O	1
»	O	O	1
enregistrés	O	O	1
par	O	O	1
écrit	O	O	1
ou,	O	O	1
mieux	O	O	1
encore,	O	O	1
comme	O	O	1
des	O	O	1
«	O	O	1
dépositions	O	O	1
»	O	O	1
Cf.	O	O	1
Griaule,	B-LOC	O	O
1957,	O	O	1
p.	O	O	1
73	O	O	1
et	O	O	1
75.	O	O	1
.	O	O	1
Ce	O	O	1
terme	O	O	1
juridique	O	O	1
est	O	O	1
d’ailleurs	O	O	1
apposé	O	O	1
sur	O	O	1
certaines	O	O	1
fiches	O	O	1
de	O	O	1
Griaule	B-PER	B-PER	1
,	O	O	1
à	O	O	1
travers	O	O	1
l’expression	O	O	1
«	O	O	1
déposition	O	O	1
d’untel	O	O	1
»,	B-PER	O	O
non	O	O	1
tant	O	O	1
pour	O	O	1
préciser	O	O	1
l’identité	O	O	1
du	O	O	1
«	O	O	1
témoin	O	O	1
»	O	O	1
que	O	O	1
pour	O	O	1
présenter	O	O	1
son	O	O	1
témoignage	O	O	1
comme	O	O	1
un	O	O	1
élément	O	O	1
de	O	O	1
preuve.	O	O	1
Dans	O	O	1
le	O	O	1
même	O	O	1
esprit,	O	O	1
le	O	O	1
nom	O	O	1
de	O	O	1
l’informateur	O	O	1
est	O	O	1
très	O	O	1
souvent	O	O	1
indiqué	O	O	1
dans	O	O	1
le	O	O	1
coin	O	O	1
supérieur	O	O	1
droit	O	O	1
de	O	O	1
la	O	O	1
fiche,	O	O	1
et	O	O	1
cette	O	O	1
«	O	O	1
signature	O	O	1
»	O	O	1
répond	O	O	1
plus	O	O	1
à	O	O	1
une	O	O	1
exigence	O	O	1
d’authentification	O	O	1
ou	O	O	1
de	O	O	1
vérification	O	O	1
qu’à	O	O	1
un	O	O	1
souci	O	O	1
de	O	O	1
contextualisation.	O	O	1
En	O	O	1
effet,	O	O	1
pour	O	O	1
les	O	O	1
ethnologues	O	O	1
des	O	O	1
années	O	O	1
1930,	O	O	1
et	O	O	1
pour	O	O	1
Griaule	B-PER	B-PER	1
en	O	O	1
particulier,	O	O	1
il	O	O	1
n’existe	O	O	1
qu’une	O	O	1
Vérité	O	O	1
collective	O	O	1
dont	O	O	1
chaque	O	O	1
informateur	O	O	1
peut	O	O	1
témoigner,	O	O	1
ou	O	O	1
des	O	O	1
secrets	O	O	1
jalousement	O	O	1
gardés	O	O	1
exigeant	O	O	1
des	O	O	1
«	O	O	1
révélations	O	O	1
»	O	O	1
ou	O	O	1
des	O	O	1
«	O	O	1
aveux	O	O	1
».	B-PER	O	O
Pour	O	O	1
les	O	O	1
obtenir,	O	O	1
l’ethnographe	O	O	1
doit	O	O	1
se	O	O	1
transformer	O	O	1
en	O	O	1
«	O	O	1
détective	O	O	1
»	O	O	1
ou	O	O	1
en	O	O	1
«	O	O	1
juge	O	O	1
d’instruction	O	O	1
»	O	O	1
Cf.	O	O	1
Griaule,	B-LOC	O	O
1957,	O	O	1
p.	O	O	1
59	O	O	1
;	O	O	1
1933,	O	O	1
p.	O	O	1
10.	O	O	1
,	O	O	1
soumettre	O	O	1
ses	O	O	1
informateurs	O	O	1
à	O	O	1
des	O	O	1
interrogatoires	O	O	1
et,	O	O	1
avec	O	O	1
l’aide	O	O	1
d’autres	O	O	1
collègues,	O	O	1
confronter	O	O	1
ou	O	O	1
recouper	O	O	1
leurs	O	O	1
témoignages.	O	O	1
Le	O	O	1
compte	O	O	1
rendu	O	O	1
d’une	O	O	1
enquête	O	O	1
réalisée	O	O	1
en	O	O	1
pays	O	O	1
dogon	O	O	1
en	O	O	1
1931	O	O	1
est	O	O	1
à	O	O	1
cet	O	O	1
égard	O	O	1
révélateur:	O	O	1
Ambara	B-PER	B-PER	1
,	O	O	1
en	O	O	1
catimini,	O	O	1
se	O	O	1
décide	O	O	1
à	O	O	1
un	O	O	1
demi-aveu	O	O	1
…	O	B-PER	O
.	O	O	1
Tabyon	O	B-PER	O
,	O	O	1
qui	O	O	1
ignore	O	O	1
cette	O	O	1
indiscrétion,	O	O	1
est	O	O	1
immédiatement	O	O	1
convoqué	O	O	1
par	O	O	1
le	O	O	1
deuxième	O	O	1
enquêteur,	O	O	1
qui	O	O	1
lui	O	O	1
fait	O	O	1
avouer,	O	O	1
par	O	O	1
le	O	O	1
canal	O	O	1
d’un	O	O	1
interprète	O	O	1
inhabituel	O	O	1
et	O	O	1
en	O	O	1
jouant	O	O	1
sur	O	O	1
la	O	O	1
déposition	O	O	1
d’	O	O	1
Ambara	B-PER	B-PER	1
,	O	O	1
que	O	O	1
la	O	O	1
pièce	O	O	1
de	O	O	1
bois	O	O	1
n’est	O	O	1
pas	O	O	1
un	O	O	1
masque	O	O	1
mais	O	O	1
un	O	O	1
«	O	O	1
grand	O	O	1
masque	O	O	1
»	O	O	1
Cf.	O	O	1
Griaule,	B-LOC	O	O
1933,	O	O	1
p.	O	O	1
12.	O	O	1
.	O	O	1
Au	O	O	1
début	O	O	1
de	O	O	1
la	O	O	1
mission	O	O	1
Dakar	B-LOC	B-LOC	1
-	O	O	1
Djibouti	B-LOC	B-LOC	1
,	O	O	1
les	O	O	1
notes	O	O	1
gardent	O	O	1
parfois	O	O	1
la	O	O	1
trace	O	O	1
de	O	O	1
cette	O	O	1
«	O	O	1
ethnographie	O	O	1
policière	O	O	1
L’expression	O	O	1
est	O	O	1
employée	O	O	1
par	O	O	1
Griaule	B-PER	O	O
dans	O	O	1
un	O	O	1
article	O	O	1
sur	O	O	1
ses	O	O	1
enquêtes	O	O	1
de	O	O	1
1931	O	O	1
en	O	O	1
pays	O	O	1
dogon	O	O	1
(Lyon-Républicain,	O	O	1
16	O	O	1
juillet	O	O	1
1933).	O	O	1
»	O	O	1
et	O	O	1
de	O	O	1
cette	O	O	1
quête	O	O	1
d’une	O	O	1
vérité	O	O	1
cachée,	O	O	1
à	O	O	1
l’image	O	O	1
des	O	O	1
deux	O	O	1
premières	O	O	1
fiches	O	O	1
rédigées	O	O	1
par	O	O	1
Griaule	B-PER	B-PER	1
sur	O	O	1
le	O	O	1
totémisme	O	O	1
dogon.	O	O	1
Entre	O	O	1
deux	O	O	1
informations,	O	O	1
Griaule	B-PER	B-PER	1
ajoute,	O	O	1
en	O	O	1
les	O	O	1
encadrant,	O	O	1
les	O	O	1
commentaires	O	O	1
suivants	O	O	1
à	O	O	1
propos	O	O	1
des	O	O	1
«	O	O	1
secrets	O	O	1
»	O	O	1
arrachés	O	O	1
à	O	O	1
l’un	O	O	1
de	O	O	1
ses	O	O	1
informateurs	O	O	1
dogon	O	O	1
:	O	O	1
«	O	O	1
Noter	B-LOC	O	O
que	O	O	1
l’hésitation	O	O	1
du	O	O	1
chef	O	O	1
a	O	O	1
été	O	O	1
grande.	O	O	1
…	O	B-PER	O
La	O	O	1
déclaration	O	O	1
a	O	O	1
été	O	O	1
faite	O	O	1
sur	O	O	1
un	O	O	1
ton	O	O	1
très	O	O	1
bas,	O	O	1
rapidement,	O	O	1
comme	O	O	1
on	O	O	1
parle	O	O	1
d’un	O	O	1
grand	O	O	1
cataclysme	O	O	1
de	O	O	1
famille	O	O	1
;	O	O	1
c’était	O	O	1
aussi	O	O	1
comme	O	O	1
un	O	O	1
aveu	O	O	1
à	O	O	1
un	O	O	1
juge	O	O	1
d’instruction	O	O	1
qui	O	O	1
a	O	O	1
des	O	O	1
preuves	O	O	1
en	O	O	1
main.	O	O	1
»	O	O	1
Dans	O	O	1
un	O	O	1
second	O	O	1
«	O	O	1
encart	O	O	1
»	O	O	1
au	O	O	1
style	O	O	1
très	O	O	1
juridique,	O	O	1
un	O	O	1
autre	O	O	1
membre	O	O	1
de	O	O	1
la	O	O	1
mission	O	O	1
–	O	O	1
Éric	B-PER	B-PER	1
Lutten	I-PER	I-PER	1
–	O	O	1
confirme	O	O	1
par	O	O	1
recoupement	O	O	1
la	O	O	1
déposition	O	O	1
de	O	O	1
l’informateur	O	O	1
de	O	O	1
Griaule	B-PER	B-PER	1
:	O	O	1
«	O	O	1
Le	O	O	1
fait	O	O	1
ci-dessus	O	O	1
est	O	O	1
reconnu	O	O	1
exact	O	O	1
par	O	O	1
Sanga	B-LOC	B-PER	O
Bilu	I-LOC	I-PER	O
…	O	B-PER	O
.	O	O	1
»	O	O	1
Validé,	O	O	1
ce	O	O	1
témoignage	O	O	1
devient	O	O	1
ainsi,	O	O	1
littéralement,	O	O	1
un	O	O	1
«	O	O	1
fait	O	O	1
»	O	O	1
indiscutable.	O	O	1
Sur	O	O	1
la	O	O	1
forme,	O	O	1
ces	O	O	1
remarques	O	O	1
–	O	O	1
qui	O	O	1
authentifient	O	O	1
l’information	O	O	1
–	O	O	1
entrent	O	O	1
toutefois	O	O	1
en	O	O	1
contradiction	O	O	1
avec	O	O	1
la	O	O	1
volonté	O	O	1
de	O	O	1
donner	O	O	1
à	O	O	1
la	O	O	1
fiche	O	O	1
l’image	O	O	1
graphique	O	O	1
d’un	O	O	1
bloc,	O	O	1
synonyme	O	O	1
de	O	O	1
donnée	O	O	1
brute,	O	O	1
consignée	O	O	1
sans	O	O	1
analyse	O	O	1
ni	O	O	1
commentaire.	O	O	1
Elles	O	O	1
ne	O	O	1
sont	O	O	1
donc	O	O	1
acceptables	O	O	1
qu’à	O	O	1
condition	O	O	1
d’être	O	O	1
brèves	O	O	1
et	O	O	1
isolées	O	O	1
du	O	O	1
texte	O	O	1
principal,	O	O	1
en	O	O	1
étant	O	O	1
généralement	O	O	1
encadrées	O	O	1
et	O	O	1
reléguées	O	O	1
en	O	O	1
marge	O	O	1
ou	O	O	1
en	O	O	1
bas	O	O	1
de	O	O	1
page,	O	O	1
conformément	O	O	1
à	O	O	1
leur	O	O	1
statut	O	O	1
de	O	O	1
renseignements	O	O	1
périphériques.	O	O	1
Au	O	O	1
cours	O	O	1
de	O	O	1
la	O	O	1
mission	O	O	1
Dakar	B-LOC	B-LOC	1
-	O	O	1
Djibouti	B-LOC	B-LOC	1
,	O	O	1
un	O	O	1
procès-verbal	O	O	1
traduit	O	O	1
également	O	O	1
cette	O	O	1
volonté	O	O	1
d’établir	O	O	1
par	O	O	1
écrit	O	O	1
des	O	O	1
témoignages	O	O	1
probants,	O	O	1
au	O	O	1
besoin	O	O	1
en	O	O	1
procédant	O	O	1
par	O	O	1
ruse.	O	O	1
Pour	O	O	1
démontrer	O	O	1
la	O	O	1
permanence	O	O	1
d’un	O	O	1
commerce	O	O	1
d’esclaves	O	O	1
en	O	O	1
Éthiopie	B-LOC	B-LOC	1
malgré	O	O	1
son	O	O	1
interdiction	O	O	1
officielle,	O	O	1
Griaule	B-PER	B-PER	1
fait	O	O	1
transcrire	O	O	1
par	O	O	1
Éric	B-PER	B-PER	1
Lutten	I-PER	I-PER	1
,	O	O	1
caché	O	O	1
derrière	O	O	1
la	O	O	1
cloison	O	O	1
d’une	O	O	1
tente,	O	O	1
l’intégralité	O	O	1
de	O	O	1
sa	O	O	1
conversation	O	O	1
avec	O	O	1
un	O	O	1
marchand,	O	O	1
à	O	O	1
l’insu	O	O	1
de	O	O	1
ce	O	O	1
dernier.	O	O	1
Ne	O	O	1
maîtrisant	O	O	1
pas	O	O	1
la	O	O	1
sténographie,	O	O	1
Lutten	O	B-PER	O
note	O	O	1
en	O	O	1
abrégé,	O	O	1
sur	O	O	1
son	O	O	1
carnet	O	O	1
manifold,	O	O	1
les	O	O	1
échanges	O	O	1
entre	O	O	1
les	O	O	1
deux	O	O	1
hommes	O	O	1
Plus	O	O	1
exactement,	O	O	1
il	O	O	1
note	O	O	1
en	O	O	1
français	O	O	1
les	O	O	1
questions	O	O	1
de	O	O	1
Griaule	B-PER	O	O
et	O	O	1
leurs	O	O	1
réponses	O	O	1
traduites	O	O	1
par	O	O	1
un	O	O	1
interprète.	O	O	1
,	O	O	1
et	O	O	1
ce	O	O	1
dialogue	O	O	1
légèrement	O	O	1
tronqué	O	O	1
est	O	O	1
ensuite	O	O	1
reconstitué	O	O	1
au	O	O	1
propre,	O	O	1
par	O	O	1
Griaule	B-PER	B-PER	1
,	O	O	1
sur	O	O	1
de	O	O	1
nouvelles	O	O	1
fiches.	O	O	1
Si	O	O	1
ce	O	O	1
procès-verbal	O	O	1
illustre	O	O	1
parfaitement	O	O	1
le	O	O	1
regard	O	O	1
inquisiteur	O	O	1
et	O	O	1
les	O	O	1
méthodes	O	O	1
policières	O	O	1
revendiquées	O	O	1
à	O	O	1
l’époque	O	O	1
par	O	O	1
Griaule	B-PER	B-PER	1
,	O	O	1
il	O	O	1
est	O	O	1
unique	O	O	1
dans	O	O	1
sa	O	O	1
forme,	O	O	1
à	O	O	1
plusieurs	O	O	1
titres.	O	O	1
C’est	O	O	1
d’abord	O	O	1
le	O	O	1
seul	O	O	1
exemple	O	O	1
de	O	O	1
fiches	O	O	1
de	O	O	1
brouillon	O	O	1
conservées	O	O	1
en	O	O	1
dépit	O	O	1
de	O	O	1
leur	O	O	1
réécriture	O	O	1
au	O	O	1
propre.	O	O	1
Une	O	O	1
telle	O	O	1
exception	O	O	1
a	O	O	1
une	O	O	1
double	O	O	1
explication	O	O	1
:	O	O	1
en	O	O	1
raison	O	O	1
du	O	O	1
procédé	O	O	1
utilisé,	O	O	1
les	O	O	1
deux	O	O	1
strates	O	O	1
d’écriture	O	O	1
sont	O	O	1
produites	O	O	1
par	O	O	1
deux	O	O	1
ethnographes	O	O	1
différents,	O	O	1
et	O	O	1
le	O	O	1
procès-verbal	O	O	1
original	O	O	1
–	O	O	1
qui	O	O	1
révèle	O	O	1
des	O	O	1
pratiques	O	O	1
illicites	O	O	1
–	O	O	1
a	O	O	1
sans	O	O	1
doute	O	O	1
été	O	O	1
sauvegardé	O	O	1
à	O	O	1
titre	O	O	1
de	O	O	1
«	O	O	1
preuve	O	O	1
».	O	O	1
Pour	O	O	1
l’ensemble	O	O	1
des	O	O	1
missions	O	O	1
Griaule	O	B-PER	O
,	O	O	1
ce	O	O	1
document	O	O	1
est	O	O	1
également	O	O	1
la	O	O	1
seule	O	O	1
transcription	O	O	1
intégrale	O	O	1
d’un	O	O	1
entretien	O	O	1
et,	O	O	1
par	O	O	1
voie	O	O	1
de	O	O	1
conséquence,	O	O	1
l’unique	O	O	1
note	O	O	1
à	O	O	1
contenir	O	O	1
un	O	O	1
ensemble	O	O	1
de	O	O	1
questions	O	O	1
et	O	O	1
de	O	O	1
réponses.	O	O	1
Il	O	O	1
reste	O	O	1
donc	O	O	1
à	O	O	1
s’interroger	O	O	1
sur	O	O	1
les	O	O	1
raisons	O	O	1
de	O	O	1
cet	O	O	1
usage	O	O	1
exceptionnel	O	O	1
d’un	O	O	1
procédé	O	O	1
–	O	O	1
la	O	O	1
transcription	O	O	1
intégrale	O	O	1
d’un	O	O	1
discours	O	O	1
ou	O	O	1
d’un	O	O	1
entretien	O	O	1
–	O	O	1
qui	O	O	1
semble	O	O	1
pourtant,	O	O	1
de	O	O	1
prime	O	O	1
abord,	O	O	1
répondre	O	O	1
aux	O	O	1
objectifs	O	O	1
de	O	O	1
l’ethnographie	O	O	1
des	O	O	1
années	O	O	1
1930	O	O	1
en	O	O	1
permettant	O	O	1
un	O	O	1
enregistrement	O	O	1
fidèle	O	O	1
des	O	O	1
témoignages	O	O	1
à	O	O	1
archiver.	O	O	1
Dans	O	O	1
ses	O	O	1
cours,	O	O	1
Griaule	B-PER	B-PER	1
reconnaît	O	O	1
d’ailleurs	O	O	1
qu’il	O	O	1
s’agit	O	O	1
de	O	O	1
la	O	O	1
technique	O	O	1
idéale,	O	O	1
a	O	O	1
fortiori	O	O	1
si	O	O	1
l’enquêteur	O	O	1
transcrit	O	O	1
la	O	O	1
«	O	O	1
déposition	O	O	1
entière	O	O	1
»	O	O	1
dans	O	O	1
la	O	O	1
langue	O	O	1
du	O	O	1
locuteur,	O	O	1
et	O	O	1
non	O	O	1
la	O	O	1
traduction	O	O	1
proposée	O	O	1
par	O	O	1
l’interprète	O	O	1
Cf.	O	O	1
Griaule,	B-LOC	O	O
1957,	O	O	1
p.	O	O	1
75.	O	O	1
.	O	O	1
Toutefois,	B-PER	O	O
il	O	O	1
conseille,	O	O	1
d’un	O	O	1
point	O	O	1
de	O	O	1
vue	O	O	1
pratique,	O	O	1
«	O	O	1
une	O	O	1
rédaction	O	O	1
dans	O	O	1
la	O	O	1
langue	O	O	1
de	O	O	1
l’enquêteur,	O	O	1
émaillée	O	O	1
de	O	O	1
tous	O	O	1
les	O	O	1
termes	O	O	1
indigènes	O	O	1
nécessaires	O	O	1
dès	O	O	1
qu’il	O	O	1
y	O	O	1
a	O	O	1
le	O	O	1
plus	O	O	1
léger	O	O	1
doute	O	O	1
de	O	O	1
traduction	O	O	1
»	O	O	1
afin,	O	O	1
ajoute-t-il,	O	O	1
de	O	O	1
conserver	O	O	1
«	O	O	1
une	O	O	1
plus	O	O	1
grande	O	O	1
maîtrise	O	O	1
de	O	O	1
son	O	O	1
partenaire	O	O	1
»	O	O	1
Ibid.	O	O	1
,	O	O	1
c’est-à-dire	O	O	1
de	O	O	1
l’informateur	O	O	1
interrogé.	O	O	1
Si	O	O	1
la	O	O	1
raison	O	O	1
invoquée	O	O	1
peut	O	O	1
aujourd’hui	O	O	1
surprendre,	O	O	1
elle	O	O	1
est	O	O	1
particulièrement	O	O	1
éclairante.	O	O	1
Dans	O	O	1
les	O	O	1
années	O	O	1
1930,	O	O	1
les	O	O	1
ethnographes	O	O	1
des	O	O	1
missions	O	O	1
Griaule	B-LOC	B-PER	O
ne	O	O	1
s’imaginent	O	O	1
pas	O	O	1
en	O	O	1
auditeurs	O	O	1
et	O	O	1
en	O	O	1
transcripteurs	O	O	1
effacés,	O	O	1
recueillant	O	O	1
la	O	O	1
parole	O	O	1
des	O	O	1
Dogon	O	O	1
ou	O	O	1
des	O	O	1
Éthiopiens.	B-PER	O	O
Dans	O	O	1
un	O	O	1
contexte	O	O	1
colonial	O	O	1
et	O	O	1
dans	O	O	1
le	O	O	1
cadre	O	O	1
d’expéditions	O	O	1
collectives,	O	O	1
ils	O	O	1
se	O	O	1
voient	O	O	1
plutôt,	O	O	1
on	O	O	1
l’a	O	O	1
dit,	O	O	1
en	O	O	1
enquêteurs	O	O	1
pressés	O	O	1
et	O	O	1
pressants,	O	O	1
ou	O	O	1
en	O	O	1
«	O	O	1
limiers	O	O	1
du	O	O	1
fait	O	O	1
social	O	O	1
»,	O	O	1
maîtrisant	O	O	1
et	O	O	1
contrôlant	O	O	1
à	O	O	1
la	O	O	1
fois	O	O	1
leur	O	O	1
terrain,	O	O	1
leurs	O	O	1
enquêtes,	O	O	1
les	O	O	1
déclarations	O	O	1
de	O	O	1
leurs	O	O	1
informateurs	O	O	1
et,	O	O	1
au	O	O	1
final,	O	O	1
la	O	O	1
rédaction	O	O	1
de	O	O	1
leurs	O	O	1
notes.	O	O	1
Or,	O	O	1
le	O	O	1
système	O	O	1
des	O	O	1
carnets/inventaires	O	O	1
et	O	O	1
des	O	O	1
fiches/témoins	O	O	1
se	O	O	1
prête	O	O	1
parfaitement	O	O	1
à	O	O	1
ce	O	O	1
désir	O	O	1
de	O	O	1
tout	O	O	1
contrôler,	O	O	1
ordonner	O	O	1
et	O	O	1
normaliser,	O	O	1
avec	O	O	1
méthode	O	O	1
et	O	O	1
efficacité.	O	O	1
Sur	O	O	1
leurs	O	O	1
feuillets	O	O	1
manifolds,	O	O	1
les	O	O	1
ethnographes	O	O	1
ne	O	O	1
reportent	O	O	1
que	O	O	1
des	O	O	1
bribes	O	O	1
de	O	O	1
«	O	O	1
déclarations	O	O	1
»	O	O	1
mises	O	O	1
en	O	O	1
ordre	O	O	1
pour	O	O	1
produire	O	O	1
rapidement,	O	O	1
dans	O	O	1
un	O	O	1
format	O	O	1
standard	O	O	1
et	O	O	1
dans	O	O	1
leur	O	O	1
langue,	O	O	1
des	O	O	1
témoignages	O	O	1
normatifs	O	O	1
Revendiquée	B-LOC	O	O
explicitement	O	O	1
par	O	O	1
Griaule	B-PER	O	O
(Griaule,	O	O	1
1957,	O	O	1
p.	O	O	1
105),	O	O	1
cette	O	O	1
quête	O	O	1
de	O	O	1
la	O	O	1
norme	O	O	1
exige	O	O	1
«	O	O	1
une	O	O	1
élaboration	O	O	1
et	O	O	1
peut-être	O	O	1
une	O	O	1
élimination	O	O	1
de	O	O	1
certains	O	O	1
détails	O	O	1
jugés	O	O	1
sans	O	O	1
importance	O	O	1
».	O	O	1
et	O	O	1
des	O	O	1
affirmations	O	O	1
concises	O	O	1
et	O	O	1
incontestables,	O	O	1
authentifiés	O	O	1
par	O	O	1
quelques	O	O	1
termes	O	O	1
vernaculaires.	O	O	1
En	O	O	1
revanche,	O	O	1
la	O	O	1
transcription	O	O	1
littérale	O	O	1
d’un	O	O	1
discours,	O	O	1
intégrale	O	O	1
ou	O	O	1
même	O	O	1
partielle,	O	O	1
ne	O	O	1
convient	O	O	1
guère	O	O	1
au	O	O	1
format	O	O	1
«	O	O	1
fiche	O	O	1
»,	B-LOC	O	O
ni	O	O	1
à	O	O	1
l’urgence	O	O	1
de	O	O	1
l’enquête	O	O	1
collective	O	O	1
et	O	O	1
à	O	O	1
ses	O	O	1
exigences	O	O	1
de	O	O	1
normativité	O	O	1
;	O	O	1
elle	O	O	1
interdit	O	O	1
en	O	O	1
outre	O	O	1
la	O	O	1
mise	O	O	1
en	O	O	1
ordre	O	O	1
du	O	O	1
texte	O	O	1
et	O	O	1
la	O	O	1
dépersonnalisation	O	O	1
des	O	O	1
locuteurs,	O	O	1
qu’ils	O	O	1
soient	O	O	1
informateurs	O	O	1
ou	O	O	1
enquêteurs.	O	O	1
Enfin,	O	O	1
elle	O	O	1
oblige	O	O	1
l’ethnographe	O	O	1
à	O	O	1
perdre	O	O	1
la	O	O	1
maîtrise	O	O	1
de	O	O	1
l’entretien	O	O	1
et	O	O	1
à	O	O	1
quitter	O	O	1
ses	O	O	1
habits	O	O	1
de	O	O	1
juge	O	O	1
ou	O	O	1
de	O	O	1
détective,	O	O	1
à	O	O	1
moins	O	O	1
d’une	O	O	1
transcription	O	O	1
réalisée	O	O	1
clandestinement	O	O	1
par	O	O	1
une	O	O	1
tierce	O	O	1
personne,	O	O	1
sous	O	O	1
forme	O	O	1
de	O	O	1
témoignage	O	O	1
à	O	O	1
charge,	O	O	1
comme	O	O	1
dans	O	O	1
l’exemple	O	O	1
précédent.	O	O	1
Ne	O	O	1
visant	O	O	1
pas	O	O	1
l’obtention	O	O	1
d’aveux,	O	O	1
les	O	O	1
«	O	O	1
fiches	O	O	1
descriptives	O	O	1
»	O	O	1
des	O	O	1
missions	O	O	1
Griaule	B-LOC	B-PER	O
sont	O	O	1
établies	O	O	1
–	O	O	1
à	O	O	1
partir	O	O	1
d’observations	O	O	1
directes	O	O	1
–	O	O	1
dans	O	O	1
un	O	O	1
esprit	O	O	1
plus	O	O	1
militaire	O	O	1
que	O	O	1
judiciaire,	O	O	1
en	O	O	1
particulier	O	O	1
au	O	O	1
moment	O	O	1
de	O	O	1
l’expédition	O	O	1
Dakar	B-LOC	B-LOC	1
-	O	O	1
Djibouti	B-LOC	B-LOC	1
.	O	O	1
Lorsqu’ils	B-LOC	O	O
se	O	O	1
transforment	O	O	1
en	O	O	1
scrutateurs,	O	O	1
à	O	O	1
l’occasion	O	O	1
d’un	O	O	1
rituel	O	O	1
par	O	O	1
exemple,	O	O	1
les	O	O	1
ethnographes	O	O	1
de	O	O	1
cette	O	O	1
mission	O	O	1
tentent	O	O	1
en	O	O	1
effet	O	O	1
de	O	O	1
maîtriser	O	O	1
l’espace	O	O	1
en	O	O	1
s’y	O	O	1
déployant	O	O	1
de	O	O	1
manière	O	O	1
concertée	O	O	1
et	O	O	1
en	O	O	1
y	O	O	1
occupant	O	O	1
des	O	O	1
positions	O	O	1
stratégiques	O	O	1
dans	O	O	1
le	O	O	1
dessein	O	O	1
de	O	O	1
tout	O	O	1
voir	O	O	1
et	O	O	1
tout	O	O	1
enregistrer	O	O	1
selon	O	O	1
des	O	O	1
angles	O	O	1
différents.	O	O	1
Leur	O	O	1
quadrillage	O	O	1
du	O	O	1
terrain	O	O	1
et	O	O	1
le	O	O	1
croisement	O	O	1
de	O	O	1
leurs	O	O	1
regards	O	O	1
remplacent	O	O	1
donc	O	O	1
le	O	O	1
contrôle	O	O	1
et	O	O	1
le	O	O	1
recoupement	O	O	1
des	O	O	1
témoignages	O	O	1
d’informateurs.	O	O	1
Qualifiée	O	O	1
d’«	O	O	1
observation	O	O	1
plurielle	O	O	1
»,	B-PER	O	O
cette	O	O	1
technique	O	O	1
d’enquête	O	O	1
–	O	O	1
efficace	O	O	1
mais	O	O	1
envahissante	O	O	1
–	O	O	1
a	O	O	1
évidemment	O	O	1
des	O	O	1
répercussions	O	O	1
sur	O	O	1
les	O	O	1
procédés	O	O	1
de	O	O	1
notation.	O	O	1
L’exemple	O	O	1
le	O	O	1
plus	O	O	1
célèbre	O	O	1
et	O	O	1
le	O	O	1
plus	O	O	1
significatif	O	O	1
est,	O	O	1
de	O	O	1
loin,	O	O	1
la	O	O	1
couverture	O	O	1
des	O	O	1
funérailles	O	O	1
d’un	O	O	1
chasseur	O	O	1
dogon,	O	O	1
en	O	O	1
octobre	O	O	1
1931	O	O	1
Cf.	O	O	1
Griaule,	B-LOC	O	O
1933,	O	O	1
p.	O	O	1
10-11	O	O	1
;	O	O	1
1957,	O	O	1
p.	O	O	1
48-50.	O	O	1
.	O	O	1
Postés	B-PER	O	O
à	O	O	1
trois	O	O	1
endroits	O	O	1
différents	O	O	1
de	O	O	1
la	O	O	1
place	O	O	1
publique,	O	O	1
quatre	O	O	1
ethnographes	O	O	1
de	O	O	1
la	O	O	1
mission	O	O	1
Dakar	B-LOC	B-LOC	1
-	O	O	1
Djibouti	B-LOC	B-LOC	1
se	O	O	1
chargent	O	O	1
d’enregistrer	O	O	1
en	O	O	1
continu,	O	O	1
sur	O	O	1
leurs	O	O	1
carnets	O	O	1
manifolds,	O	O	1
toutes	O	O	1
les	O	O	1
séquences	O	O	1
successives	O	O	1
de	O	O	1
cette	O	O	1
cérémonie.	O	O	1
Griaule	B-PER	B-PER	1
reproduit	O	O	1
heure	O	O	1
par	O	O	1
heure,	O	O	1
sur	O	O	1
une	O	O	1
série	O	O	1
de	O	O	1
dix	O	O	1
plans	O	O	1
numérotés,	O	O	1
les	O	O	1
positions	O	O	1
et	O	O	1
les	O	O	1
mouvements	O	O	1
des	O	O	1
différents	O	O	1
acteurs	O	O	1
du	O	O	1
rituel.	O	O	1
De	O	O	1
leur	O	O	1
côté,	O	O	1
Leiris	B-PER	B-PER	1
et	O	O	1
Lutten	B-LOC	B-PER	O
se	O	O	1
relaient	O	O	1
pour	O	O	1
livrer,	O	O	1
sur	O	O	1
des	O	O	1
fiches	O	O	1
numérotées,	O	O	1
une	O	O	1
description	O	O	1
chronologique,	O	O	1
minutieuse	O	O	1
et	O	O	1
minutée.	O	O	1
Enfin,	B-PER	O	O
André	I-PER	B-PER	O
Schaeffner	I-PER	I-PER	1
,	O	O	1
ethnomusicologue,	O	O	1
s’occupe	O	O	1
au	O	O	1
même	O	O	1
moment	O	O	1
de	O	O	1
la	O	O	1
partie	O	O	1
musicale	O	O	1
et	O	O	1
chorégraphique	O	O	1
en	O	O	1
transcrivant	O	O	1
notamment	O	O	1
les	O	O	1
chants	O	O	1
et	O	O	1
les	O	O	1
rythmes.	O	O	1
Recopiées	B-LOC	O	O
au	O	O	1
propre	O	O	1
et	O	O	1
classées	O	O	1
à	O	O	1
l’entrée	O	O	1
«	O	O	1
Funérailles	B-LOC	O	O
–	O	O	1
chasseur	O	O	1
»,	B-PER	O	O
toutes	O	O	1
ces	O	O	1
fiches	O	O	1
forment	O	O	1
des	O	O	1
liasses	O	O	1
différentes	O	O	1
sous-titrées	O	O	1
«	O	O	1
plans	O	O	1
»,	B-LOC	O	O
«	O	O	1
compte	O	O	1
rendu	O	O	1
»,	B-LOC	O	O
«	O	O	1
chants	O	O	1
et	O	O	1
danses	O	O	1
».	B-PER	O	O
En	O	O	1
effet,	O	O	1
ces	O	O	1
trois	O	O	1
types	O	O	1
de	O	O	1
documents	O	O	1
ne	O	O	1
seront	O	O	1
fondus	O	O	1
en	O	O	1
un	O	O	1
même	O	O	1
papier	O	O	1
qu’à	O	O	1
l’étape	O	O	1
suivante	O	O	1
de	O	O	1
la	O	O	1
publication.	O	O	1
En	O	O	1
revanche,	O	O	1
chaque	O	O	1
rédacteur	O	O	1
insère,	O	O	1
dans	O	O	1
le	O	O	1
corps	O	O	1
du	O	O	1
texte	O	O	1
et	O	O	1
entre	O	O	1
parenthèses,	O	O	1
de	O	O	1
multiples	O	O	1
références	O	O	1
et	O	O	1
renvois	O	O	1
aux	O	O	1
numéros	O	O	1
de	O	O	1
plans,	O	O	1
dessins	O	O	1
et	O	O	1
chants	O	O	1
notés	O	O	1
sur	O	O	1
les	O	O	1
autres	O	O	1
fiches.	O	O	1
La	O	O	1
méthode	O	O	1
d’observation	O	O	1
plurielle	O	O	1
–	O	O	1
qui	O	O	1
consiste	O	O	1
à	O	O	1
croiser	O	O	1
les	O	O	1
regards,	O	O	1
les	O	O	1
compétences,	O	O	1
les	O	O	1
techniques	O	O	1
d’enregistrement	O	O	1
et	O	O	1
les	O	O	1
thématiques	O	O	1
–	O	O	1
aboutit	O	O	1
ainsi,	O	O	1
logiquement,	O	O	1
à	O	O	1
des	O	O	1
notes	O	O	1
croisées	O	O	1
et	O	O	1
à	O	O	1
un	O	O	1
faisceau	O	O	1
d’informations	O	O	1
convergentes	O	O	1
(et	O	O	1
non	O	O	1
à	O	O	1
une	O	O	1
simple	O	O	1
addition	O	O	1
de	O	O	1
données	O	O	1
indépendantes).	O	O	1
Plan	B-LOC	O	O
no	O	O	1
8	O	O	1
de	O	O	1
Marcel	B-PER	O	O
Griaule	I-PER	O	O
sur	O	O	1
le	O	O	1
déroulement	O	O	1
de	O	O	1
funérailles	O	O	1
dogon	O	O	1
en	O	O	1
octobre	O	O	1
1931	O	O	1
(mission	O	O	1
Dakar-Djibouti,	O	O	1
fichier	O	O	1
dogon).	O	O	1
La	O	O	1
recherche	O	O	1
d’un	O	O	1
système	O	O	1
:	O	O	1
mettre	O	O	1
de	O	O	1
l’ordre	O	O	1
dans	O	O	1
les	O	O	1
discours	O	O	1
(1946-1956)	O	O	1
Interrompues	B-PER	O	O
par	O	O	1
la	O	O	1
guerre,	O	O	1
les	O	O	1
missions	O	O	1
Griaule	B-LOC	B-PER	O
reprennent	O	O	1
dès	O	O	1
1946	O	O	1
en	O	O	1
étant	O	O	1
désormais	O	O	1
centrées	O	O	1
sur	O	O	1
le	O	O	1
pays	O	O	1
dogon.	O	O	1
L’époque	O	O	1
des	O	O	1
expéditions	O	O	1
transafricaines,	O	O	1
pluridisciplinaires	O	O	1
et	O	O	1
flamboyantes	O	O	1
est	O	O	1
en	O	O	1
effet	O	O	1
révolue.	O	O	1
Avec	O	O	1
la	O	O	1
fin	O	O	1
du	O	O	1
colonialisme	O	O	1
triomphant,	O	O	1
la	O	O	1
fascination	O	O	1
pour	O	O	1
les	O	O	1
«	O	O	1
explorations	O	O	1
scientifiques	O	O	1
»	O	O	1
s’est	O	O	1
estompée,	O	O	1
tandis	O	O	1
que	O	O	1
l’ethnologie,	O	O	1
après	O	O	1
avoir	O	O	1
acquis	O	O	1
son	O	O	1
autonomie	O	O	1
disciplinaire,	O	O	1
s’est	O	O	1
éloignée	O	O	1
de	O	O	1
la	O	O	1
muséographie,	O	O	1
de	O	O	1
la	O	O	1
préhistoire,	O	O	1
de	O	O	1
la	O	O	1
linguistique	O	O	1
et,	O	O	1
plus	O	O	1
encore,	O	O	1
de	O	O	1
l’anthropologie	O	O	1
physique.	O	O	1
Cette	O	O	1
évolution	O	O	1
signe	O	O	1
la	O	O	1
fin	O	O	1
des	O	O	1
collectes	O	O	1
systématiques	O	O	1
de	O	O	1
faits,	O	O	1
de	O	O	1
mots,	O	O	1
d’ossements	O	O	1
et	O	O	1
d’objets	O	O	1
témoins	O	O	1
à	O	O	1
des	O	O	1
fins	O	O	1
d’archivage.	O	O	1
Après	O	O	1
guerre,	O	O	1
Griaule	B-PER	B-PER	1
ne	O	O	1
vise	O	O	1
plus	O	O	1
l’inventaire	O	O	1
exhaustif	O	O	1
et	O	O	1
le	O	O	1
fichage	O	O	1
méthodique	O	O	1
de	O	O	1
la	O	O	1
société	O	O	1
dogon	O	O	1
grâce	O	O	1
à	O	O	1
l’addition	O	O	1
et	O	O	1
à	O	O	1
la	O	O	1
redistribution	O	O	1
thématique	O	O	1
de	O	O	1
témoignages	O	O	1
simples	O	O	1
et	O	O	1
impersonnels.	O	O	1
Son	O	O	1
but	O	O	1
est	O	O	1
désormais	O	O	1
de	O	O	1
recueillir	O	O	1
en	O	O	1
profondeur,	O	O	1
auprès	O	O	1
de	O	O	1
quelques	O	O	1
informateurs	O	O	1
privilégiés,	O	O	1
une	O	O	1
connaissance	O	O	1
supérieure	O	O	1
révélant	O	O	1
une	O	O	1
cosmogonie	O	O	1
et	O	O	1
une	O	O	1
classification	O	O	1
complexes	O	O	1
fondées	O	O	1
selon	O	O	1
lui	O	O	1
sur	O	O	1
un	O	O	1
même	O	O	1
système	O	O	1
symbolique.	O	O	1
Au	O	O	1
niveau	O	O	1
de	O	O	1
ses	O	O	1
notes	O	O	1
de	O	O	1
terrain,	O	O	1
ce	O	O	1
changement	O	O	1
d’orientation	O	O	1
se	O	O	1
traduit	O	O	1
par	O	O	1
trois	O	O	1
modifications	O	O	1
importantes	O	O	1
:	O	O	1
la	O	O	1
disparition	O	O	1
des	O	O	1
carnets	O	O	1
thématiques	O	O	1
;	O	O	1
l’apparition	O	O	1
de	O	O	1
fiches	O	O	1
non	O	O	1
thématiques	O	O	1
respectant	O	O	1
la	O	O	1
chronologie	O	O	1
des	O	O	1
entretiens	O	O	1
;	O	O	1
et,	O	O	1
par	O	O	1
incidence,	O	O	1
l’abandon	O	O	1
progressif	O	O	1
des	O	O	1
fichiers	O	O	1
et	O	O	1
leur	O	O	1
remplacement,	O	O	1
à	O	O	1
partir	O	O	1
de	O	O	1
1952,	O	O	1
par	O	O	1
de	O	O	1
grands	O	O	1
registres	O	O	1
successifs	O	O	1
autorisant	O	O	1
la	O	O	1
mise	O	O	1
en	O	O	1
ordre	O	O	1
des	O	O	1
discours	O	O	1
«	O	O	1
savants	O	O	1
».	B-PER	O	O
En	I-PER	O	O
aval,	O	O	1
la	O	O	1
forme	O	O	1
et	O	O	1
la	O	O	1
nature	O	O	1
des	O	O	1
publications	O	O	1
scientifiques	O	O	1
s’en	O	O	1
trouvent	O	O	1
bien	O	O	1
sûr	O	O	1
modifiées	O	O	1
:	O	O	1
notes	O	O	1
documentaires,	O	O	1
catalogues/inventaires	O	O	1
et	O	O	1
«	O	O	1
monographies	O	O	1
à	O	O	1
tiroirs	O	O	1
»	O	O	1
laissent	O	O	1
peu	O	O	1
à	O	O	1
peu	O	O	1
la	O	O	1
place	O	O	1
à	O	O	1
des	O	O	1
constructions	O	O	1
mythologiques	O	O	1
ou	O	O	1
à	O	O	1
des	O	O	1
travaux	O	O	1
de	O	O	1
systématisation.	O	O	1
Pour	O	O	1
ces	O	O	1
deux	O	O	1
strates	O	O	1
d’écriture,	O	O	1
l’objectif	O	O	1
n’est	O	O	1
plus	O	O	1
d’additionner	O	O	1
ou	O	O	1
de	O	O	1
coller	O	O	1
à	O	O	1
la	O	O	1
suite	O	O	1
des	O	O	1
informations	O	O	1
élémentaires,	O	O	1
mais	O	O	1
de	O	O	1
combiner	O	O	1
des	O	O	1
données	O	O	1
conçues	O	O	1
comme	O	O	1
des	O	O	1
éléments	O	O	1
d’un	O	O	1
système.	O	O	1
D’un	O	O	1
recueil	O	O	1
de	O	O	1
notes	O	O	1
chronologiques	O	O	1
à	O	O	1
l’émergence	O	O	1
d’un	O	O	1
discours	O	O	1
«	O	O	1
savant	O	O	1
»	O	O	1
Dans	O	O	1
le	O	O	1
système	O	O	1
de	O	O	1
notation	O	O	1
et	O	O	1
de	O	O	1
classement	O	O	1
adopté	O	O	1
par	O	O	1
Griaule	B-PER	B-PER	1
,	O	O	1
la	O	O	1
première	O	O	1
rupture	O	O	1
date	O	O	1
incontestablement	O	O	1
de	O	O	1
ses	O	O	1
entretiens	O	O	1
quotidiens	O	O	1
avec	O	O	1
le	O	O	1
vieil	O	O	1
aveugle	O	O	1
Ogotemmêli	O	B-PER	O
,	O	O	1
entre	O	O	1
octobre	O	O	1
et	O	O	1
décembre	O	O	1
1946.	O	O	1
Alors	O	O	1
que	O	O	1
le	O	O	1
discours	O	O	1
de	O	O	1
cet	O	O	1
informateur	O	O	1
dogon	O	O	1
est	O	O	1
encore	O	O	1
consigné	O	O	1
sur	O	O	1
des	O	O	1
fiches,	O	O	1
celles-ci	O	O	1
ne	O	O	1
sont	O	O	1
pas	O	O	1
versées	O	O	1
dans	O	O	1
le	O	O	1
fichier	O	O	1
«	O	O	1
dogon	O	O	1
»	O	O	1
de	O	O	1
1946	O	O	1
;	O	O	1
elles	O	O	1
sont	O	O	1
rangées	O	O	1
pour	O	O	1
la	O	O	1
première	O	O	1
fois	O	O	1
à	O	O	1
part,	O	O	1
à	O	O	1
l’intérieur	O	O	1
de	O	O	1
deux	O	O	1
reliures	O	O	1
mobiles.	O	O	1
Pourquoi	O	O	1
deux	O	O	1
recueils	O	O	1
de	O	O	1
fiches	O	O	1
?	O	O	1
Au	O	O	1
début	O	O	1
des	O	O	1
entretiens,	O	O	1
Griaule	B-PER	B-PER	1
ne	O	O	1
change	O	O	1
rien	O	O	1
à	O	O	1
sa	O	O	1
méthode	O	O	1
et	O	O	1
continue	O	O	1
de	O	O	1
fragmenter	O	O	1
les	O	O	1
propos	O	O	1
de	O	O	1
son	O	O	1
nouvel	O	O	1
informateur	O	O	1
en	O	O	1
les	O	O	1
répartissant	O	O	1
entre	O	O	1
des	O	O	1
fiches	O	O	1
thématiques	O	O	1
intitulées	O	O	1
«	O	O	1
circoncision	O	O	1
»,	B-LOC	O	O
«	O	O	1
nommo	O	O	1
»	O	O	1
(génie	O	O	1
d’eau),	O	O	1
etc.	O	O	1
Mais	O	O	1
dès	O	O	1
qu’il	O	O	1
est	O	O	1
convaincu	O	O	1
du	O	O	1
caractère	O	O	1
exceptionnel	O	O	1
des	O	O	1
«	O	O	1
révélations	O	O	1
»	O	O	1
en	O	O	1
cours,	O	O	1
il	O	O	1
regroupe	O	O	1
dans	O	O	1
une	O	O	1
première	O	O	1
liasse	O	O	1
les	O	O	1
120	O	O	1
feuillets	O	O	1
déjà	O	O	1
écrits	O	O	1
et,	O	O	1
du	O	O	1
14	O	O	1
novembre	O	O	1
jusqu’au	O	O	1
2	O	O	1
décembre,	O	O	1
il	O	O	1
note	O	O	1
en	O	O	1
continu,	O	O	1
sur	O	O	1
des	O	O	1
fiches	O	O	1
successives,	O	O	1
la	O	O	1
totalité	O	O	1
des	O	O	1
développements	O	O	1
mythologiques	O	O	1
et	O	O	1
des	O	O	1
explications	O	O	1
symboliques	O	O	1
d’	O	O	1
Ogotemmêli	O	B-PER	O
.	O	O	1
Cette	O	O	1
seconde	O	O	1
série	O	O	1
de	O	O	1
172	O	O	1
fiches	O	O	1
–	O	O	1
toutes	O	O	1
numérotées,	O	O	1
datées	O	O	1
et	O	O	1
rangées	O	O	1
dans	O	O	1
l’ordre	O	O	1
de	O	O	1
leur	O	O	1
rédaction	O	O	1
–	O	O	1
correspond	O	O	1
à	O	O	1
la	O	O	1
deuxième	O	O	1
liasse,	O	O	1
intitulée	O	O	1
«	O	O	1
création	O	O	1
»	O	O	1
Cette	O	O	1
liasse	O	O	1
de	O	O	1
notes	O	O	1
en	O	O	1
continu,	O	O	1
conservées	O	O	1
à	O	O	1
part,	O	O	1
signe	O	O	1
bien	O	O	1
sûr	O	O	1
la	O	O	1
fin	O	O	1
de	O	O	1
la	O	O	1
fiche	O	O	1
conçue	O	O	1
comme	O	O	1
une	O	O	1
information	O	O	1
élémentaire	O	O	1
et	O	O	1
indépendante.	O	O	1
.	O	O	1
Seules	O	O	1
les	O	O	1
fiches	O	O	1
tirées	O	O	1
des	O	O	1
entretiens	O	O	1
entre	O	O	1
Griaule	B-PER	B-PER	1
et	O	O	1
Ogotemmêli	O	B-PER	O
sont	O	O	1
conservées	O	O	1
séparément,	O	O	1
alors	O	O	1
que	O	O	1
les	O	O	1
quelques	O	O	1
renseignements	O	O	1
transmis	O	O	1
par	O	O	1
le	O	O	1
même	O	O	1
informateur	O	O	1
à	O	O	1
un	O	O	1
autre	O	O	1
membre	O	O	1
de	O	O	1
la	O	O	1
mission	O	O	1
sont	O	O	1
classés	O	O	1
dans	O	O	1
le	O	O	1
fichier	O	O	1
commun.	O	O	1
Cette	O	O	1
différence	O	O	1
de	O	O	1
traitement	O	O	1
est	O	O	1
révélatrice,	O	O	1
en	O	O	1
1946,	O	O	1
du	O	O	1
changement	O	O	1
de	O	O	1
statut	O	O	1
de	O	O	1
l’informateur	O	O	1
mais	O	O	1
aussi	O	O	1
de	O	O	1
l’ethnographe.	O	O	1
Dans	O	O	1
sa	O	O	1
relation	O	O	1
avec	O	O	1
Griaule	B-PER	B-PER	1
,	O	O	1
Ogotemmêli	O	B-PER	O
n’est	O	O	1
plus	O	O	1
un	O	O	1
«	O	O	1
témoin	O	O	1
»	O	O	1
parmi	O	O	1
d’autres,	B-PER	O	O
déposant	O	O	1
devant	O	O	1
un	O	O	1
juge	O	O	1
ou	O	O	1
un	O	O	1
greffier	O	O	1
;	O	O	1
il	O	O	1
est	O	O	1
présenté	O	O	1
comme	O	O	1
un	O	O	1
«	O	O	1
maître	O	O	1
»	O	O	1
instruisant	O	O	1
progressivement	O	O	1
un	O	O	1
élève,	O	O	1
et	O	O	1
devient	O	O	1
à	O	O	1
ce	O	O	1
titre	O	O	1
un	O	O	1
«	O	O	1
informateur	O	O	1
privilégié	O	O	1
».	B-PER	O	O
En	I-PER	O	O
retour,	O	O	1
l’enquêteur	O	O	1
impliqué	O	O	1
dans	O	O	1
cet	O	O	1
apprentissage	O	O	1
ou	O	O	1
cette	O	O	1
«	O	O	1
initiation	O	O	1
»	O	O	1
n’est	O	O	1
plus	O	O	1
un	O	O	1
simple	O	O	1
transcripteur	O	O	1
passif	O	O	1
et	O	O	1
il	O	O	1
peut	O	O	1
dès	O	O	1
lors	O	O	1
revendiquer	O	O	1
un	O	O	1
droit	O	O	1
de	O	O	1
propriété	O	O	1
intellectuelle	O	O	1
sur	O	O	1
ses	O	O	1
notes	O	O	1
de	O	O	1
terrain,	O	O	1
soustraites	O	O	1
au	O	O	1
fichier	O	O	1
collectif.	O	O	1
Quant	O	O	1
aux	O	O	1
déclarations	O	O	1
d’	O	O	1
Ogotemmêli	O	B-PER	O
,	O	O	1
elles	O	O	1
cessent	O	O	1
d’être	O	O	1
assimilées	O	O	1
à	O	O	1
un	O	O	1
aveu	O	O	1
ou	O	O	1
à	O	O	1
une	O	O	1
déposition,	O	O	1
nécessitant	O	O	1
de	O	O	1
patients	O	O	1
recoupements,	O	O	1
pour	O	O	1
devenir	O	O	1
synonymes	O	O	1
de	O	O	1
révélations	O	O	1
initiatiques,	O	O	1
par	O	O	1
essence	O	O	1
non	O	O	1
vérifiables.	O	O	1
Tous	O	O	1
ces	O	O	1
changements	O	O	1
de	O	O	1
perspective	O	O	1
ont	O	O	1
évidemment	O	O	1
une	O	O	1
incidence	O	O	1
sur	O	O	1
la	O	O	1
notation.	O	O	1
Destinataire	O	O	1
de	O	O	1
ces	O	O	1
révélations	O	O	1
aux	O	O	1
saveurs	O	O	1
de	O	O	1
secrets,	O	O	1
Griaule	B-PER	B-PER	1
tente	O	O	1
d’en	O	O	1
saisir	O	O	1
le	O	O	1
fil	O	O	1
et	O	O	1
de	O	O	1
leur	O	O	1
donner	O	O	1
d’emblée	O	O	1
une	O	O	1
forme	O	O	1
de	O	O	1
récit	O	O	1
linéaire	O	O	1
et	O	O	1
cohérent,	O	O	1
lors	O	O	1
de	O	O	1
l’entretien	O	O	1
d’abord,	O	O	1
grâce	O	O	1
à	O	O	1
plusieurs	O	O	1
procédés	O	O	1
:	O	O	1
une	O	O	1
notation	O	O	1
chronologique,	O	O	1
des	O	O	1
croquis	O	O	1
de	O	O	1
synthèse,	O	O	1
et	O	O	1
enfin	O	O	1
des	O	O	1
remarques,	O	O	1
ajouts	O	O	1
et	O	O	1
suppressions	O	O	1
visant	O	O	1
à	O	O	1
traquer	O	O	1
et	O	O	1
à	O	O	1
gommer	O	O	1
les	O	O	1
contradictions,	O	O	1
les	O	O	1
flottements	O	O	1
et	O	O	1
les	O	O	1
incohérences	O	O	1
dans	O	O	1
les	O	O	1
propos	O	O	1
d’	O	O	1
Ogotemmêli	B-PER	B-PER	1
.	O	O	1
Dans	O	O	1
le	O	O	1
corps	O	O	1
du	O	O	1
texte,	O	O	1
Griaule	B-PER	B-PER	1
accole	O	O	1
en	O	O	1
effet	O	O	1
à	O	O	1
certaines	O	O	1
informations	O	O	1
les	O	O	1
commentaires	O	O	1
suivants	O	O	1
:	O	O	1
«	O	O	1
grosse	O	O	1
erreur	O	O	1
»,	B-PER	O	O
«	O	O	1
faux	O	O	1
»,	B-LOC	O	O
«	O	O	1
vaseux	O	O	1
»,	B-LOC	O	O
«	O	O	1
inutile	O	O	1
»,	B-LOC	O	O
«	O	O	1
contradictoire	O	O	1
»,	B-LOC	O	O
«	O	O	1
embrouillé	O	O	1
»…	O	O	1
Il	O	O	1
souligne	O	O	1
ces	O	O	1
brèves	O	O	1
objections	O	O	1
ou	O	O	1
les	O	O	1
note	O	O	1
en	O	O	1
majuscules	O	O	1
pour	O	O	1
mieux	O	O	1
les	O	O	1
faire	O	O	1
ressortir,	O	O	1
afin	O	O	1
de	O	O	1
demander	O	O	1
des	O	O	1
éclaircissements	O	O	1
immédiats	O	O	1
ou	O	O	1
différés	O	O	1
à	O	O	1
son	O	O	1
informateur,	O	O	1
comme	O	O	1
le	O	O	1
prouve	O	O	1
une	O	O	1
réflexion	O	O	1
notée	O	O	1
sur	O	O	1
la	O	O	1
première	O	O	1
fiche	O	O	1
de	O	O	1
la	O	O	1
liasse	O	O	1
«	O	O	1
création	O	O	1
»,	B-LOC	O	O
après	O	O	1
la	O	O	1
mention	O	O	1
«	O	O	1
FAUX	O	O	1
»	O	O	1
:	O	O	1
«	O	O	1
Le	O	O	1
vieux	O	O	1
persiste	O	O	1
à	O	O	1
dire	O	O	1
que	O	O	1
les	O	O	1
1ers	O	O	1
hommes	O	O	1
sont	O	O	1
des	O	O	1
Y	O	O	1
éban	O	B-PER	O
et	O	O	1
N	B-PER	O	O
ommo	O	B-PER	O
devenus	O	O	1
puru	O	O	1
impurs	O	B-PER	O
.	O	O	1
Contradiction.	B-PER	O	O
»	O	O	1
Au	O	O	1
fil	O	O	1
du	O	O	1
temps,	O	O	1
ce	O	O	1
procédé	O	O	1
–	O	O	1
qui	O	O	1
consiste	O	O	1
à	O	O	1
réinterroger	O	O	1
Ogotemmêli	O	B-PER	O
pour	O	O	1
corriger	O	O	1
les	O	O	1
incohérences	O	O	1
supposées	O	O	1
de	O	O	1
son	O	O	1
discours	O	O	1
–	O	O	1
semble	O	O	1
toutefois	O	O	1
donner	O	O	1
les	O	O	1
résultats	O	O	1
escomptés,	O	O	1
au	O	O	1
regard	O	O	1
des	O	O	1
phrases	O	O	1
barrées,	O	O	1
rectifiées	O	O	1
ou	O	O	1
complétées.	O	O	1
Sur	O	O	1
les	O	O	1
fiches,	O	O	1
les	O	O	1
dessins	O	O	1
de	O	O	1
Griaule	B-PER	B-PER	1
répondent	O	O	1
eux	O	O	1
aussi	O	O	1
à	O	O	1
une	O	O	1
volonté	O	O	1
de	O	O	1
synthèse,	O	O	1
visuelle	O	O	1
puis	O	O	1
textuelle.	O	O	1
Transformant	B-PER	O	O
les	O	O	1
représentations	O	O	1
mythologiques	O	O	1
en	O	O	1
réalités	O	O	1
graphiques,	O	O	1
chaque	O	O	1
croquis	O	O	1
sert	O	O	1
de	O	O	1
modèle	O	O	1
de	O	O	1
référence	O	O	1
pour	O	O	1
diriger,	O	O	1
organiser	O	O	1
et	O	O	1
synthétiser	O	O	1
le	O	O	1
discours	O	O	1
plus	O	O	1
ou	O	O	1
moins	O	O	1
décousu	O	O	1
d’	O	O	1
Ogotemmêli	B-PER	B-PER	1
.	O	O	1
Par	O	O	1
conséquent,	O	O	1
le	O	O	1
texte	O	O	1
–	O	O	1
comme	O	O	1
l’entretien	O	O	1
–	O	O	1
se	O	O	1
structure	O	O	1
ou	O	O	1
se	O	O	1
construit	O	O	1
en	O	O	1
partie	O	O	1
autour	O	O	1
de	O	O	1
ces	O	O	1
illustrations	O	O	1
explicites,	O	O	1
notamment	O	O	1
à	O	O	1
propos	O	O	1
de	O	O	1
l’arche	O	O	1
mythique.	O	O	1
Le	O	O	1
soir,	O	O	1
ce	O	O	1
travail	O	O	1
de	O	O	1
synthèse	O	O	1
amorcé	O	O	1
au	O	O	1
cours	O	O	1
de	O	O	1
l’entretien	O	O	1
se	O	O	1
poursuit	O	O	1
avec	O	O	1
l’interprète	O	O	1
Koguem	O	B-PER	O
qui,	O	O	1
sous	O	O	1
la	O	O	1
direction	O	O	1
de	O	O	1
Griaule	B-PER	B-PER	1
,	O	O	1
récapitule,	O	O	1
commente	O	O	1
ou	O	O	1
reproduit	O	O	1
de	O	O	1
mémoire	O	O	1
les	O	O	1
déclarations	O	O	1
de	O	O	1
l’informateur,	O	O	1
pour	O	O	1
en	O	O	1
dégager	O	O	1
la	O	O	1
cohérence	O	O	1
ou	O	O	1
pour	O	O	1
compléter	O	O	1
le	O	O	1
système	O	O	1
symbolique	O	O	1
ainsi	O	O	1
esquissé	O	O	1
Cf.	O	O	1
Doquet,	O	O	1
1999,	O	O	1
p.	O	O	1
89	O	O	1
et	O	O	1
97.	O	O	1
.	O	O	1
Cette	O	O	1
mise	O	O	1
au	O	O	1
point	O	O	1
est	O	O	1
notée	O	O	1
sur	O	O	1
des	O	O	1
feuillets	O	O	1
complémentaires	O	O	1
qui	O	O	1
sont	O	O	1
ensuite	O	O	1
annexés	O	O	1
aux	O	O	1
fiches	O	O	1
d’	O	O	1
Ogotemmêli	B-PER	B-PER	1
rédigées	O	O	1
le	O	O	1
même	O	O	1
jour,	O	O	1
avec	O	O	1
pour	O	O	1
seule	O	O	1
marque	O	O	1
distinctive	O	O	1
la	O	O	1
signature	O	O	1
«	O	O	1
Koguem	O	O	1
»	O	O	1
dans	O	O	1
le	O	O	1
coin	O	O	1
supérieur	O	O	1
droit.	O	O	1
Dès	O	O	1
la	O	O	1
première	O	O	1
étape	O	O	1
des	O	O	1
notes,	O	O	1
ces	O	O	1
procédés	O	O	1
permettent	O	O	1
de	O	O	1
faire	O	O	1
émerger	O	O	1
une	O	O	1
construction	O	O	1
mythologique	O	O	1
«	O	O	1
savante	O	O	1
»	O	O	1
et	O	O	1
homogène	O	O	1
à	O	O	1
partir	O	O	1
d’un	O	O	1
discours	O	O	1
individuel,	O	O	1
et	O	O	1
cette	O	O	1
mise	O	O	1
en	O	O	1
forme	O	O	1
se	O	O	1
poursuit	O	O	1
bien	O	O	1
sûr	O	O	1
dans	O	O	1
les	O	O	1
publications,	O	O	1
en	O	O	1
particulier	O	O	1
dans	O	O	1
le	O	O	1
célèbre	O	O	1
Dieu	O	O	1
d’eau	O	O	1
Cf.	O	O	1
Griaule,	O	O	1
1948.	O	O	1
.	O	O	1
Ce	O	O	1
n’est	O	O	1
pas	O	O	1
un	O	O	1
hasard	O	O	1
si	O	O	1
les	O	O	1
seules	O	O	1
fiches	O	O	1
de	O	O	1
Griaule	B-PER	B-PER	1
écrites	O	O	1
en	O	O	1
continu	O	O	1
et	O	O	1
classées	O	O	1
par	O	O	1
ordre	O	O	1
chronologique	O	O	1
aboutissent	O	O	1
à	O	O	1
l’unique	O	O	1
ouvrage	O	O	1
reconstituant	O	O	1
à	O	O	1
la	O	O	1
fois	O	O	1
une	O	O	1
série	O	O	1
d’entretiens	O	O	1
et	O	O	1
une	O	O	1
cosmogonie	O	O	1
complexe.	O	O	1
Tableaux	O	O	1
classificatoires	O	O	1
en	O	O	1
quête	O	O	1
de	O	O	1
systèmes	O	O	1
:	O	O	1
des	O	O	1
fiches	O	O	1
aux	O	O	1
registres	O	O	1
Si	O	O	1
les	O	O	1
années	O	O	1
1940	O	O	1
marquent	O	O	1
la	O	O	1
fin	O	O	1
des	O	O	1
recherches	O	O	1
documentaires	O	O	1
à	O	O	1
visée	O	O	1
monographique,	O	O	1
cette	O	O	1
évolution	O	O	1
n’a	O	O	1
rien	O	O	1
d’une	O	O	1
rupture	O	O	1
dans	O	O	1
le	O	O	1
cas	O	O	1
de	O	O	1
Griaule	B-PER	B-PER	1
.	O	O	1
Il	O	O	1
s’agit	O	O	1
plutôt	O	O	1
d’un	O	O	1
changement	O	O	1
de	O	O	1
perspective.	O	O	1
Après	O	O	1
avoir	O	O	1
classé	O	O	1
et	O	O	1
archivé	O	O	1
méthodiquement	O	O	1
les	O	O	1
documents	O	O	1
témoins	O	O	1
de	O	O	1
la	O	O	1
société	O	O	1
dogon,	O	O	1
Griaule	B-PER	B-PER	1
continue	O	O	1
après	O	O	1
guerre	O	O	1
à	O	O	1
tout	O	O	1
ordonner	O	O	1
et	O	O	1
à	O	O	1
tout	O	O	1
inventorier,	O	O	1
mais	O	O	1
cette	O	O	1
fois	O	O	1
du	O	O	1
point	O	O	1
de	O	O	1
vue	O	O	1
local,	O	O	1
en	O	O	1
postulant	O	O	1
l’existence	O	O	1
d’un	O	O	1
système	O	O	1
taxinomique	O	O	1
dogon	O	O	1
dans	O	O	1
lequel	O	O	1
chaque	O	O	1
élément	O	O	1
–	O	O	1
matériel,	O	O	1
végétal,	O	O	1
animal,	O	O	1
numérique,	O	O	1
graphique…	O	O	1
–	B-LOC	O	O
occuperait	O	O	1
une	O	O	1
place	O	O	1
et	O	O	1
une	O	O	1
seule.	O	O	1
En	O	O	1
1948,	O	O	1
il	O	O	1
demande	O	O	1
ainsi	O	O	1
à	O	O	1
un	O	O	1
informateur	O	O	1
dogon	O	O	1
–	O	O	1
Akundyo	B-PER	B-PER	1
Dolo	I-PER	I-PER	1
–	O	O	1
de	O	O	1
tout	O	O	1
classer	O	O	1
par	O	O	1
série	O	O	1
de	O	O	1
huit	O	O	1
:	O	O	1
insectes,	O	O	1
armes,	O	O	1
végétaux,	O	O	1
vêtements,	O	O	1
etc.	O	O	1
Dans	O	O	1
le	O	O	1
fichier	O	O	1
dogon	O	O	1
de	O	O	1
1948,	O	O	1
cela	O	O	1
se	O	O	1
traduit	O	O	1
par	O	O	1
la	O	O	1
création	O	O	1
d’une	O	O	1
nouvelle	O	O	1
section	O	O	1
intitulée	O	O	1
«	O	O	1
classification	O	O	1
»,	B-LOC	O	O
avec	O	O	1
des	O	O	1
fiches	O	O	1
constituées	O	O	1
chacune	O	O	1
d’une	O	O	1
liste	O	O	1
numérotée	O	O	1
de	O	O	1
huit	O	O	1
éléments	O	O	1
d’une	O	O	1
même	O	O	1
catégorie,	O	O	1
rangés	O	O	1
généralement	O	O	1
en	O	O	1
deux	O	O	1
colonnes.	O	O	1
Prenant	B-PER	O	O
la	O	O	1
forme	O	O	1
de	O	O	1
tableaux	O	O	1
synthétiques	O	O	1
Si	O	O	1
ces	O	O	1
tableaux	O	O	1
existaient	O	O	1
auparavant,	O	O	1
notamment	O	O	1
pour	O	O	1
les	O	O	1
fiches	O	O	1
linguistiques,	O	O	1
ils	O	O	1
servaient	O	O	1
simplement	O	O	1
à	O	O	1
échantillonner	O	O	1
ou	O	O	1
à	O	O	1
comparer,	O	O	1
et	O	O	1
pas	O	O	1
encore	O	O	1
à	O	O	1
systématiser.	O	O	1
,	O	O	1
ces	O	O	1
fiches	O	O	1
ne	O	O	1
visent	O	O	1
plus	O	O	1
l’exhaustivité	O	O	1
et	O	O	1
s’affranchissent	O	O	1
de	O	O	1
toute	O	O	1
vérification	O	O	1
:	O	O	1
l’objectif	O	O	1
n’est	O	O	1
plus	O	O	1
de	O	O	1
recouper	O	O	1
mais	O	O	1
de	O	O	1
découper	O	O	1
et	O	O	1
d’énumérer	O	O	1
afin	O	O	1
de	O	O	1
construire	O	O	1
et	O	O	1
de	O	O	1
figer	O	O	1
des	O	O	1
taxinomies	O	O	1
qui	O	O	1
n’existent	O	O	1
que	O	O	1
sur	O	O	1
le	O	O	1
papier.	O	O	1
À	O	O	1
la	O	O	1
différence	O	O	1
de	O	O	1
l’oral,	O	O	1
l’écrit	O	O	1
permet	O	O	1
en	O	O	1
effet	O	O	1
de	O	O	1
subdiviser,	O	O	1
de	O	O	1
sérier	O	O	1
et	O	O	1
d’ordonner	O	O	1
à	O	O	1
volonté	O	O	1
des	O	O	1
mots,	O	O	1
des	O	O	1
faits	O	O	1
ou	O	O	1
des	O	O	1
idées	O	O	1
sous	O	O	1
forme	O	O	1
de	O	O	1
listes	O	O	1
numérotées	O	O	1
ou	O	O	1
de	O	O	1
tableaux,	O	O	1
comme	O	O	1
l’a	O	O	1
montré	O	O	1
Jack	B-PER	O	O
Goody	I-PER	O	O
dans	O	O	1
La	O	O	1
Raison	O	O	1
graphique	O	O	1
(1979).	O	O	1
Dans	O	O	1
le	O	O	1
cas	O	O	1
d’un	O	O	1
découpage	O	O	1
systématique	O	O	1
par	O	O	1
groupe	O	O	1
de	O	O	1
huit,	O	O	1
le	O	O	1
format	O	O	1
de	O	O	1
la	O	O	1
fiche	O	O	1
est	O	O	1
parfaitement	O	O	1
adapté,	O	O	1
mais,	O	O	1
à	O	O	1
partir	O	O	1
des	O	O	1
années	O	O	1
1950,	O	O	1
Griaule	B-PER	B-PER	1
recherche	O	O	1
un	O	O	1
système	O	O	1
de	O	O	1
classification	O	O	1
fondé	O	O	1
sur	O	O	1
des	O	O	1
subdivisions	O	O	1
en	O	O	1
22	O	O	1
«	O	O	1
familles	O	O	1
»	O	O	1
et	O	O	1
en	O	O	1
266	O	O	1
éléments	O	O	1
;	O	O	1
il	O	O	1
lui	O	O	1
faut	O	O	1
donc	O	O	1
des	O	O	1
feuillets	O	O	1
plus	O	O	1
grands.	O	O	1
En	O	O	1
1952,	O	O	1
l’abandon	O	O	1
définitif	O	O	1
des	O	O	1
fiches	O	O	1
au	O	O	1
profit	O	O	1
de	O	O	1
volumineux	O	O	1
registres,	O	O	1
paginés	O	O	1
à	O	O	1
la	O	O	1
suite	O	O	1
comme	O	O	1
des	O	O	1
tomes	O	O	1
successifs,	O	O	1
répond	O	O	1
en	O	O	1
partie	O	O	1
à	O	O	1
cette	O	O	1
exigence	O	O	1
de	O	O	1
classification	O	O	1
et	O	O	1
d’énumération	O	O	1
plus	O	O	1
complexes.	O	O	1
Au	O	O	1
fil	O	O	1
des	O	O	1
pages,	O	O	1
Griaule	B-PER	B-PER	1
peut	O	O	1
ainsi	O	O	1
compléter	O	O	1
et	O	O	1
réorganiser	O	O	1
sans	O	O	1
cesse	O	O	1
ses	O	O	1
listes	O	O	1
de	O	O	1
signes,	O	O	1
d’insectes	O	O	1
ou	O	O	1
de	O	O	1
plantes,	O	O	1
grâce	O	O	1
à	O	O	1
une	O	O	1
notation	O	O	1
et	O	O	1
à	O	O	1
une	O	O	1
numérotation	O	O	1
en	O	O	1
continu.	O	O	1
Dans	O	O	1
ces	O	O	1
sept	O	O	1
grands	O	O	1
cahiers	O	O	1
reliés,	O	O	1
les	O	O	1
informations	O	O	1
consignées	O	O	1
ne	O	O	1
sont	O	O	1
plus	O	O	1
assimilées	O	O	1
à	O	O	1
des	O	O	1
dépositions	O	O	1
indépendantes,	O	O	1
mais	O	O	1
à	O	O	1
des	O	O	1
révélations	O	O	1
croisées	O	O	1
dispensées	O	O	1
par	O	O	1
une	O	O	1
poignée	O	O	1
d’informateurs	O	O	1
privilégiés.	O	O	1
Lorsqu’elles	O	O	1
sont	O	O	1
recopiées	O	O	1
au	O	O	1
propre	O	O	1
sur	O	O	1
les	O	O	1
registres,	O	O	1
ces	O	O	1
«	O	O	1
révélations	O	O	1
»	O	O	1
prennent	O	O	1
parfois	O	O	1
la	O	O	1
forme	O	O	1
de	O	O	1
tableaux,	O	O	1
soit	O	O	1
pour	O	O	1
esquisser	O	O	1
des	O	O	1
synthèses,	O	O	1
soit	O	O	1
pour	O	O	1
dégager	O	O	1
des	O	O	1
correspondances	O	O	1
symboliques.	O	O	1
Par	O	O	1
exemple,	O	O	1
à	O	O	1
la	O	O	1
page	O	O	1
284	O	O	1
du	O	O	1
second	O	O	1
registre	O	O	1
de	O	O	1
1952,	O	O	1
Griaule	B-PER	B-PER	1
relie	O	O	1
deux	O	O	1
à	O	O	1
deux	O	O	1
les	O	O	1
22	O	O	1
familles	O	O	1
d’insectes	O	O	1
–	O	O	1
identifiées	O	O	1
par	O	O	1
des	O	O	1
nombres	O	O	1
–	O	O	1
en	O	O	1
les	O	O	1
répartissant	O	O	1
en	O	O	1
deux	O	O	1
fois	O	O	1
deux	O	O	1
colonnes	O	O	1
:	O	O	1
le	O	O	1
1	O	O	1
face	O	O	1
au	O	O	1
12,	O	O	1
le	O	O	1
2	O	O	1
face	O	O	1
au	O	O	1
13,	O	O	1
etc.	O	O	1
Pour	O	O	1
établir	O	O	1
ces	O	O	1
correspondances,	O	O	1
il	O	O	1
part	O	O	1
d’une	O	O	1
déclaration	O	O	1
préalable	O	O	1
de	O	O	1
son	O	O	1
informateur	O	O	1
Koguem	O	B-PER	O
évoquant	O	O	1
en	O	O	1
quelques	O	O	1
mots	O	O	1
l’existence	O	O	1
d’un	O	O	1
lien	O	O	1
entre	O	O	1
familles	O	O	1
mâles	O	O	1
(numérotées	O	O	1
de	O	O	1
1	O	O	1
à	O	O	1
11)	O	O	1
et	O	O	1
femelles	O	O	1
(numérotées	O	O	1
de	O	O	1
12	O	O	1
à	O	O	1
22).	O	O	1
Grâce	O	O	1
aux	O	O	1
combinaisons	O	O	1
méthodiques	O	O	1
qu’il	O	O	1
impose,	O	O	1
le	O	O	1
tableau	O	O	1
transforme	O	O	1
ainsi	O	O	1
en	O	O	1
système	O	O	1
Cf.	O	O	1
Goody,	O	O	1
1979,	O	O	1
p.	O	O	1
118-119.	O	O	1
un	O	O	1
bref	O	O	1
commentaire	O	O	1
de	O	O	1
nature	O	O	1
plutôt	O	O	1
symbolique,	O	O	1
sans	O	O	1
valeur	O	O	1
classificatrice.	O	O	1
Du	O	O	1
reste,	O	O	1
sur	O	O	1
la	O	O	1
page,	O	O	1
les	O	O	1
correspondances	O	O	1
entre	O	O	1
telle	O	O	1
ou	O	O	1
telle	O	O	1
famille	O	O	1
d’insectes	O	O	1
ne	O	O	1
sont	O	O	1
précisées	O	O	1
et	O	O	1
commentées	O	O	1
par	O	O	1
Koguem	O	B-PER	O
qu’après	O	O	1
avoir	O	O	1
été	O	O	1
mises	O	O	1
en	O	O	1
évidence	O	O	1
par	O	O	1
la	O	O	1
disposition	O	O	1
graphique	O	O	1
de	O	O	1
ces	O	O	1
22	O	O	1
éléments.	O	O	1
En	O	O	1
d’autres	O	O	1
termes,	O	O	1
c’est	O	O	1
le	O	O	1
tableau	O	O	1
qui	O	O	1
construit	O	O	1
le	O	O	1
système	O	O	1
décrit	O	O	1
ensuite	O	O	1
par	O	O	1
Koguem	O	B-PER	O
,	O	O	1
et	O	O	1
non	O	O	1
l’inverse.	O	O	1
Liste	O	O	1
numérotée	O	O	1
d’animaux	O	O	1
rendant	O	O	1
compte	O	O	1
de	O	O	1
la	O	O	1
taxinomie	O	O	1
dogon	O	O	1
(page	O	O	1
354	O	O	1
du	O	O	1
registre	O	O	1
no	O	O	1
2	O	O	1
de	O	O	1
Marcel	B-PER	O	O
Griaule,	O	O	1
mai-décembre	O	O	1
1952).	O	O	1
Grâce	O	O	1
à	O	O	1
ce	O	O	1
type	O	O	1
de	O	O	1
tableaux	O	O	1
et	O	O	1
à	O	O	1
une	O	O	1
notation	O	O	1
en	O	O	1
continu,	O	O	1
les	O	O	1
registres	O	O	1
permettent	O	O	1
de	O	O	1
mettre	O	O	1
sur	O	O	1
le	O	O	1
même	O	O	1
plan	O	O	1
–	O	O	1
dans	O	O	1
tous	O	O	1
les	O	O	1
sens	O	O	1
du	O	O	1
terme	O	O	1
–	O	O	1
des	O	O	1
énoncés	O	O	1
produits	O	O	1
par	O	O	1
des	O	O	1
locuteurs	O	O	1
différents,	O	O	1
à	O	O	1
des	O	O	1
moments	O	O	1
et	O	O	1
dans	O	O	1
des	O	O	1
lieux	O	O	1
différents.	O	O	1
Regroupées	B-LOC	O	O
dans	O	O	1
un	O	O	1
même	O	O	1
«	O	O	1
livre	O	O	1
»,	B-LOC	O	O
réordonnées	O	O	1
par	O	O	1
l’écriture,	O	O	1
ou	O	O	1
découpées	O	O	1
pour	O	O	1
entrer	O	O	1
dans	O	O	1
les	O	O	1
cases	O	O	1
prévues,	O	O	1
ces	O	O	1
paroles	O	O	1
individuelles	O	O	1
variées	O	O	1
et	O	O	1
variables	O	O	1
sont	O	O	1
combinées	O	O	1
ou	O	O	1
fusionnées	O	O	1
pour	O	O	1
composer	O	O	1
progressivement	O	O	1
un	O	O	1
mythe	O	O	1
linéaire	O	O	1
et	O	O	1
un	O	O	1
système	O	O	1
de	O	O	1
classification	O	O	1
collectifs	O	O	1
et	O	O	1
anonymes	O	O	1
qui,	O	O	1
dans	O	O	1
l’esprit	O	O	1
de	O	O	1
Griaule	B-PER	B-PER	1
,	O	O	1
s’appliquent	O	O	1
à	O	O	1
l’ensemble	O	O	1
des	O	O	1
Dogon.	O	O	1
Si	O	O	1
les	O	O	1
fiches	O	O	1
visaient	O	O	1
l’addition	O	O	1
exhaustive	O	O	1
d’informations	O	O	1
élémentaires,	O	O	1
le	O	O	1
registre	O	O	1
participe	O	O	1
à	O	O	1
la	O	O	1
synthèse	O	O	1
de	O	O	1
discours	O	O	1
savants	O	O	1
en	O	O	1
leur	O	O	1
conférant	O	O	1
d’emblée	O	O	1
une	O	O	1
unité	O	O	1
et	O	O	1
une	O	O	1
cohérence	O	O	1
formelles.	O	O	1
Par	O	O	1
ailleurs,	O	O	1
contrairement	O	O	1
aux	O	O	1
fichiers,	O	O	1
les	O	O	1
développements	O	O	1
mis	O	O	1
en	O	O	1
forme	O	O	1
dans	O	O	1
les	O	O	1
registres	O	O	1
n’ont	O	O	1
plus	O	O	1
de	O	O	1
valeur	O	O	1
cumulative	O	O	1
aux	O	O	1
yeux	O	O	1
de	O	O	1
Griaule	B-LOC	B-PER	O
:	O	O	1
dans	O	O	1
sa	O	O	1
quête	O	O	1
des	O	O	1
couches	O	O	1
supérieures	O	O	1
ou	O	O	1
des	O	O	1
tréfonds	O	O	1
du	O	O	1
savoir	O	O	1
dogon,	O	O	1
la	O	O	1
dernière	O	O	1
version	O	O	1
recueillie	O	O	1
lui	O	O	1
paraît	O	O	1
toujours	O	O	1
la	O	O	1
meilleure	O	O	1
et	O	O	1
la	O	O	1
plus	O	O	1
aboutie,	O	O	1
et	O	O	1
elle	O	O	1
se	O	O	1
substitue	O	O	1
ainsi	O	O	1
aux	O	O	1
précédentes.	O	O	1
Or,	O	O	1
la	O	O	1
notation	O	O	1
chronologique	O	O	1
autorise	O	O	1
et	O	O	1
favorise	O	O	1
cette	O	O	1
réactualisation	O	O	1
et	O	O	1
cette	O	O	1
complexification	O	O	1
continuelles,	O	O	1
alors	O	O	1
que	O	O	1
les	O	O	1
fiches	O	O	1
–	O	O	1
qui	O	O	1
ont	O	O	1
une	O	O	1
vocation	O	O	1
d’archivage	O	O	1
–	O	O	1
tendent	O	O	1
au	O	O	1
contraire	O	O	1
à	O	O	1
fixer	O	O	1
des	O	O	1
informations	O	O	1
brutes.	O	O	1
Le	O	O	1
passage	O	O	1
des	O	O	1
fiches	O	O	1
aux	O	O	1
registres	O	O	1
s’explique	O	O	1
également,	O	O	1
bien	O	O	1
sûr,	O	O	1
par	O	O	1
l’individualisation	O	O	1
croissante	O	O	1
des	O	O	1
recherches	O	O	1
menées	O	O	1
par	O	O	1
Griaule	B-PER	B-PER	1
:	O	O	1
à	O	O	1
partir	O	O	1
de	O	O	1
1950,	O	O	1
les	O	O	1
fichiers	O	O	1
communs	O	O	1
disparaissent	O	O	1
pour	O	O	1
être	O	O	1
remplacés	O	O	1
par	O	O	1
des	O	O	1
cahiers	O	O	1
rédigés	O	O	1
entièrement	O	O	1
de	O	O	1
sa	O	O	1
main.	O	O	1
Du	O	O	1
reste,	O	O	1
cette	O	O	1
notation	O	O	1
plus	O	O	1
personnelle	O	O	1
se	O	O	1
traduit,	O	O	1
au	O	O	1
hasard	O	O	1
des	O	O	1
pages,	O	O	1
par	O	O	1
quelques	O	O	1
parenthèses	O	O	1
intimistes	O	O	1
sur	O	O	1
des	O	O	1
événements	O	O	1
impliquant	O	O	1
directement	O	O	1
Griaule	B-PER	B-PER	1
ou	O	O	1
ses	O	O	1
informateurs.	O	O	1
Images	O	O	1
de	O	O	1
synthèse	O	O	1
et	O	O	1
symboles	O	O	1
mathématiques	O	O	1
Entre	O	O	1
1946	O	O	1
et	O	O	1
1956,	O	O	1
les	O	O	1
croquis	O	O	1
réalisés	O	O	1
par	O	O	1
Griaule	B-PER	B-PER	1
sur	O	O	1
ses	O	O	1
fiches	O	O	1
ou	O	O	1
ses	O	O	1
registres	O	O	1
répondent	O	O	1
eux	O	O	1
aussi	O	O	1
à	O	O	1
une	O	O	1
volonté	O	O	1
de	O	O	1
synthèse	O	O	1
et	O	O	1
de	O	O	1
systématisation.	O	O	1
Cela	O	O	1
débute,	O	O	1
on	O	O	1
l’a	O	O	1
vu,	O	O	1
avec	O	O	1
les	O	O	1
schémas	O	O	1
donnant	O	O	1
forme	O	O	1
aux	O	O	1
représentations	O	O	1
mythologiques	O	O	1
esquissées	O	O	1
oralement	O	O	1
par	O	O	1
Ogotemmêli	O	B-PER	O
,	O	O	1
en	O	O	1
1946.	O	O	1
Sur	O	O	1
les	O	O	1
fiches	O	O	1
de	O	O	1
1948,	O	O	1
les	O	O	1
croquis	O	O	1
de	O	O	1
Griaule	B-PER	B-PER	1
prennent	O	O	1
parfois	O	O	1
un	O	O	1
aspect	O	O	1
plus	O	O	1
technique,	O	O	1
surtout	O	O	1
lorsqu’ils	O	O	1
concernent	O	O	1
des	O	O	1
objets	O	O	1
bien	O	O	1
réels,	O	O	1
reproduits	O	O	1
à	O	O	1
la	O	O	1
fois	O	O	1
de	O	O	1
face	O	O	1
et	O	O	1
de	O	O	1
profil	O	O	1
avec	O	O	1
mention	O	O	1
de	O	O	1
leurs	O	O	1
dimensions.	O	O	1
À	O	O	1
première	O	O	1
vue,	O	O	1
rien	O	O	1
ne	O	O	1
les	O	O	1
distingue	O	O	1
des	O	O	1
dessins	O	O	1
documentaires	O	O	1
de	O	O	1
la	O	O	1
décennie	O	O	1
précédente,	O	O	1
et	O	O	1
pourtant	O	O	1
ils	O	O	1
n’ont	O	O	1
plus	O	O	1
la	O	O	1
même	O	O	1
fonction	O	O	1
;	O	O	1
ils	O	O	1
servent	O	O	1
désormais	O	O	1
de	O	O	1
modèles	O	O	1
pour	O	O	1
établir	O	O	1
des	O	O	1
correspondances	O	O	1
symboliques	O	O	1
par	O	O	1
comparaison	O	O	1
avec	O	O	1
d’autres	O	O	1
figures	O	O	1
représentant	O	O	1
un	O	O	1
corps	O	O	1
humain,	O	O	1
un	O	O	1
animal	O	O	1
ou	O	O	1
un	O	O	1
objet.	O	O	1
Autrement	O	O	1
dit,	O	O	1
leur	O	O	1
objectif	O	O	1
ultime	O	O	1
n’est	O	O	1
plus	O	O	1
de	O	O	1
témoigner	O	O	1
d’une	O	O	1
réalité	O	O	1
observable,	O	O	1
mais	O	O	1
au	O	O	1
contraire	O	O	1
de	O	O	1
révéler	O	O	1
et	O	O	1
de	O	O	1
schématiser	O	O	1
des	O	O	1
systèmes	O	O	1
symboliques	O	O	1
et	O	O	1
des	O	O	1
mythes	O	O	1
connus	O	O	1
des	O	O	1
seuls	O	O	1
«	O	O	1
initiés	O	O	1
».	O	O	1
L’exemple	O	O	1
le	O	O	1
plus	O	O	1
significatif	O	O	1
est	O	O	1
certainement	O	O	1
la	O	O	1
liasse	O	O	1
de	O	O	1
28	O	O	1
fiches	O	O	1
intitulées	O	O	1
«	O	O	1
guitare	O	O	1
»,	B-LOC	O	O
avec	O	O	1
des	O	O	1
dessins	O	O	1
d’une	O	O	1
harpe-luth	O	O	1
dogon	O	O	1
accompagnés	O	O	1
de	O	O	1
commentaires	O	O	1
successifs	O	O	1
associant	O	O	1
systématiquement	O	O	1
chaque	O	O	1
pièce	O	O	1
de	O	O	1
l’instrument	O	O	1
à	O	O	1
une	O	O	1
partie	O	O	1
du	O	O	1
métier	O	O	1
à	O	O	1
tisser	O	O	1
et	O	O	1
à	O	O	1
un	O	O	1
organe	O	O	1
ou	O	O	1
à	O	O	1
un	O	O	1
membre	O	O	1
du	O	O	1
génie	O	O	1
d’eau.	O	O	1
Visuellement,	B-PER	O	O
ces	O	O	1
schémas	O	O	1
de	O	O	1
référence	O	O	1
ébauchent	O	O	1
littéralement	O	O	1
les	O	O	1
correspondances	O	O	1
recherchées	O	O	1
et	O	O	1
guident	O	O	1
par	O	O	1
conséquent	O	O	1
les	O	O	1
réponses	O	O	1
des	O	O	1
informateurs.	O	O	1
Bien	O	O	1
entendu,	O	O	1
cela	O	O	1
ne	O	O	1
concerne	O	O	1
pas	O	O	1
seulement	O	O	1
la	O	O	1
mission	O	O	1
de	O	O	1
1948.	O	O	1
Après	O	O	1
guerre,	O	O	1
dans	O	O	1
les	O	O	1
fiches	O	O	1
comme	O	O	1
dans	O	O	1
les	O	O	1
registres,	O	O	1
Griaule	B-PER	B-PER	1
«	O	O	1
dessine	O	O	1
»	O	O	1
ou	O	O	1
«	O	O	1
esquisse	O	O	1
»	O	O	1
d’abord	O	O	1
les	O	O	1
systèmes	O	O	1
symboliques	O	O	1
qu’il	O	O	1
entrevoie	O	O	1
avant	O	O	1
de	O	O	1
les	O	O	1
mettre	O	O	1
en	O	O	1
tableau,	O	O	1
et	O	O	1
un	O	O	1
tel	O	O	1
procédé	O	O	1
réapparaît	O	O	1
clairement	O	O	1
dans	O	O	1
un	O	O	1
grand	O	O	1
nombre	O	O	1
de	O	O	1
ses	O	O	1
publications.	O	O	1
Dans	O	O	1
le	O	O	1
texte,	O	O	1
des	O	O	1
croquis	O	O	1
rendent	O	O	1
compte	O	O	1
d’un	O	O	1
ensemble	O	O	1
de	O	O	1
correspondances	O	O	1
à	O	O	1
travers	O	O	1
tel	O	O	1
ou	O	O	1
tel	O	O	1
exemple,	O	O	1
tandis	O	O	1
que	O	O	1
les	O	O	1
dernières	O	O	1
pages	O	O	1
de	O	O	1
l’article	O	O	1
ou	O	O	1
du	O	O	1
livre	O	O	1
proposent	O	O	1
une	O	O	1
synthèse	O	O	1
générale	O	O	1
à	O	O	1
travers	O	O	1
un	O	O	1
tableau	O	O	1
plus	O	O	1
global	O	O	1
Cf.	O	O	1
Griaule,	B-LOC	O	O
1948,	O	O	1
p.	O	O	1
266-267	O	O	1
;	O	O	1
Griaule	B-PER	O	O
et	O	O	1
Dieterlen,	B-PER	O	O
1950,	O	O	1
p.	O	O	1
225-226.	O	O	1
.	O	O	1
Pour	O	O	1
structurer	O	O	1
le	O	O	1
discours	O	O	1
de	O	O	1
ses	O	O	1
informateurs	O	O	1
ou	O	O	1
pour	O	O	1
lui	O	O	1
donner	O	O	1
plus	O	O	1
de	O	O	1
cohérence,	O	O	1
Griaule	B-PER	B-PER	1
semble	O	O	1
toujours	O	O	1
s’appuyer	O	O	1
sur	O	O	1
une	O	O	1
image,	O	O	1
qu’elle	O	O	1
soit	O	O	1
graphique	O	O	1
ou	O	O	1
simplement	O	O	1
mentale,	O	O	1
en	O	O	1
particulier	O	O	1
dans	O	O	1
ses	O	O	1
registres.	O	O	1
Au	O	O	1
fil	O	O	1
des	O	O	1
pages,	O	O	1
Griaule	B-PER	B-PER	1
mêle	O	O	1
en	O	O	1
effet	O	O	1
:	O	O	1
des	O	O	1
croquis	O	O	1
de	O	O	1
démonstration	O	O	1
dessinés	O	O	1
à	O	O	1
la	O	O	1
demande	O	O	1
par	O	O	1
ses	O	O	1
informateurs	O	O	1
;	O	O	1
des	O	O	1
signes	O	O	1
dogon	O	O	1
classés	O	O	1
par	O	O	1
numéro	O	O	1
;	O	O	1
des	O	O	1
correspondances	O	O	1
construites	O	O	1
en	O	O	1
disposant	O	O	1
mentalement	O	O	1
deux	O	O	1
images	O	O	1
en	O	O	1
vis-à-vis.	O	O	1
Une	O	O	1
bonne	O	O	1
illustration	O	O	1
de	O	O	1
ce	O	O	1
procédé	O	O	1
est	O	O	1
fournie	O	O	1
par	O	O	1
un	O	O	1
questionnaire	O	O	1
rédigé	O	O	1
au	O	O	1
brouillon	O	O	1
sur	O	O	1
une	O	O	1
feuille	O	O	1
volante	O	O	1
glissée	O	O	1
dans	O	O	1
le	O	O	1
premier	O	O	1
registre	O	O	1
de	O	O	1
1952.	O	O	1
L’une	O	O	1
des	O	O	1
questions	O	O	1
vise	O	O	1
manifestement	O	O	1
à	O	O	1
faire	O	O	1
correspondre	O	O	1
toutes	O	O	1
les	O	O	1
parties	O	O	1
d’un	O	O	1
poisson	O	O	1
aux	O	O	1
différents	O	O	1
éléments	O	O	1
d’un	O	O	1
grenier	O	O	1
dogon	O	O	1
afin	O	O	1
de	O	O	1
compléter	O	O	1
une	O	O	1
image	O	O	1
ou	O	O	1
une	O	O	1
équivalence	O	O	1
jusqu’alors	O	O	1
sans	O	O	1
queue	O	O	1
ni	O	O	1
tête,	O	O	1
ou	O	O	1
perçue	O	O	1
comme	O	O	1
telle	O	O	1
:	O	O	1
«	O	O	1
Le	O	O	1
grenier	O	O	1
est	O	O	1
un	O	O	1
poisson.	O	O	1
Où	O	O	1
est	O	O	1
la	O	O	1
tête,	O	O	1
la	O	O	1
queue	O	O	1
?	O	O	1
C’est	O	O	1
un	O	O	1
poisson	O	O	1
vertical	O	O	1
?	O	O	1
Entrer	B-PER	O	O
dans	O	O	1
le	O	O	1
grenier,	O	O	1
c’est	O	O	1
donc	O	O	1
entrer	O	O	1
dans	O	O	1
un	O	O	1
poisson.	O	O	1
»	O	O	1
Bien	O	O	1
entendu,	O	O	1
la	O	O	1
réponse	O	O	1
est	O	O	1
induite.	O	O	1
Pour	O	O	1
ne	O	O	1
pas	O	O	1
donner	O	O	1
l’impression	O	O	1
de	O	O	1
se	O	O	1
contredire,	O	O	1
l’informateur	O	O	1
interrogé	O	O	1
est	O	O	1
contraint	O	O	1
de	O	O	1
trouver	O	O	1
une	O	O	1
tête	O	O	1
et	O	O	1
une	O	O	1
queue	O	O	1
au	O	O	1
grenier.	O	O	1
C’est	O	O	1
là	O	O	1
le	O	O	1
piège	O	O	1
de	O	O	1
l’écrit,	O	O	1
surtout	O	O	1
lorsqu’il	O	O	1
fige	O	O	1
une	O	O	1
déclaration	O	O	1
conçue	O	O	1
comme	O	O	1
une	O	O	1
révélation	O	O	1
intangible	O	O	1
:	O	O	1
chaque	O	O	1
affirmation	O	O	1
notée	O	O	1
devient	O	O	1
une	O	O	1
vérité	O	O	1
définitive	O	O	1
qui	O	O	1
ne	O	O	1
peut	O	O	1
plus	O	O	1
être	O	O	1
remise	O	O	1
en	O	O	1
question	O	O	1
et	O	O	1
qui	O	O	1
exige	O	O	1
de	O	O	1
nouveaux	O	O	1
développements	O	O	1
allant	O	O	1
tous	O	O	1
dans	O	O	1
le	O	O	1
même	O	O	1
sens.	O	O	1
La	O	O	1
question	O	O	1
griffonnée	O	O	1
au	O	O	1
brouillon	O	O	1
dérive	O	O	1
elle-même	O	O	1
d’une	O	O	1
première	O	O	1
série	O	O	1
d’équivalences	O	O	1
algébriques	O	O	1
posées	O	O	1
grâce	O	O	1
à	O	O	1
des	O	O	1
symboles	O	O	1
mathématiques	O	O	1
:	O	O	1
«	O	O	1
Le	O	O	1
grenier	O	O	1
=	O	O	1
le	O	O	1
poisson.	O	O	1
La	O	O	1
porte	O	O	1
=	O	O	1
le	O	O	1
ventre.	O	O	1
La	O	O	1
clé	O	O	1
de	O	O	1
la	O	O	1
porte	O	O	1
=	O	O	1
la	O	O	1
clavicule	O	O	1
du	O	O	1
poisson	O	O	1
»	O	O	1
(registre	O	O	1
de	O	O	1
1952,	O	O	1
page	O	O	1
114).	O	O	1
Fréquemment	O	O	1
utilisé	O	O	1
par	O	O	1
Griaule	B-PER	B-PER	1
,	O	O	1
ce	O	O	1
type	O	O	1
de	O	O	1
notation	O	O	1
–	O	O	1
qui	O	O	1
s’éloigne	O	O	1
là	O	O	1
encore	O	O	1
de	O	O	1
l’oral	O	O	1
–	O	O	1
a	O	O	1
des	O	O	1
conséquences	O	O	1
autant	O	O	1
sur	O	O	1
la	O	O	1
forme	O	O	1
que	O	O	1
sur	O	O	1
le	O	O	1
fond	O	O	1
:	O	O	1
il	O	O	1
transforme	O	O	1
en	O	O	1
effet	O	O	1
des	O	O	1
rapprochements	O	O	1
d’ordre	O	O	1
symbolique,	O	O	1
analogique	O	O	1
ou	O	O	1
métaphorique	O	O	1
en	O	O	1
équivalences	O	O	1
strictes,	O	O	1
et	O	O	1
des	O	O	1
énoncés	O	O	1
individuels	O	O	1
variables	O	O	1
en	O	O	1
axiomes,	O	O	1
d’une	O	O	1
exactitude	O	O	1
indiscutable.	O	O	1
Réduites	B-LOC	O	O
à	O	O	1
des	O	O	1
équations	O	O	1
mathématiques,	O	O	1
les	O	O	1
relations	O	O	1
établies	O	O	1
par	O	O	1
les	O	O	1
informateurs	O	O	1
entre	O	O	1
tel	O	O	1
ou	O	O	1
tel	O	O	1
élément	O	O	1
peuvent	O	O	1
dès	O	O	1
lors	O	O	1
être	O	O	1
organisées	O	O	1
en	O	O	1
système.	O	O	1
De	O	O	1
la	O	O	1
«	O	O	1
mentalité	O	O	1
prélogique	O	O	1
»	O	O	1
à	O	O	1
une	O	O	1
logique	O	O	1
bivalente	O	O	1
et	O	O	1
«	O	O	1
systémique	O	O	1
»	O	O	1
Les	O	O	1
études	O	O	1
préalables	O	O	1
de	O	O	1
Griaule	B-PER	B-PER	1
en	O	O	1
mathématique,	O	O	1
son	O	O	1
expérience	O	O	1
militaire	O	O	1
d’observateur	O	O	1
aérien	O	O	1
et	O	O	1
sa	O	O	1
gestion	O	O	1
des	O	O	1
grandes	O	O	1
missions	O	O	1
ethnographiques	O	O	1
des	O	O	1
années	O	O	1
1930	O	O	1
ne	O	O	1
sont	O	O	1
probablement	O	O	1
pas	O	O	1
étrangères	O	O	1
à	O	O	1
sa	O	O	1
volonté	O	O	1
de	O	O	1
tout	O	O	1
ordonner,	O	O	1
classer,	O	O	1
quadriller,	O	O	1
numéroter	O	O	1
et	O	O	1
schématiser	O	O	1
graphiquement	O	O	1
Lors	O	O	1
de	O	O	1
la	O	O	1
mission	O	O	1
Dakar-Djibouti,	O	O	1
dirigée	O	O	1
par	O	O	1
Griaule,	B-PER	O	O
l’organisation	O	O	1
logistique	O	O	1
impose	O	O	1
de	O	O	1
tout	O	O	1
numéroter,	O	O	1
inventorier	O	O	1
et	O	O	1
ranger	O	O	1
afin	O	O	1
que	O	O	1
chaque	O	O	1
chose	O	O	1
soit	O	O	1
à	O	O	1
sa	O	O	1
place	O	O	1
à	O	O	1
l’intérieur	O	O	1
d’une	O	O	1
caisse,	O	O	1
d’un	O	O	1
camion,	O	O	1
d’une	O	O	1
tente	O	O	1
ou	O	O	1
d’un	O	O	1
fichier	O	O	1
(cf.	O	O	1
Jolly,	O	O	1
2007,	O	O	1
p.	O	O	1
894).	O	O	1
en	O	O	1
jonglant	O	O	1
avec	O	O	1
les	O	O	1
chiffres,	O	O	1
en	O	O	1
découpant	O	O	1
les	O	O	1
phrases,	O	O	1
en	O	O	1
construisant	O	O	1
des	O	O	1
tableaux,	O	O	1
en	O	O	1
«	O	O	1
dessinant	O	O	1
»	O	O	1
des	O	O	1
synthèses	O	O	1
et	O	O	1
en	O	O	1
usant	O	O	1
de	O	O	1
symboles	O	O	1
mathématiques.	O	O	1
Mais	O	O	1
au-delà	O	O	1
du	O	O	1
parcours	O	O	1
personnel	O	O	1
de	O	O	1
Griaule	B-PER	B-PER	1
,	O	O	1
ces	O	O	1
procédés	O	O	1
s’expliquent	O	O	1
également	O	O	1
par	O	O	1
un	O	O	1
changement	O	O	1
de	O	O	1
contexte	O	O	1
et	O	O	1
d’objectif	O	O	1
scientifique.	O	O	1
Après	O	O	1
la	O	O	1
guerre,	O	O	1
la	O	O	1
tendance	O	O	1
n’est	O	O	1
plus	O	O	1
à	O	O	1
l’inventaire	O	O	1
exhaustif	O	O	1
des	O	O	1
sociétés	O	O	1
coloniales,	O	O	1
mais	O	O	1
à	O	O	1
la	O	O	1
valorisation	O	O	1
des	O	O	1
cultures,	O	O	1
des	O	O	1
mythologies	O	O	1
et	O	O	1
des	O	O	1
philosophies	O	O	1
africaines,	O	O	1
sur	O	O	1
fond	O	O	1
de	O	O	1
négritude.	O	O	1
Dans	O	O	1
les	O	O	1
travaux	O	O	1
de	O	O	1
Griaule	B-PER	B-PER	1
et	O	O	1
de	O	O	1
Dieterlen	B-LOC	B-PER	O
,	O	O	1
cela	O	O	1
se	O	O	1
traduit,	O	O	1
à	O	O	1
partir	O	O	1
de	O	O	1
1946,	O	O	1
par	O	O	1
une	O	O	1
inversion	O	O	1
du	O	O	1
point	O	O	1
de	O	O	1
vue	O	O	1
développé	O	O	1
jusqu’au	O	O	1
milieu	O	O	1
des	O	O	1
années	O	O	1
1930	O	O	1
par	O	O	1
Lucien	B-PER	B-PER	1
Lévy-Bruhl	I-PER	I-PER	1
,	O	O	1
l’un	O	O	1
des	O	O	1
fondateurs	O	O	1
de	O	O	1
l’Institut	O	O	1
d’ethnologie.	O	O	1
Au	O	O	1
lieu	O	O	1
de	O	O	1
chercher	O	O	1
à	O	O	1
définir	O	O	1
une	O	O	1
«	O	O	1
mentalité	O	O	1
primitive	O	O	1
»	O	O	1
et	O	O	1
«	O	O	1
prélogique	O	O	1
»	O	O	1
irréductible	O	O	1
à	O	O	1
la	O	O	1
pensée	O	O	1
occidentale,	O	O	1
les	O	O	1
deux	O	O	1
ethnologues	O	O	1
s’appliquent	O	O	1
au	O	O	1
contraire	O	O	1
à	O	O	1
démontrer	O	O	1
la	O	O	1
complexité	O	O	1
et	O	O	1
l’universalité	O	O	1
du	O	O	1
système	O	O	1
de	O	O	1
pensée	O	O	1
ou	O	O	1
de	O	O	1
la	O	O	1
cosmogonie	O	O	1
dogon	O	O	1
ou	O	O	1
bambara	O	O	1
Ce	O	O	1
renversement	O	O	1
de	O	O	1
perspective	O	O	1
est	O	O	1
d’ailleurs	O	O	1
souligné	O	O	1
par	O	O	1
Claude	B-PER	O	O
Lévi-Strauss	I-PER	O	O
(Lévi-Strauss,	O	O	1
1953,	O	O	1
p.	O	O	1
114).	O	O	1
,	O	O	1
comparables	O	O	1
selon	O	O	1
eux	O	O	1
aux	O	O	1
mythologies	O	O	1
grecque	O	O	1
ou	O	O	1
chrétienne.	O	O	1
Or,	O	O	1
en	O	O	1
visant	O	O	1
une	O	O	1
telle	O	O	1
comparaison,	O	O	1
ils	O	O	1
postulent	O	O	1
également	O	O	1
la	O	O	1
fixité	O	O	1
et	O	O	1
l’unité	O	O	1
ou	O	O	1
l’homogénéité	O	O	1
des	O	O	1
mythes	O	O	1
ou	O	O	1
des	O	O	1
taxinomies	O	O	1
dogon,	O	O	1
en	O	O	1
oubliant	O	O	1
que	O	O	1
l’oral	O	O	1
n’a	O	O	1
pas	O	O	1
les	O	O	1
mêmes	O	O	1
propriétés	O	O	1
que	O	O	1
l’écrit	O	O	1
et	O	O	1
autorise,	O	O	1
en	O	O	1
pays	O	O	1
dogon	O	O	1
comme	O	O	1
ailleurs,	O	O	1
de	O	O	1
multiples	O	O	1
variantes	O	O	1
et	O	O	1
variations.	O	O	1
Leur	B-LOC	O	O
objectif	O	O	1
et	O	O	1
leur	O	O	1
présupposé	O	O	1
les	O	O	1
conduisent	O	O	1
à	O	O	1
«	O	O	1
enregistrer	O	O	1
»	O	O	1
par	O	O	1
écrit	O	O	1
les	O	O	1
discours	O	O	1
de	O	O	1
leurs	O	O	1
informateurs	O	O	1
selon	O	O	1
une	O	O	1
logique	O	O	1
bivalente	O	O	1
et	O	O	1
«	O	O	1
systémique	O	O	1
».	O	O	1
Forcément	O	O	1
univoque,	O	O	1
chaque	O	O	1
énoncé	O	O	1
mythologique	O	O	1
ou	O	O	1
symbolique	O	O	1
va	O	O	1
occuper	O	O	1
une	O	O	1
place,	O	O	1
et	O	O	1
une	O	O	1
seule,	O	O	1
au	O	O	1
sein	O	O	1
d’un	O	O	1
inventaire	O	O	1
numéroté,	O	O	1
d’un	O	O	1
tableau,	O	O	1
d’un	O	O	1
dessin	O	O	1
ou	O	O	1
d’un	O	O	1
récit,	O	O	1
en	O	O	1
tant	O	O	1
qu’élément	O	O	1
d’un	O	O	1
système	O	O	1
ou	O	O	1
d’un	O	O	1
mythe	O	O	1
invariable	O	O	1
et	O	O	1
unique.	O	O	1
Dans	O	O	1
cette	O	O	1
configuration,	O	O	1
l’apparition	O	O	1
d’un	O	O	1
double	O	O	1
dénote	O	O	1
une	O	O	1
erreur	O	O	1
ou	O	O	1
un	O	O	1
niveau	O	O	1
de	O	O	1
savoir	O	O	1
différent,	O	O	1
tandis	O	O	1
que	O	O	1
la	O	O	1
présence	O	O	1
d’un	O	O	1
vide	O	O	1
ou	O	O	1
d’un	O	O	1
trou	O	O	1
correspond	O	O	1
nécessairement	O	O	1
à	O	O	1
une	O	O	1
lacune,	O	O	1
à	O	O	1
combler	O	O	1
au	O	O	1
plus	O	O	1
vite.	O	O	1
Entre	O	O	1
1926	O	O	1
et	O	O	1
1956,	O	O	1
la	O	O	1
méthode	O	O	1
de	O	O	1
notation	O	O	1
ethnographique	O	O	1
de	O	O	1
Griaule	B-LOC	B-PER	O
évolue	O	O	1
ainsi	O	O	1
nettement	O	O	1
en	O	O	1
répondant	O	O	1
à	O	O	1
deux	O	O	1
logiques	O	O	1
successives	O	O	1
presque	O	O	1
opposées.	O	O	1
Avant	O	O	1
guerre,	O	O	1
Griaule	B-PER	B-PER	1
dissocie	O	O	1
et	O	O	1
isole	O	O	1
les	O	O	1
informations	O	O	1
sur	O	O	1
des	O	O	1
fiches	O	O	1
indépendantes	O	O	1
afin	O	O	1
de	O	O	1
constituer,	O	O	1
sous	O	O	1
forme	O	O	1
de	O	O	1
fichier,	O	O	1
une	O	O	1
collection	O	O	1
documentaire	O	O	1
complète	O	O	1
et	O	O	1
ordonnée,	O	O	1
dans	O	O	1
une	O	O	1
perspective	O	O	1
archivistique	O	O	1
et	O	O	1
monographique.	O	O	1
En	O	O	1
revanche,	O	O	1
après	O	O	1
guerre,	O	O	1
il	O	O	1
met	O	O	1
en	O	O	1
ordre	O	O	1
ses	O	O	1
données	O	O	1
sur	O	O	1
des	O	O	1
feuillets	O	O	1
reliés	O	O	1
en	O	O	1
procédant	O	O	1
au	O	O	1
contraire	O	O	1
par	O	O	1
association	O	O	1
et	O	O	1
par	O	O	1
synthèse	O	O	1
afin	O	O	1
d’aboutir	O	O	1
concrètement	O	O	1
à	O	O	1
des	O	O	1
mythes,	O	O	1
des	O	O	1
systèmes	O	O	1
ou	O	O	1
des	O	O	1
graphies	O	O	1
complexes,	O	O	1
homogènes	O	O	1
et	O	O	1
en	O	O	1
tout	O	O	1
point	O	O	1
admirables,	O	O	1
sur	O	O	1
un	O	O	1
plan	O	O	1
intellectuel,	O	O	1
philosophique,	O	O	1
littéraire	O	O	1
ou	O	O	1
esthétique.	O	O	1
Après	O	O	1
les	O	O	1
performances	O	O	1
et	O	O	1
les	O	O	1
collectes	O	O	1
massives	O	O	1
des	O	O	1
années	O	O	1
1930,	O	O	1
Griaule	B-PER	B-PER	1
est	O	O	1
en	O	O	1
effet	O	O	1
en	O	O	1
quête	O	O	1
de	O	O	1
«	O	O	1
superbes	O	O	1
»	O	O	1
résultats,	O	O	1
plus	O	O	1
qualitatifs	O	O	1
que	O	O	1
quantitatifs,	O	O	1
et	O	O	1
de	O	O	1
nature	O	O	1
à	O	O	1
la	O	O	1
fois	O	O	1
littéraire,	O	O	1
graphique	O	O	1
et	O	O	1
ethnographique.	O	O	1
En	O	O	1
définitive,	O	O	1
en	O	O	1
dépit	O	O	1
de	O	O	1
leur	O	O	1
nette	O	O	1
évolution	O	O	1
sur	O	O	1
trois	O	O	1
décennies,	O	O	1
les	O	O	1
notes	O	O	1
de	O	O	1
terrain	O	O	1
de	O	O	1
Griaule	B-PER	B-PER	1
visent	O	O	1
toujours	O	O	1
à	O	O	1
décrire	O	O	1
ou	O	O	1
à	O	O	1
dépeindre	O	O	1
l’ensemble	O	O	1
d’une	O	O	1
société,	O	O	1
mais	O	O	1
sous	O	O	1
trois	O	O	1
formes	O	O	1
différentes	O	O	1
:	O	O	1
monographies	O	O	1
exhaustives,	O	O	1
tableaux	O	O	1
rigides	O	O	1
ou	O	O	1
fresques	O	O	1
somptueuses.	O	O	1
Sa	O	O	1
mise	O	O	1
en	O	O	1
ordre	O	O	1
des	O	O	1
données	O	O	1
est	O	O	1
également	O	O	1
indissociable	O	O	1
de	O	O	1
sa	O	O	1
vision	O	O	1
relativement	O	O	1
stable	O	O	1
des	O	O	1
populations	O	O	1
qu’il	O	O	1
étudie	O	O	1
Ce	O	O	1
lien	O	O	1
n’a	O	O	1
évidemment	O	O	1
rien	O	O	1
d’étonnant	O	O	1
puisque	O	O	1
les	O	O	1
notes	O	O	1
de	O	O	1
terrain	O	O	1
sont,	O	O	1
à	O	O	1
l’époque,	B-LOC	O	O
un	O	O	1
moyen	O	O	1
de	O	O	1
penser	O	O	1
les	O	O	1
cultures	O	O	1
des	O	O	1
autres,	O	O	1
comme	O	O	1
l’écrit	O	O	1
George	B-PER	O	O
Bond	I-PER	O	O
(Bond,	O	O	1
1990,	O	O	1
p.	O	O	1
288).	O	O	1
.	O	O	1
De	O	O	1
1926	O	O	1
à	O	O	1
1956,	O	O	1
Griaule	B-PER	B-PER	1
perçoit	O	O	1
idéalement	O	O	1
ces	O	O	1
sociétés	O	O	1
comme	O	O	1
des	O	O	1
ensembles	O	O	1
harmonieux,	O	O	1
homogènes	O	O	1
et	O	O	1
figés,	O	O	1
à	O	O	1
l’intérieur	O	O	1
desquels	O	O	1
tout	O	O	1
est	O	O	1
ordonné	O	O	1
de	O	O	1
façon	O	O	1
définitive,	O	O	1
du	O	O	1
mythe	O	O	1
à	O	O	1
l’organisation	O	O	1
sociale,	O	O	1
ou	O	O	1
de	O	O	1
l’objet	O	O	1
au	O	O	1
signe	O	O	1
ésotérique.	O	O	1
Au	O	O	1
sein	O	O	1
de	O	O	1
cet	O	O	1
ensemble,	O	O	1
chaque	O	O	1
élément	O	O	1
a	O	O	1
bien	O	O	1
sûr	O	O	1
une	O	O	1
place	O	O	1
et	O	O	1
une	O	O	1
signification	O	O	1
uniques	O	O	1
aux	O	O	1
yeux	O	O	1
de	O	O	1
Griaule	B-LOC	B-PER	O
,	O	O	1
et	O	O	1
cela	O	O	1
l’autorise	O	O	1
à	O	O	1
mettre	O	O	1
en	O	O	1
ordre	O	O	1
ses	O	O	1
données	O	O	1
de	O	O	1
façon	O	O	1
à	O	O	1
restituer	O	O	1
cette	O	O	1
utopie,	O	O	1
d’abord	O	O	1
en	O	O	1
les	O	O	1
redistribuant	O	O	1
dans	O	O	1
un	O	O	1
fichier	O	O	1
thématique,	O	O	1
puis	O	O	1
en	O	O	1
les	O	O	1
classant	O	O	1
dans	O	O	1
des	O	O	1
tableaux	O	O	1
ou	O	O	1
dans	O	O	1
des	O	O	1
inventaires	O	O	1
numérotés.	O	O	1
Dans	O	O	1
Penser/classer,	O	O	1
Georges	B-PER	O	O
Perec	I-PER	O	O
écrivait	O	O	1
:	O	O	1
«	O	O	1
derrière	O	O	1
toute	O	O	1
utopie,	O	O	1
il	O	O	1
y	O	O	1
a	O	O	1
un	O	O	1
grand	O	O	1
dessein	O	O	1
taxinomique	O	O	1
:	O	O	1
une	O	O	1
place	O	O	1
pour	O	O	1
chaque	O	O	1
chose	O	O	1
et	O	O	1
chaque	O	O	1
chose	O	O	1
à	O	O	1
sa	O	O	1
place	O	O	1
Cf.	O	O	1
Perec,	O	O	1
2003,	O	O	1
p.	O	O	1
153.	O	O	1
».	O	O	1
Or,	O	O	1
une	O	O	1
telle	O	O	1
formule	O	O	1
s’applique	O	O	1
parfaitement	O	O	1
à	O	O	1
l’ensemble	O	O	1
du	O	O	1
travail	O	O	1
de	O	O	1
Griaule	B-PER	B-PER	1
,	O	O	1
de	O	O	1
ses	O	O	1
notes	O	O	1
de	O	O	1
terrain	O	O	1
à	O	O	1
ses	O	O	1
publications.	O	O	1
Il	O	O	1
reste	O	O	1
simplement	O	O	1
à	O	O	1
ajouter	O	O	1
que	O	O	1
cette	O	O	1
utopie,	O	O	1
partagée	O	O	1
à	O	O	1
l’époque	O	O	1
par	O	O	1
un	O	O	1
grand	O	O	1
nombre	O	O	1
de	O	O	1
ses	O	O	1
collègues,	O	O	1
le	O	O	1
pousse	O	O	1
non	O	O	1
seulement	O	O	1
à	O	O	1
tout	O	O	1
ordonner,	O	O	1
mais	O	O	1
aussi	O	O	1
à	O	O	1
imaginer	O	O	1
des	O	O	1
fictions	O	O	1
littéraires	O	O	1
et	O	O	1
graphiques.	O	O	1
Pour	O	O	1
rendre	O	O	1
compte	O	O	1
de	O	O	1
sociétés	O	O	1
idéales,	O	O	1
et	O	O	1
a	O	O	1
fortiori	O	O	1
pour	O	O	1
les	O	O	1
valoriser,	O	O	1
il	O	O	1
est	O	O	1
en	O	O	1
effet	O	O	1
tentant	O	O	1
de	O	O	1
construire	O	O	1
de	O	O	1
merveilleux	O	O	1
récits,	O	O	1
illustrés	O	O	1
de	O	O	1
dessins	O	O	1
exemplaires,	O	O	1
en	O	O	1
allant	O	O	1
ainsi	O	O	1
à	O	O	1
l’encontre	O	O	1
des	O	O	1
clichés	O	O	1
occidentaux	O	O	1
les	O	O	1
plus	O	O	1
péjoratifs.	O	O	1
Et	O	O	1
cette	O	O	1
tentation	O	O	1
est	O	O	1
encore	O	O	1
plus	O	O	1
forte,	O	O	1
bien	O	O	1
sûr,	O	O	1
si	O	O	1
le	O	O	1
chercheur	O	O	1
a	O	O	1
un	O	O	1
penchant	O	O	1
pour	O	O	1
les	O	O	1
beaux	O	O	1
dessins,	O	O	1
les	O	O	1
formules	O	O	1
saillantes	O	O	1
et	O	O	1
les	O	O	1
narrations	O	O	1
colorées,	O	O	1
dialogiques	O	O	1
et	O	O	1
mythologiques.	O	O	1
Bibliographie	O	O	1
Bond,	O	O	1
1990	O	O	1
:	O	O	1
George	B-PER	O	O
C.	I-PER	O	O
Bond,	I-PER	O	O
«	O	O	1
Fieldnotes	O	O	1
:	O	O	1
Research	O	O	1
in	O	O	1
Past	O	O	1
Occurrences	O	O	1
»,	O	O	1
in	O	O	1
Roger	B-PER	O	O
Sanjek	I-PER	O	O
(éd.),	O	O	1
Fieldnotes.	O	O	1
The	O	O	1
Makings	O	O	1
of	O	O	1
Anthropology,	O	O	1
Ithaca,	O	O	1
p.	O	O	1
273-289.	O	O	1
Doquet,	O	O	1
1999	O	O	1
:	O	O	1
Anne	B-PER	O	O
Doquet,	I-PER	O	O
Les	O	O	1
Masques	O	O	1
dogon.	O	O	1
Ethnologie	O	O	1
d’une	O	O	1
société	O	O	1
savante	O	O	1
et	O	O	1
ethnologie	O	O	1
autochtone,	O	O	1
Paris.	B-PER	O	O
Goody,	O	O	1
1979	O	O	1
:	O	O	1
Jack	B-PER	O	O
Goody,	I-PER	O	O
La	O	O	1
Raison	O	O	1
graphique.	O	O	1
La	O	O	1
domestication	O	O	1
de	O	O	1
la	O	O	1
pensée	O	O	1
sauvage,	O	O	1
Paris.	B-PER	O	O
Griaule,	O	O	1
1933	O	O	1
:	O	O	1
Marcel	B-PER	O	O
Griaule,	I-PER	O	O
«	O	O	1
Introduction	O	O	1
méthodologique	O	O	1
»,	O	O	1
Minotaure,	O	O	1
2,	O	O	1
p.	O	O	1
7-12.	O	O	1
Griaule,	B-LOC	O	O
1948	O	O	1
:	O	O	1
M.	O	O	1
Griaule,	O	O	1
Dieu	O	O	1
d’eau.	O	O	1
Entretiens	O	O	1
avec	O	O	1
Ogotemmêli,	O	O	1
Paris.	O	O	1
Griaule,	O	O	1
1957	O	O	1
:	O	O	1
M.	O	O	1
Griaule,	O	O	1
Méthode	O	O	1
de	O	O	1
l’ethnographie,	B-PER	O	O
Paris.	I-PER	O	O
Griaule	O	O	1
et	O	O	1
Dieterlen,	B-PER	O	O
1950	O	O	1
:	O	O	1
Marcel	B-PER	O	O
Griaule	I-PER	O	O
et	O	O	1
Germaine	B-PER	O	O
Dieterlen,	I-PER	O	O
«	O	O	1
La	O	O	1
harpe-luth	O	O	1
des	O	O	1
Dogon	O	O	1
»,	O	O	1
Journal	O	O	1
de	O	O	1
la	O	O	1
société	O	O	1
des	O	O	1
africanistes,	O	O	1
XX,	O	O	1
p.	O	O	1
209-228.	O	O	1
Jamin,	O	O	1
1982	O	O	1
:	O	O	1
Jean	B-PER	O	O
Jamin,	I-PER	O	O
«	O	O	1
Objets	B-LOC	O	O
trouvés	O	O	1
des	O	O	1
paradis	O	O	1
perdus	O	O	1
(à	O	O	1
propos	O	O	1
de	O	O	1
la	O	O	1
mission	O	O	1
Dakar-Djibouti)	O	O	1
»,	O	O	1
in	O	O	1
J.	O	O	1
Hainard	O	O	1
et	O	O	1
R.	B-PER	O	O
Kaehr	I-PER	O	O
(éd.),	O	O	1
Collection	O	O	1
passion,	O	O	1
Neuchâtel,	O	O	1
p.	O	O	1
69-100.	O	O	1
Jolly,	O	O	1
2001/2002	O	O	1
:	O	O	1
Éric	B-PER	O	O
Jolly,	I-PER	O	O
«	O	O	1
Du	O	O	1
fichier	O	O	1
ethnographique	O	O	1
au	O	O	1
fichier	O	O	1
informatique.	O	O	1
Le	O	O	1
fonds	O	O	1
Marcel	B-PER	O	O
Griaule	I-PER	O	O
et	O	O	1
le	O	O	1
classement	O	O	1
des	O	O	1
notes	O	O	1
de	O	O	1
terrain	O	O	1
»,	B-LOC	O	O
Gradhiva,	I-LOC	O	O
30/31,	O	O	1
p.	O	O	1
81-103.	O	O	1
Jolly,	O	O	1
2007	O	O	1
:	O	O	1
É.	O	O	1
Jolly,	O	O	1
«	O	O	1
La	O	O	1
mission	O	O	1
ethnographique	O	O	1
Dakar-Djibouti	B-LOC	O	O
:	O	O	1
collecte	O	O	1
itinérante	O	O	1
et	O	O	1
maîtrise	O	O	1
du	O	O	1
terrain	O	O	1
»,	B-PER	O	O
in	O	O	1
Christian	O	O	1
Jacob	O	O	1
(dir.),	O	O	1
Lieux	B-LOC	O	O
de	O	O	1
savoir.	O	O	1
Espaces	O	O	1
et	O	O	1
communautés,	O	O	1
Paris,	B-PER	O	O
p.	O	O	1
875-896.	O	O	1
Lévi-Strauss,	O	O	1
1953	O	O	1
:	O	O	1
Claude	B-PER	O	O
Lévi-Strauss,	I-PER	O	O
«	O	O	1
Panorama	B-PER	O	O
de	I-PER	O	O
l’ethnologie	I-PER	O	O
(1950-1952)	O	O	1
»,	B-LOC	O	O
Diogène,	I-LOC	O	O
2,	O	O	1
p.	O	O	1
96-123.	O	O	1
Mercier,	O	O	1
1993	O	O	1
:	O	O	1
Jacques	B-PER	O	O
Mercier,	I-PER	O	O
«	O	O	1
Rencontres,	O	O	1
fiches	O	O	1
et	O	O	1
savoir.	O	O	1
Le	O	O	1
butin	O	O	1
des	O	O	1
zar	O	O	1
»,	B-LOC	O	O
Gradhiva,	I-LOC	O	O
14,	O	O	1
p.	O	O	1
41-50.	O	O	1
Perec,	O	O	1
2003	O	O	1
:	O	O	1
Georges	B-PER	O	O
Perec,	I-PER	O	O
Penser/classer	O	O	1
1985	O	B-PER	O
,	O	O	1
Paris.	B-PER	O	O
