Toute	O
recherche	O
historiographique	O
s’articule	O
sur	O
un	O
lieu	O
de	O
production	O
socio-économique,	O
politique	O
et	O
culturel.	O
Elle	O
implique	O
un	O
milieu	O
d’élaboration	O
que	O
circonscrivent	O
des	O
déterminations	O
propres	O
:	O
une	O
profession	O
libérale,	O
un	O
poste	O
d’observation	O
ou	O
d’enseignement,	B-MISC
une	I-MISC
catégorie	I-MISC
de	I-MISC
lettrés,	L-MISC
etc.	O
Elle	O
est	O
donc	O
soumise	O
à	O
des	O
contraintes,	O
liée	O
à	O
des	O
privilèges,	O
enracinée	O
dans	O
une	O
particularité.	O
C’est	O
en	O
fonction	O
de	O
cette	O
place	O
que	O
des	O
méthodes	O
s’instaurent,	O
qu’une	O
topographie	O
d’intérêts	O
se	O
précise,	O
que	O
des	O
dossiers	O
et	O
des	O
questions	O
à	O
poser	O
aux	O
documents	O
s’organisent	O
Certeau,	U-LOC
1975,	O
p.	O
65.	O
.	O
Cette	O
proposition	O
de	O
Michel	B-PER
de	I-PER
Certeau	L-PER
,	O
que	O
nous	O
pourrions,	O
au-delà	O
de	O
l’historiographie,	O
appliquer	O
à	O
bien	O
d’autres	O
champs	O
de	O
savoir,	O
invite	O
à	O
mettre	O
en	O
abyme,	O
dans	O
le	O
miroir	O
de	O
la	O
réflexivité,	O
le	O
projet	O
de	O
ce	O
volume	O
et	O
les	O
conditions	O
de	O
sa	O
réalisation.	O
Quel	U-LOC
est	O
le	O
lieu	O
des	O
Lieux	U-LOC
de	O
savoir	O
?	O
La	O
genèse	O
de	O
ce	O
livre	O
a	O
été	O
portée	O
par	O
un	O
réseau	O
de	O
chercheurs	O
français	O
et	O
étrangers	O
qui,	O
au	O
fil	O
de	O
son	O
institutionnalisation	O
Reconnu	U-MISC
en	O
1997	O
par	O
le	O
Centre	B-ORG
national	I-ORG
de	I-ORG
la	I-ORG
recherche	I-ORG
scientifique	L-ORG
(CNRS),	O
dans	O
le	O
cadre	O
du	O
programme	O
«	O
Archives	B-MISC
de	I-MISC
la	I-MISC
création	L-MISC
»,	U-LOC
le	O
réseau	O
«	O
Les	O
mondes	O
lettrés	O
»	O
est	O
devenu	O
un	O
Groupement	U-ORG
de	O
recherche	O
(GDR)	O
en	O
2002,	O
puis	O
un	O
Groupement	U-ORG
de	O
recherche	O
international	O
(GDRI)	O
en	O
2004.	O
,	O
est	O
resté	O
une	O
structure	O
ouverte,	O
transversale,	O
interdisciplinaire	O
et	O
internationale,	O
sans	O
exclusive	O
d’ordre	O
idéologique	O
ou	O
épistémologique.	O
Le	B-ORG
Groupement	L-ORG
«	O
Les	O
mondes	O
lettrés	O
»	O
réunit	O
en	O
effet	O
des	O
praticiens	O
de	O
la	O
recherche	O
dans	O
les	O
humanités	O
et	O
les	O
sciences	O
humaines,	O
qui	O
partagent	O
une	O
activité	O
empirique	O
:	O
lecture,	O
édition,	O
commentaire,	O
exploration	O
de	O
corpus	O
de	O
sources,	O
de	O
situations	O
historiques	O
ou	O
de	O
domaines	O
disciplinaires.	O
Le	O
croisement	O
de	O
ces	O
recherches	O
a	O
permis	O
la	O
construction	O
d’un	O
champ	O
:	O
l’histoire	O
et	O
l’anthropologie	B-MISC
des	I-MISC
pratiques	I-MISC
intellectuelles	I-MISC
et	I-MISC
des	I-MISC
traditions	I-MISC
de	I-MISC
savoir.	L-MISC
Ce	O
premier	O
volume	O
des	O
Lieux	U-LOC
de	O
savoir,	O
fruit	O
de	O
plusieurs	O
années	O
de	O
travail	O
sous	O
forme	O
de	O
séminaires,	O
de	O
journées	O
d’études,	O
de	O
publications	O
d’étape	O
Voir	O
en	O
particulier	O
Baratin	U-MISC
et	O
Jacob,	B-MISC
1996	L-MISC
;	O
Giard	U-ORG
et	O
Jacob,	B-MISC
2001	L-MISC
;	O
Jacob,	U-MISC
2003.	O
et	O
d’un	O
think	O
tank	O
électronique,	O
voudrait	O
être	O
le	O
livre-laboratoire	O
de	O
ce	O
réseau,	O
accessible	O
à	O
tous	O
les	O
lecteurs	O
curieux	O
de	O
la	O
nature	O
et	O
de	O
l’histoire	O
des	O
savoirs,	O
dans	O
leur	O
infinie	O
déclinaison	O
morphologique	O
et	O
culturelle,	O
comme	O
aux	O
chercheurs	O
qui	O
les	O
étudient	O
pour	O
les	O
reconstituer,	O
les	O
comprendre	O
ou	O
les	O
préserver,	O
ou	O
aux	O
praticiens	O
à	O
l’œuvre	O
en	O
ce	O
temps	O
de	O
mutations	O
dans	O
les	O
champs	O
de	O
l’écrit,	O
de	O
la	O
communication	O
et	O
de	O
la	O
technique.	O
Ni	B-MISC
lieu	I-MISC
disciplinaire	I-MISC
ni	I-MISC
livre	I-MISC
encyclopédique,	I-MISC
ce	I-MISC
laboratoire	L-MISC
virtuel	O
reflète	O
l’état	O
de	O
la	O
recherche	O
en	O
histoire	O
et	O
en	O
anthropologie	O
des	O
savoirs,	O
mais	O
il	O
veut	O
dépasser	O
les	O
clivages	O
des	O
spécialités	O
pour	O
mettre	O
en	O
évidence	O
des	O
objets,	O
des	O
mécanismes,	O
des	O
dynamiques,	O
des	O
phénomènes,	O
des	O
scénarios	O
qui,	O
inscrits	O
dans	O
la	O
spécificité	O
de	O
situations	O
historiques	O
et	O
culturelles,	O
sont	O
en	O
même	O
temps	O
investis	O
d’une	O
valeur	O
paradigmatique,	O
se	O
prêtant	O
à	O
des	O
opérations	O
critiques	O
et	O
réflexives	O
:	O
sur	O
les	O
sources,	O
sur	O
les	O
méthodes	O
et	O
les	O
approches	O
possibles	O
de	O
leur	O
exploitation,	O
sur	O
les	O
latitudes	O
de	O
généralisation	O
et	O
de	O
transposabilité,	O
sur	O
les	O
liens	O
entre	O
l’événement	O
et	O
la	O
structure,	O
sur	O
les	O
concepts	O
opératoires	O
et	O
les	O
schémas	O
d’explication.	O
Dans	O
ce	O
laboratoire,	O
l’historien	O
des	O
sciences	O
comme	O
l’orientaliste,	O
le	O
classiciste	O
comme	O
le	O
sinologue,	O
l’anthropologue	O
comme	O
le	O
philologue	O
confrontent	O
leurs	O
expériences	O
propres,	O
comparent	O
leurs	O
échantillons	O
et	O
leurs	O
instruments,	O
explicitent	O
les	O
réglages	O
et	O
les	O
protocoles	O
de	O
l’interprétation	O
des	O
sources,	O
reviennent	O
à	O
la	O
matérialité	O
même	O
des	O
situations	O
et	O
des	O
objets.	O
L’œuvre	O
monumentale	O
des	O
Lieux	U-LOC
de	O
mémoire,	O
publiée	O
sous	O
la	O
direction	O
de	O
Pierre	B-PER
Nora,	L-PER
de	O
1984	O
à	O
1992,	O
a	O
fondé	O
une	O
nouvelle	O
approche	O
de	O
l’histoire	O
de	O
la	O
République,	B-LOC
de	I-LOC
la	I-LOC
Nation	L-LOC
et	O
de	O
la	B-LOC
France	L-LOC
,	O
déployant	O
un	O
continuum	O
où	O
la	O
matérialité	O
des	O
objets,	O
des	O
gestes	O
et	O
des	O
monuments	O
conduisait,	O
par	O
paliers	O
successifs,	O
à	O
une	O
compréhension	O
inédite	O
des	O
discours	O
les	O
plus	O
articulés	O
et	O
des	O
représentations	O
fondatrices	O
d’une	O
identité	O
partagée.	O
Les	B-MISC
Lieux	I-MISC
de	I-MISC
mémoire,	L-MISC
par	O
leur	O
retentissement	O
international	O
comme	O
par	O
leur	O
impact	O
sur	O
la	O
redéfinition	O
du	O
champ	O
et	O
des	O
objets	O
de	O
la	O
recherche	O
historique,	O
ont	O
profondément	O
marqué	O
la	O
génération	O
à	O
laquelle	O
appartient	O
le	O
maître	O
d’œuvre	O
du	O
présent	O
ouvrage.	O
Si	U-MISC
le	O
projet	O
des	O
Lieux	O
de	O
savoir	O
reprend	O
les	O
principes	O
du	O
plan	O
thématique	O
réparti	O
sur	O
plusieurs	O
volumes	O
et	O
du	O
découpage	O
des	O
champs	O
selon	O
leurs	O
articulations	O
et	O
leurs	O
niveaux,	O
il	O
se	O
différencie	O
des	O
Lieux	U-LOC
de	O
mémoire	O
tant	O
par	O
les	O
conditions	O
de	O
sa	O
genèse,	O
portée	O
par	O
un	O
collectif	O
de	O
chercheurs,	O
que	O
par	O
sa	O
visée	O
expérimentale,	O
soucieuse	O
d’élargir	O
les	O
questionnements	O
aux	O
disciplines	O
d’érudition	O
et	O
de	O
sciences	O
humaines.	O
Les	B-MISC
Lieux	I-MISC
de	I-MISC
savoir	L-MISC
visent	O
moins	O
à	O
constituer	O
une	O
somme	O
qu’à	O
ouvrir	O
une	O
voie	O
:	O
les	O
praticiens	O
de	O
la	O
recherche	O
sont	O
appelés	O
à	O
unir	O
leurs	O
forces	O
et	O
leurs	O
ressources	O
pour	O
construire	O
dans	O
toute	O
leur	O
complexité	O
théorique	O
les	O
objets	O
et	O
les	O
problèmes	O
qu’ils	O
rencontrent	O
dans	O
leurs	O
champs	O
respectifs,	O
et	O
ce	O
en	O
associant	O
l’approche	O
comparatiste	O
et	O
l’ouverture	O
interdisciplinaire.	O
Il	O
ne	O
s’agit	O
pas	O
de	O
reconstruire	O
la	O
généalogie	O
et	O
l’architecture	O
d’un	O
modèle	O
particulier,	O
celui	O
de	O
la	O
science	O
occidentale	O
contemporaine,	O
fondée	O
sur	O
l’observation,	U-MISC
l’expérimentation	O
et	O
la	O
médiation	O
technique	O
et	O
construite	O
par	O
la	O
mathématisation,	O
mais	O
de	O
situer	O
ce	O
modèle	O
par	O
rapport	O
à	O
d’autres,	O
en	O
d’autres	O
lieux	O
et	O
d’autres	O
temps	O
–	O
savoirs	O
proches	O
ou	O
lointains,	O
parents	O
ou	O
non	O
–,	O
non	O
pour	O
aboutir	O
à	O
un	O
relativisme,	O
mais	O
pour	O
dégager	O
ce	O
qu’ils	O
partagent	O
comme	O
ce	O
qui	O
les	O
différencie,	O
dans	O
leur	O
nature,	O
leur	O
visée,	O
leurs	O
fonctions,	O
leurs	O
fondements.	O
Cette	O
construction	O
critique	O
et	O
théorique	O
est	O
le	O
premier	O
enjeu	O
de	O
l’entreprise.	O
De	O
plus,	O
alors	O
qu’une	O
actualité	O
brûlante	O
montre	O
que	O
le	O
choc	O
des	O
traditions	O
et	O
l’incompréhension	O
entre	O
cultures	O
et	O
religions	O
peuvent	O
mettre	O
la	O
planète	O
à	O
feu	O
et	O
à	O
sang,	O
cette	O
enquête	O
entend	O
aussi,	O
au	O
moyen	O
d’un	O
parcours	O
historique	O
circonstancié	O
et	O
d’une	O
comparaison	O
anthropologique	O
articulée,	O
s’intéresser	O
à	O
la	O
multiplicité	O
des	O
savoirs	O
et	O
des	O
croyances,	O
sans	O
perdre	O
de	O
vue	O
l’unité	O
fondamentale	O
des	O
cultures	O
humaines	O
par-delà	O
le	O
bouillonnement	O
de	O
leurs	O
transformations.	O
Tel	U-MISC
est	O
le	O
second	O
enjeu.	O
Les	B-MISC
Lieux	I-MISC
de	I-MISC
savoir	L-MISC
procéderont	O
en	O
un	O
premier	O
temps	O
à	O
une	O
déconstruction	O
de	O
l’histoire	O
des	O
sciences	O
et	O
des	O
savoirs,	O
sans	O
que	O
leur	O
évolution,	O
leurs	O
progrès,	O
leurs	O
contenus,	O
leurs	O
hiérarchisations	O
soient	O
au	O
principe	O
de	O
l’enquête.	O
En	O
revanche,	O
le	O
changement	O
d’échelle,	O
du	O
global	O
au	O
local,	O
de	O
la	O
longue	O
durée	O
au	O
moment	O
situé,	O
de	O
la	O
discipline	O
à	O
ses	O
acteurs,	O
individuels	O
ou	O
collectifs,	O
permettra	O
de	O
faire	O
surgir	O
les	O
gestes	O
et	O
les	O
opérations,	O
les	O
instruments	O
et	O
les	O
supports,	O
les	O
savoir-faire	O
et	O
les	O
pratiques,	O
les	O
modes	O
d’interaction	O
et	O
les	O
procédures	O
de	O
validation,	O
les	O
formes	O
de	O
l’inscription	O
et	O
les	O
dynamiques	O
de	O
la	O
transmission	O
qui	O
contribuent,	O
dans	O
leur	O
articulation,	O
à	O
définir	O
ce	O
qui	O
fait	O
ou	O
non	O
office	O
de	O
savoir,	O
à	O
telle	O
époque	O
et	O
pour	O
telle	O
aire	O
géographique,	O
pour	O
une	O
société	O
donnée	O
ou	O
pour	O
l’une	O
de	O
ses	O
composantes	O
Nous	U-MISC
rejoignons,	O
dans	O
ce	O
privilège	O
accordé	O
aux	O
études	O
de	O
cas	O
localisées,	O
les	O
perspectives	O
de	O
la	O
micro-histoire.	O
Voir	O
Revel,	B-MISC
1996	L-MISC
;	O
Passeron	U-PER
et	O
Revel,	U-PER
2005.	O
.	O
Quatre	O
points	O
cardinaux	O
pour	O
un	O
horizon	O
théorique	O
Premier	U-PER
volume	O
d’une	O
série	O
de	O
quatre,	O
Espaces	U-PER
et	O
communautés,	O
est	O
construit	O
autour	O
d’une	O
question	O
centrale	O
:	O
comment	O
des	O
savoirs	O
en	O
viennent-ils	O
à	O
faire	O
corps	O
et	O
à	O
«	O
faire	O
lieu	O
»,	U-LOC
à	O
être	O
partagés	O
dans	O
des	O
collectifs,	O
à	O
organiser	O
des	O
territoires,	O
à	O
circuler	O
dans	O
des	O
réseaux	O
?	O
Un	O
premier	O
fil	O
conducteur	O
relie	O
les	O
contributions	O
:	O
les	O
logiques	O
qui	O
font	O
des	O
savoirs	O
une	O
entreprise	O
partagée.	O
Il	B-MISC
s’agit	I-MISC
de	I-MISC
comprendre	I-MISC
la	I-MISC
nature	I-MISC
des	I-MISC
liens	L-MISC
qui	O
rattachent	O
un	O
individu	O
à	O
un	O
groupe,	O
sous	O
les	O
formes	O
de	O
l’appartenance	U-MISC
et	O
de	O
l’intégration,	O
parfois	O
aussi	O
de	O
la	O
contestation	O
et	O
de	O
l’exclusion.	O
Les	O
communautés	O
savantes	O
inscrivent	O
les	O
savoirs	O
dans	O
un	O
espace	O
politique	O
:	O
non	O
seulement	O
celui	O
des	O
rapports	O
de	O
pouvoir,	O
de	O
la	O
règle	O
instituante	O
et	O
des	O
hiérarchies,	O
mais	O
aussi,	O
plus	O
fondamentalement,	O
celui	O
d’une	O
vie	O
et	O
d’un	O
travail	O
collectifs,	O
fondant	O
un	O
certain	O
mode	O
de	O
circulation	O
des	O
énoncés	O
et	O
des	O
idées,	O
délimitant	O
le	O
champ	O
du	O
pensable	O
et	O
du	O
dicible,	O
et	O
apportant	O
à	O
chacun	O
autorité	O
et	O
légitimation.	O
Les	O
savoirs	O
sont	O
ici	O
envisagés	O
comme	O
un	O
lien	O
social	O
qui	O
assigne	O
des	O
positions	O
et	O
des	O
tâches,	O
qui	O
attribue	O
des	O
fonctions	O
et	O
qui	O
reconnaît	O
des	O
spécialités,	O
contribuant	O
de	O
la	O
sorte	O
à	O
la	O
définition	O
de	O
normes	O
et	O
de	O
programmes,	O
à	O
la	O
réalisation	O
d’opérations	O
complexes,	O
comme	O
la	O
diffusion	O
dans	O
le	O
temps	O
et	O
dans	O
l’espace,	O
par	O
l’enseignement	O
ou	O
par	O
la	O
transmission.	O
Les	O
savoirs	O
sont	O
ainsi	O
un	O
objet	O
symbolique,	O
à	O
la	O
fois	O
trait	O
identitaire,	O
signe	O
de	O
reconnaissance,	O
valeur	O
d’échange,	O
instrument	O
de	O
pouvoir	O
et	O
lien	O
communautaire.	O
Cet	O
objet	O
symbolique	O
se	O
manifeste	O
dans	O
une	O
société	O
par	O
des	O
dynamiques	O
spatiales	O
spécifiques,	O
un	O
mode	O
particulier	O
d’inscription	O
territoriale,	O
déclinant	O
une	O
grande	O
variété	O
de	O
scénarios	O
entre	O
les	O
deux	O
pôles	O
de	O
la	O
fixation	O
et	O
de	O
la	O
circulation.	O
Le	O
second	O
fil	O
conducteur	O
invite	O
en	O
effet	O
à	O
considérer	O
les	O
savoirs	O
à	O
la	O
fois	O
comme	O
le	O
produit	O
et	O
comme	O
le	O
principe	O
constituant	O
de	O
configurations	O
spatiales,	O
d’une	O
géographie	O
qui	O
peut	O
recouper	O
et	O
croiser	O
les	O
découpages	O
de	O
la	O
géographie	O
physique,	O
politique,	O
économique,	O
linguistique	O
ou	O
religieuse,	O
ou	O
s’en	O
différencier	O
totalement.	O
Les	O
savoirs	O
circulent	O
grâce	O
à	O
ces	O
vecteurs	O
concrets,	O
vivants	O
ou	O
matériels,	O
que	O
sont	O
les	O
textes,	O
les	O
artefacts,	O
les	O
discours	O
et	O
les	O
langues,	O
les	O
agents	O
humains	O
et	O
les	O
techniques	O
de	O
communication.	O
La	O
géographie	O
de	O
cette	O
circulation	O
est	O
organisée	O
par	O
des	O
carrefours	O
et	O
des	O
relais,	O
des	O
voies	O
et	O
des	O
réseaux,	O
des	O
centres	O
et	O
des	O
périphéries.	O
Mais,	U-PER
simultanément,	O
les	O
savoirs	O
«	O
font	O
lieu	O
»	O
à	O
travers	O
des	O
institutions	O
qui	O
les	O
enracinent	O
et	O
déterminent	O
leur	O
sphère	O
d’influence,	O
sur	O
le	O
double	O
mode	O
de	O
l’attraction	O
et	O
de	O
la	O
diffusion.	O
Ils	O
peuvent	O
aussi	O
se	O
matérialiser	O
dans	O
un	O
dispositif	O
architectural	O
et	O
mobilier,	O
dans	O
une	O
collection	O
de	O
livres	O
ou	O
d’objets,	O
dans	O
une	O
institution	O
vouée	O
à	O
leur	O
production,	O
à	O
leur	O
archivage	O
ou	O
à	O
leur	O
rayonnement	O
public.	O
La	O
conception	O
de	O
ce	O
volume	O
et	O
sa	O
problématique	O
d’ensemble	O
ont	O
été	O
inspirées	O
par	O
différents	O
modèles	O
et	O
concepts	O
élaborés	O
dans	O
le	O
champ	O
de	O
l’histoire	O
culturelle	O
de	O
l’Europe	O
moderne	O
ou	O
de	O
la	O
sociologie	O
contemporaine	O
:	O
autant	O
de	O
points	O
cardinaux	O
qui,	O
dans	O
leur	O
éclectisme	O
et	O
leur	O
polyphonie,	O
ont	O
pu	O
organiser	O
l’un	O
des	O
horizons	O
théoriques	O
de	O
ce	O
projet,	O
sans	O
pour	O
autant	O
le	O
stabiliser	O
dans	O
un	O
cadre	O
univoque	O
et	O
dogmatique.	O
Le	B-MISC
premier	I-MISC
d’entre	L-MISC
eux	O
est	O
le	O
concept	O
de	O
«	O
mondes	O
sociaux	O
»,	U-LOC
introduit	O
par	O
Anselm	B-PER
Strauss	L-PER
et	O
le	O
courant	O
de	O
la	O
sociologie	O
interactionniste	O
de	O
Chicago	U-LOC
.	O
Construit	O
à	O
partir	O
de	O
l’observation	O
de	O
milieux	O
professionnels	O
contemporains,	O
en	O
particulier	O
les	O
métiers	O
de	O
la	O
santé,	O
ce	O
modèle	O
nous	O
a	O
frappé	O
à	O
la	O
fois	O
par	O
sa	O
dimension	O
programmatique,	O
son	O
efficacité	O
explicative	O
sur	O
les	O
cas	O
empiriques	O
les	O
plus	O
divers,	O
et	O
son	O
apport	O
potentiel	O
à	O
une	O
anthropologie	O
des	O
milieux	O
savants,	O
dans	O
l’immense	O
variété	O
de	O
leurs	O
ancrages	O
historiques	O
et	O
culturels	O
Nous	B-MISC
devons	L-MISC
à	O
Christiane	B-PER
Sinding	L-PER
le	O
repérage	O
de	O
ce	O
courant	O
sociologique	O
et	O
les	O
jalons	O
bibliographiques	O
qui	O
nous	O
ont	O
permis	O
d’en	O
saisir	O
la	O
pertinence	O
pour	O
notre	O
projet.	O
Voir	O
en	O
particulier	O
Strauss,	O
1992,	O
et	O
aussi	O
Strauss,	U-MISC
1975,	O
et	O
1991.	O
.	O
Il	O
redéfinit	O
aussi	O
les	O
liens	O
de	O
la	O
théorie	O
et	O
de	O
l’enquête	O
empirique,	O
en	O
assujettissant	O
la	O
première	O
au	O
rythme	O
heuristique	O
de	O
la	O
seconde	O
:	O
les	O
premiers	O
résultats	O
des	O
observations	O
de	O
terrain	O
ou	O
de	O
l’analyse	O
des	O
sources	O
conduisent	O
à	O
enrichir	O
progressivement	O
les	O
propositions	O
théoriques	O
initiales,	O
souvent	O
minimales,	O
voire	O
à	O
les	O
reformuler.	O
S’attachant	O
à	O
éclairer	O
les	O
conditions	O
de	O
réalisation	O
d’opérations	O
complexes,	O
le	O
modèle	O
des	O
«	O
mondes	O
sociaux	O
»	O
invite	O
à	O
observer	O
les	O
formes	O
de	O
synergie	O
d’acteurs	O
individuels	O
ou	O
collectifs	O
qui	O
déterminent	O
leurs	O
sphères	O
d’action	O
respectives	O
par	O
une	O
négociation	O
sur	O
les	O
objectifs,	O
les	O
moyens,	O
la	O
distribution	O
des	O
tâches,	O
les	O
étapes	O
de	O
réalisation	O
d’un	O
projet	O
partagé.	O
Qu’il	U-ORG
s’agisse	O
de	O
comprendre	O
la	O
répartition	O
des	O
rôles	O
dans	O
un	O
programme	O
de	O
recherche	O
associant	O
de	O
multiples	O
partenaires	O
institutionnels	O
(laboratoires	O
publics	O
et	O
privés,	O
agences	O
gouvernementales,	O
partenaires	O
industriels,	O
universités)	O
ou	O
les	O
conditions	O
de	O
la	O
prise	O
de	O
décision	O
et	O
de	O
la	O
coordination	O
de	O
l’action	O
dans	O
un	O
milieu	O
de	O
travail	O
restreint	O
et	O
situé	O
(par	O
exemple	O
un	O
service	O
hospitalier),	O
la	O
construction	O
d’une	O
idéologie	O
commune	O
sur	O
les	O
moyens	O
et	O
les	O
fins	O
d’une	O
action	O
collective	O
ou	O
les	O
modalités	O
de	O
résolution	O
des	O
conflits,	O
ce	O
modèle	O
s’écarte	O
de	O
la	O
sociologie	O
des	O
organisations	O
en	O
ceci	O
qu’il	O
place	O
au	O
centre	O
de	O
l’observation	O
les	O
acteurs	O
humains	O
et	O
leur	O
interaction	O
négociée,	O
dans	O
des	O
contextes	O
multiples	O
et	O
évolutifs,	O
déterminés	O
moins	O
par	O
des	O
organigrammes	O
que	O
par	O
la	O
spécificité	O
des	O
opérations	O
à	O
exécuter,	O
hic	O
et	O
nunc.	O
Il	O
éclaire	O
les	O
formes	O
de	O
réflexivité	O
du	O
groupe	O
sur	O
les	O
actions	O
à	O
accomplir,	O
sur	O
l’identité	O
à	O
assumer,	O
sur	O
les	O
antimodèles	O
à	O
combattre.	O
Il	O
montre	O
aussi	O
les	O
liens	O
complexes	O
qui	O
associent	O
les	O
protagonistes	O
principaux	O
et	O
les	O
agents	O
secondaires,	O
souvent	O
invisibles,	O
en	O
apparence	O
les	O
plus	O
éloignés	O
du	O
champ	B-LOC
de	I-LOC
l’action,	L-LOC
mais	O
tout	O
aussi	O
nécessaires	O
à	O
sa	O
réalisation.	O
Ces	O
liens	O
définissent	O
des	O
sphères	O
d’activité	O
et	O
une	O
répartition	O
des	O
rôles,	O
caractéristiques	O
d’un	O
«	O
monde	O
social	O
»	O
défini	O
par	O
l’accomplissement	O
d’un	O
certain	O
nombre	O
de	O
tâches	O
plus	O
que	O
par	O
une	O
formalisation	O
institutionnelle.	O
Cet	O
accent	O
mis	O
sur	O
les	O
dynamiques	O
de	O
l’action,	U-LOC
sur	O
la	O
fluidité	O
des	O
interactions	O
et	O
des	O
configurations	O
logistiques,	O
sur	O
les	O
échanges	O
et	O
la	O
circulation	O
nous	O
a	O
semblé	O
constituer	O
un	O
modèle	O
opératoire	O
majeur	O
pour	O
éclairer	O
le	O
fonctionnement	O
des	O
«	O
mondes	O
savants	O
»	O
présentés	O
dans	O
ce	O
volume	O
On	O
pourra	O
lire	O
dans	O
cette	O
perspective	O
les	O
chapitres	O
de	O
Jean-Jacques	B-PER
Glassner,	I-PER
Jérôme	I-PER
Delatour,	L-PER
Dominique	O
Poirel,	O
Kasper	O
Eskildsen,	O
Christiane	O
Sinding,	O
Jean-Pierre	B-PER
Drège,	L-PER
Anthony	B-PER
Grafton,	L-PER
Jean-François	B-PER
Gilmont,	I-PER
François	I-PER
Cavalier,	I-PER
Bruno	I-PER
J.	I-PER
Strasser,	L-PER
James	B-PER
E.	I-PER
McClellan,	I-PER
Benoît	L-PER
de	O
L’Estoile,	O
Sophie	O
Houdart,	O
Natacha	B-ORG
Massar,	L-ORG
Jean	B-PER
Lévi,	I-PER
Ad	L-PER
Tervoort,	O
Ziva	B-PER
Vesel	L-PER
et	O
Francis	B-PER
Richard,	I-PER
Éric	I-PER
Jolly,	I-PER
Emmanuel	I-PER
Benazera	L-PER
et	O
Nicolas	B-PER
Meuleau.	L-PER
Anne	B-PER
Goldgar,	I-PER
Carlos	L-PER
Lévy,	O
Micha	U-PER
Perry,	O
Corinne	B-PER
Bonnet	L-PER
et	O
Véréna	B-PER
Paravel.	L-PER
.	O
Un	O
deuxième	O
modèle	O
a	O
nourri	O
notre	O
réflexion	O
:	O
celui	O
d’une	O
anthropologie	O
historique	O
des	O
pratiques	O
sociales,	O
attentive	O
à	O
la	O
formalité	O
des	O
comportements,	O
à	O
la	O
présentation	O
de	O
soi	O
et	O
à	O
la	O
ritualité	O
des	O
gestes	O
et	O
de	O
la	O
parole.	O
Les	O
travaux	O
d’	O
Erwin	B-PER
Goffman	L-PER
et	O
d’	O
Edward	O
Hall	O
sur	O
les	O
modes	O
de	O
communication	O
verbale	O
et	O
non	O
verbale	O
et	O
sur	O
la	O
mise	O
en	O
scène	O
de	O
la	O
vie	O
au	O
quotidien	O
ont	O
en	O
effet	O
ouvert	O
la	O
voie	O
à	O
une	O
étude	O
des	O
interactions	O
interpersonnelles	O
dans	O
le	O
face-à-face	O
intersubjectif	O
comme	O
dans	O
l’espace	O
théâtralisé	O
d’une	O
communauté	O
et	O
de	O
son	O
autoreprésentation,	O
où	O
l’enjeu	O
est	O
l’intégration	O
de	O
l’individu	O
ou	O
au	O
contraire	O
sa	O
stigmatisation	O
Goffman,	U-MISC
1973	O
et	O
1974	O
;	O
Hall,	O
1978	O
et	O
1984.	O
.	O
Ce	O
modèle	O
sociologique,	O
lié	O
lui	O
aussi	O
à	O
l’école	O
de	O
Chicago	U-LOC
,	O
rejoint	O
des	O
travaux	O
relevant	O
d’une	O
histoire	O
des	O
comportements,	O
par	O
exemple	O
sur	O
les	O
pratiques	O
de	O
la	O
civilité	O
curiale	O
dans	O
l’Europe	O
moderne	O
Elias,	U-MISC
1985.	O
ou	O
sur	O
les	O
formes	O
de	O
la	O
sociabilité	O
savante	O
Voir	O
par	O
exemple	O
Waquet,	U-MISC
2003,	O
et,	U-MISC
pour	O
une	O
enquête	O
sur	O
un	O
milieu	O
savant	O
antique,	O
Jacob,	U-LOC
2001.	O
.	O
Si	O
l’anthropologue	O
ou	O
le	O
sociologue	O
des	O
sociétés	O
contemporaines	O
peuvent	O
construire	O
leur	O
objet	O
par	O
une	O
observation	O
directe	O
des	O
sujets	O
et	O
des	O
pratiques,	O
l’historien	O
dépend	O
de	O
la	O
médiation	O
des	O
sources,	O
matérielles,	O
iconographiques	O
ou	O
écrites.	O
Selon	O
les	O
contextes	O
historiques,	O
ces	O
sources	O
sont	O
partielles	O
et	O
fragmentaires	O
ou	O
s’articulent	O
en	O
de	O
riches	O
corpus,	O
mais	O
elles	O
sont	O
toujours	O
porteuses	O
de	O
discours	O
spécifiques	O
:	O
les	O
objets,	O
les	O
textes	O
et	O
les	O
images	O
reflètent	O
selon	O
des	O
prismes	O
particuliers	O
une	O
même	O
réalité	O
sociale	O
et	O
culturelle,	O
les	O
mêmes	O
codes	O
et	O
les	O
mêmes	O
valeurs.	O
La	O
spécificité	O
de	O
ce	O
prisme	O
est	O
aussi	O
importante	O
et	O
pertinente	O
que	O
les	O
contenus	O
informatifs	O
qu’il	O
contribue	O
à	O
sélectionner	O
et	O
à	O
hiérarchiser,	O
à	O
construire	O
ou	O
à	O
orienter,	O
à	O
valider	O
ou	O
à	O
contester,	O
à	O
incarner	O
dans	O
des	O
figures	O
exemplaires	O
ou	O
à	O
généraliser.	O
Les	O
angles	O
morts	O
de	O
la	O
réflexivité	O
comme	O
les	O
distorsions	O
des	O
stratégies	O
polémiques	O
ou	O
apologétiques,	O
l’autoréférence	O
des	O
codes	O
comme	O
les	O
traits	O
topiques	O
des	O
traditions	O
sont	O
autant	O
de	O
lieux	O
d’observation	O
possibles,	O
qui	O
conduisent	O
à	O
souligner	O
les	O
valeurs,	O
les	O
usages	O
et	O
les	O
comportements	O
partagés	O
dans	O
une	O
communauté	O
lettrée,	O
savante	O
ou	O
spirituelle	O
Ce	B-MISC
fil	I-MISC
relie	I-MISC
les	I-MISC
articles	L-MISC
de	O
Jérôme	B-PER
Delatour,	I-PER
Adeline	L-PER
Herrou,	O
Charles	B-PER
Guérin,	L-PER
Pierre-Henri	O
Durand,	O
François	O
Icher,	O
Hoyt	O
Tillman,	O
Christopher	O
Celenza,	O
Richard	O
Schneider,	B-PER
Paul	I-PER
Zanker,	I-PER
Ziva	I-PER
Vesel	L-PER
et	O
Francis	B-PER
Richard,	I-PER
Anne	I-PER
Goldgar,	I-PER
Corinne	I-PER
Bonnet.	L-PER
.	O
Un	O
troisième	O
modèle	O
concerne	O
la	O
construction	O
des	O
positions	O
dans	O
les	O
mondes	O
savants	O
:	O
par	O
position,	O
nous	O
entendons	O
autant	O
le	O
statut	O
professionnel	O
ou	O
institutionnel	O
que	O
la	O
place	O
dans	O
le	O
champ	O
social,	O
définie	O
par	O
un	O
ensemble	O
de	O
valeurs,	O
de	O
choix,	O
de	O
pratiques	O
et	O
de	O
manières	O
d’être	O
conscientes	O
ou	O
non,	O
déterminant	O
des	O
appartenances,	O
des	O
alliances,	O
des	O
distances,	O
des	O
clivages.	O
La	O
professionnalisation	O
de	O
l’activité	O
intellectuelle	O
est	O
un	O
processus	O
historique	O
complexe	O
où	O
l’émergence	O
des	O
spécialités,	O
des	O
institutions,	O
des	O
organisations	O
étatiques	O
joue	O
un	O
rôle	O
majeur,	O
dans	O
ses	O
multiples	O
rythmes	O
temporels	O
et	O
traductions	O
culturelles.	O
La	O
figure	O
de	O
l’universitaire	O
occidental,	O
dans	O
ses	O
diverses	O
déclinaisons	O
nationales,	O
se	O
prête	O
par	O
excellence	O
à	O
une	O
telle	O
approche	O
comparatiste	O
et	O
archéologique	O
Cette	B-MISC
comparaison,	L-MISC
entre	O
le	O
professeur	O
allemand	O
et	O
américain	O
est	O
déjà	O
esquissée	O
dans	O
la	O
conférence	O
de	O
Max	B-PER
Weber,	L-PER
«	O
La	O
profession	O
et	O
la	O
vocation	O
de	O
savant	O
»	O
(nov.	O
1917),	O
in	O
Weber,	U-MISC
2003.	O
Voir	O
Clark,	U-MISC
2006,	O
et,	O
dans	O
ce	O
volume,	O
les	O
contributions	O
de	O
William	B-PER
Clark,	L-PER
Dominique	O
Poirel,	O
Kasper	B-MISC
Eskildsen,	L-MISC
Paul	O
Zanker,	O
Ad	O
Tervoort,	O
Corinne	B-PER
Bonnet	L-PER
et	O
Céline	U-PER
Trautmann-Waller.	O
.	O
Mais	O
ce	O
statut	O
professionnel	O
ne	O
prend	O
sens	O
qu’à	O
l’intérieur	O
d’un	O
champ	O
social	O
plus	O
large,	O
dont	O
la	O
structure	O
résulte	O
d’un	O
rapport	O
de	O
force	O
entre	O
les	O
individus,	O
les	O
pouvoirs	O
qu’ils	O
détiennent	O
et	O
les	O
institutions	O
qu’ils	O
représentent.	O
Les	O
travaux	O
de	O
Pierre	B-PER
Bourdieu	L-PER
sur	O
l’enseignement	O
supérieur	O
en	O
France	U-LOC
ont	O
mis	O
en	O
lumière	O
aussi	O
bien	O
les	O
lignes	O
de	O
fracture	O
et	O
de	O
conflit	O
de	O
ce	O
milieu	O
professionnel	O
que	O
les	O
dynamiques	O
de	O
reproduction	O
(et	O
parfois	O
de	O
contestation)	O
d’un	O
système	O
reposant	O
sur	O
l’intériorisation	O
inconsciente	O
et	O
non	O
intentionnelle,	O
chez	O
les	O
sujets,	O
de	O
l’«	O
habitus	O
universitaire	O
Bourdieu,	U-MISC
1984.	O
«.	O
Cet	O
«	O
instinct	O
social	O
de	O
conservation	O
»	O
détermine	O
les	O
procédures	O
du	O
recrutement	O
et	O
de	O
la	O
cooptation,	O
mais	O
aussi	O
l’unité	O
de	O
style	O
qui	O
relie	O
les	O
pratiques,	O
les	O
biens	O
et	O
les	O
manières	O
(d’être,	O
de	O
dire,	O
de	O
faire)	B-ORG
d’une	L-ORG
classe	O
d’agents	O
et	O
qui	O
leur	O
confère	O
un	O
caractère	O
distinct	O
et	O
distinctif.	O
La	O
logique	O
du	O
champ	O
joue	O
ainsi	O
un	O
rôle	O
essentiel	O
dans	O
la	O
constitution	O
des	O
«	O
communautés	O
savantes	O
»,	U-LOC
tant	O
dans	O
leur	O
dimension	O
corporative	O
que	O
dans	O
l’autoreprésentation	O
de	O
leur	O
activité,	O
de	O
leur	O
déontologie	O
et	O
de	O
leur	O
conception	O
même	O
du	O
savoir	O
Cette	O
problématique	O
permettrait	O
notamment	O
de	O
relier	O
les	O
textes	O
de	O
Stéphan	B-PER
Dugast,	I-PER
William	L-PER
Clark,	O
Benjamin	O
A.	O
Elman,	O
Jérôme	O
Delatour,	O
Charles	B-PER
Guérin,	L-PER
François	O
Icher,	O
Christopher	O
Celenza,	O
Richard	O
Schneider,	O
Paul	B-PER
Zanker,	L-PER
Ad	O
Tervoort,	O
Corinne	O
Bonnet,	O
Véréna	B-PER
Paravel,	I-PER
Céline	L-PER
Trautmann-Waller.	O
.	O
Le	O
quatrième	O
point	O
cardinal	O
est	O
constitué	O
par	O
un	O
type	O
de	O
problématique	O
plus	O
que	O
par	O
un	O
cadre	O
conceptuel	O
stricto	O
sensu.	O
La	O
spatialité	O
est	O
ici	O
considérée	O
comme	O
un	O
élément	O
qui	O
structure	O
toute	O
activité	O
humaine	O
:	O
si	O
les	O
religions,	O
les	O
arts,	O
les	O
littératures	O
ont	O
pu	O
être	O
étudiés	O
et	O
éclairés	O
sous	O
la	O
forme	O
de	O
l’atlas	O
Je	O
pense	O
en	O
particulier	O
à	O
une	O
série	O
d’ouvrages	O
publiés	O
par	O
l’Encyclopaedia	O
Universalis	U-LOC
:	O
Le	O
Grand	B-MISC
Atlas	L-MISC
des	O
religions,	O
éd.	O
Ch.	B-ORG
Baladier,	I-ORG
Paris,	I-ORG
1988	L-ORG
;	O
Le	B-MISC
Grand	I-MISC
Atlas	L-MISC
des	O
littératures,	O
éd.	O
G.	B-PER
Quinsat,	I-PER
Paris,	I-PER
1990	L-PER
;	O
Le	B-MISC
Grand	I-MISC
Atlas	L-MISC
de	O
l’art,	O
éd.	O
Chr.	O
Flon,	B-PER
Paris,	I-PER
1993.	L-PER
,	O
il	O
en	O
va	O
de	O
même	O
des	O
savoirs	O
et	O
des	O
sciences,	O
des	O
langues	O
et	O
des	O
techniques.	O
Mettre	U-PER
le	O
lieu	O
au	O
premier	O
plan	O
revient	O
à	O
s’interroger	O
sur	O
les	O
modalités	O
de	O
l’inscription	O
spatiale	O
des	O
savoirs	O
:	O
espace	O
d’interaction	O
et	O
de	O
performance,	O
constitué	O
par	O
les	O
acteurs	O
qui	O
s’y	O
assemblent,	O
dans	O
le	O
temps	O
d’un	O
événement	O
unique	O
ou	O
cyclique	O
;	O
lieu	O
matérialisé	O
et	O
construit,	O
qui	O
se	O
prête	O
à	O
l’accumulation	O
de	O
l’archive	O
comme	O
au	O
déploiement	O
des	O
instruments	O
et	O
des	O
objets,	O
et	O
qui	O
en	O
vient	O
à	O
refléter	O
une	O
conception	O
particulière	O
du	O
savoir,	O
indépendamment	O
des	O
individus	O
qui	O
le	O
pratiquent	O
:	O
écoles,	O
laboratoires,	O
musées,	O
bibliothèques,	O
scriptoria.	O
L’émergence	O
de	O
ces	O
lieux	O
dédiés,	O
fixes	O
ou	O
éphémères,	O
ouvre	O
la	O
voie	O
à	O
une	O
approche	O
dynamique	O
des	O
savoirs	O
:	O
en	O
termes	O
de	O
zones	O
d’influence,	O
de	O
forces	O
centrifuges	O
et	O
centripètes,	O
mais	O
aussi	O
de	O
circulation	O
et	O
de	O
traduction.	O
Les	B-LOC
dynamiques	I-LOC
du	I-LOC
métissage,	L-LOC
de	O
l’appropriation	O
par	O
une	O
culture	O
d’un	O
héritage	O
allogène,	O
de	O
l’universalisation	O
de	O
certains	O
savoirs	O
ou	O
d’une	O
certaine	O
idée	O
de	O
la	O
science,	O
qui	O
seront	O
au	O
cœur	O
du	O
quatrième	O
volume,	O
ne	O
sont	O
possibles	O
que	O
parce	O
que	O
des	O
hommes	O
et	O
des	O
livres,	O
des	O
artefacts	O
et	O
des	O
instruments	O
voyagent	O
et	O
circulent	O
selon	O
des	O
trajectoires	O
multiples,	O
en	O
suivant	O
les	O
routes	O
du	O
commerce	O
ou	O
de	O
l’exploration,	U-MISC
de	O
la	O
conquête	O
ou	O
de	O
l’exil.	O
Fonder,	U-MISC
délocaliser,	O
circuler,	O
explorer,	O
converger,	O
déployer	O
un	O
réseau,	O
aller	O
du	O
centre	O
vers	O
la	O
périphérie,	O
agir	O
depuis	O
le	O
centre	O
sur	O
la	O
périphérie,	O
autant	O
d’actions	O
qui	O
nous	O
semblent	O
constitutives	O
d’une	O
histoire	O
spatiale	O
des	O
savoirs	O
:	O
ces	O
opérations	O
inspirent	O
un	O
questionnement	O
portant	O
aussi	O
bien	O
sur	O
la	O
matérialité	O
des	O
voies	O
de	O
communication	O
que	O
sur	O
les	O
dynamiques	O
sociales	O
de	O
la	O
circulation,	O
autant	O
sur	O
la	O
construction	O
des	O
configurations	O
locales	O
et	O
régionales	O
que	O
sur	O
leur	O
représentation	O
réflexive,	O
dans	O
les	O
textes	O
savants	O
eux-mêmes	O
Le	B-MISC
livre	I-MISC
de	I-MISC
Livingstone,	I-MISC
2003,	L-MISC
est	O
venu	O
enrichir	O
notre	O
réflexion	O
alors	O
que	O
ce	O
volume	O
était	O
déjà	O
en	O
construction.	O
Le	O
questionnement	O
spatial	O
et	O
géographique	O
relie	O
les	O
textes	O
de	O
Jean-François	B-PER
Gilmont,	L-PER
de	O
Sophie	O
Houdart,	O
de	O
Natacha	O
Massar,	O
de	O
Jean	B-PER
Lévi,	L-PER
d’Ad	O
Tervoort,	B-MISC
de	I-MISC
Ziva	I-MISC
Vesel	L-MISC
et	O
Francis	B-PER
Richard,	I-PER
d’Éric	I-PER
Jolly,	L-PER
d’Emmanuel	O
Benazera	U-MISC
et	O
Nicolas	B-PER
Meuleau,	I-PER
de	I-PER
Madalina	I-PER
Dana,	L-PER
d’Éric	O
Trombert,	B-MISC
d’Anne	I-MISC
Goldgar,	L-MISC
d’Éric	O
Guichard,	U-MISC
de	O
Carlos	B-PER
Lévy,	L-PER
de	O
Micha	B-PER
Perry,	L-PER
de	O
Corinne	B-PER
Bonnet,	L-PER
de	O
Véréna	B-PER
Paravel,	L-PER
de	O
Javier	B-PER
Teixidor,	I-PER
d’Antonella	I-PER
Romano	L-PER
et	O
Stéphane	B-PER
Van	I-PER
Damme,	L-PER
de	O
Céline	U-PER
Trautmann-Waller,	O
de	O
Madhav	B-PER
Deshpande,	L-PER
de	O
Georgy	B-PER
Lappo	L-PER
et	O
Pavel	B-PER
Polian.	L-PER
.	O
Itinéraire	O
et	O
cartes	O
régionales	O
Le	O
parcours	O
proposé	O
dans	O
ce	O
volume	O
se	O
déroule	O
en	O
quatre	O
étapes	O
qui	O
conduisent	O
de	O
la	O
formation	O
des	O
communautés	O
aux	O
lieux	O
du	O
travail	O
savant,	O
puis	O
aux	O
logiques	O
territoriales	O
qui	O
à	O
leur	O
tour	O
déterminent	O
la	O
mobilité	O
des	O
acteurs	O
et	O
la	O
circulation	O
des	O
savoirs.	O
Une	O
partie	O
conclusive	O
noue	O
ces	O
fils	O
en	O
présentant	O
des	O
villes	O
qui,	O
à	O
un	O
moment	O
de	O
l’histoire,	O
ont	O
incarné	O
une	O
conception	O
particulière	O
du	O
savoir	O
ou	O
de	O
la	O
science,	O
à	O
travers	O
la	O
conjonction	O
des	O
institutions	O
et	O
des	O
instruments	O
de	O
travail,	O
d’un	O
projet	O
intellectuel	O
ou	O
politique	O
des	O
communautés	O
savantes.	O
Ce	O
parcours	O
suit	O
un	O
itinéraire	O
parmi	O
d’autres	O
possibles,	O
à	O
la	O
fois	O
systématique	O
et	O
problématisant,	O
permettant	O
des	O
changements	O
d’échelle	O
et	O
de	O
focalisation,	O
depuis	O
les	O
destins	O
individuels	O
qui	O
se	O
jouent	O
dans	O
la	O
constitution	O
des	O
communautés	O
savantes	O
jusqu’aux	O
phénomènes	O
culturels	O
et	O
historiques	O
plus	O
larges,	O
résultant	O
de	O
causalités	O
complexes	O
où	O
sont	O
impliqués	O
de	O
multiples	O
facteurs.	O
Les	O
études	O
de	O
cas	O
confrontées	O
à	O
chacune	O
des	O
étapes	O
ne	O
prétendent	O
pas	O
à	O
une	O
portée	O
universelle	O
:	O
leur	O
exemplarité	O
reste	O
singulière,	O
située	O
dans	O
un	O
temps	O
historique	O
et	O
un	O
espace	O
culturel	O
donnés,	O
et	O
elles	O
visent	O
moins	O
à	O
illustrer	O
le	O
thème	O
qui	O
les	O
associe	O
qu’à	O
transformer	O
son	O
intitulé	O
en	O
questionnement,	O
susceptible	O
d’éclairer	O
des	O
mécanismes	O
complexes	O
et	O
pluriels.	O
Expliciter	U-LOC
ces	O
questionnements	O
est	O
du	O
reste	O
la	O
fonction	O
des	O
brefs	O
textes	O
placés	O
en	O
tête	O
de	O
chaque	O
section,	O
chargés	O
d’ouvrir	O
des	O
perspectives	O
plus	O
générales.	O
Dérouler	U-PER
cet	O
itinéraire	O
va	O
permettre	O
d’en	O
dégager	O
la	O
logique	O
et	O
les	O
intentions.	O
Le	O
premier	O
territoire	O
traversé,	O
«	O
Communauté	U-LOC
et	O
institution	O
»,	U-LOC
est	O
celui	O
du	O
lien	O
et	O
de	O
la	O
règle	O
par	O
lesquels	O
des	O
acteurs	O
individuels	O
s’assemblent	O
et	O
partagent	O
un	O
style	O
de	O
vie	O
et	O
une	O
quête	O
intellectuelle	O
ou	O
spirituelle,	O
ou	O
encore	O
exercent	O
une	O
fonction	O
sociale	O
particulière.	O
Dynamiques	U-LOC
de	O
l’agrégation,	U-LOC
mais	O
aussi	O
de	O
la	O
formalisation	O
d’un	O
projet	O
et	O
d’une	O
organisation	O
qui	O
en	O
assure	O
la	O
pérennité	O
au-delà	O
des	O
individus	O
qui	O
l’ont	O
instituée.	O
Entrer	U-PER
dans	O
une	O
communauté	O
savante	O
suppose	O
que	O
l’on	O
franchisse	O
les	O
seuils	O
de	O
la	O
cooptation,	O
de	O
la	O
sélection,	O
de	O
la	O
compétition,	O
voire	O
de	O
l’initiation,	U-MISC
qui	O
valident	O
aussi	O
bien	O
une	O
compétence	O
intellectuelle	O
et	O
technique	O
que	O
la	O
transformation	O
du	O
statut	O
personnel	O
et	O
social	O
de	O
l’impétrant.	O
La	O
lecture	O
des	O
travaux	O
de	O
Pierre	B-PER
Bourdieu	L-PER
sur	O
les	O
concours	O
dans	O
l’Université	O
française,	O
en	O
particulier	O
le	O
concours	O
d’entrée	O
à	O
l’École	O
normale	O
supérieure	O
Bourdieu,	U-PER
1981	O
et	O
1984.	O
,	O
a	O
nourri	O
ce	O
questionnement	O
que	O
nous	O
avons	O
voulu	O
lier	O
à	O
la	O
problématique	O
des	O
rites	O
de	O
passage	O
qui,	O
dans	O
les	O
sociétés	O
traditionnelles,	O
marquent	O
la	O
transition	O
d’une	O
classe	O
d’âge	O
à	O
l’autre	O
ou	O
l’acquisition	O
d’un	O
savoir	O
ou	O
d’une	O
compétence	O
particulière.	O
La	B-MISC
formalité	I-MISC
des	I-MISC
examens	I-MISC
universitaires,	L-MISC
au	O
centre	O
du	O
recrutement	O
massif	O
des	O
élites	O
administratives	O
de	O
la	B-LOC
Chine	L-LOC
impériale	O
présenté	O
par	O
Benjamin	B-PER
A.	I-PER
Elman	L-PER
,	O
comme	O
du	O
cérémonial	O
de	O
la	O
thèse	O
dont	O
William	B-PER
Clark	L-PER
entreprend	O
l’archéologie	O
européenne,	O
entre	O
ainsi	O
en	O
résonance	O
avec	O
le	O
rituel	O
d’initiation	O
du	O
devin	O
bassar,	O
observé	O
et	O
analysé	O
par	O
Stéphan	B-PER
Dugast	L-PER
au	O
Nord-	B-LOC
Togo	L-LOC
.	O
Le	O
déroulement	O
concret	O
de	O
ces	O
épreuves	O
qualifiantes	O
(lieu,	O
temps,	O
instruments,	O
intervenants),	O
leur	O
degré	O
de	O
publicité	O
et	O
d’ésotérisme,	O
les	O
institutions	O
et	O
les	O
communautés	O
impliquées	O
dans	O
le	O
contrôle	O
de	O
leur	O
recrutement,	O
les	O
qualités	O
privilégiées	O
dans	O
ces	O
procédures,	O
qualités	O
innées,	O
voire	O
prédestinantes,	O
ou	O
compétences	O
acquises,	O
constituent	O
différents	O
«	O
comparables	O
»	O
au	O
cœur	O
de	O
cette	O
première	O
section.	O
Appartenir	U-PER
à	O
une	O
communauté,	O
c’est	U-MISC
faire	O
l’expérience	O
du	O
lien,	O
à	O
la	O
fois	O
dans	O
la	O
synchronie	O
d’une	O
collégialité	O
et	O
dans	O
la	O
diachronie	O
d’une	O
généalogie,	O
biologique	O
ou	O
élective.	O
Il	O
est	O
question	O
dans	O
ce	O
chapitre	O
de	O
positions,	O
constitutives	O
d’un	O
statut	O
et	O
d’une	O
identité,	O
d’une	O
vocation	O
ou	O
d’une	O
compétence,	O
dans	O
des	O
structures	O
qui	O
s’appuient	O
sur	O
le	O
modèle	O
de	O
la	O
fratrie	O
ou	O
de	O
la	O
lignée	O
patrilinéaire	O
pour	O
réguler	O
la	O
transmission	O
des	O
savoirs	O
et	O
des	O
textes	O
(les	O
scribes	O
mésopotamiens	O
présentés	O
par	O
Jean-Jacques	B-PER
Glassner	L-PER
)	O
ainsi	O
que	O
la	O
progression	O
personnelle	O
dans	O
un	O
cheminement	O
spirituel	O
(les	O
moines	O
taoïstes	O
dans	O
la	B-LOC
Chine	L-LOC
contemporaine	O
étudiés	O
par	O
Adeline	B-PER
Herrou	L-PER
)	O
ou	O
la	O
circulation	O
de	O
la	O
parole	O
et	O
la	O
construction	O
d’une	O
opinion	O
critique	O
et	O
politique	O
dans	O
un	O
cabinet	O
lettré	O
de	O
l’époque	O
moderne	O
(le	O
cabinet	O
Dupuy	U-LOC
exposé	O
par	O
Jérôme	B-PER
Delatour	L-PER
)	O
Notre	O
réflexion	O
s’est	O
inspirée	O
des	O
travaux	O
sur	O
la	O
civilité	O
et	O
les	O
formes	O
de	O
sociabilité	O
lettrée	O
dans	O
l’Europe	O
moderne.	O
Un	B-MISC
premier	I-MISC
courant	I-MISC
part	I-MISC
du	I-MISC
texte	I-MISC
fondateur	L-MISC
de	O
Baldassare	U-LOC
Castiglione,	O
Le	B-MISC
Livre	I-MISC
du	I-MISC
courtisan	I-MISC
(1528)	L-MISC
:	O
voir	O
en	O
particulier	O
Elias,	U-MISC
1985	O
;	O
Revel,	U-MISC
1999.	O
Sur	O
les	O
salons,	O
voir	O
Lilti,	U-MISC
2005.	O
Sur	B-MISC
la	I-MISC
conversation	L-MISC
:	O
Fumaroli,	O
1992.	O
Le	O
rôle	O
de	O
la	O
civilité	O
dans	O
les	O
pratiques	O
savantes	O
de	O
l’Europe	O
moderne	O
a	O
été	O
mis	O
en	O
évidence	O
notamment	O
par	O
Shapin,	U-PER
1994	O
;	O
Biaggioli,	U-MISC
1995.	O
Le	B-MISC
travail	L-MISC
mené	O
dans	O
le	O
GDR	U-ORG
«	O
Les	O
mondes	O
lettrés	O
»	O
sur	O
cette	O
problématique	O
(séminaire,	O
workshop)	U-MISC
a	O
donné	O
lieu	O
à	O
une	O
publication	O
d’étape,	O
sous	O
la	O
forme	O
d’un	O
ensemble	O
de	O
quatre	O
contributions	O
(Cezary	O
Galewicz,	B-PER
Jean-Jacques	I-PER
Glassner,	I-PER
Alfred-Louis	L-PER
de	O
Prémare	U-PER
et	O
Christian	B-PER
Jacob)	L-PER
publiées	O
dans	O
Annales	B-MISC
HSS,	L-MISC
3,	O
mai-juin	O
2005,	O
p.	O
479-571.	O
.	O
Le	O
groupe	O
est	O
aussi	O
lié	O
par	O
des	O
valeurs	O
partagées	O
qui	O
échappent	O
à	O
l’enseignement	O
ou	O
à	O
la	O
définition	O
explicite	O
et	O
ne	O
peuvent	O
être	O
saisies	O
que	O
par	O
un	O
lent	O
processus	O
d’assimilation	O
au	O
contact	O
des	O
pairs.	O
Qu’il	B-MISC
s’agisse	L-MISC
de	O
l’éthos	O
de	O
l’orateur	O
romain	O
(Charles	O
Guérin),	U-MISC
des	O
qualités	O
du	O
lettré	O
chinois	O
(Pierre-Henri	O
Durand)	O
ou	O
de	O
l’esprit	O
du	O
compagnonnage	O
occidental	O
(	O
François	B-PER
Icher	L-PER
),	O
ces	O
valeurs	O
s’incarnent	O
dans	O
les	O
gestes	O
et	O
les	O
manières	O
d’être,	O
dans	O
la	O
présentation	O
de	O
soi	O
comme	O
dans	O
un	O
style	O
particulier	O
qui	O
exprime	O
l’appartenance	U-MISC
à	O
une	O
élite	O
et	O
l’ancrage	O
dans	O
une	O
tradition.	O
Implicites	U-LOC
car	O
souvent	O
indicibles,	O
elles	O
mettent	O
en	O
scène	O
l’autoreprésentation	O
de	O
la	O
communauté	O
dans	O
un	O
jeu	O
subtil	O
entre	O
la	O
norme	O
et	O
la	O
déclinaison	O
de	O
ses	O
variables	O
individuelles,	O
qui	O
sous-tend,	O
en	O
particulier,	O
les	O
traditions	O
biographiques,	O
entre	O
hagiographie	O
et	O
édification	O
Plusieurs	O
lectures	O
nous	O
ont	O
guidé	O
dans	O
cette	O
réflexion	O
:	O
Goldgar,	U-MISC
1995	O
;	O
Wild,	U-LOC
2001	O
;	O
Ibn	U-PER
Sa’d,	O
1990	O
;	O
Dai	U-MISC
Minghsi,	O
1998	O
;	O
Ji	B-MISC
Yun,	I-MISC
1998	L-MISC
;	O
Zhang	U-PER
Dai,	O
1995.	O
.	O
L’histoire	O
des	O
académies,	O
des	O
écoles	O
et	O
des	O
courants	O
religieux	O
fournit	O
maints	O
exemples	O
du	O
processus	O
de	O
l’institutionnalisation.	O
Nous	B-MISC
avons	I-MISC
choisi	I-MISC
de	I-MISC
privilégier	L-MISC
le	O
moment	O
où	O
une	O
communauté	O
construit	O
son	O
identité	O
propre	O
sous	O
la	O
forme	O
d’un	O
cadre	O
régulant	O
la	O
vie	O
et	O
l’activité	O
de	O
ses	O
membres,	O
mais	O
aussi	O
d’un	O
programme	O
intellectuel	O
ou	O
spirituel	O
apte	O
à	O
être	O
reproduit	O
dans	O
l’espace	O
et	O
transmis	O
dans	O
le	O
temps	O
:	O
par	O
l’institutionnalisation,	O
une	O
communauté	O
rend	O
possible	O
son	O
renouvellement	O
et	O
l’accomplissement	O
d’un	O
projet	O
qui	O
dépasse	O
le	O
destin	O
des	O
individus	O
qui	O
le	O
réalisent.	O
Écrite	U-MISC
ou	O
orale,	O
objectivée	O
ou	O
intériorisée	O
par	O
chacun,	O
fruit	O
d’un	O
consensus	O
ou	O
imposée	O
par	O
un	O
fondateur,	O
la	O
règle	O
communautaire	O
définit	O
un	O
style	O
de	O
vie	O
qui,	O
au-delà	O
des	O
projets	O
de	O
savoir	O
ou	O
de	O
cheminement	O
intérieur,	O
organise	O
les	O
rythmes	O
du	O
quotidien,	O
les	O
gestes	O
et	O
les	O
interactions,	O
la	O
distribution	O
des	O
tâches	O
et	O
les	O
sources	O
de	O
l’autorité.	O
Les	O
communautés	O
présentées	O
dans	O
cette	O
section	O
prennent	O
la	O
forme,	O
selon	O
des	O
modalités	O
diverses,	O
de	O
l’école	O
et	O
du	O
monastère.	O
Si	O
Dominique	B-PER
Poirel	L-PER
éclaire	O
le	O
moment	O
d’une	O
fondation,	O
avec	O
la	O
création	O
de	O
l’école	O
de	O
Saint-Victor	U-LOC
dans	O
le	O
paysage	O
médiéval	O
des	O
universités	O
parisiennes,	O
Renée	B-PER
Koch-Piettre	L-PER
,	O
Hoyt	B-PER
Tillman	L-PER
et	O
Bernard	B-PER
Faure	L-PER
évoquent	O
des	O
milieux	O
qui	O
se	O
situent	O
dans	O
la	O
temporalité	O
longue	O
d’une	O
tradition	O
philosophique,	O
religieuse	O
ou	O
lettrée	O
:	O
la	O
règle	O
communautaire,	O
s’appuyant	O
ou	O
non	O
sur	O
des	O
textes,	O
prescrit	O
les	O
modalités	O
de	O
l’enseignement	O
comme	O
les	O
pratiques	O
de	O
la	O
méditation	O
ou	O
de	O
l’étude,	O
indissociablement	O
liées	O
à	O
la	O
codification	O
des	O
moments	O
du	O
quotidien	O
Notre	B-MISC
réflexion	L-MISC
est	O
partie	O
de	O
l’histoire	O
des	O
écoles	O
philosophiques	O
antiques,	O
à	O
travers	O
la	O
lecture	O
des	O
Vies	B-MISC
et	I-MISC
opinions	I-MISC
des	I-MISC
philosophes	I-MISC
illustres	L-MISC
de	O
Diogène	B-PER
Laërce,	L-PER
et	O
les	O
travaux	O
de	O
Pierre	B-PER
Hadot	L-PER
et	O
Carlo	B-PER
Natali	L-PER
(Hadot,	O
1995	O
et	O
2002	O
;	O
Natali,	U-LOC
1991).	O
.	O
Après	O
nous	O
être	O
interrogé	O
sur	O
les	O
mécanismes	O
multiples	O
conduisant	O
des	O
individus	O
à	O
entrer	O
dans	O
une	O
communauté	O
qui	O
détermine	O
leur	O
style	O
de	O
vie	O
et	O
d’activité,	O
mais	O
aussi	O
leur	O
identité	O
et	O
leur	O
place	O
dans	O
une	O
tradition,	O
nous	O
entamons	O
l’exploration	O
d’un	O
second	O
territoire	O
:	O
les	O
«	O
Lieux	U-LOC
du	O
travail	O
savant	O
».	B-MISC
L’environnement	I-MISC
architectural	L-MISC
et	O
matériel	O
est	O
au	O
cœur	O
de	O
l’enquête,	O
moins	O
dans	O
ses	O
composantes	O
instrumentales	O
ou	O
fonctionnelles	O
Le	B-MISC
volume	I-MISC
II	I-MISC
des	I-MISC
Lieux	L-MISC
de	O
savoir	O
reviendra	O
sur	O
le	O
rôle	O
des	O
objets	O
et	O
des	O
instruments	O
dans	O
le	O
travail	O
intellectuel.	O
que	O
pour	O
son	O
rôle	O
essentiel	O
dans	O
la	O
représentation	O
ou	O
l’autoreprésentation	O
de	O
l’activité	O
savante,	O
voire	O
d’une	O
certaine	O
idée	O
du	O
savoir	O
lui-même.	O
Il	B-MISC
ne	I-MISC
s’agit	I-MISC
pas	I-MISC
de	I-MISC
retracer	I-MISC
l’émergence	I-MISC
historique	I-MISC
des	I-MISC
lieux	I-MISC
dédiés	I-MISC
à	I-MISC
la	I-MISC
pratique	I-MISC
des	I-MISC
savoirs,	L-MISC
mais	O
plutôt	O
de	O
souligner	O
les	O
liens	O
entre	O
certaines	O
configurations	O
architecturales	O
et	O
mobilières,	O
et	O
des	O
opérations	O
intellectuelles	O
singulières,	O
celles	O
de	O
la	O
science,	O
mais	O
aussi	O
des	O
disciplines	O
lettrées	O
et	O
érudites.	O
Alors	O
que	O
l’ensemble	O
de	O
ce	O
territoire	O
est	O
bien	O
balisé	O
par	O
le	O
riche	O
courant	O
des	O
études	O
récentes	O
sur	O
ce	O
lieu	O
de	O
savoir	O
particulier	O
qu’est	O
le	O
laboratoire	O
scientifique	O
occidental	O
à	O
l’époque	O
moderne	O
et	O
contemporaine,	O
c’est	U-MISC
sur	O
le	O
mode	O
du	O
paradoxe	O
que	O
nous	O
avons	O
choisi	O
de	O
commencer	O
le	O
parcours	O
par	O
des	O
espaces	O
où	O
se	O
reflète	O
l’activité	O
lettrée	O
individuelle,	O
entre	O
intimité	O
et	O
ostentation.	O
Le	O
studiolo	O
de	O
la	O
Renaissance	O
italienne	O
(	O
Christopher	B-PER
Celenza	L-PER
),	O
le	O
pavillon	O
du	O
lettré	O
chinois	O
au	O
temps	O
des	O
Ming	U-MISC
(	O
Richard	B-PER
Schneider	L-PER
)	O
et	O
la	O
maison	O
d’un	O
professeur	O
allemand	O
au	O
xix	O
e	O
siècle	O
(Paul	O
Zanker)	U-PER
sont	O
en	O
effet	O
autant	O
d’univers	O
architecturaux,	O
paysagers	O
et	O
matériels,	O
donnant	O
à	O
lire,	O
à	O
travers	O
les	O
signes	O
et	O
les	O
objets,	O
la	O
position	O
de	O
l’individu	O
dans	O
un	O
réseau	O
de	O
traditions	O
et	O
de	O
références,	O
intellectuelles,	O
sociales,	O
politiques	O
et	O
religieuses,	O
et	O
la	O
mise	O
en	O
scène	O
d’une	O
certaine	O
conception	O
de	O
la	O
culture	O
et	O
de	O
l’activité	O
savante.	O
Entre	O
l’intimité	O
propice	O
à	O
l’étude	O
et	O
à	O
la	O
méditation	O
et	O
la	O
composition	O
d’un	O
discours	O
identitaire	O
à	O
base	O
de	O
signes	O
et	O
d’objets,	O
destiné	O
à	O
être	O
vu	O
et	O
lu,	O
l’opposition	O
n’est	U-MISC
qu’apparente.	O
Ces	O
trois	O
contributions	O
montrent	O
en	O
réalité	O
combien	O
les	O
choix	O
esthétiques	O
qui	O
organisent	O
l’espace	O
privé	O
sont	O
régis	O
par	O
un	O
désir	O
d’appartenance	O
et	O
d’ancrage,	O
dans	O
une	O
caste	O
comme	O
dans	O
une	O
généalogie	O
L’importance	O
de	O
la	O
mise	O
en	O
scène	O
esthétique	O
et	O
symbolique	O
de	O
l’intimité	O
studieuse	O
est	O
soulignée	O
en	O
particulier	O
par	O
Rice,	B-ORG
1985,	I-ORG
Thornton,	L-ORG
1997,	O
et	O
Clunas,	O
2004.	O
.	O
Certaines	O
formes	O
de	O
savoir,	O
en	O
revanche,	O
présupposent	O
des	O
lieux	O
adaptés	O
au	O
travail	O
collectif,	O
avec	O
des	O
instruments	O
et	O
une	O
infrastructure	O
particulière.	O
Nous	B-MISC
avons	I-MISC
choisi	L-MISC
trois	O
moments	O
qui	O
pourraient	O
s’inscrire	O
dans	O
une	O
archéologie	O
du	O
laboratoire,	O
des	O
premiers	O
lieux	O
partagés	O
aux	O
installations	O
de	O
la	O
«	O
Big	B-MISC
Science	L-MISC
».	B-PER
Qu’est-ce	L-PER
qu’un	O
laboratoire,	O
en	O
effet,	O
sinon	O
un	O
lieu	O
habité	O
par	O
un	O
collectif	O
d’acteurs	O
dans	O
la	O
diversité	O
de	O
leurs	O
statuts	O
et	O
de	O
leurs	O
fonctions,	O
où	O
l’on	O
se	O
livre	O
à	O
des	O
opérations	O
codifiées	O
et	O
formalisées,	O
répétitives	O
et	O
cumulatives,	O
et	O
où	O
des	O
connaissances	O
sont	O
construites	O
et	O
validées	O
?	O
Inspirés	O
par	O
les	O
travaux	O
de	O
ces	O
dernières	O
décennies	O
sur	O
le	O
laboratoire	O
scientifique,	O
dans	O
sa	O
dimension	O
architecturale	O
comme	O
dans	O
sa	O
«	O
vie	O
quotidienne	O
Notamment	B-MISC
Latour	L-MISC
et	O
Woolgar,	B-MISC
1988	L-MISC
;	O
Licoppe,	B-MISC
1996	L-MISC
;	O
Galison	U-PER
et	O
Thompson,	U-MISC
1999.	O
»,	U-MISC
nous	O
avons	O
opté	O
pour	O
un	O
élargissement	O
du	O
champ	O
de	O
réflexion,	O
qu’il	O
s’agisse	O
d’un	O
milieu	O
de	O
scribes	O
astronomes	O
dont	O
la	O
bibliothèque	O
permet	O
de	O
reconstituer	O
le	O
champ	O
d’activités,	U-ORG
à	O
Uruk,	U-MISC
à	O
l’époque	O
hellénistique	O
(Eleanor	O
Robson),	U-ORG
de	O
la	O
salle	O
de	O
séminaire	O
où	O
Leopold	B-PER
von	I-PER
Ranke	L-PER
pratiquait	O
et	O
enseignait	O
les	O
méthodes	O
de	O
la	O
critique	O
des	O
sources	O
en	O
histoire	O
(Kasper	O
Eskildsen),	U-ORG
ou	O
encore	O
d’un	O
moment-clé	O
de	O
l’histoire	O
de	O
la	O
médecine	O
moderne	O
:	O
la	O
fabrication	O
de	O
l’insuline,	O
entre	O
1922	O
et	O
1925,	O
impliquant	O
la	O
coopération	O
de	O
différents	O
laboratoires	O
et	O
acteurs	O
institutionnels	O
(Christiane	O
Sinding).	O
Les	O
lieux	O
du	O
travail	O
savant	O
évoluent	O
en	O
suivant	O
les	O
ramifications	O
des	O
spécialisations	O
disciplinaires	O
comme	O
la	O
professionnalisation	O
des	O
agents	O
et	O
l’institutionnalisation	O
de	O
leurs	O
fonctions	O
et	O
de	O
leurs	O
projets.	O
Leur	O
histoire	O
est	O
notamment	O
déterminée	O
par	O
le	O
développement	O
des	O
techniques	O
et	O
des	O
instruments,	O
qui	O
requièrent	O
de	O
nouvelles	O
configurations	O
architecturales	O
pour	O
expérimenter,	O
observer,	O
simuler,	O
calculer,	O
produire.	O
Nous	O
avons	O
choisi	O
d’en	O
éclairer	O
moins	O
des	O
moments	O
que	O
des	O
dispositifs	O
particuliers,	O
qui,	O
par	O
l’articulation	O
d’un	O
lieu,	O
d’une	O
communauté	O
et	O
d’objets,	O
définissent	O
des	O
formes	O
spécifiques	O
de	O
fabrique	O
du	O
savoir.	O
Les	O
lieux	O
de	O
l’écrit	O
s’imposent	O
comme	O
un	O
exemple	O
privilégié	O
:	O
ateliers	O
de	O
production	O
de	O
livres,	O
manuscrits	O
ou	O
imprimés,	O
ils	O
réunissent	O
des	O
professionnels	O
de	O
l’écriture	O
et	O
de	O
la	O
lecture,	O
des	O
entrepreneurs,	O
des	O
techniciens,	O
des	O
commerçants.	O
Ils	O
mobilisent	O
des	O
machines	O
et	O
des	O
matières	O
premières,	O
des	O
compétences	O
intellectuelles	O
et	O
des	O
savoirs	O
artisanaux.	O
Ils	O
sont	O
au	O
carrefour	O
de	O
la	O
circulation	O
des	O
écrits	O
et	O
sont	O
voués	O
à	O
l’établissement	O
même	O
des	O
textes	O
et	O
à	O
leur	O
reproduction	O
Nous	O
avons	O
tiré	O
parti	O
des	O
travaux	O
de	O
ces	O
dernières	O
années	O
sur	O
l’histoire	O
du	O
livre	O
et	O
de	O
l’édition.	O
Quelques	O
repères	O
majeurs	O
:	O
Chartier	U-PER
et	O
Martin,	U-PER
1982-1986	O
;	O
Chartier,	B-MISC
1996	L-MISC
;	O
Gilmont,	U-LOC
1997	O
;	O
Martin,	B-MISC
1999	L-MISC
et	O
2000.	O
.	O
Lieux	O
d’attraction	O
–	O
des	O
auteurs,	O
des	O
textes,	O
des	O
lecteurs,	O
des	O
techniciens	O
–,	O
ils	O
sont	O
aussi	O
des	O
lieux	O
de	O
diffusion,	O
réticulée	O
ou	O
irradiante.	O
La	B-MISC
reproduction	I-MISC
des	I-MISC
textes	L-MISC
est	O
porteuse	O
d’une	O
forme	O
de	O
pouvoir	O
prescriptif,	O
tant	O
dans	O
les	O
décisions	O
intellectuelles	O
et	O
dans	O
les	O
normes	O
éditoriales	O
mises	O
en	O
œuvre	O
que	O
dans	O
les	O
choix	O
de	O
constitution	O
des	O
corpus,	O
dans	O
la	O
sélection	O
et	O
la	O
promotion	O
des	O
textes	O
et	O
des	O
auteurs	O
qui	O
reflètent	O
des	O
options	O
intellectuelles,	O
religieuses,	O
politiques	O
et	O
littéraires.	O
La	O
comparaison	O
confronte	O
des	O
ateliers	O
de	O
production	O
de	O
livres	O
manuscrits	O
dans	O
deux	O
traditions	O
culturelles	O
:	O
la	B-LOC
Chine	L-LOC
médiévale,	O
où	O
la	O
diffusion	O
du	O
bouddhisme	O
implique	O
la	O
reproduction	O
à	O
grande	O
échelle	O
d’un	O
corpus	O
scripturaire	O
(	O
Jean-Pierre	B-PER
Drège	L-PER
),	O
et	O
le	O
Moyen	B-MISC
Âge	L-MISC
occidental,	O
où	O
les	O
milieux	O
monastiques	O
œuvrent	O
à	O
la	O
survie	O
des	O
textes	O
anciens,	O
entre	O
pratique	O
spirituelle,	O
mode	O
de	O
subsistance	O
et	O
projet	O
intellectuel	O
(Guglielmo	O
Cavallo).	B-PER
Elle	L-PER
porte	O
ensuite	O
sur	O
deux	O
aspects	O
de	O
l’histoire	O
de	O
l’imprimerie	O
à	O
la	O
Renaissance	O
:	O
l’émergence	O
d’un	O
milieu	O
de	O
spécialistes	O
de	O
la	O
correction	O
(	O
Anthony	B-PER
Grafton	L-PER
)	O
et	O
la	O
dimension	O
européenne	O
du	O
réseau	O
d’un	O
imprimeur	O
genevois,	O
Jean	B-PER
Crespin,	L-PER
au	O
cœur	O
des	O
bouleversements	O
religieux	O
et	O
politiques	O
de	O
son	O
siècle	O
(	O
Jean-François	B-PER
Gilmont	L-PER
).	O
Les	O
lieux	O
de	O
production	O
et	O
de	O
diffusion	O
de	O
l’écrit	O
sont	O
liés	O
aux	O
lieux	O
d’archivage	O
et	O
d’accumulation	O
que	O
sont	O
les	O
bibliothèques.	O
Ces	O
dernières	O
sont	O
organisées	O
sur	O
le	O
principe	O
de	O
la	O
collection,	O
mais	O
elles	O
ne	O
sont	O
pas	O
réductibles	O
à	O
la	O
somme	O
des	O
livres	O
qui	O
les	O
composent.	O
Elles	O
donnent	O
forme	O
à	O
une	O
certaine	O
conception	O
du	O
savoir,	O
spécialisé	O
ou	O
généraliste,	O
local	O
ou	O
universel,	O
et	O
matérialisent	O
une	O
représentation	O
de	O
la	O
culture,	O
dans	O
ses	O
limites	O
comme	O
dans	O
ses	O
ambitions.	O
Elles	O
ne	O
se	O
contentent	O
pas	O
d’archiver,	O
mais	O
anticipent,	O
voire	O
prescrivent,	O
des	O
usages	O
qui	O
font	O
de	O
la	O
collection	O
ou	O
de	O
telle	O
de	O
ses	O
composantes	O
un	O
outil	O
au	O
service	O
de	O
la	O
production	O
de	O
nouveaux	O
savoirs.	O
Les	O
bibliothèques	O
sont	O
l’un	O
des	O
instruments	O
du	O
travail	O
savant,	O
dans	O
la	O
diversité	O
de	O
ses	O
acteurs	O
et	O
de	O
ses	O
projets.	O
Leur	O
aménagement	O
architectural,	O
leur	O
ergonomie,	O
la	O
structure	O
intellectuelle	O
qui	O
préside	O
aux	O
classifications,	O
la	O
spécialisation	O
de	O
leur	O
personnel,	O
la	O
variété	O
des	O
pratiques	O
qui	O
s’y	O
inscrivent	O
sont	O
autant	O
de	O
voies	O
d’accès	O
à	O
leur	O
pouvoir	O
spécifique	O
Cette	O
problématique	O
a	O
été	O
déployée	O
dans	O
Baratin	U-MISC
et	O
Jacob,	B-MISC
1996	L-MISC
;	O
notre	O
réflexion	O
a	O
été	O
enrichie	O
par	O
Drège,	U-PER
1991,	O
sur	O
les	O
bibliothèques	O
chinoises,	O
et	O
Eche,	U-ORG
1967,	O
sur	O
les	O
bibliothèques	O
dans	O
le	O
monde	O
arabe,	O
comme	O
par	O
Latour,	U-MISC
1989,	O
et	O
ses	O
concepts	O
de	O
«	O
centres	O
de	O
calcul	O
»	O
et	O
de	O
«	O
mobiles	O
immuables	O
».	U-ORG
.	O
La	O
bibliothèque	O
donne	O
corps	O
au	O
savoir	O
et	O
à	O
la	O
mémoire	O
;	O
l’accumulation	O
et	O
la	O
mise	O
en	O
ordre	O
des	O
livres	O
produisent	O
des	O
effets	O
intellectuels	O
particuliers,	O
tiennent	O
lieu	O
de	O
centre	O
et	O
de	O
pivot	O
pour	O
des	O
communautés	O
savantes	O
dont	O
elles	O
reflètent	O
et	O
modèlent	O
les	O
projets.	O
Le	O
destin	O
d’une	O
bibliothèque	O
royale	O
en	O
Inde	U-LOC
,	O
au	O
croisement	O
de	O
différentes	O
traditions	O
de	O
savoir	O
(Dominik	O
Wujastyk),	U-LOC
entre	O
en	O
résonance	O
avec	O
le	O
présent	O
et	O
le	O
devenir	O
des	O
bibliothèques	O
européennes	O
(Michel	O
Melot	U-MISC
et	O
François	B-PER
Cavalier),	L-PER
confrontées	O
à	O
la	O
multiplication	O
des	O
supports	O
de	O
la	O
mémoire,	O
mais	O
aussi	O
aux	O
logiques	O
économiques	O
qui	O
imposent	O
la	O
rationalisation	O
et	O
la	O
mutualisation	O
des	O
politiques	O
d’acquisition	O
entre	O
ces	O
acteurs	O
incontournables	O
du	O
théâtre	O
des	O
savoirs	O
contemporains	O
que	O
sont	O
les	O
éditeurs,	O
les	O
universités	O
et	O
les	O
pouvoirs	O
publics.	O
Lieu	O
de	O
savoir	O
par	O
excellence,	O
la	O
bibliothèque	O
désigne	O
peut-être	O
moins	O
un	O
lieu	O
matériel	O
qu’une	O
dynamique	O
et	O
une	O
pragmatique	O
particulières	O
:	O
le	O
processus	O
qui	O
conduit	O
à	O
dégager	O
du	O
sens	O
et	O
des	O
connaissances	O
à	O
partir	O
d’une	O
accumulation	O
d’objets	O
discrets	O
est	O
en	O
effet	O
constitutif	O
du	O
pouvoir	O
des	O
bases	O
de	O
données,	O
lieux	O
centripètes	O
et	O
transformateurs	O
qui	O
permettent	O
de	O
fabriquer	O
de	O
la	O
totalité	O
et	O
de	O
l’universalité	O
à	O
partir	O
du	O
patient	O
archivage	O
des	O
informations	O
locales	O
(Bruno	O
J.	B-PER
Strasser).	L-PER
La	O
base	O
de	O
données	O
est	O
une	O
bibliothèque	O
portable,	O
reproductible	O
et	O
mobile.	O
Au-delà	B-MISC
des	I-MISC
communautés,	L-MISC
au-delà	O
des	O
laboratoires	O
et	O
des	O
lieux	O
de	O
diffusion	O
ou	O
d’archivage	O
des	O
écrits,	O
le	O
savoir	O
se	O
matérialise	O
aussi	O
dans	O
des	O
lieux	O
qui	O
reflètent	O
l’intention	O
d’un	O
projet	O
intellectuel,	O
l’équilibre	O
d’un	O
partage	O
disciplinaire	O
ou	O
la	O
problématique	O
d’un	O
temps.	O
L’institutionnalisation	U-LOC
donne	O
souvent	O
une	O
visibilité	O
à	O
un	O
champ	O
de	O
savoir,	O
dans	O
son	O
identité	O
intrinsèque	O
comme	O
dans	O
les	O
dynamiques	O
de	O
son	O
évolution.	O
Instrument	O
d’une	O
politique	O
aspirant	O
à	O
la	O
longue	O
durée	O
ou	O
matérialisation	O
éphémère	O
d’une	O
configuration	O
des	O
savoirs	O
figée	O
à	O
l’intersection	O
de	O
l’espace	O
et	O
du	O
temps,	O
l’Académie	O
royale	O
des	O
sciences	O
(	O
James	B-PER
E.	I-PER
McClellan	L-PER
),	O
le	O
musée	B-LOC
de	I-LOC
l’Homme	L-LOC
(	O
Benoît	B-PER
de	I-PER
L’Estoile	L-PER
)	O
et	O
l’Exposition	O
internationale	O
de	O
2005	O
au	O
Japon	U-LOC
(	O
Sophie	B-PER
Houdart	L-PER
)	O
sont	O
autant	O
de	O
lieux	O
qui	O
manifestent	O
le	O
degré	O
d’évolution	O
d’un	O
champ	O
disciplinaire,	O
voire	O
contribuent	O
à	O
sa	O
création	O
ou	O
à	O
sa	O
redéfinition.	O
L’accumulation	O
ordonnée	O
des	O
artefacts,	O
les	O
choix	O
d’architecture	O
et	O
de	O
mise	O
en	O
espace,	O
ou	O
encore	O
les	O
procédures	O
spécifiques	O
d’enregistrement	O
et	O
de	O
validation	O
des	O
expériences	O
scientifiques	O
ont	O
permis	O
que	O
ces	O
lieux	O
s’identifient,	U-LOC
à	O
un	O
moment	O
donné,	O
à	O
un	O
champ,	O
ou	O
même	O
à	O
la	O
carte	O
des	O
savoirs	O
Dans	B-MISC
la	I-MISC
très	I-MISC
riche	I-MISC
bibliographie	I-MISC
sur	I-MISC
les	I-MISC
académies	I-MISC
scientifiques	L-MISC
dans	O
l’Europe	O
moderne,	O
quelques	O
jalons	O
qui	O
ont	O
accompagné	O
notre	O
réflexion	O
:	O
Hahn,	O
1971	O
;	O
Neumeister	U-PER
et	O
Wiedemann,	B-MISC
1987	L-MISC
;	O
Roche,	U-PER
1989.	O
Sur	O
les	O
cabinets	O
de	O
curiosités	O
:	O
Pomian,	O
1987.	O
Sur	B-MISC
les	I-MISC
musées	L-MISC
:	O
Findlen,	U-LOC
1994	O
et	O
2003	O
;	O
Stocking,	U-LOC
1985	O
;	O
Ames,	U-LOC
1992.	O
.	O
L’ancrage,	O
l’enracinement,	O
les	O
logiques	O
de	O
l’accumulation	O
et	O
de	O
l’institutionnalisation	O
ne	O
constituent	O
qu’une	O
facette	O
de	O
la	O
dimension	O
spatiale	O
des	O
savoirs.	O
Le	O
troisième	O
continent	O
traversé	O
par	O
notre	O
itinéraire	O
s’intitule	O
«	O
Territoire	U-PER
et	O
mobilité	O
».	U-MISC
On	O
y	O
pose	O
la	O
question	O
du	O
déploiement	O
et	O
de	O
l’articulation	O
des	O
lieux	O
en	O
espaces	O
autant	O
que	O
celle	O
des	O
parcours	O
qui	O
superposent	O
le	O
graphe	O
d’un	O
réseau	O
dynamique	O
à	O
une	O
topographie	O
statique.	O
La	O
mobilité	O
est	O
au	O
centre	O
de	O
cette	O
étape	O
:	O
on	O
y	O
réfléchit	O
notamment	O
sur	O
les	O
lieux	O
de	O
savoir	O
éphémères,	O
constitués	O
à	O
la	O
faveur	O
d’opérations	O
et	O
de	O
pratiques	O
situées.	O
Celles,	O
par	O
exemple,	O
des	O
itinérants	O
du	O
savoir,	O
qui	O
mettent	O
en	O
jeu,	O
le	O
temps	O
d’une	O
performance,	O
leur	O
statut	O
et	O
leur	O
autorité,	O
la	O
nature	O
et	O
l’efficacité	O
de	O
leurs	O
compétences,	O
la	O
spécificité	O
du	O
lien,	O
contractuel	O
et	O
économique,	O
qui	O
les	O
lie	O
à	O
des	O
commanditaires	O
Cette	O
problématique	O
m’a	O
été	O
inspirée	O
par	O
la	O
thèse	O
de	O
doctorat	O
de	O
Natacha	B-PER
Massar	L-PER
soutenue	O
à	O
l’Université	O
libre	O
de	O
Bruxelles	U-LOC
en	O
2001.	O
Pour	O
le	O
livre	O
qui	O
en	O
a	O
découlé,	O
voir	O
Massar,	U-MISC
2005.	O
Je	B-MISC
suis	I-MISC
aussi	I-MISC
redevable	I-MISC
à	I-MISC
la	I-MISC
lecture	L-MISC
de	O
Lévi,	U-PER
1989.	O
.	O
Qu’il	O
s’agisse	O
de	O
diffuser	O
des	O
innovations	O
intellectuelles,	O
d’enseigner	O
ou	O
d’exercer	O
un	O
savoir	O
technique	O
(	O
Natacha	B-PER
Massar	L-PER
à	O
propos	O
des	O
maîtres	O
itinérants	O
en	O
Grèce	B-MISC
ancienne	L-MISC
et	O
Jean	B-PER
Lévi	L-PER
sur	O
la	O
circulation	O
des	O
conseillers	O
dans	O
la	B-LOC
Chine	L-LOC
des	O
Royaumes	O
combattants),	O
le	O
voyage	O
est	O
une	O
dimension	O
essentielle,	O
délimitant	O
le	O
champ	O
d’action	O
des	O
exécutants,	O
valorisant	O
le	O
temps	O
limité	O
de	O
l’écoute	O
ou	O
de	O
l’apprentissage.	O
Maîtres	U-PER
et	O
étudiants	O
des	O
universités	O
médiévales	O
font	O
apparaître	O
l’importance	O
de	O
ce	O
schème	O
de	O
la	O
mobilité,	O
alors	O
même	O
qu’il	O
se	O
déploie	O
entre	O
des	O
lieux	O
fixes	O
et	O
institutionnalisés	O
(	O
Ad	B-MISC
Tervoort	L-MISC
).	O
La	O
circulation	O
des	O
personnes	O
définit	O
les	O
hauts	O
lieux	O
et	O
les	O
temps	O
forts	O
de	O
l’histoire	O
intellectuelle	O
de	O
l’Europe	O
médiévale	O
tout	O
en	O
contribuant	O
à	O
la	O
diffusion	O
uniforme	O
des	O
savoirs	O
et	O
des	O
techniques.	O
Mais,	U-LOC
dans	O
la	O
géographie	O
des	O
savoirs,	O
tous	O
les	O
lieux	O
ne	O
sont	O
pas	O
équivalents.	O
Certains	O
sont	O
des	O
pôles	O
d’attraction,	O
d’autres	O
ne	O
sont	O
que	O
des	O
sites	O
périphériques,	O
et	O
les	O
acteurs	O
doivent	O
construire	O
leurs	O
réseaux	O
et	O
leur	O
sphère	O
de	O
circulation	O
entre	O
les	O
uns	O
et	O
les	O
autres.	O
La	O
culture	O
de	O
cour	O
en	O
Iran	U-LOC
offre	O
un	O
exemple	O
privilégié	O
des	O
dynamiques	O
d’agrégation	O
qui	O
cimentent	O
un	O
milieu	O
savant	O
autour	O
de	O
la	O
munificence	O
d’un	O
souverain	O
(	O
Ziva	B-PER
Vesel	L-PER
et	O
Francis	B-PER
Richard)	L-PER
:	O
les	O
aléas	O
politiques	O
déterminent	O
faveurs	O
et	O
persécutions,	O
et	O
l’histoire	O
des	O
savoirs	O
s’écrit	O
à	O
l’intersection	O
des	O
vocations	O
individuelles	O
et	O
des	O
prescriptions	O
royales.	O
Tous	B-MISC
les	I-MISC
lieux	L-MISC
ne	O
sont	O
pas	O
équivalents	O
non	O
plus,	O
parce	O
que	O
certains	O
sont	O
des	O
têtes	O
de	O
réseaux	O
tandis	O
que	O
d’autres	O
sont	O
situés	O
au	O
plus	O
lointain	O
des	O
périphéries.	O
Une	O
tête	O
de	O
réseau	O
peut	O
organiser	O
l’exploration	O
à	O
distance	O
d’un	O
lieu,	O
voire	O
d’un	O
monde,	O
à	O
travers	O
les	O
médiations	O
d’une	O
mission	O
humaine	O
ou	O
mécanisée.	O
Dans	O
un	O
cas,	O
il	O
s’agit	O
de	O
déployer	O
les	O
maillons	O
d’une	O
chaîne	O
logistique	O
permettant,	O
depuis	O
un	O
centre,	O
d’atteindre	O
une	O
périphérie	O
et	O
de	O
transmettre,	O
depuis	O
cette	O
dernière,	O
notes	O
et	O
photographies,	O
objets	O
et	O
observations,	O
afin	O
de	O
s’approprier	O
l’essentiel	O
d’une	O
culture	O
:	O
transfert	O
matériel	O
et	O
symbolique	O
pour	O
lequel	O
un	O
programme	O
d’enquête	O
scientifique	O
s’appuie	O
sur	O
la	O
réalité	O
cynique	O
d’une	O
politique	O
coloniale	O
(Éric	O
Jolly).	U-MISC
Dans	O
l’autre,	O
il	O
s’agit	O
d’explorer	O
un	O
monde	O
à	O
distance,	O
sans	O
contact	O
possible,	O
grâce	O
à	O
la	O
médiation	O
de	O
machines	O
qui	O
observent,	O
prélèvent,	O
mesurent,	O
expérimentent,	O
testent.	O
Les	O
techniques	O
de	O
l’exploration	O
martienne,	O
par	O
robots	O
interposés,	O
invitent	O
à	O
réfléchir	O
sur	O
la	O
planification	O
et	O
l’imprédictibilité,	O
sur	O
la	O
simulation	O
et	O
la	O
réactivité	O
qui	O
permettent,	O
depuis	O
un	O
lieu,	O
d’en	O
conquérir	O
un	O
autre,	O
de	O
s’en	O
assurer	O
la	O
maîtrise	O
intellectuelle	O
et	O
symbolique,	O
d’en	O
contrôler	O
les	O
aléas	O
et	O
les	O
paramètres	O
(	O
Emmanuel	B-PER
Benazera	L-PER
et	O
Nicolas	B-MISC
Meuleau)	L-MISC
L’idée	O
initiale	O
de	O
cette	O
section	O
dérive	O
de	O
deux	O
lectures	O
:	O
Latour,	U-MISC
1989,	O
qui	O
met	O
en	O
perspective	O
l’expédition	O
de	O
La	B-PER
Pérouse	L-PER
et	O
la	O
dialectique	O
complexe	O
entre	O
les	O
espaces	O
explorés	O
et	O
les	O
points	O
centraux	O
qui	O
rassemblent	O
et	O
transforment	O
les	O
données	O
recueillies	O
sur	O
le	O
terrain	O
;	O
Jolly,	U-MISC
2001-2002,	O
qui	O
a	O
permis	O
de	O
réfléchir	O
sur	O
la	O
logistique	O
de	O
l’exploration	O
ethnographique.	O
La	O
réflexion	O
a	O
été	O
enrichie	O
par	O
Livingstone,	B-MISC
2003,	L-MISC
et	O
par	O
la	O
problématique	O
des	O
«	O
mondes	O
sociaux	O
»,	U-LOC
voir	O
Strauss,	O
1975,	O
1991,	O
1992.	O
.	O
Si	O
les	O
communautés	O
et	O
les	O
institutions,	O
si	O
les	O
itinérants	O
et	O
les	O
conquérants	O
de	O
tous	O
ordres	O
permettent	O
de	O
définir	O
des	O
modes	O
de	O
circulation	O
ou	O
d’enracinement,	O
voire	O
l’amplitude	O
d’une	O
action	O
à	O
distance,	O
qu’en	O
est-il	O
de	O
l’espace	O
lui-même	O
et	O
de	O
ses	O
logiques	O
propres	O
?	O
Dans	O
quelle	O
mesure	O
la	O
géographie	O
ouvre-t-elle	O
un	O
accès	O
à	O
l’histoire	O
des	O
savoirs	O
?	O
Les	O
rapports	O
de	O
distance	O
et	O
de	O
proximité,	O
la	O
relativité	O
de	O
tout	O
centre	O
par	O
rapport	O
à	O
ses	O
périphéries,	O
les	O
pragmatiques	O
d’un	O
lieu-carrefour	O
dans	O
un	O
espace	O
de	O
flux	O
et	O
de	O
trajectoires,	O
la	O
notion	O
de	O
réseau,	O
s’appuyant	O
sur	O
les	O
points	O
qui	O
en	O
définissent	O
la	O
structure	O
comme	O
sur	O
la	O
matérialité	O
des	O
voies	O
de	O
communication	O
qui	O
assurent	O
l’acheminement	O
des	O
personnes,	O
des	O
biens	O
et	O
des	O
informations	O
:	O
tels	O
sont	O
les	O
différents	O
facteurs	O
qui	O
déterminent	O
une	O
échelle	O
géographique	O
et	O
permettent	O
d’appréhender	O
les	O
phénomènes	O
historiques	O
de	O
la	O
mobilité	O
culturelle,	O
entre	O
une	O
région	O
périphérique	O
et	O
les	O
centres	O
par	O
rapport	O
auxquels	O
elle	O
se	O
définit	O
(Madalina	O
Dana	B-MISC
sur	I-MISC
la	I-MISC
mer	I-MISC
Noire	L-MISC
dans	O
l’Antiquité),	O
ou	O
à	O
travers	O
les	O
flux	O
et	O
les	O
circulations	O
qui	O
traversent	O
un	O
lieu	O
d’étape	O
et	O
y	O
abandonnent	O
des	O
dépôts	O
successifs,	O
constitutifs	O
d’une	O
stratigraphie	O
des	O
langues,	O
des	O
savoirs	O
et	O
des	O
croyances	O
(	O
Éric	B-PER
Trombert	L-PER
sur	O
l’oasis	O
de	O
Dunhuang).	B-MISC
Cette	I-MISC
géographie	I-MISC
des	I-MISC
savoirs	L-MISC
peut	O
prendre	O
la	O
forme	O
abstraite	O
d’une	O
carte	O
des	O
points	O
nodaux	O
et	O
des	O
réseaux	O
qui	O
les	O
relient,	O
projetée	O
sur	O
la	O
carte	O
géographique	O
des	O
continents	O
et	O
des	O
états,	O
des	O
régions	O
et	O
des	O
villes.	O
Cette	O
abstraction,	O
toutefois,	O
reste	O
liée	O
à	O
la	O
dimension	O
concrète	O
des	O
cercles	O
sociaux	O
et	O
à	O
la	O
matérialité	O
des	O
réseaux	O
qui	O
acheminent	O
à	O
distance	O
les	O
informations	O
et	O
les	O
données	O
:	O
de	O
l’espace	O
de	O
la	O
République	U-LOC
des	O
lettres,	O
avec	O
son	O
emboîtement	O
d’échelles	O
géographiques	O
(	O
Anne	B-PER
Goldgar	L-PER
),	O
à	O
celui	O
du	O
réseau	O
par	O
excellence,	O
la	O
toile	O
qui	O
relie	O
aujourd’hui	O
tous	O
les	O
ordinateurs	O
de	O
la	O
planète	O
(Éric	O
Guichard)	B-MISC
Outre	I-MISC
Livingstone,	I-MISC
2003,	L-MISC
la	O
construction	O
de	O
cette	O
section	O
s’est	O
appuyée	O
sur	O
plusieurs	O
lectures	O
:	O
Goldgar,	U-MISC
1995,	O
et	O
Roche,	U-PER
2003,	O
pour	O
les	O
formes	O
d’espace	O
et	O
de	O
circulation	O
constitutives	O
de	O
la	O
République	B-LOC
des	I-LOC
lettres	L-LOC
;	O
La	O
Vaissière,	U-MISC
2004,	O
sur	O
les	O
échanges	O
commerciaux,	O
culturels,	O
religieux	O
et	O
diplomatiques	O
en	O
Asie	U-LOC
centrale.	O
.	O
Ce	O
qui	O
importe	O
à	O
l’historien	O
des	O
savoirs,	O
toutefois,	O
c’est	O
moins	O
la	O
distribution	O
géographique	O
des	O
lieux	O
et	O
le	O
déploiement	O
des	O
échelles	O
de	O
grandeur	O
ainsi	O
que	O
des	O
rapports	O
de	O
proximité,	O
que	O
les	O
dynamiques	O
qui	O
relient,	O
traversent,	O
recentrent	O
et	O
redéploient	O
Je	B-MISC
dois	L-MISC
à	O
Luce	B-PER
Giard	L-PER
d’avoir	O
découvert	O
l’œuvre	O
de	O
Simon	B-PER
Doubnov	L-PER
sur	O
l’histoire	O
du	O
peuple	O
juif	O
et	O
sur	O
les	O
dynamiques	O
de	O
la	O
diaspora	O
:	O
Doubnov,	O
1994.	O
.	O
Comment	O
des	O
traditions	O
philosophiques	O
(Carlos	O
Lévy),	O
comment	O
une	O
culture	O
et	O
une	O
tradition	O
religieuses	O
(Micha	O
Perry)	U-MISC
parviennent-elles	O
à	O
se	O
reproduire,	O
à	O
se	O
diffuser,	O
à	O
se	O
transmettre	O
?	O
La	O
réponse	O
à	O
ces	O
questions	O
se	O
trouve	O
dans	O
les	O
réseaux	O
qui	O
font	O
circuler	O
les	O
textes	O
et	O
les	O
dogmes,	O
les	O
modèles	O
et	O
les	O
concepts,	O
et	O
permettent	O
à	O
la	O
fois	O
l’exercice	O
délocalisé	O
d’une	O
autorité	O
et	O
sa	O
contestation	O
à	O
distance,	O
dans	O
la	O
multiplication	O
et	O
le	O
déplacement	O
des	O
communautés	O
qui	O
tiennent	O
lieu	O
de	O
vecteurs	O
ou	O
de	O
relais.	O
De	O
la	O
plume	O
d’oie	O
au	O
télégraphe,	O
puis	O
à	O
l’Internet,	O
les	O
technologies	O
de	O
la	O
communication	O
organisent	O
les	O
rapports	O
de	O
l’espace	O
et	O
du	O
temps,	O
déterminent	O
le	O
tempo	O
de	O
la	O
circulation	O
des	O
savoirs	O
dans	O
le	O
quotidien	O
des	O
interactions,	O
mais	O
définissent	O
aussi	O
autant	O
de	O
pôles,	O
autant	O
de	O
têtes	O
de	O
réseaux	O
caractérisés	O
par	O
l’amplitude	O
des	O
échanges	O
dont	O
ils	O
sont	O
la	O
cible	O
ou	O
l’origine	O
(Corinne	O
Bonnet,	B-PER
Véréna	I-PER
Paravel	L-PER
).	O
Un	O
tel	O
parcours	O
se	O
prête-t-il	O
à	O
une	O
ou	O
à	O
des	O
conclusions	O
?	O
La	O
déconstruction	O
analytique,	O
la	O
quête	O
problématisante	O
invitent,	O
in	O
fine,	O
à	O
nouer	O
les	O
fils	O
déroulés	O
jusqu’ici.	O
Si	U-MISC
certaines	O
villes,	O
au	O
cours	O
du	O
temps,	O
en	O
sont	O
venues	O
à	O
incarner,	O
de	O
manière	O
exemplaire,	O
un	O
moment	O
de	O
l’histoire	O
des	O
savoirs,	O
c’est	U-MISC
qu’elles	O
se	O
sont	O
trouvées	O
au	O
carrefour	O
de	O
dynamiques	O
et	O
de	O
facteurs	O
de	O
causalité	O
multiples	O
:	O
lieux	O
d’attraction	O
et	O
de	O
diffusion,	O
espaces	O
où	O
se	O
concentrent	O
les	O
institutions	O
et	O
les	O
communautés,	O
lieux	O
où	O
se	O
scelle,	O
pour	O
un	O
temps,	O
l’alliance	O
entre	O
les	O
agendas	O
politiques	O
et	O
les	O
projets	O
intellectuels	O
Nous	B-MISC
nous	I-MISC
situons	I-MISC
dans	I-MISC
les	I-MISC
perspectives	I-MISC
ouvertes	L-MISC
par	O
Charles	U-PER
et	O
Roche,	O
2002	O
;	O
Charles,	U-MISC
2004,	O
et,	O
à	O
propos	O
d’une	O
capitale	O
en	O
particulier,	O
Paris,	U-PER
par	O
Van	B-PER
Damme,	L-PER
2005.	O
.	O
De	O
l’éclat	O
irradiant	O
des	O
villes	O
phares,	O
Alexandrie	U-LOC
,	O
Bagdad	U-LOC
,	O
Paris	U-LOC
et	O
Rome	U-LOC
,	O
Berlin	U-LOC
et	O
Pune	U-LOC
(	O
Javier	B-PER
Teixidor	L-PER
,	O
Antonella	B-PER
Romano	L-PER
et	O
Stéphane	B-PER
Van	I-PER
Damme	L-PER
,	O
Céline	B-PER
Trautman-Waller	L-PER
et	O
Madhav	B-PER
Deshpande),	L-PER
à	O
la	O
lueur	O
tamisée,	O
voire	O
crépusculaire,	O
des	O
villes	O
invisibles	O
et	O
interdites	O
de	O
l’Union	O
soviétique	O
(	O
Pavel	B-PER
Polian	L-PER
et	O
Georgy	B-PER
Lappo	L-PER
),	O
nous	O
pouvons	O
observer	O
autant	O
d’expériences	O
historiques,	O
corrélant	O
un	O
lieu,	O
une	O
société,	O
un	O
ordre	O
politique	O
et	O
un	O
milieu	O
intellectuel,	O
façonnant	O
les	O
limites	O
comme	O
l’amplitude	O
de	O
la	O
production	O
et	O
de	O
la	O
circulation	O
des	O
savoirs.	O
Des	O
gestes	O
minutieux	O
des	O
sacrifices	O
scandant	O
l’initiation	O
du	O
devin	O
bassar	O
aux	O
événements	O
géopolitiques	O
qui	O
firent	O
apparaître	O
au	O
grand	O
jour,	O
sur	O
les	O
cartes	O
et	O
dans	O
les	O
statistiques	O
officielles,	O
les	O
villes-laboratoires	O
de	O
Russie	U-LOC
et	O
leurs	O
populations	O
oubliées,	O
les	O
contributions	O
réunies	O
dans	O
ce	O
premier	O
volume	O
proposent	O
moins	O
un	O
parcours	O
téléologique,	O
qui	O
conduirait	O
des	O
pratiques	O
rituelles	O
à	O
la	O
logistique	O
de	O
la	O
«	O
Big	B-MISC
Science	L-MISC
»	O
au	O
temps	O
de	O
la	O
guerre	O
froide,	O
qu’une	O
variété	O
d’éclairages	O
et	O
de	O
points	O
de	O
vue,	O
agissant	O
comme	O
autant	O
de	O
révélateurs	O
sur	O
des	O
situations	O
historiques	O
complexes.	O
C’est	O
ainsi	O
un	O
choix	O
assumé	O
qui	O
conduit	O
à	O
aborder,	O
par	O
exemple,	O
le	O
statut	O
de	O
l’universitaire	O
européen	O
non	O
pas	O
sous	O
la	O
forme	O
d’un	O
chapitre	O
synthétique,	O
mais	O
à	O
travers	O
le	O
prisme	O
de	O
questionnements	O
successifs	O
qui	O
font	O
ressortir	O
des	O
aspects	O
partiels,	O
mais	O
définitoires	O
:	O
le	O
scénario	O
des	O
examens	O
qualifiants,	O
la	O
mise	O
en	O
scène	O
de	O
l’espace	O
privé	O
avec	O
ses	O
implications	O
sociales	O
et	O
intellectuelles,	O
la	O
pratique	O
du	O
séminaire,	O
le	O
rôle	O
dans	O
la	O
politique	O
documentaire	O
des	O
bibliothèques	O
contemporaines,	O
la	O
circulation	O
entre	O
les	O
villes	O
médiévales.	O
Ces	O
approches	O
mettent	O
en	O
évidence	O
les	O
particularités	O
d’une	O
identité	O
professionnelle,	O
d’un	O
statut	O
social,	O
d’une	O
sphère	O
d’activité	O
observés	O
à	O
différents	O
moments	O
de	O
leur	O
évolution	O
historique.	O
La	O
focalisation	O
thématique	O
permet	O
de	O
construire	O
un	O
objet	O
intellectuel	O
en	O
isolant	O
une	O
composante	O
dans	O
le	O
continuum	O
d’une	O
réalité	O
sociale	O
et	O
historique	O
complexe,	O
dont	O
la	O
cohérence	O
et	O
les	O
contextes	O
sont	O
pleinement	O
redéployés,	O
notamment	O
dans	O
l’article	B-MISC
sur	I-MISC
l’Université	I-MISC
de	L-MISC
Berlin	U-LOC
au	O
xix	O
e	O
siècle,	O
où	O
se	O
lit	O
la	O
convergence	O
entre	O
les	O
dynamiques	O
politiques,	O
le	O
programme	O
intellectuel,	O
l’aménagement	O
urbain	O
et	O
architectural,	O
les	O
aspects	O
socio-économiques	O
de	O
la	O
professionnalisation,	O
la	O
constitution	O
d’une	O
intelligentsia	O
opérant	O
sur	O
différentes	O
échelles	O
géographiques	O
–	O
locale,	O
nationale,	O
européenne.	O
Ces	O
éclairages	O
thématiques	O
et	O
localisés	O
se	O
prêtent	O
ainsi	O
à	O
des	O
lectures	O
croisées,	O
soit	O
qu’on	O
les	O
relie	O
au	O
fil	O
du	O
volume	O
pour	O
reconstituer	O
par	O
exemple,	O
par	O
touches	O
partielles	O
et	O
successives,	O
la	O
figure	O
du	O
lettré	O
chinois	O
ou	O
du	O
pandit	O
indien,	O
celle	O
du	O
philosophe	O
grec	O
ou	O
du	O
scientifique	O
européen,	O
soit	O
qu’on	O
veuille	O
comprendre,	O
au-delà	O
des	O
cas	O
qui	O
les	O
illustrent,	O
les	O
déterminations	O
spécifiques	O
qui	O
suscitent,	O
en	O
un	O
lieu,	O
en	O
un	O
temps,	O
pour	O
une	O
discipline	O
et	O
une	O
société,	O
des	O
dispositifs	O
et	O
des	O
mécanismes	O
fondamentaux	O
:	O
la	O
collégialité,	O
l’appartenance	U-MISC
institutionnelle,	O
la	O
localisation,	O
la	O
mobilité.	O
Si	U-MISC
le	O
lieu	O
et	O
la	O
circulation	O
constituent	O
l’objet	O
de	O
ce	O
premier	O
volume,	O
ils	O
déterminent	O
aussi	O
son	O
architecture	O
intellectuelle	O
comme	O
de	O
son	O
écriture	O
et	O
anticipent	O
sur	O
les	O
modalités	O
de	O
son	O
appropriation	O
par	O
le	O
lecteur.	O
Ce	B-MISC
livre	L-MISC
est	O
en	O
effet	O
lui-même	O
organisé	O
en	O
une	O
réticulation	O
de	O
lieux,	O
où	O
les	O
contiguïtés	O
et	O
les	O
cohérences	O
locales,	O
régionales	O
et	O
continentales	O
sont	O
signifiantes,	O
sans	O
que	O
les	O
effets	O
de	O
sens	O
résultent	O
nécessairement	O
d’un	O
ordre	O
de	O
lecture	O
univoque	O
ou	O
prescrit.	O
De	B-MISC
multiples	L-MISC
parcours	O
sont	O
possibles	O
entre	O
ces	O
lieux	O
et	O
peuvent	O
nouer	O
des	O
liens	O
de	O
présupposition	O
ou	O
d’explicitation,	U-MISC
suggérer	O
des	O
parallélismes	O
ou	O
des	O
contrastes.	O
Plus	B-MISC
qu’un	I-MISC
livre-encyclopédie,	I-MISC
les	I-MISC
Lieux	L-MISC
de	O
savoir	O
voudraient	O
être	O
un	O
livre-bibliothèque,	O
où	O
les	O
contiguïtés	O
des	O
chapitres	O
sont	O
signifiantes	O
au	O
même	O
titre	O
que	O
le	O
voisinage	O
des	O
livres	O
sur	O
une	O
étagère,	O
mais	O
où	O
le	O
sont	O
aussi	O
bien	O
les	O
rapprochements	O
imprévisibles	O
que	O
l’on	O
peut	O
établir	O
d’une	O
section	O
à	O
une	O
autre,	O
à	O
des	O
dizaines	O
ou	O
des	O
centaines	O
de	O
pages	O
de	O
distance,	O
selon	O
la	O
modalité	O
d’une	O
quête	O
exploratoire	O
ou	O
d’une	O
errance	O
ludique.	O
La	O
conception	O
dynamique	O
et	O
dialectique	O
de	O
ce	O
volume	O
invite	O
ainsi	O
le	O
lecteur	O
à	O
pratiquer	O
deux	O
formes	O
majeures	O
de	O
l’art	O
du	O
tissage	O
:	O
soit	O
dérouler	O
tout	O
simplement	O
le	O
fil	O
d’Ariane	O
et	O
relier	O
sans	O
visée	O
encyclopédique	O
les	O
thèmes,	O
les	O
figures	O
et	O
les	O
objets,	O
les	O
lieux	O
et	O
les	O
moments	O
;	O
soit	O
croiser	O
des	O
fils	O
bigarrés	O
sur	O
une	O
trame	O
de	O
questions	O
et	O
d’échos,	O
révélant	O
les	O
opérations	O
et	O
les	O
dispositifs,	O
les	O
logiques	O
sous-jacentes	O
et	O
les	O
différences,	O
les	O
niveaux	O
de	O
pertinence	O
et	O
les	O
schémas	O
explicatifs,	O
dans	O
le	O
chatoiement	O
des	O
expériences	O
historiques.	O
Bibliographie	O
