Piège	O
de	O
l’apparence,	O
qui	O
ne	O
produit	O
qu’un	O
leurre	O
visuel	O
et	O
ontologique	O
?	O
Ou	O
interface	O
technique	O
et	O
magique	O
révélant	O
immédiatement	O
le	O
monde	O
dans	O
sa	O
réalité	O
et	O
sa	O
vérité	O
?	O
Dans	O
les	O
cultures	O
occidentale	O
et	O
orientale,	O
le	O
miroir	O
est	O
un	O
instrument	O
de	O
connaissance,	O
révélant	O
au	O
regard	O
humain	O
les	O
êtres	O
et	O
les	O
choses,	O
toutes	O
les	O
dimensions	O
du	O
visible	O
et	O
de	O
l’invisible,	O
à	O
travers	O
même	O
les	O
jeux	O
d’illusions	O
qu’il	O
génère	O
Pour	B-MISC
une	I-MISC
présentation	I-MISC
générale	I-MISC
de	I-MISC
cet	I-MISC
imaginaire,	L-MISC
voir	O
J.	B-MISC
Baltrusaitis,	I-MISC
Essai	I-MISC
sur	I-MISC
une	I-MISC
légende	I-MISC
scientifique.	L-MISC
Le	O
miroir.	O
Révélations,	O
science-fiction	O
et	O
fallacies,	O
Paris,	B-LOC
Elmayan-Le	L-LOC
Seuil,	O
1978	O
.	O
Ses	O
riches	O
connotations	O
métaphoriques	O
sous-tendent	O
son	O
emploi	O
dans	O
les	O
titres	O
d’ouvrages	O
du	O
Moyen	O
Age	O
et	O
de	O
la	O
Renaissance	B-LOC
H.	L-LOC
Grabes	O
(in	O
The	O
Mutable	O
Glass.	O
Mirror-imagery	O
in	O
titles	O
and	O
texts	O
of	O
the	O
Middle	O
Ages	O
and	O
English	O
Renaissance,	O
Cambridge,	O
Cambridge	O
university	O
press	O
édition	O
originale	O
:	O
Tübingen,	O
1973	O
,	O
1982)	U-MISC
explore	O
la	O
métaphore	O
du	O
miroir,	O
particulièrement	O
présente	O
entre	O
1550	O
et	O
1650,	O
dans	O
les	O
titres	O
de	O
livres	O
anglais	O
du	O
Moyen	U-LOC
Age	O
à	O
la	O
Renaissance.	U-LOC
:	O
Miroir,	B-MISC
Mirror,	I-MISC
Speculum,	I-MISC
Specchio,	I-MISC
Spieghel,	L-MISC
il	O
désigne	O
des	O
textes	O
à	O
finalité	O
éthique	O
et	O
instructive,	O
dont	O
il	O
souligne	O
le	O
pouvoir	O
d’édification	O
et	O
d’exemplarité	U-ORG
morale.	O
La	O
littérature	O
anglaise	O
abonde	O
ainsi	O
en	O
Specula	U-LOC
pour	O
les	O
enfants,	O
les	O
vierges,	O
les	O
moines	O
et	O
les	O
pêcheurs,	O
les	O
laïcs	O
et	O
les	O
parieurs,	O
les	O
célibataires	O
Grabes,	U-MISC
op.	O
cit.,	U-LOC
p.	O
40	O
.	O
Reflétant	O
fidèlement	O
la	O
réalité	O
humaine,	O
le	O
miroir	O
en	O
révèle	O
les	O
défauts	O
et	O
les	O
ridicules	O
par	O
son	O
pouvoir	O
grossissant	O
:	O
il	O
est	O
alors	O
l’instrument	O
de	O
la	O
satire	O
et	O
de	O
la	O
dérision.	O
Montrant	U-LOC
le	O
monde	O
tel	O
qu’il	O
est	O
sur	O
une	O
surface	O
réduite	O
et	O
offerte	O
au	O
regard,	O
le	O
miroir	O
est	O
enfin	O
instrument	O
de	O
connaissance,	O
encyclopédique	O
ou	O
spécialisée,	O
théorique	O
ou	O
pratique.	O
La	B-MISC
métaphore	I-MISC
du	I-MISC
miroir	L-MISC
apparaît	O
déjà	O
dans	O
le	O
De	B-LOC
imagine	L-LOC
mundi	O
d’Honoré	O
d’Autun	O
(12e	O
s.).	O
L’auteur	U-LOC
justifie	O
ainsi	O
son	O
titre	O
:	O
«	O
parce	O
que	O
l’on	O
peut	O
voir	O
dans	O
ce	O
livre	O
la	O
disposition	O
de	O
la	B-LOC
Terre	L-LOC
tout	O
entière,	O
comme	O
dans	O
un	O
miroir,	O
quasi	O
in	O
speculo	O
conspiciatur	O
»	O
Patrologie	B-ORG
latine,	L-ORG
172,	O
col.	O
119-120	O
.	O
Cette	O
encyclopédie	O
sera	O
rééditée	O
sous	O
le	O
titre	O
de	O
Speculum	U-MISC
mundi	O
,	O
témoignant,	O
comme	O
le	O
note	O
Herbert	B-PER
Grabes	L-PER
,	O
du	O
passage	O
de	O
l’image	O
(contenu	O
de	O
la	O
vision)	O
à	O
la	O
réflexion	O
(la	O
modalité	O
de	O
production	O
du	O
savoir)	O
Grabes,	U-MISC
op.	O
cit.,	U-LOC
p.	O
42	O
.	O
Le	O
Speculum	U-MISC
quadruplex	O
ou	O
Speculum	U-PER
majus	O
de	O
Vincent	B-PER
de	I-PER
Beauvais	L-PER
constitue	O
l’encyclopédie	O
médiévale	O
la	O
plus	O
complète.	O
La	O
tradition	O
se	O
perpétue	O
durant	O
la	O
Renaissance,	U-MISC
avec	O
le	O
Mirrour	B-ORG
of	I-ORG
the	I-ORG
world	L-ORG
de	O
Caxton	U-PER
et	O
le	O
Speculum	U-MISC
mundi	O
de	O
John	B-PER
Swan.	I-PER
Le	L-PER
livre	O
encyclopédique	O
partage	O
avec	O
le	O
miroir	O
du	O
Moyen	O
Age	O
et	O
du	O
début	O
de	O
la	O
Renaissance,	B-MISC
convexe	L-MISC
dans	O
la	O
plupart	O
des	O
cas,	O
les	O
mêmes	O
propriétés	O
:	O
«	O
réflexion	O
et	O
réduction,	O
(re-)	O
présentation	O
et	O
compression	O
»	O
Grabes,	U-MISC
op.	O
cit.,	U-LOC
p.	O
43	O
.	O
Un	O
livre	O
doit	O
être	O
aussi	O
maniable	O
qu’un	O
miroir,	O
et	O
l’information	O
aussi	O
directement	O
accessible	O
que	O
par	O
un	O
regard	O
sur	O
une	O
surface	O
réfléchissante.	O
Speculum	U-MISC
est	O
ainsi	O
un	O
titre	O
privilégié	O
pour	O
des	O
ouvrages	O
à	O
vocation	O
didactique,	O
qui	O
exposent	O
sous	O
une	O
forme	O
condensée	O
l’essentiel	O
du	O
savoir	O
dans	O
un	O
champ	O
déterminé.	O
La	B-MISC
très	I-MISC
grande	I-MISC
majorité	I-MISC
des	I-MISC
«	L-MISC
Miroirs	U-LOC
»	O
didactiques	O
se	O
limitent	O
en	O
effet	O
à	O
un	O
savoir	O
technique	O
ou	O
à	O
une	O
discipline,	O
la	O
grammaire,	O
l’alchimie,	O
l’histoire,	O
la	O
médecine	O
Grabes,	U-PER
op.	O
cit.,	U-LOC
p.	O
44-48	O
.	O
La	O
géographie	O
est	O
l’une	O
d’elles.	O
Les	B-LOC
traités	I-LOC
géographiques	I-LOC
de	I-LOC
la	I-LOC
Renaissance	L-LOC
dont	O
le	O
titre	O
renvoie	O
à	O
la	O
symbolique	O
du	O
miroir	O
entendent	O
tout	O
d’abord	O
signifier	O
leur	O
vocation	O
didactique,	O
voire	O
encyclopédique,	O
et	O
leur	O
appartenance	O
à	O
un	O
genre	O
littéraire	O
bien	O
établi.	O
Mais	O
la	O
présence	O
des	O
cartes	O
redonne	O
au	O
miroir	O
une	O
signification	O
visuelle	O
forte,	O
celle	O
d’une	O
interface	O
technique	O
ouvrant	O
un	O
espace	O
de	O
vision	O
inédit	O
sur	O
une	O
réalité	O
inaccessible.	O
Les	O
significations	O
métaphoriques	O
du	O
miroir	O
sont	O
souvent	O
explicitées	O
par	O
les	O
préfaces,	O
voire	O
par	O
le	O
frontispice	O
des	O
ouvrages	O
eux-mêmes.	O
La	O
page	O
de	O
titre	O
emblématique	O
a	O
pour	O
fonction	O
de	O
«	O
communiquer	O
des	O
idées	O
complexes	O
au	O
moyen	O
d’images	O
visuelles	O
»	O
M.	O
Corbett	U-PER
et	O
R.	B-PER
W.	I-PER
Lightbown,	I-PER
The	L-PER
Comely	O
Frontispice.	O
The	O
emblematic	O
title-page	O
in	O
England	O
1550-1660,	O
London,	B-MISC
Henley	I-MISC
and	I-MISC
Boston,	I-MISC
Routledge	I-MISC
&amp;	I-MISC
Kegan	I-MISC
Paul,	L-MISC
1979,	O
p.	O
34	O
et	O
elle	O
impose	O
souvent	O
à	O
son	O
lecteur	O
l’effort	O
du	O
déchiffrement,	O
voire	O
le	O
plaisir	O
de	O
décoder	O
l’image,	O
si	O
l’on	O
possède	O
l’érudition	O
nécessaire.	O
Elle	O
est	O
en	O
outre	O
un	O
lieu	O
privilégié	O
où	O
l’auteur	O
traduit	O
visuellement	O
la	O
nature	O
et	O
l’intention	O
de	O
son	O
œuvre	O
Corbett	U-PER
et	O
Lightbown,	U-PER
op.	O
cit.,	O
p.	O
35	O
.	O
Tel	O
est	O
le	O
cas,	O
par	O
exemple,	O
de	O
l’ouvrage	O
de	O
William	B-PER
Cuningham,	I-PER
The	L-PER
Cosmographical	O
Glasse,	O
publié	O
à	O
Londres	U-LOC
en	O
1559	O
Cet	O
ouvrage	O
est	O
reproduit	O
en	O
fac-similé	O
par	O
Da	B-MISC
Capo	I-MISC
Press,	I-MISC
Theatrum	I-MISC
Orbis	I-MISC
Terrarum	L-MISC
Ltd,	O
Amsterdam	U-LOC
et	O
New	B-LOC
York,	L-LOC
1968.	O
Sur	O
le	O
contexte	O
de	O
l'oeuvre	O
de	O
Cuningham	U-PER
et	O
ses	O
sources,	O
voir	O
E.	B-PER
G.	I-PER
R.	L-PER
Taylor,	O
Tudor	O
Geography	U-ORG
1458-1583,	O
London,	B-MISC
Methuen	L-MISC
&amp;	O
Co,	O
1930,	O
p.	O
26-27.	O
Pour	O
une	O
appréciation	O
de	O
sa	O
place	O
dans	O
l'histoire	O
de	O
la	O
géographie	O
anglaise	O
:	O
D.	B-PER
Waters,	L-PER
The	O
art	O
of	O
navigation	O
in	O
England	B-MISC
in	I-MISC
Elizabethan	L-MISC
and	O
early	O
Stuart	U-PER
times,	O
Greenwich,	B-PER
National	L-PER
Maritime	O
Museum,	O
2e	O
éd.,	O
1978,	O
vol.	O
1,	O
p.	O
98-99.	O
.	O
Il	O
s’agit	O
d’un	O
traité	O
relativement	O
bref	O
(un	O
peu	O
plus	O
de	O
deux	O
cents	O
pages),	O
qui	O
expose	O
les	O
rudiments	O
du	O
savoir	O
cosmographique	O
sous	O
une	O
forme	O
résumée	O
et	O
accessible	O
(un	O
dialogue).	O
Le	B-MISC
titre	I-MISC
complet	I-MISC
de	I-MISC
l’ouvrage,	L-MISC
en	O
effet,	O
précise	O
:	O
«	O
The	B-MISC
Cosmographical	I-MISC
Glasse,	I-MISC
conteinyng	I-MISC
the	L-MISC
pleasant	O
Principles	B-MISC
of	I-MISC
Cosmographie,	I-MISC
Geographie,	I-MISC
Hydrographie,	I-MISC
or	L-MISC
Navigation	B-MISC
».	I-MISC
Cuningham	L-MISC
s’est	O
inspiré	O
des	O
traités	O
d’Apian	O
et	O
d’Oronce	O
Finé,	O
et	O
il	O
est	O
l’auteur	O
du	O
premier	O
manuel	O
de	O
cosmographie	O
en	O
langue	O
anglaise.	O
A	O
défaut	O
d’être	O
une	O
oeuvre	O
originale,	O
The	B-MISC
Cosmographical	I-MISC
Glasse	L-MISC
a	O
contribué	O
à	O
diffuser	O
l’intérêt	O
pour	O
la	O
géographie	O
et	O
les	O
cartes	O
dans	O
la	O
société	O
anglaise.	O
Le	O
frontispice	O
offre	O
une	O
construction	O
graphique	O
complexe	O
Sur	O
ce	O
frontispice,	O
voir	O
R.	B-PER
B.	I-PER
McKerrow	L-PER
et	O
F.	B-PER
S.	I-PER
Ferguson,	I-PER
Title-page	L-PER
Borders	O
used	O
in	O
England	B-MISC
&amp;	I-MISC
Scotland	I-MISC
1485-1640,	L-MISC
London,	B-MISC
printed	L-MISC
for	O
the	O
bibliographical	O
society	O
at	O
the	O
Oxford	O
University	O
Press,	O
1932,	O
planche	O
99	O
et	O
notice	O
p.	O
92-93	O
:	O
le	O
graveur	O
est	O
peut-être	O
identifié	O
par	O
les	O
initiales	O
I	B-PER
B	I-PER
F	L-PER
dans	O
l'angle	O
inférieur	O
gauche	O
:	O
Iohannes	B-PER
Bettes	L-PER
fecit	O
(?)	O
:	O
au	O
centre,	O
le	O
carton	O
de	O
titre	O
surmontant	O
un	O
cartouche	O
qui	O
porte	O
cette	O
inscription	O
:	O
«	O
In	B-MISC
this	I-MISC
Glasse	L-MISC
if	O
you	O
will	O
beholdeThe	B-MISC
Sterry	I-MISC
skie,	I-MISC
and	I-MISC
Yearth	L-MISC
so	O
wide,The	O
Seas	U-PER
also,	O
with	O
windes	O
so	O
colde,Yea	O
and	O
thy	O
selfe	O
all	O
these	O
to	O
guide:What	O
this	O
Type	B-MISC
meane	L-MISC
first	O
learne	O
a	O
right,So	O
shall	O
the	O
gayne	O
thy	O
travaill	O
quight	O
».	U-ORG
Tout	O
autour	O
se	O
déploient	O
des	O
scènes	O
juxtaposées,	O
où	O
des	O
personnages,	O
assis	O
au	O
milieu	O
des	O
nuées,	O
sont	O
absorbés	O
dans	O
différentes	O
activités	O
d’observation	O
et	O
de	O
calcul,	O
combinant	O
gestes	O
déictiques	O
et	O
regards	O
attentifs.	O
Ces	O
personnages	O
sont	O
identifiés	O
par	O
leur	O
nom.	O
Ils	O
se	O
regroupent	O
en	O
deux	O
grandes	O
catégories.	O
Tout	O
d’abord,	O
les	O
allégories	O
des	O
arts	O
et	O
des	O
sciences	O
(des	O
figures	O
féminines)	O
:	O
Geometria,	O
Arithmetica,	O
Musica,	B-MISC
Astronomia	L-MISC
;	O
nous	O
trouvons	O
ici	O
réunies	O
les	O
disciplines	O
du	O
«	O
quadrivium	O
»	O
médiéval.	O
Ensuite,	U-MISC
les	O
grands	O
géographes	O
et	O
astronomes	O
de	O
l’Antiquité	O
:	O
Hipparque	U-PER
,	O
Aratos	U-PER
,	O
Strabon	U-PER
,	O
Polybe	U-PER
.	O
Ces	O
différentes	O
figures	O
dessinent,	O
mesurent,	O
calculent,	O
munies	O
des	O
instruments	O
de	O
la	O
géométrie,	O
de	O
l’astronomie	O
et	O
de	O
la	O
cartographie.	O
Dans	O
l’angle	O
supérieur	O
droit,	O
Strabon	U-PER
met	O
la	O
dernière	O
main	O
à	O
une	O
carte	O
de	O
l’	B-ORG
Angleterre	L-ORG
,	O
orientée	O
l’ouest	O
en	O
haut	O
et	O
tracée	O
sur	O
un	O
espace	O
orthonormé,	O
gradué	O
en	O
degrés	O
de	O
longitude	O
et	O
de	O
latitude	O
:	O
un	O
exemple	O
parfait	O
de	O
planche	O
chorographique	O
à	O
la	O
manière	O
de	O
Ptolémée.	B-MISC
C’est	L-MISC
d’ailleurs	O
Ptolémée,	O
à	O
côté	O
de	O
son	O
collègue	O
et	O
prédécesseur	O
Marin	B-PER
de	I-PER
Tyr	L-PER
,	O
qui	O
donne	O
la	O
clé	O
de	O
l’ensemble	O
du	O
dessin,	O
au	O
centre	O
du	O
frontispice	O
et	O
au-dessus	O
du	O
cartouche	O
de	O
titre.	O
Les	O
deux	O
savants	O
entourent	O
un	O
globe	O
terrestre.	O
Le	O
réseau	O
des	O
méridiens	O
et	O
des	O
parallèles	O
laisse	O
transparaître	O
une	O
carte	O
à	O
peine	O
esquissée,	O
où	O
on	O
lit	O
les	O
noms	O
Asia	U-ORG
et	O
Africa.	B-PER
Ptolémée	L-PER
a	O
le	O
doigt	O
pointé	O
vers	O
les	O
étoiles,	O
tandis	O
que	O
Marin	U-PER
mesure	O
au	O
compas	O
un	O
écart	O
de	O
latitude	O
sur	O
le	O
globe,	O
de	O
la	O
main	O
droite,	O
et	O
tend	O
la	O
main	O
gauche	O
vers	O
la	O
carte	O
de	O
l’	B-PER
Angleterre	L-PER
,	O
que	O
dessine	O
Strabon	U-PER
.	O
La	O
sphère	O
terrestre	O
est	O
la	O
médiation	O
qui	O
permet	O
de	O
passer	O
du	O
ciel	O
à	O
l’	B-ORG
Angleterre	L-ORG
.	O
Elle	O
est	O
aussi	O
l’artefact	O
global	O
dont	O
la	O
genèse	O
et	O
les	O
composantes	O
partielles	O
sont	O
illustrées	O
par	O
l’ensemble	O
des	O
figures	O
qui	O
l’entourent	O
:	O
savoirs	O
scientifiques	O
et	O
gestes	O
techniques,	O
qui	O
mettent	O
en	O
oeuvre	O
la	O
panoplie	O
des	O
instruments	O
d’observation	O
de	O
la	O
Renaissance	O
:	O
compas,	O
sextants,	O
etc.	O
Cette	O
représentation	O
complexe	O
est	O
ainsi	O
une	O
mise	O
en	O
abyme	O
du	O
miroir	O
et	O
de	O
ses	O
pouvoirs	O
synoptiques	O
:	O
le	O
frontispice	O
reflète	O
la	O
cosmographie	O
dans	O
la	O
diversité	O
de	O
ses	O
disciplines	O
et	O
la	O
continuité	O
de	O
son	O
histoire,	O
depuis	O
l’Antiquité.	O
Ces	O
différentes	O
facettes	O
de	O
la	O
cosmographie	O
se	O
résument	O
elles-mêmes	O
dans	O
le	O
globe	O
terrestre.	O
La	O
surface	O
graphique	O
du	O
frontispice	O
promet	O
la	O
complétude	O
du	O
savoir	O
comme	O
sa	O
miniaturisation	O
synoptique.	O
D’autres	O
éléments,	O
empruntés	O
au	O
symbolisme	O
zodiacal,	O
viennent	O
préciser	O
la	O
signification	O
de	O
l’ensemble.	O
En	O
bas,	O
au	O
centre	O
de	O
la	O
page,	O
Mercure	U-LOC
est	O
flanqué	O
des	O
Gémeaux	U-LOC
et	O
de	O
la	O
Vierge	U-LOC
qui	O
sont	O
ses	O
deux	O
«	O
maisons	O
»	O
G.	U-LOC
de	O
Tervarent,	B-PER
Attributs	L-PER
et	O
symboles	O
dans	O
l'art	O
profane,	O
1450-1600.	O
Dictionnaire	U-MISC
d'un	O
langage	O
perdu,	O
Genève,	B-MISC
Droz,	I-MISC
1958,	L-MISC
col.	O
198	O
et	O
403.	O
McKerrow	U-ORG
et	O
Ferguson,	U-LOC
op.	O
cit.,	U-LOC
p.	O
93	O
suggèrent	O
que	O
ce	O
Mercure	U-LOC
barbu	O
pourrait	O
avoir	O
les	O
traits	O
de	O
John	U-PER
Day,	O
l'imprimeur	O
du	O
livre.	O
.	O
Il	O
est	O
significatif	O
que	O
Mercure	U-LOC
soit	O
également	O
entouré	O
d’Arithmetica	O
et	O
de	O
Musica.	U-LOC
Au	O
sommet	O
du	O
frontispice,	O
et	O
au-dessus	O
du	O
globe	O
terrestre	O
sur	O
lequel	O
travaillent	O
Ptolémée	U-PER
et	O
Marin,	U-PER
se	O
trouve	O
représenté	O
Saturne	U-LOC
sous	O
la	O
forme	O
d’un	O
vieillard	O
ailé	O
aux	O
jambes	O
de	O
bouc,	O
muni	O
d’une	O
faux,	O
symbolisant	O
ses	O
pouvoirs	O
destructeurs	O
McKerrow	U-ORG
et	O
Ferguson,	U-LOC
op.	O
cit.,	U-LOC
p.	O
92,	O
interprètent	O
ainsi	O
cette	O
zone	O
emblématique	O
:	O
«	O
Time	U-ORG
bringing	O
Truth	B-ORG
and	I-ORG
Antiquity	I-ORG
to	I-ORG
light	L-ORG
».	U-ORG
Il	O
est	O
plus	O
probable	O
que	O
le	O
Temps	U-LOC
soit	O
entouré	O
des	O
trois	O
stades	O
de	O
l'évolution	O
humaine,	O
l'enfant,	U-MISC
l'adulte	O
et	O
le	O
vieillard.	O
Je	B-MISC
remercie	I-MISC
Ann	I-MISC
Blair,	I-MISC
Anthony	I-MISC
Grafton	L-MISC
et	O
Marcia	B-PER
Reed	L-PER
qui	O
m'ont	O
aidé	O
dans	O
le	O
déchiffrement	O
de	O
cette	O
image.	O
.	O
Autour	O
de	O
lui,	O
l’enfant,	O
l’adulte,	O
qu’il	O
tient	O
par	O
la	O
main	O
et,	U-MISC
derrière,	O
le	O
vieillard	O
symbolisent	O
les	O
trois	O
âges	O
de	O
l’être	O
humain	O
et	O
l’évolution	O
qui	O
le	O
conduit	O
de	O
la	O
naissance	O
à	O
la	O
mort.	O
A	O
droite	O
et	O
à	O
gauche,	O
et	O
en-dehors	O
du	O
cadre	O
du	O
frontispice,	O
se	O
trouve	O
une	O
représentation	O
du	O
soleil	O
et	O
de	O
la	O
lune,	O
éclairant	O
deux	O
figures	O
allongées,	O
un	O
vieillard	O
et	O
une	O
femme,	O
dans	O
la	O
position	O
traditionnellement	O
reconnue	O
aux	O
allégories	O
des	O
fleuves.	O
Le	O
soleil	O
et	O
la	O
lune	O
sont	O
accompagnés	O
par	O
un	O
lion	O
et	O
une	O
écrevisse	O
(le	O
Cancer)	O
qui	O
les	O
symbolisent.	O
Peut-être	U-LOC
avons-nous	O
ici	O
la	O
représentation	O
des	O
deux	O
hémisphères	O
de	O
la	B-LOC
Terre	L-LOC
dont	O
l’un	O
est	O
plongé	O
dans	O
l’obscurité	O
et	O
l’autre	O
éclairé	O
par	O
le	O
soleil	O
Comme	O
me	O
le	O
suggère	O
Marcia	B-ORG
Reed	L-ORG
(Getty	O
Center,	B-PER
Special	I-PER
Collections).	L-PER
.	O
L’association	O
du	O
globe	O
terrestre	O
et	O
de	O
Saturne	U-LOC
n’est	O
pas	O
arbitraire	O
:	O
on	O
connaît	O
des	O
représentations	O
où	O
Saturne	U-PER
pointe	O
un	O
compas	O
vers	O
la	O
surface	O
du	O
globe,	O
montrant	O
ainsi	O
l’emprise	O
du	O
temps	O
sur	O
la	O
Terre	B-LOC
Tervarent,	L-LOC
op.	O
cit.,	U-LOC
col.	O
202,	O
qui	O
cite	O
en	O
particulier	O
une	O
gravure	O
de	O
Cornelis	B-PER
Massys.	L-PER
.	O
Et	O
ce	O
lien	O
entre	O
le	O
temps	O
et	O
la	O
cosmographie,	O
s’il	O
est	O
renforcé	O
par	O
la	O
présence	O
de	O
l’historien	O
Polybe	U-PER
,	O
est	O
aussi	O
manifesté	O
par	O
l’étrange	U-PER
rassemblement	O
des	O
grands	O
noms	O
de	O
l’astronomie	O
et	O
de	O
la	O
géographie	O
hellénistiques	O
et	O
impériales,	O
du	O
3e	O
s.	O
avant	O
J.-C.	O
au	O
2e	O
s.	O
après.	O
Dans	O
sa	O
dédicace	O
à	O
Lord	B-PER
Robert	I-PER
Duddeley,	I-PER
Cuningham	L-PER
évoque	O
le	O
combat	O
entre	O
l’ignorance	O
et	O
la	O
connaissance	O
:	O
en	O
aspirant	O
à	O
cette	O
dernière,	O
l’homme	O
s’arrache	O
à	O
la	O
bestialité	O
pour	O
se	O
rapprocher	O
de	O
Dieu.	B-ORG
C’est	L-ORG
pour	O
lutter	O
contre	O
l’ignorance	O
que	O
l’auteur	O
a	O
conçu	O
«	O
ce	O
miroir,	O
ou	O
Verre	B-MISC
Cosmographique,	L-MISC
dans	O
lequel	O
les	O
hommes	O
peuvent	O
regarder	O
attentivement	O
non	O
pas	O
un	O
ou	O
deux	O
personnages,	O
mais	O
le	O
ciel	O
avec	O
ses	O
planètes	O
et	O
ses	O
étoiles,	O
la	B-LOC
Terre	L-LOC
avec	O
ses	O
belles	O
régions,	O
et	O
les	O
Mers,	U-MISC
avec	O
leurs	O
merveilleuses	O
marées	O
»	O
Op.	B-LOC
cit.,	L-LOC
n.	O
p.	O
:	O
«	O
I	U-LOC
…	O
have	O
devised	O
this	O
mirrour,	O
or	O
Cosmographical	B-MISC
Glasse.	L-MISC
In	O
which	O
men	O
may	O
behold	O
not	O
one	O
or	O
two	O
personages,	O
but	O
the	O
heavens	O
with	O
planets	O
and	O
starres,	O
th'Earthe	U-LOC
with	O
her	O
beautifull	O
sic	O
Regions,	B-MISC
and	L-MISC
the	O
Seas	B-MISC
with	L-MISC
her	O
merveilous	O
increse	O
».	U-ORG
.	O
La	O
métaphore	O
du	O
miroir	O
ressurgit	O
dans	O
le	O
cours	O
du	O
texte,	O
lorsque	O
l’élève,	O
Spoudaeus,	U-LOC
qui	O
vient	O
d’apprendre	O
de	O
son	O
maître	O
Philonicus	U-PER
les	O
principes	O
de	O
la	O
cartographie,	O
s’exclame	O
Op.	B-LOC
cit.,	L-LOC
fol.	O
120	O
:	O
«	O
So	B-MISC
that	I-MISC
observing	L-MISC
this	O
order	O
of	O
you	O
prescribed,	O
I	O
may	O
in	O
like	O
sorte	O
at	O
my	O
pleasure,	O
drawe	O
a	O
carde	O
for	O
Spaine,	O
Fraunce,	O
Germany,	O
Italye,	O
Graece,	O
or	O
any	O
perticuler	O
region:	O
yea,	O
in	O
a	O
warme	O
&amp;	O
pleasant	O
house,	O
without	O
any	O
perill	O
of	O
the	O
raging	O
Seas:	U-ORG
danger	O
of	O
the	O
enemies:	O
losse	O
of	O
time:	O
spending	O
of	O
substance:	O
werines	O
of	O
body,	O
or	O
anguishe	O
of	O
minde.	O
Oh	B-MISC
how	I-MISC
precious	L-MISC
a	O
Jewell	U-PER
is	O
this,	O
it	O
may	O
rightly	O
be	O
called	O
a	O
Cosmographicall	B-MISC
Glasse,	L-MISC
in	O
which	O
we	O
may	O
beholde	O
the	O
diversities	O
of	O
countries:	O
natures	O
of	O
people	O
&amp;	O
innumerable	O
formes	O
of	O
Beastes,	U-LOC
Foules,	O
Fishes,	B-MISC
Trees,	I-MISC
Frutes,	L-MISC
Stremes,	O
&amp;	O
Meatalles	U-LOC
».	U-ORG
:	O
«	O
Ainsi	O
en	O
respectant	O
l’ordre	O
que	O
vous	O
m’avez	O
appris,	O
je	O
peux	O
en	O
quelque	O
sorte	O
selon	O
mon	O
bon	O
plaisir,	O
dessiner	O
une	O
carte	O
pour	O
l’	B-LOC
Espagne	L-LOC
,	O
la	O
France	U-LOC
,	O
l’	O
Allemagne	U-LOC
,	O
l’	O
Italie	U-LOC
,	O
la	O
Grèce	U-LOC
,	O
ou	O
toute	O
autre	O
région	O
particulière	O
:	O
oui,	O
dans	O
une	O
maison	O
chaude	O
et	O
agréable,	O
sans	O
les	O
périls	O
des	O
mers	O
déchaînées,	O
le	O
danger	O
des	O
ennemis,	O
la	O
perte	O
de	O
temps,	O
la	O
dépense	O
de	O
l’argent,	B-MISC
les	I-MISC
blessures	I-MISC
du	I-MISC
corps	I-MISC
ou	I-MISC
les	I-MISC
angoisses	I-MISC
de	I-MISC
l’esprit.	L-MISC
Oh	U-PER
quel	O
précieux	O
joyau	O
que	O
voici,	O
on	O
peut	O
l’appeler	O
à	O
juste	O
titre	O
un	O
Verre	B-MISC
Cosmographique,	L-MISC
dans	O
lequel	O
nous	O
pouvons	O
observer	O
la	O
diversité	O
des	O
pays,	O
la	O
nature	O
des	O
peuples,	O
et	O
les	O
formes	O
innombrables	O
des	O
Bêtes,	B-ORG
des	I-ORG
Foules,	L-ORG
des	O
Poissons,	B-LOC
des	I-LOC
Arbres,	I-LOC
des	I-LOC
Fruits,	L-LOC
des	O
Fleuves	U-ORG
et	O
des	O
Métaux	U-LOC
».	B-PER
Je	L-PER
prendrai	O
un	O
second	O
exemple	O
dans	O
la	O
production	O
éditoriale	O
des	O
Pays-Bas	U-LOC
.	O
L’imprimeur	U-LOC
et	O
graveur	O
Gérard	B-PER
de	I-PER
Jode	L-PER
(1509-1591)	O
publie	O
en	O
1578	O
un	O
Speculum	B-PER
Orbis	I-PER
Terrarum,	L-PER
qui	O
constitue	O
l’un	O
des	O
premiers	O
atlas	O
modernes,	O
aux	O
côtés	O
du	O
Theatrum	B-ORG
Orbis	L-ORG
Terrarum	O
d’Ortelius	O
en	O
1570	O
et	O
de	O
l’Atlas	O
de	O
Mercator	B-PER
Nous	L-PER
avons	O
consulté	O
l'édition	O
en	O
fac-similé	O
publiée	O
par	O
Theatrum	B-PER
Orbis	L-PER
Terrarum	B-MISC
Ltd,Amsterdam,	I-MISC
1965,	L-MISC
avec	O
une	O
introduction	O
par	O
R.	B-PER
A.	I-PER
Skelton.	L-PER
Pour	O
la	O
description	O
de	O
cet	O
atlas,	O
voir	O
I.	B-PER
C.	L-PER
Koeman,	O
Atlantes	O
Neerlandici.	O
Bibliography	O
of	O
terrestrial,	O
maritime	O
and	O
celestial	O
atlases	O
and	O
pilot	O
books,	O
published	O
in	O
the	O
Netherlands	U-MISC
up	O
to	O
1880,	O
Amsterdam,	O
Theatrum	O
Orbis	O
Terrarum,	U-ORG
1967-1985,	O
vol.	O
2,	O
p.	O
205-212.	O
Pour	B-MISC
une	I-MISC
présentation	I-MISC
générale	I-MISC
de	I-MISC
l'oeuvre	I-MISC
et	I-MISC
de	I-MISC
la	I-MISC
biographie	L-MISC
de	O
Gérard	B-PER
de	I-PER
Jode	L-PER
et	O
de	O
son	O
fils,	O
voir	O
F.	B-PER
Van	I-PER
Ortroy,	I-PER
L'oeuvre	L-PER
cartographique	O
de	O
Gérard	U-PER
et	O
de	O
Corneille	U-PER
de	O
Jode,	B-PER
Gand,	L-PER
Librairie	U-LOC
scientifique	O
E.	B-PER
Van	I-PER
Goethem	L-PER
&amp;	O
Cie,	O
1914.	O
.	O
Particulièrement	O
intéressant	O
est	O
le	O
titre	O
choisi	O
par	O
de	B-PER
Jode	L-PER
pour	O
différencier	O
son	O
ouvrage	O
du	O
Theatrum	U-LOC
d’Ortelius	O
et	O
le	O
concurrencer	O
–	O
ce	O
qu’	O
Ortelius	U-PER
avait	O
du	O
reste	O
bien	O
compris,	O
puisqu’il	O
a	O
sans	O
doute	O
contribué	O
à	O
faire	O
retarder	O
la	O
publication	O
du	O
nouvel	O
atlas	O
de	O
plusieurs	O
années	O
On	O
signalera	O
en	O
outre	O
que	O
les	O
éditions	O
abrégées	O
du	O
Theatrum	U-LOC
réalisées	O
par	O
Pieter	B-PER
Heyns	L-PER
(1537-1597)	O
et	O
son	O
fils	O
Zacharias	O
Heyns	O
(1570-ca	O
1640)	U-MISC
portent	O
le	O
titre	O
de	O
«	O
Miroir	U-LOC
du	O
Monde	U-ORG
»	O
ou	O
«	O
Spieghel	B-PER
der	I-PER
Werelt	L-PER
».	O
L'une	O
des	O
raisons	O
de	O
ce	O
passage	O
du	O
Theatrum	U-LOC
au	O
Speculum	U-MISC
réside	O
dans	O
le	O
projet	O
éditorial	O
de	O
réaliser	O
un	O
abrégé	O
de	O
l'ouvrage	O
d'Ortelius.	O
L'épitomé	O
de	O
Pieter	B-PER
Heyns	L-PER
était	O
même	O
écrit	O
en	O
vers,	O
ce	O
qui	O
contribua	O
à	O
son	O
grand	O
succès	O
éditorial	O
:	O
Koeman,	O
op.	O
cit.,	U-LOC
vol.	O
2,	O
p.	O
131-134.	O
.	O
Contrairement	O
à	O
l’ouvrage	O
de	O
Cuningham,	B-PER
le	I-PER
Speculum	L-PER
n’est	O
pas	O
un	O
manuel	O
de	O
cosmographie	O
générale,	O
mais	O
un	O
recueil	O
de	O
90	O
cartes,	O
distribuées	O
en	O
deux	O
parties,	O
redessinées	O
et	O
uniformisées	O
de	O
façon	O
à	O
former	O
un	O
tout	O
cohérent	O
Voir	O
l'édition	O
en	O
fac-similé	O
présentée	O
par	O
R.	B-PER
A.	I-PER
Skelton,	I-PER
G.	L-PER
de	O
Jode,	O
Speculum	O
Orbis	O
Terrarum,	O
Antwerpen	U-PER
1578,	O
Amsterdam,	O
Theatrum	O
Orbis	O
Terrarum	U-LOC
Ltd,	O
1965	O
.	O
Cornelis	B-PER
de	I-PER
Jode	L-PER
succède	O
à	O
son	O
père	O
et	O
réalise	O
la	O
seconde	O
édition	O
du	O
Speculum,	U-PER
revue	O
et	O
augmentée,	O
car	O
composée	O
de	O
109	O
cartes,	O
et	O
publiée	O
à	O
Anvers	U-LOC
en	O
1593.	O
Pour	O
la	O
circonstance,	O
de	O
nouvelles	O
pages	O
de	O
titre	O
ont	O
été	O
gravées	O
:	O
la	O
principale	O
représente	O
un	O
cheval,	O
un	O
chameau,	O
un	O
lion	O
et	O
un	O
lama,	O
symbolisant	O
les	O
quatre	O
continents,	O
l’Europe,	O
l’Afrique,	O
l’Asie	O
et	O
l’Amérique.	O
Le	B-MISC
frontispice	I-MISC
de	I-MISC
la	I-MISC
première	L-MISC
partie	O
offre	O
une	O
composition	O
graphique	O
complexe.	O
La	O
gravure	O
n’est	U-MISC
pas	O
signée.	O
Mais	O
la	O
sophistication	O
du	O
programme	O
décoratif,	O
et	O
sa	O
nature	O
emblématique,	O
suggèrent	O
que	O
Gérard	B-PER
de	I-PER
Jode	L-PER
en	O
a	O
été	O
le	O
concepteur,	O
voire	O
le	O
graveur.	O
Au	O
centre	O
de	O
la	O
page,	O
un	O
miroir	O
ovoïde,	O
entouré	O
d’un	O
cadre	O
découpé	O
en	O
douze	O
cases	O
où	O
sont	O
représentés	O
les	O
signes	O
du	O
zodiaque,	O
porte	O
l’inscription	O
«	O
Speculum	B-PER
Orbis	L-PER
Terrarum	O
».	O
On	O
décèle	O
sous	O
les	O
lettres	O
un	O
tracé	O
au	O
trait	O
très	O
schématique,	O
à	O
peine	O
visible,	O
figurant	O
les	O
formes	O
de	O
l’Afrique,	O
de	O
l’Arabie,	O
de	O
l’Asie	O
mineure	O
et	O
de	O
l’Europe.	O
Cette	O
surface	O
légèrement	O
convexe	O
est	O
un	O
espace	O
de	O
vision	O
et	O
de	O
contemplation	O
:	O
entourée	O
de	O
huit	O
têtes	O
de	O
chérubins	O
–	O
les	O
vents	O
–	O
elle	O
voit	O
apparaître	O
le	O
contour	O
de	O
la	B-LOC
Terre	L-LOC
sans	O
les	O
artifices	O
de	O
la	O
cartographie	O
–	O
lignes,	O
grille,	O
inscriptions	O
–	O
mais	O
avec	O
la	O
surimposition	O
d’un	O
titre	O
qui	O
identifie	O
à	O
la	O
fois	O
le	O
contenu	O
et	O
le	O
support	O
de	O
l’image.	O
Le	O
statut	O
de	O
cette	O
vision	O
est	O
certainement	O
qualifié	O
par	O
les	O
hiéroglyphes	O
gravés	O
sur	O
les	O
deux	O
obélisques	O
qui	O
encadrent	O
le	O
miroir	O
et	O
au	O
sommet	O
desquels	O
se	O
trouvent	O
le	O
soleil	O
et	O
la	O
lune.	O
Le	B-MISC
frontispice	I-MISC
du	I-MISC
Speculum	L-MISC
utilise	O
une	O
imagerie	O
égyptienne	O
caractéristique	O
de	O
la	O
Renaissance,	U-LOC
qui	O
se	O
perpétuera	O
au	O
17e	O
siècle	O
D'autres	O
frontispices	O
sont	O
construits	O
sur	O
ce	O
modèle.	O
Voir	O
en	O
particulier	O
Nicolas	B-MISC
Caussin,	I-MISC
De	I-MISC
Symbolica	I-MISC
Aegyptiorum	L-MISC
Sapientia,	O
Paris,	B-ORG
1618	L-ORG
(reproduit	O
dans	O
E.	B-MISC
Iversen,	I-MISC
The	I-MISC
Myth	I-MISC
of	I-MISC
Egypt	I-MISC
and	L-MISC
its	O
Hieroglyphs	B-MISC
in	I-MISC
European	I-MISC
Tradition,	L-MISC
Copenhagen,	O
Ged	O
Gad	O
Publishers,	O
1961,	O
plate	O
XVIII,	O
fig.	O
2b)	O
.	O
Les	O
pyramides	O
et	O
les	O
hiéroglyphes	O
sont	O
les	O
emblèmes	O
d’une	O
sagesse	O
cachée,	O
où	O
se	O
mêlent	O
la	O
tradition	O
de	O
l’hermétisme	O
gréco-égyptien	O
et	O
son	O
interprétation	O
par	O
les	O
néoplatoniciens	O
de	O
la	O
Renaissance	O
En	O
guise	O
d'introduction	O
à	O
ce	O
courant	O
important	O
de	O
la	O
symbolique	O
de	O
la	O
Renaissance,	U-MISC
voir	O
R.	B-MISC
Wittkower,	I-MISC
Allegory	I-MISC
and	I-MISC
the	I-MISC
Migration	I-MISC
of	I-MISC
Symbols,	I-MISC
London,	I-MISC
Thames	I-MISC
and	I-MISC
Hudson,	L-MISC
1987,	O
p.	O
114-128,	O
«	O
Hieroglyphics	B-MISC
in	I-MISC
the	L-MISC
early	O
Renaissance	U-MISC
»	O
;	O
Iversen,	O
op.	O
cit.,	U-LOC
p.	O
57-87	O
;	O
Corbett	U-PER
et	O
Lightbown,	U-PER
op.	O
cit.,	O
p.	O
22-25	O
.	O
Depuis	O
Plotin	U-PER
Plotin,	O
Ennéades,	O
V.8.6	U-MISC
,	O
et	O
grâce	O
à	O
Marsile	B-PER
Ficin	L-PER
qui	O
fut	O
son	O
traducteur,	O
les	O
hiéroglyphes	O
sont	O
considérés	O
comme	O
l’expression	O
ultime	O
de	O
la	O
vérité,	O
car	O
ils	O
incorporent	O
les	O
concepts	O
sous	O
une	O
forme	O
visuelle	O
davantage	O
qu’ils	O
ne	O
les	O
figurent.	O
Les	O
hiéroglyphes	O
de	O
de	O
Jode	U-PER
dérivent	O
très	O
probablement	O
des	O
Hieroglyphica	U-MISC
de	O
Horapollo,	U-LOC
manuscrit	O
grec	O
importé	O
à	O
Florence	U-LOC
au	O
début	O
du	O
15e	O
siècle,	O
qui	O
offrit	O
une	O
clé	O
de	O
déchiffrement	O
allégorique	O
pour	O
toute	O
la	O
Renaissance.	U-LOC
Ainsi	O
l’oeil	O
désigne	O
Dieu	U-MISC
qui	O
voit	O
et	O
sait	O
tout,	O
le	O
serpent	O
qui	O
se	O
mord	O
la	O
queue	O
le	O
temps,	O
etc.	O
Au	B-MISC
pied	I-MISC
de	I-MISC
ces	I-MISC
obélisques	L-MISC
se	O
trouvent	O
un	O
lion	O
et	O
une	O
écrevisse	O
(équivalent	O
figuratif	O
du	O
Cancer	U-LOC
zodiacal)	O
:	O
ils	O
sont	O
respectivement	O
les	O
attributs	O
du	O
soleil	O
et	O
de	O
la	O
lune.	O
Les	O
hiéroglyphes	O
donnent	O
au	O
livre	O
ainsi	O
introduit	O
le	O
statut	O
d’un	O
savoir	O
révélé	O
et	O
mystérieux,	O
et	O
on	O
pourrait	O
considérer	O
aussi	O
que	O
cette	O
profusion	O
de	O
signes,	O
de	O
symboles	O
zodiacaux	O
et	O
de	O
figures	O
allégoriques	O
déploie	O
un	O
horizon	O
de	O
déchiffrement	O
et	O
d’efforts	O
herméneutiques	O
autour	O
de	O
l’évidence	O
visuelle	O
offerte	O
par	O
le	O
miroir	O
central,	O
où	O
les	O
contours	O
du	O
monde	O
apparaissent	O
mystérieusement	O
au	O
regard.	O
Les	O
formes	O
de	O
la	B-LOC
Terre	L-LOC
surgissent	O
en	O
effet	O
comme	O
dans	O
un	O
au-delà	O
de	O
la	O
vision	O
sensorielle,	O
comme	O
l’expression	O
d’une	O
réalité	O
idéelle,	O
se	O
dévoilant	O
grâce	O
à	O
une	O
expérience	O
intellectuelle	O
qui	O
s’apparente	O
à	O
la	O
plus	O
haute	O
des	O
sagesses.	O
Au	O
pied	O
de	O
ce	O
dispositif	O
architectural	O
se	O
trouvent	O
deux	O
anges.	O
Celui	O
de	O
gauche,	O
sous	O
l’inscription	O
«	O
Hydrographia	B-LOC
»,	L-LOC
tient	O
un	O
compas	O
marin	O
et	O
une	O
règle.	O
Celui	O
de	O
droite,	O
sous	O
l’inscription	O
«	O
Horologiographia	U-MISC
»,	O
tient	O
un	O
instrument	O
de	O
mesure.	O
A	O
ses	O
pieds	O
se	O
trouve	O
un	O
sablier,	O
pour	O
la	O
mesure	O
du	O
temps.	O
Au	O
centre,	O
se	O
trouve	O
assise	O
une	O
femme	O
drapée,	O
«	O
Geographia	B-PER
»,	L-PER
tenant	O
dans	O
la	O
main	O
droite	O
un	O
compas	O
ouvert	O
et	O
dans	O
la	O
main	O
gauche,	O
une	O
pyramide.	O
Sa	O
tête	O
est	O
surmontée	O
d’une	O
tour.	O
Elle	O
est	O
assise	O
sur	O
une	O
table	O
basse	O
(«	O
tabula	O
»	O
–	O
la	O
carte	O
géographique	O
?),	O
dont	O
les	O
deux	O
montants	O
verticaux	O
portent	O
les	O
inscriptions	O
«	O
Asia	U-ORG
»	O
et	O
«	O
Africa	U-LOC
»	O
et	O
le	O
montant	O
horizontal	O
l’inscription	O
«	O
Europa	B-MISC
».	L-MISC
La	O
partie	O
inférieure	O
de	O
l’image	O
réunit	O
les	O
instruments	O
techniques	O
de	O
la	O
cartographie,	O
ensemble	O
de	O
médiations	O
qui	O
permettent	O
de	O
tracer	O
les	O
cartes	O
de	O
la	O
Terre.	U-PER
«	O
Geographia	U-MISC
»	O
est	O
d’ailleurs	O
flanquée	O
de	O
deux	O
globes,	O
encore	O
vierges	O
de	O
tout	O
dessin.	O
Le	O
globe	O
de	O
droite	O
est	O
une	O
sphère	O
céleste	O
comme	O
l’indiquent	O
le	O
tracé	O
de	O
la	O
ceinture	O
du	O
zodiaque	O
et	O
une	O
toute	O
petite	O
sphère,	O
qui	O
paraît	O
comme	O
en	O
suspension	O
et	O
qui	O
représente	O
sans	O
doute	O
la	O
lune.	O
La	O
scène	O
supérieure,	O
en	O
revanche,	O
ouvre	O
un	O
espace	O
cosmologique	O
et	O
figure	O
le	O
miroir,	O
où	O
les	O
contours	O
de	O
la	B-LOC
Terre	L-LOC
apparaissent,	O
visibles	O
du	O
spectateur	O
de	O
l’image,	O
et	O
non	O
des	O
trois	O
personnages	O
qui	O
se	O
trouvent	O
à	O
son	O
pied.	O
Ainsi	O
figurée	O
sur	O
le	O
frontispice	O
du	O
livre,	O
l’efficacité	O
symbolique	O
du	O
miroir	O
apparaît	O
comme	O
dédoublée	O
:	O
exprimant	O
la	O
vocation	O
encyclopédique	O
et	O
représentative	O
du	O
livre,	O
il	O
en	O
est	O
aussi	O
l’image	O
condensée,	O
le	O
symbole	O
visuel.	O
Le	O
miroir	O
est	O
de	O
ce	O
point	O
de	O
vue	O
une	O
mise	O
en	O
abyme	O
du	O
frontispice	O
lui-même,	O
qui	O
a	O
pour	O
vocation	O
de	O
résumer	O
le	O
livre	O
qu’il	O
introduit.	O
On	O
retrouve	O
le	O
miroir	O
géographique	O
dans	O
différents	O
ouvrages	O
d’instructions	O
nautiques	O
et	O
de	O
cartes	O
marines,	O
tel	O
le	O
Spieghel	B-LOC
der	I-LOC
Zeevaert	L-LOC
ou	O
Speculum	B-PER
Nauticum	L-PER
de	O
Lucas	B-PER
Jeanszon	I-PER
Waghenaer,	L-PER
dans	O
ses	O
multiples	O
éditions	O
européennes	O
Voir	U-MISC
le	O
catalogue	O
dans	O
Koeman,	U-MISC
op.	O
cit.,	U-LOC
vol.	O
4	O
(1970),	O
p.	O
465-501.	O
Voir	O
aussi	O
I.	B-PER
C.	I-PER
Koeman,	I-PER
Miscellanea	L-PER
cartographica.	O
Contributions	B-MISC
to	I-MISC
the	I-MISC
history	I-MISC
of	I-MISC
cartography,	I-MISC
edited	L-MISC
by	O
Günther	B-PER
Schilder	I-PER
and	I-PER
Peter	I-PER
van	I-PER
der	I-PER
Krogt,	I-PER
Utrecht,	I-PER
HES	I-PER
Publishers,	L-PER
1988,	O
p.	O
49-66	O
:	O
«	O
Lucas	U-PER
Janszoon	B-MISC
Waghenaer	L-MISC
:	O
a	O
sixteenth	O
century	O
marine	O
cartographer	O
»	O
(reprint	O
de	O
l'article	O
publié	O
dans	O
The	B-MISC
Geographical	I-MISC
Journal,	L-MISC
1965,	O
131,	O
2,	O
p.	O
202-217)	O
.	O
La	O
première	O
impression	O
de	O
la	O
première	O
partie	O
de	O
l’ouvrage	O
fut	O
réalisée	O
en	O
1583	O
par	O
Plantin	U-PER
à	O
Leyde	U-LOC
.	O
La	O
nature	O
même	O
de	O
ce	O
livre	O
justifie	O
pleinement	O
son	O
titre.	O
Comme	O
le	O
note	O
excellemment	O
D.	B-PER
Gernez,	L-PER
«	O
le	O
Spieghel	B-LOC
der	I-LOC
Zeevaert	L-LOC
fut,	O
à	O
son	O
époque,	O
l’équivalent	O
d’une	O
petite	O
bibliothèque	O
pour	O
gens	O
de	O
mer,	O
contenant	O
:	O
un	O
traité	O
de	O
cosmographie	O
et	O
de	O
navigation,	O
une	O
table	O
des	O
marées,	O
une	O
sorte	O
d’almanach	O
nautique	O
rudimentaire,	O
un	O
livre	O
de	O
directions	O
de	O
navigation	O
pour	O
les	O
côtes	O
de	O
l’Europe	O
septentrionale	O
et	O
occidentale	O
et	O
un	O
certain	O
nombre	O
de	O
cartes	O
nautiques	O
de	O
ces	O
rivages	O
»	O
D.	B-PER
Gernez,	L-PER
The	O
Works	O
of	O
Lucas	O
Janszoon	B-MISC
Wagenaer,	I-MISC
in	I-MISC
The	I-MISC
Mariner's	I-MISC
Mirror,	L-MISC
1937,	O
p.	O
336.	O
Voir	O
aussi	O
Waters,	U-PER
op.	O
cit.,	U-PER
vol.	O
2,	O
p.	O
168-175	O
.	O
Mais	O
la	O
page	O
de	O
titre	O
prend	O
à	O
nouveau	O
la	O
métaphore	O
du	O
miroir	O
au	O
pied	O
de	O
la	O
lettre.	O
Le	B-MISC
frontispice	L-MISC
a	O
été	O
gravé	O
par	O
Jan	B-PER
van	I-PER
Doetecum	L-PER
.	O
Sur	O
l’édition	O
publiée	O
à	O
Leyde	U-LOC
en	O
1586,	O
centrée	O
autour	O
du	O
cartouche	O
de	O
titre,	O
lui-même	O
intégré	O
dans	O
un	O
dispositif	O
architectural,	O
la	O
scène	O
s’organise	O
en	O
trois	O
étages	O
verticaux.	O
Le	B-MISC
fil	I-MISC
conducteur	L-MISC
qui	O
les	O
relie	O
les	O
uns	O
aux	O
autres	O
est	O
le	O
fil	O
à	O
plomb	O
:	O
il	O
souligne	O
la	O
dimension	O
verticale	O
de	O
l’image	O
et	O
en	O
même	O
temps	O
en	O
indique	O
le	O
sens	O
de	O
lecture,	O
la	O
finalité.	O
L’ensemble	O
est	O
bâti	O
selon	O
une	O
symétrie	O
rigoureuse	O
entre	O
la	O
droite	O
et	O
la	O
gauche,	O
qui	O
ne	O
fait	O
que	O
renforcer	O
les	O
effets	O
de	O
centralité.	O
L’étage	O
supérieur	O
est	O
constitué	O
par	O
le	O
miroir,	O
offert	O
de	O
face	O
au	O
spectateur	O
de	O
l’image	O
et	O
vierge	O
de	O
tout	O
tracé.	O
Six	O
personnages,	O
de	O
part	O
et	O
d’autre,	O
regardent	O
la	O
surface	O
miroitante.	O
Les	O
encadrant,	O
deux	O
globes	O
:	O
à	O
gauche,	O
une	O
sphère	O
céleste	O
portant	O
le	O
dessin	O
de	O
quelques	O
étoiles	O
et	O
de	O
la	O
ceinture	O
du	O
zodiaque	O
sur	O
laquelle	O
sont	O
suggérés	O
quelques	O
signes	O
;	O
sur	O
la	O
droite,	O
nous	O
avons	O
un	O
globe	O
terrestre,	O
divisé	O
par	O
les	O
lignes	O
des	O
zones	O
climatiques,	O
et	O
orienté	O
sud	O
en	O
haut.	O
On	O
déchiffre	O
des	O
tracés	O
géographiques,	O
identifiés	O
par	O
les	O
inscriptions	O
«	O
Africa	B-MISC
»,	L-MISC
«	O
Europa	B-MISC
»,	L-MISC
«	O
Ameri	B-PER
ca	I-PER
»,	L-PER
«	O
Ter	U-LOC
ra	O
no	O
va	O
»,	U-LOC
«	O
Magellane	B-PER
»,	L-PER
cette	O
dernière	O
correspondant	O
à	O
la	B-LOC
Terre	L-LOC
des	O
antipodes.	O
Compas,	U-LOC
sextants	O
gradués,	O
équerres	O
et	O
sabliers	O
suggèrent	O
les	O
médiations	O
techniques	O
qui	O
ont	O
permis	O
de	O
construire	O
ces	O
artefacts	O
comme	O
de	O
voyager	O
sur	O
les	O
mers.	O
Il	O
y	O
a	O
un	O
jeu	O
évident	O
entre	O
la	O
vision	O
merveilleuse	O
que	O
partagent	O
les	O
six	O
personnages	O
autour	O
du	O
miroir	O
–	O
pourtant	O
aveugle,	O
vision	O
directe	O
du	O
reflet	O
de	O
la	B-LOC
Terre	L-LOC
–	O
et	O
les	O
substituts	O
graphiques	O
et	O
tridimensionnels	O
qui	O
l’encadrent,	O
où	O
se	O
trouvent	O
figurés	O
l’au-delà	O
de	O
la	O
vision	O
sensorielle,	O
l’architecture	O
graphique	O
qui	O
caractérise	O
la	O
carte	O
:	O
lignes	O
départageant	O
les	O
zones	O
climatiques,	O
toponymes,	O
bandeau	O
zodiacal.	O
L’étage	O
intermédiaire	O
figure	O
deux	O
personnages	O
d’arpenteurs,	O
perchés	O
sur	O
le	O
bord	O
de	O
la	O
corniche	O
et	O
laissant	O
pendre	O
deux	O
fils	O
à	O
sonde	O
jusqu’au	O
niveau	O
de	O
la	O
mer,	O
où	O
les	O
attendent,	O
de	O
part	O
et	O
d’autre,	O
le	O
compas	O
du	O
navigateur	O
et	O
sa	O
boussole.	O
Un	B-MISC
navire	I-MISC
voguant	I-MISC
toutes	I-MISC
voiles	I-MISC
déployées,	L-MISC
entouré	O
de	O
deux	O
monstres	O
marins,	O
rappelle	O
la	O
finalité	O
de	O
cet	O
atlas	O
maritime.	O
Ce	O
riche	O
frontispice	O
conduit	O
donc	O
de	O
la	O
vision	O
magique	O
dans	O
le	O
miroir	O
Waters,	U-PER
op.	O
cit.,	U-PER
vol.	O
2,	O
p.	O
169,	O
commentant	O
ce	O
frontispice,	O
indique	O
que	O
les	O
marins	O
regardent	O
dans	O
le	O
miroir	O
de	O
la	O
mer.	O
à	O
la	O
navigation	O
à	O
l’estime,	O
qui	O
s’appuie	O
sur	O
les	O
cartes,	O
les	O
directions	O
et	O
les	O
distances.	O
La	O
multiplicité	O
des	O
instruments	O
de	O
mesure,	O
la	O
précision	O
des	O
gestes	O
techniques	O
et	O
la	O
présence	O
même	O
des	O
deux	O
globes,	O
avec	O
leurs	O
tracés	O
effectifs,	O
montrent	O
la	O
transmission,	O
en	O
même	O
temps	O
que	O
la	O
validation	O
du	O
savoir	O
et	O
de	O
la	O
vision	O
Le	O
succès	O
européen	O
du	O
Speculum	U-MISC
explique	O
peut-être	O
l'influence	O
de	O
son	O
frontispice	O
:	O
voir	O
Koeman,	U-MISC
1967-1985,	O
vol.	O
4,	O
p.	O
469.	O
Voir	U-MISC
par	O
exemple	O
celui	O
de	O
Bartholomew	U-LOC
Pitiscus,	O
Trigonometry	O
or	O
the	O
doctrine	O
of	O
triangles,	O
1614	O
(McKerrow	O
et	O
Ferguson,	U-LOC
op.	O
cit.,	U-LOC
1932,	O
no	O
265	O
et	O
p.	O
200),	O
où	O
l'on	O
retrouve	O
des	O
marins.	O
.	O
A	O
l’évidence	O
immédiate	O
de	O
la	O
vision	O
dans	O
le	O
miroir	O
(dont	O
est	O
cependant	O
exclu	O
le	O
spectateur	O
de	O
l’image)	O
s’oppose	O
l’expérience	O
d’un	O
pilote	O
confirmé	O
comme	O
Lucas	B-PER
Jeanszon,	L-PER
qui	O
multiplie	O
les	O
médiations	O
techniques	O
garantissant	O
la	O
valeur	O
pratique	O
comme	O
l’exactitude	O
mathématique	O
des	O
informations	O
contenues	O
dans	O
le	O
livre.	O
Le	O
frontispice	O
de	O
l’édition	O
d’	O
Amsterdam	U-LOC
,	O
1591,	O
présentant	O
des	O
compléments	O
et	O
des	O
descriptions	O
dues	O
à	O
Richard	B-PER
Slotboom,	L-PER
a	O
été	O
regravé.	O
S’il	U-MISC
reprend	O
la	O
même	O
architecture	O
générale	O
que	O
le	O
frontispice	O
de	O
1586,	O
il	O
comporte	O
cependant	O
une	O
variation	O
notable	O
:	O
le	O
miroir	O
n’est	O
plus	O
entouré	O
que	O
de	O
quatre	O
personnes,	O
dont	O
deux	O
enfants.	O
Alors	O
que	O
le	O
seul	O
enfant	O
de	O
l’édition	O
de	O
1586	O
se	O
trouvait	O
au	O
pied	O
du	O
globe	O
céleste	O
et	O
donc	O
à	O
la	O
périphérie	O
de	O
la	O
scène,	O
sur	O
l’édition	O
de	O
1591,	O
l’un	O
d’eux	O
se	O
trouve	O
agenouillé,	O
le	O
doigt	O
pointé	O
vers	O
la	O
surface	O
brillante	O
et	O
tourné	O
vers	O
un	O
adulte,	O
penché,	O
qui	O
regarde	O
aussi.	O
Sur	O
la	O
gauche,	O
c’est	U-MISC
l’adulte	O
qui	O
a	O
le	O
doigt	O
pointé	O
vers	O
la	O
surface	O
du	O
globe,	O
alors	O
que	O
le	O
second	O
enfant	O
regarde.	O
Est-ce	O
un	O
hasard	O
si	O
les	O
rituels	O
de	O
la	O
catoptromancie	O
grecque	O
décrits	O
par	O
A.	B-PER
Delatte	L-PER
mettent	O
principalement	O
en	O
scène	O
un	O
enfant,	O
jeune	O
et	O
pur,	O
comme	O
artisan	O
principal	O
de	O
la	O
vision	O
magique	O
A.	B-MISC
Delatte,	L-MISC
La	O
catoptromancie	O
grecque	O
et	O
ses	O
dérivés,	O
Liège-Paris,	B-MISC
Bibliothèque	I-MISC
de	I-MISC
la	I-MISC
Faculté	I-MISC
de	I-MISC
Philosophie	L-MISC
et	O
Lettres	B-MISC
de	I-MISC
l'Université	I-MISC
de	I-MISC
Liège,	I-MISC
1932	L-MISC
?	O
On	O
notera	O
en	O
tout	O
cas	O
le	O
changement	O
de	O
tonalité	O
de	O
cette	O
série	O
de	O
frontispices	O
par	O
rapport	O
au	O
Speculum	B-MISC
de	I-MISC
de	I-MISC
Jode	L-MISC
et	O
au	O
Cosmographical	B-MISC
Glasse	L-MISC
de	O
Cuningham.	U-LOC
Les	O
hiéroglyphes	O
et	O
l’imagerie	O
zodiacale	O
se	O
sont	O
effacés	O
devant	O
une	O
profusion	O
d’instruments	O
de	O
mesure.	O
Le	O
frontispice	O
multiplie	O
les	O
signes	O
de	O
vérédiction	O
à	O
l’encontre	O
des	O
pilotes	O
et	O
gens	O
de	O
mer,	O
destinataires	O
de	O
l’ouvrage.	O
Entre	B-MISC
l’ouvrage	I-MISC
de	I-MISC
l’Anglais	I-MISC
Cuningham	L-MISC
et	O
les	O
atlas	O
hollandais,	O
il	O
est	O
un	O
autre	O
changement	O
:	O
le	O
miroir	O
passe	O
en	O
effet	O
de	O
la	O
métaphore	O
à	O
la	O
figuration.	O
De	O
métaphore	O
désignant	O
un	O
genre	O
livresque	O
et	O
un	O
savoir	O
encyclopédique,	O
il	O
devient	O
un	O
dispositif	O
optique	O
offrant	O
une	O
vision	O
directe,	O
sans	O
médiations,	O
sur	O
l’espace	O
terrestre.	O
C’est	O
sur	O
des	O
ouvrages	O
hollandais	O
que	O
la	O
métaphore	O
du	O
miroir	O
apparaît	O
prise	O
au	O
pied	O
de	O
la	O
lettre,	O
ou	O
plutôt	O
au	O
pied	O
de	O
l’image,	O
et	O
ce	O
n’est	O
sans	O
doute	O
pas	O
un	O
hasard.	O
Les	O
frontispices	O
de	O
Gerard	B-PER
de	I-PER
Jode	L-PER
et	O
de	O
Waghenaer	U-PER
sont	O
représentatifs	O
de	O
la	O
nouvelle	O
culture	O
visuelle	O
qui	O
se	O
développe	O
aux	O
Pays-Bas	U-LOC
,	O
aux	O
16e	O
et	O
17e	O
siècles,	O
et	O
qui	O
a	O
été	O
si	O
bien	O
analysée	O
par	O
Svetlana	B-PER
Alpers	I-PER
S.	I-PER
Alpers,	I-PER
L'art	L-PER
de	O
dépeindre.	O
La	O
peinture	O
hollandaise	O
au	O
XVII	O
e	O
siècle,	O
traduit	O
de	O
l'anglais	O
par	O
Jacques	B-PER
Chavy,	I-PER
Paris,	I-PER
Gallimard,	L-PER
1983	O
.	O
Le	O
miroir	O
devient	O
l’emblème	O
même	O
de	O
la	O
connaissance,	O
une	O
alternative	O
au	O
savoir	O
apporté	O
par	O
les	O
livres.	O
Au	O
côté	O
des	O
premiers	O
télescopes	O
et	O
microscopes,	O
ainsi	O
que	O
des	O
chambres	O
noires,	O
le	O
miroir	O
est	O
révélateur	O
d’une	O
nouvelle	O
conception	O
de	O
la	O
vision,	O
du	O
visible	O
et	O
de	O
la	O
représentation,	O
et	O
plus	O
largement,	O
le	O
symbole	O
d’un	O
type	O
de	O
connaissance	O
particulier,	O
où	O
l’esprit	O
même	O
devient	O
le	O
miroir	O
de	O
la	O
nature	O
Alpers,	U-MISC
op.	O
cit.,	U-LOC
p.	O
67,	O
100	O
.	O
Le	O
miroir	O
reste	O
ainsi	O
une	O
métaphore	O
récurrente	O
pour	O
le	O
projet	O
cartographique,	O
au	O
même	O
titre	O
que	O
tous	O
les	O
verres	O
optiques,	O
qui	O
élargissent	O
les	O
frontières	O
du	O
visible	O
et	O
du	O
pensable	O
Alpers,	U-MISC
op.	O
cit.,	U-LOC
p.	O
267,	O
272	O
.	O
