L’orateur	O
Marcus	U-PER
Porcius	B-PER
Latro	L-PER
est	O
une	O
figure	O
récurrente	O
des	O
Controverses	U-ORG
que	O
Sénèque	B-PER
le	I-PER
Rhéteur	L-PER
avait	O
composées,	O
au	O
début	O
du	O
règne	O
de	O
Caligula	B-PER
Père	L-PER
de	O
Sénèque	U-PER
le	O
philosophe	O
et	O
grand-père	O
du	O
poète	O
Lucain,	B-PER
Sénèque	I-PER
le	I-PER
Rhéteur	L-PER
(vers	O
55	O
av.	O
J.-C.-vers	O
40	O
ap.	O
J.-C.)	O
composa	O
un	O
ouvrage	O
rétrospectif	O
sur	O
les	O
pratiques	O
oratoires	O
de	O
son	O
temps,	O
les	O
Sentences,	U-LOC
divisions	O
et	O
couleurs	O
des	O
orateurs	O
et	O
des	O
rhéteurs	O
dont	O
les	O
Controverses	U-LOC
constituent	O
la	O
première	O
partie.	O
,	O
pour	O
conserver	O
le	O
souvenir	O
des	O
grands	O
orateurs	O
de	O
son	O
temps.	O
Latro	U-LOC
avait	O
connu	O
la	O
gloire	O
sous	O
le	O
règne	O
d’	O
Auguste	U-PER
,	O
à	O
l’époque	O
où	O
le	O
passage	O
du	O
régime	O
républicain	O
au	O
principat	O
avait	O
amputé	O
l’éloquence	O
de	O
sa	O
dimension	O
politique.	O
La	B-MISC
pratique	I-MISC
oratoire	L-MISC
s’était	O
réorientée,	O
et	O
la	O
déclamation	O
de	O
causes	O
fictives	O
avait	O
pris	O
une	O
importance	O
nouvelle	O
Sur	O
la	O
déclamation,	O
cf.	O
Bonner,	U-PER
1969.	O
.	O
Dans	O
cette	O
approche	O
littérarisée	O
de	O
l’éloquence,	B-LOC
Latro	L-LOC
excellait	O
;	O
il	O
déclamait	O
devant	O
les	O
puissants	O
et	O
tenait	O
école.	O
Il	O
fut	O
pourtant	O
critiqué	O
:	O
son	O
style,	O
la	O
difficulté	O
qu’il	O
éprouvait	O
à	O
plaider	O
des	O
causes	O
réelles	O
ou	O
à	O
s’exprimer	O
en	O
plein	O
air	O
faisaient	O
de	O
lui	O
un	O
rhéteur	O
scolastique	O
plus	O
qu’un	O
orateur	O
véritable.	O
Sénèque	U-PER
le	O
rhéteur	O
s’efforce	O
de	O
défendre	O
le	O
souvenir	O
de	O
celui	O
qui	O
avait	O
été	O
son	O
condisciple	O
auprès	O
du	O
rhéteur	O
Marullus	U-PER
.	O
Tout	O
en	O
soulignant	O
son	O
habileté	O
et	O
l’efficacité	O
de	O
son	O
éloquence,	O
il	O
insiste	O
plus	O
encore	O
sur	O
une	O
qualité	O
moins	O
immédiatement	O
perceptible	O
:	O
la	O
puissance	O
de	O
sa	O
mémoire	O
(memoria).	O
Celle-ci	O
permettait	O
à	O
Latro	U-LOC
de	O
retenir	O
tout	O
ce	O
qui	O
était	O
nécessaire	O
à	O
son	O
art,	O
sans	O
jamais	O
courir	O
le	O
risque	O
d’oublier	O
quoi	O
que	O
ce	O
soit.	O
Ainsi,	U-PER
le	O
rhéteur	O
n’avait	O
aucun	O
effort	O
à	O
fournir	O
pour	O
mémoriser	O
les	O
discours	O
qu’il	O
allait	O
déclamer,	O
car	O
le	O
simple	O
fait	O
de	O
les	O
composer	O
par	O
écrit	O
les	O
lui	O
faisait	O
retenir	O
;	O
il	O
pouvait	O
alors	O
les	O
restituer	O
au	O
mot	O
près.	O
Une	B-MISC
fois	I-MISC
sa	I-MISC
déclamation	I-MISC
prononcée,	I-MISC
il	I-MISC
la	I-MISC
conservait	I-MISC
à	I-MISC
jamais	I-MISC
dans	I-MISC
sa	I-MISC
mémoire.	L-MISC
Les	O
archives	O
ne	O
lui	O
étaient,	O
par	O
conséquent,	O
d’aucune	O
utilité	O
:	O
Latro	U-LOC
«	O
écrivait	O
sur	O
son	O
esprit	O
Sénèque	U-PER
le	O
Rhéteur,	B-MISC
Controuersiae,	I-MISC
I,	L-MISC
praef.	O
17-18.	O
Sauf	B-MISC
mention	I-MISC
contraire,	I-MISC
les	I-MISC
traductions	L-MISC
sont	O
les	O
nôtres.	O
».	B-PER
Telle	L-PER
qu’elle	O
nous	O
est	O
décrite,	O
l’extraordinaire	O
mémoire	O
de	O
Latro	U-LOC
est	O
parfaitement	O
adaptée	O
au	O
but	O
poursuivi	O
par	O
le	O
rhéteur	O
:	O
elle	O
lui	O
permet	O
de	O
retenir,	O
dans	O
ses	O
moindres	O
détails,	O
un	O
texte	O
dont	O
le	O
contenu	O
est	O
largement	O
fictionnel	O
et	O
dont	O
le	O
style,	O
élaboré	O
de	O
manière	O
extrêmement	O
précise,	O
ne	O
peut	O
souffrir	O
aucune	O
variation	O
intempestive.	O
Instrument	B-MISC
de	I-MISC
rétention	I-MISC
et	I-MISC
de	I-MISC
reproduction,	I-MISC
la	I-MISC
mémoire	I-MISC
représente	L-MISC
alors	O
un	O
truchement	O
entre	O
composition	O
écrite	O
et	O
oralité.	O
Elle	O
vaut	O
également	O
pour	O
elle-même	O
:	O
de	O
même	O
que	O
la	O
déclamation	O
est	O
pure	O
performance,	O
tout	O
entière	O
destinée	O
à	O
faire	O
valoir	O
les	O
qualités	O
de	O
style,	O
de	O
composition	O
ou	O
d’invention	O
de	O
l’orateur	O
–	O
et	O
non	O
à	O
convaincre	O
le	O
public	O
–,	O
la	O
mémoire	O
constitue	O
un	O
faire-valoir,	O
une	O
marque	O
des	O
qualités	O
intrinsèques	O
du	O
rhéteur.	O
Le	B-ORG
monde	I-ORG
romain	L-ORG
est	O
en	O
effet	O
fasciné	O
par	O
les	O
exploits	O
mémoriels,	O
et	O
la	O
tradition	O
nous	O
a	O
conservé	O
le	O
souvenir	O
de	O
quelques	O
cas	O
extraordinaires	O
:	O
le	O
philosophe	O
Charmada	U-ORG
s,	O
capable	O
de	O
réciter	O
dans	O
leur	O
intégralité,	O
comme	O
s’il	O
les	O
lisait,	O
les	O
ouvrages	O
qu’on	O
lui	O
désignait	O
dans	O
une	O
bibliothèque	O
;	O
l’Académicien	O
Métrodore	B-PER
de	I-PER
Scepsis	L-PER
et	O
le	O
rhéteur	O
Empylos	B-PER
de	I-PER
Rhodes	L-PER
,	O
qui	O
pouvaient	O
tous	O
deux	O
restituer	O
avec	O
une	O
précision	O
extraordinaire	O
les	O
textes	O
qu’ils	O
avaient	O
appris	O
;	O
Théodecte	U-PER
,	O
qui	O
répétait	O
sans	O
erreur	O
les	O
vers	O
qu’on	O
lui	O
avait	O
lus,	O
quel	O
que	O
soit	O
leur	O
nombre	O
;	O
ou	O
encore	O
Quintus	B-PER
Hortensius	L-PER
,	O
l’orateur	O
qui	O
fut	O
longtemps	O
le	O
rival	O
de	O
Cicéron	U-PER
et	O
qui,	O
après	O
avoir	O
assisté	O
à	O
une	O
vente	O
durant	O
une	O
journée	O
entière,	O
parvint	O
à	O
dérouler,	O
dans	O
l’ordre,	O
la	O
liste	O
des	O
acheteurs,	O
des	O
objets	O
qu’ils	O
avaient	O
acquis	O
et	O
le	O
prix	O
qu’ils	O
avaient	O
payé	O
pour	O
cela	O
Charmadas	B-MISC
:	I-MISC
Cicéron,	I-MISC
De	I-MISC
oratore,	I-MISC
II,	I-MISC
360	L-MISC
;	O
Pline	B-PER
l’ancien,	L-PER
Naturales	O
historiae,	O
VII,	B-MISC
24	L-MISC
;	O
Métrodore	U-ORG
:	O
Cicéron,	B-PER
De	I-PER
oratore,	L-PER
II,	B-MISC
360	L-MISC
;	O
Empylos	B-MISC
:	I-MISC
Quintilien,	I-MISC
Institutio	L-MISC
oratoria,	O
X,	B-MISC
6,	I-MISC
4	L-MISC
;	O
Théodecte	U-LOC
:	O
Quintilien,	O
Institutio	U-LOC
oratoria,	O
XI,	U-MISC
2,	O
51	O
;	O
Hortensius	U-PER
:	O
Cicéron,	B-PER
De	L-PER
oratore,	O
III,	O
230	O
;	O
Brutus,	B-MISC
301	L-MISC
;	O
Academica,	B-PER
II,	L-PER
1,	O
2	O
;	O
Tusculanae	U-MISC
disputationes,	O
I,	B-MISC
59	L-MISC
;	O
Sénèque	U-PER
le	O
Rhéteur,	O
Controuersiæ,	B-PER
I,	L-PER
praef.	O
19	O
;	O
Quintilien,	B-LOC
Institutio	L-LOC
oratoria,	O
XI,	B-MISC
2,	I-MISC
22.	L-MISC
.	O
Dans	O
une	O
civilisation	O
où	O
la	O
mémoire	O
prime	O
sur	O
le	O
document	O
Sur	O
cette	O
opposition,	O
cf.	O
les	O
remarques	O
de	O
Carruthers,	B-MISC
1990,	I-MISC
p.	I-MISC
8-9.	L-MISC
,	O
une	O
capacité	O
de	O
rétention	O
hors	O
du	O
commun	O
fait	O
évidemment	O
l’admiration	O
de	O
tous.	O
La	O
facilité	O
à	O
mentionner,	O
citer	O
ou	O
réciter	O
est	O
une	O
marque	O
de	O
culture	O
(humanitas),	O
voire	O
de	O
sagesse,	O
la	O
prudentia	O
ne	O
se	O
concevant	O
pas	O
sans	O
une	O
vaste	O
memoria	O
Small,	U-ORG
1997,	O
p.	O
3-10.	O
.	O
Mais	O
peut-être	O
est-ce	O
cette	O
mémoire	O
si	O
précise,	O
capable	O
de	O
retenir	O
le	O
détail	O
d’un	O
texte	O
au	O
mot	O
près,	O
qui	O
entravait	O
Latro	U-LOC
lorsqu’il	O
se	O
risquait	O
à	O
plaider	O
devant	O
un	O
tribunal	O
véritable.	O
Car	O
contrairement	O
à	O
la	O
déclamation,	O
les	O
plaidoiries	O
réelles	O
interdisent	O
de	O
reproduire	O
par	O
oral	O
un	O
texte	O
figé	O
:	O
les	O
réponses	O
de	O
l’adversaire	O
doivent	O
être	O
prises	O
en	O
compte,	O
et	O
l’orateur	O
peut	O
être	O
contraint	O
d’improviser	O
si	O
l’affaire	O
évolue	O
d’une	O
manière	O
inattendue.	O
Est-ce	O
à	O
dire	O
que	O
la	O
mémoire	O
n’est	O
devenue	O
une	O
qualité	O
essentielle	O
de	O
l’orateur	O
qu’à	O
partir	O
du	O
moment	O
où	O
la	O
déclamation	O
a	O
pris	O
le	O
pas	O
sur	O
l’éloquence	O
efficace	O
?	O
Les	O
textes	O
cicéroniens	O
suffisent	O
à	O
prouver	O
le	O
contraire	O
:	O
aux	O
yeux	O
de	O
Cicéron	U-PER
,	O
dans	O
un	O
contexte	O
où	O
l’éloquence	O
est	O
pleinement	O
politique,	O
c’est	U-MISC
la	O
force	O
de	O
leur	O
mémoire	O
qui	O
distingue	O
Marcus	B-PER
Antonius	L-PER
,	O
Publius	U-PER
Antistius	O
,	O
Lucius	B-PER
Torquatus	L-PER
ou	O
Quintus	O
Hortensius	U-PER
des	O
autres	O
orateurs	O
Cicéron,	O
Brutus,	O
139,	O
215,	O
227,	O
301,	O
304.	O
:	O
la	O
possession	O
d’une	O
mémoire	O
de	O
qualité,	O
à	O
la	O
fois	O
prompte	O
à	O
retenir	O
et	O
apte	O
à	O
conserver,	O
est	O
indispensable	O
pour	O
qui	O
prétend	O
à	O
l’éloquence.	O
La	B-MISC
mémoire	L-MISC
définit	O
l’orateur	O
véritable,	O
au	O
même	O
titre	O
que	O
la	O
promptitude	O
intellectuelle,	O
la	O
capacité	O
de	O
réflexion,	O
la	O
puissance	O
de	O
travail	O
ou	O
le	O
talent	O
stylistique	O
Rhetorica	U-LOC
ad	O
Herennium,	B-MISC
I,	I-MISC
3	L-MISC
;	O
Cicéron,	B-PER
Brutus,	L-PER
139,	O
215,	O
227,	O
301,	O
304.,	O
De	O
oratore,	O
I,	O
64,	O
94,	O
114	O
;	O
III,	O
230.	O
.	O
L’orateur	O
Caius	B-PER
Scribonius	L-PER
Curio	O
,	O
outre	O
sa	O
gestuelle	O
inefficace,	O
souffrait	O
d’une	O
mémoire	O
fort	O
défaillante.	O
Incapable	U-MISC
de	O
se	O
tenir	O
au	O
plan	O
qu’il	O
annonçait,	O
il	O
ajoutait	O
des	O
parties	O
entières	O
à	O
son	O
discours,	O
ou	O
en	O
retranchait	O
d’autres.	O
À	O
l’écrit,	O
il	O
ne	O
parvenait	O
pas	O
même	O
à	O
construire	O
une	O
pensée	O
suivie.	O
Curio	U-LOC
excitait	O
les	O
rires	O
et	O
le	O
défaut	O
dont	O
il	O
souffrait	O
était,	O
pour	O
Cicéron	U-PER
,	O
une	O
véritable	O
honte	O
:	O
la	O
faiblesse	O
de	O
sa	O
mémoire	O
le	O
faisait	O
vaciller	O
dans	O
son	O
statut	O
même	O
d’orateur	O
Cicéron,	B-PER
Brutus,	L-PER
217-218.	O
Sur	O
le	O
personnage	O
de	O
Curio,	U-MISC
cf.	O
Sumner,	U-MISC
1973,	O
p.	O
110.	O
.	O
C’est	O
que	O
la	O
mémoire	O
ne	O
doit	O
pas	O
être	O
regardée	O
comme	O
un	O
simple	O
outil	O
de	O
stockage,	O
comme	O
une	O
simple	O
zone	O
tampon	O
entre	O
l’écrit	O
et	O
l’oral.	O
Dans	O
le	O
cadre	O
de	O
l’éloquence,	U-LOC
elle	O
est	O
considérée,	O
à	O
l’inverse,	O
comme	O
un	O
outil	O
de	O
mobilisation	O
du	O
savoir	O
et	O
des	O
acquis	O
:	O
c’est	U-MISC
grâce	O
à	O
elle,	O
en	O
puisant	O
dans	O
les	O
éléments	O
qu’elle	O
tient	O
en	O
réserve	O
et	O
en	O
les	O
combinant,	O
que	O
l’orateur	O
pourra	O
trouver	O
ses	O
arguments,	O
organiser	O
son	O
discours	O
et	O
élaborer	O
son	O
style.	O
Elle	O
seule	O
permet	O
le	O
passage	O
de	O
la	O
théorie	O
–	O
ou	O
de	O
l’entraînement	O
–	O
à	O
la	O
pratique,	O
l’adaptation	O
aux	O
exigences	O
de	O
l’affaire,	U-PER
la	O
réaction	O
appropriée	O
face	O
à	O
un	O
imprévu	O
de	O
procédure	O
ou	O
à	O
une	O
répartie	O
brillante	O
de	O
l’adversaire	O
:	O
«	O
Seuls	O
ceux	O
qui	O
ont	O
une	O
bonne	O
mémoire	O
savent	O
quoi	O
dire	O
[…],	O
et	O
de	O
quelle	O
manière	O
le	O
dire	O
Cicéron,	B-PER
De	L-PER
oratore,	O
III,	O
255.	O
Cf.	U-LOC
également	O
Quintilien,	B-LOC
Institutio	L-LOC
oratoria,	O
XI,	B-MISC
2,	I-MISC
7-8.	L-MISC
.	O
»	O
Loin	O
d’être	O
un	O
appareil	O
statique	O
de	O
rétention,	O
la	O
mémoire	O
est	O
conçue	O
comme	O
un	O
instrument	O
de	O
composition.	O
Ainsi,	U-PER
lorsque	O
Quintilien	U-PER
,	O
rhéteur	O
du	O
Ier	U-LOC
siècle	O
ap.	O
J.-C.,	O
souligne	O
que	O
seule	O
une	O
mémoire	O
sûre	O
permet	O
à	O
l’orateur	O
d’improviser,	O
il	O
ne	O
cherche	O
pas	O
à	O
développer	O
un	O
paradoxe,	O
mais	O
souligne	O
ce	O
qui,	O
pour	O
un	O
théoricien	O
de	O
la	O
rhétorique,	O
relève	O
de	O
l’évidence	O
:	O
la	O
mémoire	O
est	O
avant	O
tout	O
une	O
force	O
créatrice	O
Quintilien,	O
Institutio	U-LOC
oratoria,	O
XI,	U-MISC
2,	O
3.	O
Sur	O
l’opposition	O
entre	O
la	O
mémoire	O
conçue	O
comme	O
un	O
espace	O
de	O
stockage	O
et	O
la	O
mémoire	O
conçue	O
comme	O
un	O
outil	O
de	O
traitement	O
des	O
informations,	O
cf.,	O
à	O
propos	O
du	O
Moyen	U-LOC
Âge,	O
les	O
remarques	O
de	O
Carruthers,	B-MISC
1998,	I-MISC
p.	I-MISC
1-35.	L-MISC
.	O
Ce	O
sont	O
donc	O
deux	O
conceptions	O
distinctes	O
des	O
usages	O
de	O
la	O
mémoire	O
qu’il	O
est	O
possible	O
de	O
retracer	O
à	O
travers	O
les	O
témoignages	O
de	O
l’éloquence	O
et	O
de	O
la	O
rhétorique	O
romaines,	O
deux	O
aspects	O
dont	O
l’un	O
est	O
clairement	O
formalisé	O
et	O
l’autre	O
laissé	O
dans	O
l’ombre.	O
Considérée	U-LOC
comme	O
une	O
simple	O
capacité	O
de	O
stockage	O
et	O
d’extraction	O
des	O
informations,	O
la	O
mémoire	O
occupe	O
en	O
effet	O
une	O
place	O
définie	O
dans	O
la	O
doctrine	O
rhétorique,	O
puisqu’elle	O
représente	O
une	O
étape	O
dans	O
l’élaboration	O
du	O
discours.	O
Elle	O
s’inscrit	O
alors	O
dans	O
la	O
liste	O
canonique	O
des	O
cinq	O
parties	O
de	O
l’éloquence,	U-LOC
où	O
elle	O
prend	O
la	O
suite	O
de	O
la	O
fabrication	O
des	O
arguments	O
(inuentio),	O
de	O
l’organisation	O
du	O
discours	O
(dispositio)	O
et	O
de	O
l’élaboration	O
stylistique	O
(elocutio),	O
mais	O
précède	O
la	O
mise	O
en	O
œuvre	O
du	O
discours	O
par	O
le	O
geste	O
et	O
la	O
voix	O
(actio).	O
Dans	O
cette	O
progression	O
linéaire	O
qui	O
va	O
de	O
la	O
production	O
des	O
arguments	O
jusqu’à	O
la	O
performance	O
oratoire	O
elle-même,	O
l’étape	U-PER
dévolue	O
à	O
la	O
memoria	O
clôt	O
la	O
fabrication	O
du	O
discours	O
et	O
rend	O
possible	O
la	O
mise	O
en	O
œuvre	O
orale	O
des	O
éléments	O
préparés	O
:	O
arguments,	O
organisation	O
du	O
propos,	O
choix	O
des	O
mots,	O
etc.	O
Rhetorica	U-LOC
ad	O
Herennium,	U-LOC
I,	O
3	O
;	O
Cicéron,	U-MISC
De	O
inuentione,	O
I,	B-MISC
9	L-MISC
;	O
De	B-MISC
oratore,	I-MISC
I,	I-MISC
142	L-MISC
;	O
II,	B-MISC
79	L-MISC
;	O
Partitiones	U-LOC
oratoriae,	O
26.	U-LOC
.	O
«	O
Si	O
l’on	O
ne	O
fait	O
pas	O
appel	O
à	O
la	O
mémoire	O
pour	O
conserver,	O
nous	O
dit	O
Cicéron	U-PER
,	O
les	O
idées	O
et	O
les	O
mots	O
que	O
l’on	O
a	O
trouvés	O
et	O
auxquels	O
on	O
a	O
réfléchi,	O
il	O
est	O
évident	O
que	O
les	O
qualités	O
de	O
l’orateur,	O
aussi	O
éclatantes	O
qu’elles	O
soient,	O
perdront	O
toutes	O
leur	O
raison	O
d’être	O
Cicéron,	B-PER
De	L-PER
oratore,	O
I,	B-MISC
18.	L-MISC
.	O
»	O
Ayant	O
pour	O
fonction	O
principale	O
de	O
stocker	O
puis	O
de	O
restituer	O
un	O
matériau	O
élaboré	O
à	O
l’avance,	O
la	O
mémoire	O
est	O
conçue	O
à	O
la	O
fois	O
comme	O
une	O
étape	O
dans	O
un	O
processus,	O
comme	O
une	O
capacité	O
intellectuelle	O
et,	U-MISC
on	O
le	O
verra,	O
comme	O
un	O
espace	O
de	O
rétention.	O
Elle	O
fait	O
alors	O
l’objet	O
d’une	O
méthode	O
que	O
la	O
doctrine	O
rhétorique	O
n’éprouve	O
aucune	O
difficulté	O
à	O
formaliser.	O
Cette	O
précision	O
et	O
cette	O
clarté	O
du	O
propos	O
théorique	O
disparaissent	O
lorsque	O
l’on	O
aborde	O
l’usage	O
productif	O
de	O
la	O
mémoire,	O
où	O
cette	O
dernière	O
n’a	O
plus	O
pour	O
seul	O
objet	O
la	O
restitution	O
d’un	O
matériau	O
assimilé,	O
mais	O
également	O
la	O
production	O
du	O
discours.	O
Parce	U-PER
qu’il	O
n’entre	O
pas	O
dans	O
l’architecture	O
que	O
forment	O
les	O
différentes	O
étapes	O
du	O
discours	O
que	O
nous	O
venons	O
de	O
décrire,	O
ce	O
second	O
emploi	O
de	O
la	O
mémoire	O
ne	O
reçoit	O
aucune	O
place	O
définie	O
dans	O
la	O
théorie	O
et	O
n’apparaît	O
donc	O
qu’en	O
filigrane,	O
à	O
travers	O
des	O
remarques	O
que	O
les	O
auteurs	O
formulent	O
de	O
manière	O
incidente.	O
S’il	O
sort	O
du	O
domaine	O
propre	O
à	O
la	O
formalisation	O
rhétorique	O
traditionnelle,	O
cet	O
usage	O
de	O
la	O
mémoire	O
n’en	O
représente	O
pas	O
moins	O
le	O
fondement	O
même	O
(fundamentum	O
Cicéron,	B-PER
De	L-PER
optimo	O
genere	O
oratorum,	O
5.	O
)	O
de	O
la	O
compétence	O
oratoire	O
:	O
composer	O
un	O
discours	O
est	O
une	O
activité	O
de	O
création	O
encadrée	O
par	O
des	O
règles	O
strictes	O
et	O
que	O
la	O
théorie	O
fait	O
reposer,	O
de	O
façon	O
plus	O
ou	O
moins	O
implicite,	O
sur	O
la	O
remémoration.	O
À	B-MISC
l’image	I-MISC
de	I-MISC
la	I-MISC
tablette	L-MISC
Rhetorica	U-LOC
ad	O
Herennium,	U-LOC
III,	O
30	O
;	O
Cicéron,	B-PER
De	I-PER
oratore,	I-PER
II,	L-PER
354,	O
360	O
;	O
Partitiones	U-LOC
oratoriae,	O
26.	U-LOC
,	O
support	O
d’écriture	O
et	O
de	O
rétention,	O
c’est	U-MISC
celle	O
de	O
la	O
torche	O
Cicéron,	B-PER
De	I-PER
oratore,	I-PER
II,	I-PER
146.	L-PER
,	O
au	O
moyen	O
de	O
laquelle	O
l’orateur	O
s’orientera	O
dans	O
les	O
méandres	O
de	O
ses	O
connaissances,	O
qui	O
sera	O
alors	O
préférée.	O
Entre	B-MISC
rétention	I-MISC
et	I-MISC
réutilisation,	I-MISC
méditation	I-MISC
et	I-MISC
sélection,	I-MISC
structuration	I-MISC
systématique	I-MISC
et	I-MISC
recours	I-MISC
au	I-MISC
réflexe,	I-MISC
la	I-MISC
mémoire	L-MISC
devient	O
le	O
véritable	O
atelier	O
de	O
la	O
parole	O
persuasive.	O
La	B-MISC
mémoire	I-MISC
et	I-MISC
ses	I-MISC
techniques	L-MISC
La	B-MISC
rhétorique	L-MISC
offre	O
une	O
approche	O
profondément	O
objectiviste	O
de	O
la	O
mémoire	O
abordée	O
comme	O
capacité	O
de	O
rétention	O
Farrell,	U-PER
1997,	O
p.	O
373-380.	O
.	O
Car	O
si	O
elle	O
est	O
une	O
qualité	O
dont	O
tout	O
orateur	O
doit	O
être	O
doté	O
sous	O
peine	O
d’être	O
incapable	O
de	O
parler,	O
elle	O
est	O
également	O
un	O
outil	O
soumis	O
à	O
une	O
élaboration	O
technique	O
et,	O
par	O
conséquent,	O
susceptible	O
d’amélioration.	O
À	B-MISC
la	I-MISC
mémoire	I-MISC
naturelle	L-MISC
(memoria	O
naturalis)	O
s’ajoute	O
ainsi	O
une	O
mémoire	O
artificielle	O
(memoria	O
artificialis)	O
développée	O
au	O
moyen	O
d’une	O
méthodologie	O
précisément	O
définie	O
La	B-MISC
division	I-MISC
entre	I-MISC
mémoire	I-MISC
naturelle	I-MISC
et	I-MISC
mémoire	I-MISC
artificielle	L-MISC
est	O
traditionnelle.	O
Cf.	B-LOC
Rhetorica	L-LOC
ad	O
Herennium,	U-LOC
III,	O
28	O
;	O
Cicéron,	B-PER
De	I-PER
oratore,	L-PER
I,	B-LOC
145	L-LOC
;	O
Quintilien,	B-LOC
Institutio	L-LOC
oratoria,	O
XI,	U-MISC
2,	O
1.	O
.	O
La	B-MISC
seconde	L-MISC
ne	O
peut	O
suffire	O
si	O
la	O
première	O
fait	O
entièrement	O
défaut	O
:	O
les	O
exploits	O
de	O
Latro	U-LOC
s’expliquent	O
certes	O
par	O
la	O
manière	O
dont	O
il	O
a	O
assimilé	O
certaines	O
techniques	O
mémorielles,	O
mais	O
Sénèque	B-PER
le	I-PER
Rhéteur	L-PER
reconnaît	O
que	O
la	O
nature	O
avait	O
considérablement	O
favorisé	O
son	O
ami	O
Sénèque	U-PER
le	O
Rhéteur,	B-MISC
Controuersiae,	I-MISC
I,	L-MISC
praef.	O
17.	O
Cf.	B-LOC
Rhetorica	L-LOC
ad	O
Herennium,	U-LOC
III,	O
29	O
;	O
Cicéron,	B-PER
De	I-PER
oratore,	I-PER
II,	L-PER
360.	O
.	O
La	O
mémoire,	O
telle	O
que	O
la	O
conçoivent	O
les	O
traités,	O
est	O
un	O
donné	O
naturel	O
poli	O
par	O
l’étude,	O
l’effort	O
et	O
une	O
véritable	O
discipline	O
mentale	O
appliquée	O
dès	O
les	O
premières	O
années	O
de	O
formation	O
Sur	B-MISC
l’importance	L-MISC
de	O
l’entraînement	O
dans	O
le	O
développement	O
de	O
la	O
mémoire,	O
cf.	O
Rhetorica	U-LOC
ad	O
Herennium,	U-LOC
III,	O
40	O
;	O
Quintilien,	B-LOC
Institutio	L-LOC
oratoria,	O
XI,	U-MISC
2,	O
40-44.	O
.	O
Elle	O
est	O
donc	O
considérée	O
comme	O
un	O
instrument	O
mis	O
à	O
la	O
disposition	O
des	O
hommes.	O
L’orateur	O
la	O
modèle,	O
la	O
contrôle	O
et	O
ne	O
la	O
subit	O
pas	O
:	O
l’oubli	O
ne	O
sera	O
jamais	O
dû	O
à	O
un	O
«	O
trou	O
de	O
mémoire	O
»,	U-PER
mais	O
à	O
un	O
manque	O
de	O
maîtrise	O
technique,	O
à	O
une	O
erreur	O
commise	O
dans	O
le	O
processus	O
de	O
rétention	O
Quintilien,	B-LOC
Institutio	L-LOC
oratoria,	O
XI,	U-MISC
2,	O
20.	B-MISC
Cf.	I-MISC
Carruthers,	L-MISC
1990,	O
p.	O
61-62.	O
.	O
La	O
mémoire	O
est	O
un	O
outil	O
;	O
l’orateur	O
ne	O
fait	O
pas	O
entièrement	O
corps	O
avec	O
elle.	O
Progressivement	U-PER
rendue	O
plus	O
disponible,	O
plus	O
stable	O
et	O
plus	O
fidèle	O
Sénèque	U-PER
le	O
Rhéteur,	O
Controuersiae,	O
I,	O
praef.	O
2	O
;	O
Quintilien,	B-LOC
Institutio	L-LOC
oratoria,	O
XI,	U-MISC
2,	O
2.	O
,	O
la	O
mémoire	O
artificielle	O
est	O
naturellement	O
regardée	O
comme	O
un	O
support	O
d’écriture,	O
écriture	O
dont	O
elle	O
est,	O
d’après	O
Cicéron	U-PER
,	O
la	O
jumelle	O
Cicéron,	B-PER
Partitiones	L-PER
oratoriae,	O
26.	O
.	O
Elle	O
est	O
donc	O
fréquemment	O
comparée	O
à	O
une	O
tablette	O
enduite	O
de	O
cire,	O
instrument	O
de	O
notation	O
privilégié	O
dans	O
l’Antiquité	O
:	O
l’orateur,	O
comme	O
sur	O
une	O
tablette	O
et	O
ainsi	O
que	O
le	O
faisait	O
Latro,	U-MISC
inscrit	O
dans	O
sa	O
mémoire	O
ce	O
qu’il	O
doit	O
retenir	O
et	O
y	O
lit	O
ce	O
qu’il	O
doit	O
retrouver	O
Cf.	B-LOC
Rhetorica	L-LOC
ad	O
Herennium,	B-MISC
III,	I-MISC
30-31	L-MISC
;	O
Cicéron,	B-PER
De	I-PER
oratore,	L-PER
II,	B-MISC
354	L-MISC
;	O
II,	B-MISC
360	L-MISC
;	O
Partitiones	U-LOC
oratoriae,	O
26.	O
La	O
comparaison	O
de	O
la	O
mémoire	O
à	O
de	O
la	O
cire	O
est	O
déjà	O
présente	O
dans	O
le	O
Thééthète	U-LOC
de	O
Platon	U-PER
(191	O
d-e)	O
et	O
se	O
trouve	O
reprise	O
par	O
Aristote	U-PER
(De	O
memoria	O
et	O
reminiscentia,	O
450	O
a	O
30-32).	O
Dans	O
les	O
deux	O
cas,	O
il	O
ne	O
s’agit	O
pas	O
de	O
la	O
cire	O
d’une	O
tablette	O
:	O
le	O
processus	O
de	O
rétention	O
est	O
comparé	O
à	O
la	O
pression	O
exercée	O
au	O
moyen	O
du	O
sceau	O
sur	O
la	O
cire.	O
Sur	O
l’image	O
de	O
la	O
tablette	O
et	O
de	O
la	O
cire,	O
cf.	O
Carruthers,	U-MISC
1990,	O
p.	O
21-32.	O
Sur	B-MISC
les	I-MISC
différents	I-MISC
supports	I-MISC
d’écriture	I-MISC
employés	L-MISC
à	O
Rome,	U-MISC
cf.	O
Dorandi,	O
2000,	O
p.	O
5-25	O
;	O
Small,	U-LOC
1997,	O
p.	O
142-160.	O
.	O
L’image	O
de	O
la	O
tablette	O
est	O
néanmoins	O
trompeuse,	O
dans	O
la	O
mesure	O
où	O
les	O
techniques	O
mnémoniques	O
reprises	O
et	O
développées	O
par	O
la	O
rhétorique	O
imposent	O
une	O
représentation	O
différente	O
de	O
la	O
mémoire,	O
où	O
l’écriture	O
mémorielle	O
doit	O
avant	O
tout	O
se	O
comprendre	O
comme	O
la	O
constitution	O
d’un	O
réseau.	O
Aristote	U-PER
fut	O
le	O
premier	O
à	O
souligner	O
l’importance	O
de	O
l’ordre	O
dans	O
le	O
processus	O
de	O
remémoration	O
:	O
celui	O
qui	O
s’efforce	O
de	O
retrouver	O
un	O
souvenir	O
cherchera	O
mentalement	O
des	O
successions	O
qui,	O
progressivement,	O
le	O
mèneront	O
à	O
ce	O
qu’il	O
recherche	O
Aristote,	U-LOC
De	O
memoria	O
et	O
reminiscentia,	O
451	O
b	O
11-52	O
b	O
7.	O
.	O
Ce	O
qui	O
possède	O
naturellement	O
un	O
ordre	O
est	O
plus	O
aisément	O
mémorisable,	O
mais	O
cet	O
ordre	O
peut	O
être	O
introduit	O
dans	O
les	O
souvenirs	O
par	O
des	O
moyens	O
techniques	O
permettant	O
à	O
l’esprit	O
de	O
se	O
mouvoir	O
en	O
suivant	O
un	O
agencement	O
logique	O
Ibid.,	B-PER
452	L-PER
a	O
2-4	O
;	O
452	O
a	O
10	O
-	O
b	O
7	O
;	O
453	O
a	O
4-14.	O
.	O
La	O
tradition	O
rhétorique	O
intègre	O
parfaitement	O
à	O
sa	O
doctrine	O
cette	O
exigence	O
de	O
structuration,	O
comme	O
en	O
témoigne	O
le	O
récit	O
étiologique	O
au	O
moyen	O
duquel	O
elle	O
attribue	O
au	O
poète	O
Simonide	U-PER
la	O
paternité	O
des	O
techniques	O
mnémoniques.	O
D’après	O
le	O
récit	O
qu’en	O
fait	O
Cicéron	U-PER
,	O
c’est	U-MISC
la	O
compréhension	O
du	O
rôle	O
que	O
joue	O
l’organisation	O
des	O
éléments	O
en	O
séquences	O
qui	O
permit	O
à	O
Simonide	U-PER
de	O
développer	O
ses	O
capacités	O
mémorielles.	O
Attablé	U-LOC
à	O
un	O
dîner,	O
Simonide	U-PER
fut	O
appelé	O
au	O
dehors	O
avant	O
que	O
la	O
maison	O
ne	O
s’écroulât	O
sur	O
les	O
invités	O
à	O
la	O
suite	O
d’un	O
séisme.	O
Après	O
ce	O
désastre,	O
le	O
poète	O
fut	O
seul	O
capable	O
d’identifier	O
les	O
cadavres,	O
parce	O
que	O
l’ordre	O
dans	O
lequel	O
étaient	O
installés	O
les	O
convives	O
était	O
resté	O
gravé	O
dans	O
sa	O
mémoire	O
Cicéron,	B-PER
De	I-PER
oratore,	I-PER
II,	L-PER
352-353	O
;	O
Quintilien,	B-LOC
Institutio	L-LOC
oratoria,	O
XI,	U-MISC
2,	O
11-16.	O
Sur	O
cette	O
étiologie,	O
cf.	O
Molyneux,	U-PER
1971,	O
Carruthers,	O
1990,	O
p.	O
22	O
;	O
Small,	U-LOC
1997,	O
p.	O
82-86	O
;	O
Farrell,	U-LOC
1997,	O
p.	O
376-377	O
;	O
Carruthers,	B-MISC
1998,	I-MISC
p.	I-MISC
27-28.	L-MISC
.	O
L’organisation	O
ordonnée	O
des	O
éléments	O
est	O
donc	O
la	O
clef	O
des	O
processus	O
de	O
rétention	O
et	O
de	O
remémoration	O
:	O
Simonide	U-PER
,	O
d’après	O
Cicéron	U-PER
,	O
avait	O
compris	O
«	O
que	O
c’est	U-MISC
l’ordre,	O
avant	O
tout,	O
qui	O
éclaire	O
la	O
mémoire	O
Cicéron,	B-PER
De	I-PER
oratore,	I-PER
II,	L-PER
353.	O
».	U-PER
La	O
méthode	O
rhétorique	O
qui	O
découle	O
de	O
ce	O
constat	O
correspond	O
à	O
une	O
représentation	O
spatiale	O
et	O
visuelle	O
de	O
la	O
mémoire,	O
elle	O
aussi	O
présente	O
dans	O
tous	O
les	O
récits	O
concernant	O
Simonide	U-PER
.	O
Car	O
l’ordre	O
qui	O
permit	O
à	O
Simonide	U-PER
de	O
retrouver	O
l’identité	O
de	O
chaque	O
convive	O
se	O
déployait	O
dans	O
un	O
lieu	O
dont	O
le	O
poète	O
avait	O
retenu	O
la	O
configuration.	O
De	O
la	O
même	O
manière,	O
la	O
mémoire	O
de	O
l’orateur	O
s’organisera	O
de	O
façon	O
spatiale,	O
le	O
processus	O
de	O
rétention	O
reposant	O
sur	O
la	O
fabrication	O
mentale	O
de	O
lieux	O
(loci)	O
qui	O
joueront	O
le	O
rôle	O
de	O
contenants	O
où	O
seront	O
placés,	O
sous	O
forme	O
d’images	O
(imagines),	O
les	O
éléments	O
qui	O
doivent	O
être	O
mémorisés,	O
puis	O
retrouvés	O
Rhetorica	U-LOC
ad	O
Herennium,	U-LOC
III,	O
29-32	O
;	O
Cicéron,	B-PER
De	L-PER
oratore,	O
II	O
354	O
et	O
357-359	O
;	O
Quintilien,	B-LOC
Institutio	L-LOC
oratoria,	O
XI,	U-MISC
2,	O
17-22.	O
Sur	B-MISC
les	I-MISC
différentes	I-MISC
images	I-MISC
utilisées	L-MISC
pour	O
désigner	O
les	O
«	O
emplacements	O
»	O
de	O
la	O
mémoire	O
dans	O
l’Antiquité	O
et	O
au	O
Moyen	U-LOC
Âge,	O
cf.	O
Carruthers,	U-MISC
1990,	O
p.	O
22-45.	O
.	O
La	O
mémoire	O
ainsi	O
structurée	O
joue	O
le	O
rôle	O
d’un	O
système	O
de	O
classement	O
où	O
les	O
informations	O
sont	O
en	O
sécurité	O
et,	O
plus	O
important	O
encore,	O
facilement	O
accessibles.	O
Pour	O
ce	O
faire,	O
les	O
lieux	O
construits	O
mentalement	O
doivent	O
permettre	O
des	O
déplacements	O
aisés	O
:	O
une	O
maison,	O
un	O
portique	O
ou	O
une	O
place	O
publique	O
conviendront	O
parfaitement.	O
Si	O
l’architecture	O
mentale	O
choisie	O
correspond	O
à	O
une	O
maison,	O
l’orateur	O
placera	O
dans	O
chacune	O
des	O
pièces	O
les	O
images	O
qu’il	O
doit	O
mémoriser,	O
en	O
les	O
organisant	O
en	O
fonction	O
du	O
mobilier	O
et	O
du	O
décor.	O
Il	O
pourra	O
ensuite	O
parcourir	O
mentalement	O
le	O
vestibule,	O
l’	O
atrium	O
puis	O
les	O
différentes	O
pièces	O
et	O
retrouver,	O
dans	O
l’ordre,	O
chacun	O
des	O
objets	O
retenus	O
Quintilien,	B-LOC
Institutio	L-LOC
oratoria,	O
XI,	U-MISC
2,	O
20.	B-MISC
Sur	I-MISC
le	I-MISC
rapport	L-MISC
entre	O
maison	O
privée	O
et	O
architecture	O
mémorielle,	O
cf.	O
Bergmann,	U-LOC
1994.	O
:	O
«	O
Ce	O
faisant,	O
la	O
succession	O
des	O
lieux	O
conserve	O
celle	O
des	O
choses	O
;	O
les	O
images	O
représentent	O
les	O
choses	O
elles-mêmes	O
Cicéron,	B-MISC
De	I-MISC
oratore,	I-MISC
II,	L-MISC
354.	O
.	O
»	O
La	O
rétention	O
implique	O
donc	O
un	O
double	O
processus	O
d’encodage.	O
Celui,	U-PER
tout	O
d’abord,	O
consistant	O
à	O
associer	O
un	O
objet	O
à	O
une	O
image	O
précise,	O
puis	O
celui	O
qui	O
consiste	O
à	O
répartir	O
chaque	O
image	O
dans	O
l’espace	O
mental	O
préalablement	O
construit.	O
L’organisation	O
rigoureuse	O
favorise	O
le	O
respect	O
des	O
successions,	O
le	O
respect	O
des	O
successions	O
donne	O
leur	O
stabilité	O
aux	O
images	O
et	O
à	O
ce	O
qui	O
leur	O
est	O
associé.	O
La	O
production	O
des	O
images	O
répond	O
à	O
des	O
exigences	O
différentes	O
selon	O
que	O
l’orateur	O
cherche	O
à	O
retenir	O
des	O
objets	O
(res)	O
ou	O
des	O
mots	O
(uerba)	O
Rhetorica	U-LOC
ad	O
Herennium,	B-MISC
III,	I-MISC
33.	L-MISC
.	O
L’objet	O
sera	O
inscrit	O
dans	O
la	O
mémoire	O
au	O
moyen	O
de	O
sa	O
représentation	O
visuelle	O
propre	O
ou	O
d’une	O
image	O
qui	O
la	O
rappelle	O
par	O
association,	O
ressemblance	O
ou	O
allusion	O
Ibid.	U-LOC
;	O
Quintilien,	B-LOC
Institutio	L-LOC
oratoria,	O
XI,	U-MISC
2,	O
21.	U-MISC
.	O
Ces	O
images	O
devront	O
être	O
frappantes	O
:	O
belles,	O
laides	O
ou	O
violentes,	O
elles	O
seront	O
plus	O
aisément	O
mémorisées.	O
Elles	O
seront	O
donc	O
des	O
créations	O
personnelles,	O
ce	O
qui	O
frappe	O
les	O
uns	O
restant	O
indifférent	O
aux	O
autres	O
Rhetorica	U-LOC
ad	O
Herennium,	B-MISC
III,	I-MISC
38.	I-MISC
Cf.	L-MISC
Doucet,	O
1987,	O
p.	O
50	O
;	O
McGaugh,	O
1999.	O
.	O
L’encodage	O
des	O
mots	O
est	O
plus	O
complexe,	O
car	O
il	O
nécessite	O
des	O
images	O
plus	O
nombreuses	O
et	O
n’autorise	O
pas	O
d’équivalences	O
simples.	O
Comment,	U-PER
en	O
effet,	O
représenter	O
une	O
conjonction	O
Cicéron,	B-PER
De	L-PER
oratore,	O
III,	B-LOC
359	L-LOC
;	O
Quintilien,	B-LOC
Institutio	L-LOC
oratoria,	O
XI,	B-MISC
2,	I-MISC
25.	L-MISC
?	O
L’orateur	O
devra	O
créer	O
son	O
propre	O
langage	O
visuel,	O
aussi	O
fourni	O
que	O
possible,	O
afin	O
de	O
pouvoir	O
retenir	O
des	O
textes	O
dans	O
le	O
détail	O
:	O
il	O
surimposera	O
un	O
code	O
nouveau	O
au	O
code	O
langagier.	O
Quintilien	U-PER
émet	O
les	O
plus	O
grandes	O
réserves	O
sur	O
cet	O
aspect	O
de	O
la	O
méthode.	O
La	B-MISC
mémoire	I-MISC
artificielle,	I-MISC
parfaite	L-MISC
pour	O
retenir	O
un	O
enchaînement	O
d’idées	O
ou	O
d’objets,	U-LOC
lui	O
paraît	O
inadaptée	O
lorsqu’il	O
s’agit	O
de	O
mémoriser	O
des	O
textes	O
:	O
la	O
lourdeur	O
de	O
l’appareillage	O
symbolique	O
nécessaire	O
encombre	O
la	O
mémoire	O
plus	O
qu’elle	O
ne	O
l’aide	O
Quintilien,	O
Institutio	U-LOC
oratoria,	O
XI,	U-MISC
2,	O
23-24.	O
Cicéron	U-PER
réfutait	O
à	O
l’avance	O
cette	O
objection	O
en	O
De	B-MISC
oratore,	I-MISC
II,	I-MISC
359.	L-MISC
.	O
De	O
fait,	O
l’auteur	O
anonyme	O
de	O
la	O
Rhétorique	O
à	O
Herennius	U-PER
(vers	O
84	O
av.	O
J.-C.)	O
considère	O
que	O
la	O
mémoire	O
artificielle	O
ne	O
suffit	O
pas	O
à	O
la	O
rétention	O
des	O
mots.	O
Tout	O
au	O
plus	O
peut-elle	O
la	O
favoriser.	O
Seuls	O
la	O
répétition	O
et	O
l’apprentissage	O
«	O
naturel	O
»,	U-LOC
par	O
lectures	O
successives,	O
permettront	O
de	O
conserver	O
le	O
souvenir	O
exact	O
d’un	O
texte	O
Rhetorica	U-LOC
ad	O
Herennium,	B-MISC
III,	I-MISC
34.	L-MISC
.	O
Dans	O
un	O
second	O
temps,	O
la	O
répartition	O
des	O
images	O
favorisera	O
la	O
lisibilité.	O
Le	O
lieu	O
mental	O
doit	O
pouvoir	O
être	O
arpenté	O
sans	O
difficulté	O
par	O
l’esprit	O
qui	O
est	O
considéré,	O
dans	O
ce	O
contexte,	O
comme	O
un	O
pur	O
regard.	O
Le	O
lieu	O
choisi	O
ne	O
sera	O
pas	O
un	O
espace	O
trop	O
fréquenté	O
et	O
ne	O
prêtera	O
pas	O
à	O
confusion	O
:	O
le	O
va-et-vient	O
de	O
la	O
foule	O
brouille	O
les	O
images,	O
une	O
colonnade	O
infinie	O
ne	O
favorise	O
pas	O
leur	O
structuration.	O
Il	O
sera	O
suffisamment	O
grand	O
pour	O
permettre	O
à	O
l’orateur	O
d’y	O
placer	O
tout	O
ce	O
dont	O
il	O
a	O
besoin,	O
mais	O
de	O
taille	O
humaine,	O
pour	O
que	O
l’œil	O
puisse	O
l’embrasser	O
sans	O
s’y	O
perdre.	O
Son	O
éclairage,	O
enfin,	O
ne	O
sera	O
ni	O
trop	O
faible,	O
ni	O
trop	O
cru.	O
L’espace	O
ainsi	O
construit	O
sera	O
envisagé	O
selon	O
un	O
point	O
de	O
perspective	O
particulier,	O
ni	O
trop	O
proche,	O
ni	O
trop	O
éloigné	O
des	O
objets,	O
sous	O
peine	O
de	O
rendre	O
leur	O
perception	O
difficile.	O
L’orateur	O
pourra	O
alors	O
déposer	O
ses	O
images	O
dans	O
chaque	O
lieu	O
comme	O
il	O
le	O
souhaite,	O
en	O
progressant	O
de	O
l’un	O
à	O
l’autre	O
selon	O
un	O
agencement	O
établi	O
et	O
en	O
les	O
marquant,	O
au	O
besoin,	O
d’un	O
symbole	O
ou	O
d’un	O
chiffre,	O
afin	O
de	O
s’assurer	O
de	O
leur	O
ordre	O
de	O
succession	O
Rhetorica	U-LOC
ad	O
Herennium,	U-LOC
III,	O
31-32	O
;	O
Cicéron,	B-PER
De	I-PER
oratore,	L-PER
II,	B-MISC
358	L-MISC
;	O
Quintilien,	B-LOC
Institutio	L-LOC
oratoria,	O
XI,	U-MISC
2,	O
18.	O
Sur	O
la	O
question	O
de	O
la	O
perspective	O
visuelle	O
et	O
les	O
problèmes	O
d’interprétation	O
qu’elle	O
a	O
entraînés,	O
cf.	O
Carruthers,	U-PER
1990,	O
p.	O
72-73	O
;	O
Small,	U-LOC
1997,	O
p.	O
95-100.	O
.	O
Tel	O
qu’il	O
nous	O
apparaît	O
à	O
travers	O
les	O
règles	O
formulées	O
dans	O
les	O
traités,	O
l’outil	O
mémoriel	O
représente	O
un	O
tissu	O
ordonné	O
de	O
relations	O
entre	O
des	O
objets	O
placés	O
dans	O
un	O
espace	O
imaginaire	O
très	O
précisément	O
structuré.	O
La	O
mémoire	O
artificielle	O
est	O
une	O
mémoire	O
topique	O
et	O
visuelle	O
:	O
la	O
vue	O
étant,	O
d’après	O
Cicéron	U-PER
,	O
le	O
plus	O
vif	O
et	O
le	O
plus	O
fidèle	O
de	O
tous	O
les	O
sens,	O
ce	O
que	O
l’on	O
veut	O
mémoriser	O
doit	O
être	O
traduit	O
en	O
images	O
sensorielles,	O
en	O
formes	O
(formae)	O
et	O
en	O
corps	O
sensibles	O
(corpora)	O
répartis	O
dans	O
un	O
espace	O
–	O
tout	O
corps	O
occupant	O
nécessairement	O
un	O
lieu	O
Cicéron,	B-MISC
De	I-MISC
oratore,	I-MISC
II,	L-MISC
357-358.	O
.	O
Le	O
savoir	O
théorique	O
ainsi	O
retenu	O
acquiert	O
une	O
matérialité	O
et	O
se	O
transforme	O
en	O
un	O
souvenir,	O
doté	O
d’une	O
épaisseur	O
sensorielle.	O
L’orateur	O
n’a	O
alors	O
plus	O
qu’à	O
«	O
lire	O
»	O
ce	O
qu’il	O
aura	O
placé	O
dans	O
sa	O
mémoire.	O
La	O
disposition	O
des	O
images	O
est	O
en	O
effet	O
une	O
forme	O
d’écriture	O
;	O
et,	O
nous	O
dit	O
l’auteur	O
de	O
la	O
Rhétorique	U-ORG
à	O
Herennius,	O
«	O
prononcer	O
un	O
discours,	O
c’est	U-MISC
comme	O
lire	O
Rhetorica	U-LOC
ad	O
Herennium,	U-LOC
III,	O
30	O
(trad.	O
G.	O
Achard).	O
».	B-PER
L’image	L-PER
de	O
la	O
tablette	O
se	O
surimpose	O
de	O
nouveau	O
à	O
celle	O
de	O
l’architecture	O
Cicéron,	B-PER
De	L-PER
oratore,	O
III,	B-MISC
354	L-MISC
;	O
Quintilien,	B-LOC
Institutio	L-LOC
oratoria,	O
XI,	U-MISC
2,	O
21.	U-MISC
:	O
la	O
performance	O
oratoire	O
redeviendrait-elle,	O
contre	O
la	O
doctrine	O
même	O
que	O
professent	O
les	O
traités,	O
la	O
simple	O
reproduction	O
d’un	O
texte	O
préalablement	O
composé	O
?	O
Rétention,	U-MISC
écriture	O
et	O
improvisation	O
La	B-MISC
pratique	I-MISC
oratoire	L-MISC
entretient	O
en	O
effet	O
un	O
rapport	O
ambigu	O
à	O
la	O
composition	O
écrite.	O
Écrire	U-PER
puis	O
mémoriser	O
le	O
texte	O
produit	O
reste	O
évidemment	O
le	O
moyen	O
le	O
plus	O
sûr	O
pour	O
qui	O
veut	O
prononcer	O
un	O
discours	O
de	O
qualité	O
Quintilien,	B-LOC
Institutio	L-LOC
oratoria,	O
XII,	B-MISC
9,	I-MISC
16.	L-MISC
.	O
Pourtant,	O
le	O
discours	O
peut	O
tout	O
aussi	O
bien	O
être	O
affaibli	O
par	O
cette	O
architecture	O
fixe	O
dérivée	O
de	O
l’écrit,	O
qui	O
risque	O
d’entraver	O
la	O
faculté	O
d’adaptation	O
de	O
l’orateur.	O
Quintilien	U-PER
est	O
le	O
seul	O
à	O
aborder	O
la	O
question	O
de	O
façon	O
explicite	O
en	O
opposant	O
directement	O
les	O
deux	O
types	O
de	O
mémorisation	O
possible	O
:	O
faut-il	O
retenir	O
mot	O
à	O
mot	O
le	O
texte	O
composé	O
(uerba)	U-PER
ou	O
se	O
contenter	O
des	O
idées	O
et	O
de	O
leur	O
enchaînement	O
(res)	O
?	O
Impossible,	U-LOC
selon	O
Quintilien	U-PER
,	O
d’apporter	O
à	O
ce	O
problème	O
une	O
réponse	O
générale.	O
Pourquoi	O
composer	O
avec	O
soin	O
et	O
par	O
écrit,	O
sinon	O
pour	O
pouvoir	O
utiliser	O
ce	O
qui	O
a	O
été	O
mis	O
en	O
place	O
et	O
donc	O
l’apprendre	O
au	O
mot	O
près	O
?	O
À	O
l’inverse,	O
une	O
récitation	O
mécanique	O
produira	O
un	O
effet	O
déplorable	O
qui	O
affaiblira	O
la	O
crédibilité	O
de	O
l’orateur,	U-MISC
la	O
préparation	O
étant	O
toujours	O
suspecte	O
aux	O
yeux	O
des	O
juges	O
Ibid.,	B-PER
XI,	L-PER
2,	O
44-45	O
et	O
XI,	U-MISC
2,	O
17.	O
Sur	O
la	O
méfiance	O
qu’éprouvent	O
les	O
auditeurs	O
à	O
l’égard	U-PER
d’un	O
orateur	O
trop	O
visiblement	O
préparé,	O
cf.	O
Andersen,	B-MISC
1996	L-MISC
et	O
2001.	O
.	O
Enfin,	O
l’effort	O
mémoriel	O
paralysera	O
l’esprit	O
de	O
l’orateur	O
:	O
rechercher	O
l’idée	O
ou	O
le	O
mot	O
perdus	O
empêche	O
d’en	O
découvrir	O
d’autres	O
au	O
moment	O
opportun	O
Ibid.,	B-PER
XI,	L-PER
2,	O
48-49	O
;	O
XI,	U-MISC
6,	O
7.	O
.	O
Le	O
problème	O
se	O
comprend	O
donc	O
à	O
la	O
fois	O
en	O
termes	O
d’apparence	O
et	O
d’efficacité.	O
Quintilien	U-PER
ne	O
tranchera	O
pas	O
et	O
conseillera	O
à	O
l’orateur	O
d’apprendre	O
son	O
texte	O
le	O
plus	O
précisément	O
possible,	O
mais	O
de	O
donner	O
l’illusion	O
de	O
l’improvisation,	U-MISC
au	O
moyen,	O
par	O
exemple,	O
d’hésitations	O
fictives.	O
Paradoxalement,	U-LOC
c’est	O
la	O
qualité	O
de	O
sa	O
mémoire	O
qui	O
permettra	O
à	O
l’orateur	O
de	O
se	O
comporter	O
avec	O
le	O
naturel	O
nécessaire,	O
car	O
il	O
parlera	O
avec	O
d’autant	O
plus	O
d’aisance	O
qu’il	O
aura	O
précisément	O
retenu	O
ce	O
qu’il	O
avait	O
à	O
dire	O
Ibid.,	B-PER
X,	L-PER
7,	O
6-7	O
;	O
XI,	U-MISC
2,	O
46-47	O
.	O
C’est	U-PER
lorsqu’il	O
aborde	O
les	O
modalités	O
mêmes	O
de	O
la	O
composition	O
du	O
discours	O
que	O
Quintilien	U-PER
offre	O
une	O
vision	O
plus	O
complète	O
et	O
plus	O
construite	O
du	O
rôle	O
joué	O
par	O
la	O
mémoire	O
de	O
rétention	O
et	O
de	O
restitution	O
au	O
cours	O
de	O
ce	O
processus.	O
Reprenant	O
une	O
catégorisation	O
que	O
Cicéron	U-PER
avait	O
mise	O
en	O
place	O
à	O
propos	O
de	O
l’entraînement	O
de	O
l’orateur,	O
Quintilien	U-PER
distingue	O
trois	O
modes	O
possibles	O
d’élaboration	O
du	O
discours	O
:	O
l’écriture	O
(scriptio),	O
la	O
composition	O
mentale	O
(cogitatio)	O
et,	O
enfin,	O
l’improvisation	O
(ex	O
tempore	O
dictio)	O
Cicéron,	O
De	O
oratore,	O
I,	U-LOC
150-152	O
;	O
Quintilien,	B-LOC
Institutio	L-LOC
oratoria,	O
X,	O
5,	O
6	O
et	O
7.	O
.	O
Évidemment	O
complémentaires,	O
ces	O
trois	O
méthodes	O
de	O
composition	O
impliquent	O
chacune	O
une	O
utilisation	O
particulière	O
des	O
ressources	O
mémorielles	O
en	O
vue	O
de	O
retenir	O
et	O
de	O
prononcer	O
le	O
discours	O
produit.	O
Plutôt	O
que	O
de	O
chercher	O
à	O
opposer	O
des	O
degrés	O
de	O
précision	O
dans	O
la	O
mémorisation,	O
il	O
convient	O
de	O
distinguer	O
des	O
modes	O
d’utilisation	O
différents	O
de	O
la	O
mémoire	O
à	O
mesure	O
que	O
la	O
composition	O
s’éloigne	O
de	O
l’écrit.	O
L’écriture,	U-LOC
tout	O
d’abord,	O
est	O
assimilable	O
en	O
elle-même	O
à	O
un	O
processus	O
de	O
rétention.	O
Quintilien	U-PER
condamne	O
en	O
effet	O
la	O
méthode	O
de	O
la	O
silve	O
(silua)	O
qui	O
consiste	O
à	O
écrire	O
d’un	O
seul	O
trait	O
une	O
première	O
version	O
que	O
l’on	O
reprendra	O
et	O
polira	O
par	O
la	O
suite.	O
On	O
voit	O
poindre	O
ici	O
la	O
crainte	O
qu’éprouve	O
Quintilien	U-PER
à	O
l’égard	O
des	O
phénomènes	O
incontrôlés	O
de	O
rétention	O
mémorielle	O
:	O
le	O
risque	O
est	O
que	O
l’orateur	O
ne	O
parvienne	O
pas	O
à	O
se	O
libérer	O
des	O
tournures	O
médiocres	O
de	O
la	O
première	O
version,	O
et	O
que	O
la	O
piètre	O
qualité	O
du	O
matériau	O
de	O
départ	O
s’impose	O
à	O
son	O
esprit	O
Quintilien,	B-MISC
Institutio	L-MISC
oratoria,	O
X,	B-MISC
3,	I-MISC
17-18	L-MISC
;	O
X,	U-PER
7,	O
32.	O
.	O
Lenteur	U-LOC
et	O
application	O
seront	O
donc	O
indispensables.	O
Après	O
avoir	O
composé	O
prudemment	O
son	O
texte,	O
l’orateur	O
cherchera	O
à	O
l’apprendre	O
sur	O
les	O
tablettes	O
qu’il	O
a	O
utilisées	O
lors	O
de	O
l’élaboration	O
:	O
les	O
signes	O
distinctifs	O
qu’elles	O
portent	O
–	O
ratures,	O
ajouts	O
–	O
serviront	O
par	O
la	O
suite	O
à	O
visualiser	O
les	O
lignes	O
et	O
à	O
faire	O
en	O
sorte	O
que	O
parler	O
devienne	O
une	O
lecture	O
mentale	O
Ibid.,	B-PER
XI,	L-PER
2,	O
32.	O
.	O
Des	O
relectures	O
à	O
voix	O
basse	O
achèveront	O
de	O
fixer	O
la	O
lettre	O
du	O
texte	O
dans	O
la	O
mémoire	O
:	O
en	O
entendant	O
sa	O
propre	O
voix,	O
l’orateur	O
évitera	O
que	O
son	O
attention	O
ne	O
se	O
relâche	O
Ibid.,	B-PER
XI,	L-PER
2,	O
33-34.	O
Sur	O
les	O
modalités	O
de	O
la	O
lecture	O
à	O
Rome,	U-MISC
cf.	O
Starr,	B-MISC
1991	L-MISC
;	O
Gavrilov,	U-LOC
1997	O
;	O
Burnyeat,	U-LOC
1997.	O
.	O
Tous	O
ces	O
préceptes	O
laissent	O
bien	O
transparaître	O
que,	O
malgré	O
ses	O
réticences,	O
c’est	U-MISC
bien	O
un	O
apprentissage	O
uerbatim	O
que	O
préconise	O
Quintilien	U-PER
lorsqu’il	O
traite	O
de	O
la	O
composition	O
écrite.	O
Dans	O
ce	O
cas,	O
le	O
texte	O
est	O
un	O
invariant,	O
et	O
le	O
discours	O
une	O
reproduction.	O
La	O
composition	O
complète	O
du	O
texte	O
et	O
son	O
apprentissage	O
uerbatim	O
n’étaient	O
pourtant	O
pas	O
toujours	O
indispensables.	O
Ainsi	O
Cicéron	U-PER
souligne-t-il	O
que	O
la	O
mémoire	O
de	O
l’orateur	O
est	O
celle	O
des	O
choses	O
et	O
non	O
celle	O
des	O
mots	O
:	O
il	O
laisse	O
ainsi	O
entendre	O
que	O
le	O
protocole	O
que	O
nous	O
venons	O
de	O
décrire	O
ne	O
s’impose	O
pas	O
nécessairement	O
Cicéron,	B-PER
De	L-PER
oratore,	O
II,	B-MISC
359.	L-MISC
.	O
Lui-même	O
ne	O
rédigeait	O
pas	O
systématiquement	O
l’intégralité	O
de	O
son	O
discours	O
;	O
il	O
écrivait	O
son	O
introduction	O
et	O
les	O
points	O
clés	O
de	O
son	O
argumentation,	O
puis	O
se	O
contentait	O
d’ébauches	O
pour	O
le	O
reste	O
de	O
son	O
propos.	O
Certes,	U-LOC
ces	O
ébauches	O
étaient	O
écrites	O
:	O
Quintilien	U-PER
a	O
eu	O
sous	O
les	O
yeux	O
certaines	O
des	O
notes	O
de	O
travail	O
(commentarii)	O
de	O
Cicéron	U-PER
,	O
notes	O
brèves,	O
prises	O
sur	O
des	O
tablettes	O
aisément	O
manipulables.	O
Sans	O
être	O
pour	O
autant	O
des	O
supports	O
mémoriels	O
véritables	O
–	O
Cicéron	U-PER
ne	O
les	O
emportait	O
pas	O
avec	O
lui	O
pour	O
prononcer	O
son	O
discours	O
–,	O
elles	O
constituaient	O
des	O
outils	O
facilitant	O
la	O
composition	O
sur	O
des	O
points	O
précis	O
Cf.	B-MISC
Small,	L-MISC
1997,	O
p.	O
208-209.	O
.	O
Il	O
faut	O
donc	O
comprendre	O
que	O
les	O
éléments	O
entièrement	O
rédigés	O
étaient	O
précisément	O
retenus	O
par	O
Cicéron	U-PER
et	O
que	O
ses	O
commentarii	O
lui	O
servaient	O
simplement	O
à	O
élaborer	O
son	O
discours	O
et	O
les	O
principaux	O
arguments	O
qu’il	O
comptait	O
employer,	O
non	O
à	O
les	O
mémoriser.	O
C’est	O
que	O
l’écriture	O
ne	O
constitue	O
dans	O
ce	O
cas	O
qu’un	O
seul	O
aspect	O
de	O
la	O
composition	O
:	O
Cicéron	U-PER
,	O
qui	O
fait	O
allusion	O
à	O
cette	O
méthode	O
dans	O
le	O
De	B-MISC
oratore,	L-MISC
ne	O
la	O
conçoit	O
pas	O
sans	O
son	O
pendant	O
dématérialisé	O
qu’est	O
la	O
composition	O
mentale	O
(cogitatio)	O
Cicéron,	B-PER
De	I-PER
oratore,	I-PER
I,	L-PER
150-151.	O
.	O
L’Arpinate	U-MISC
ne	O
détaillera	O
pas	O
la	O
teneur	O
de	O
ce	O
travail,	O
mais	O
l’Institutio	O
oratoria	O
de	O
Quintilien	U-PER
nous	O
permet	O
de	O
comprendre	O
qu’elle	O
reprend	O
un	O
modèle	O
mémoriel	O
proche	O
de	O
celui	O
applicable	O
à	O
l’écriture.	O
À	B-MISC
la	I-MISC
fois	I-MISC
exercice	I-MISC
préparatoire	I-MISC
et	I-MISC
mode	I-MISC
de	I-MISC
composition	I-MISC
à	I-MISC
part	I-MISC
entière,	L-MISC
la	O
cogitatio	O
consiste	O
à	O
composer	O
mentalement	O
son	O
propos	O
en	O
organisant	O
les	O
idées	O
et	O
en	O
travaillant	O
le	O
style.	O
Cette	O
méditation	O
permet	O
d’accélérer	O
le	O
processus	O
de	O
composition,	O
l’orateur	O
n’ayant	O
plus	O
qu’à	O
coucher	O
par	O
écrit	O
un	O
texte	O
entièrement	O
préparé.	O
Mieux	O
encore,	O
la	O
composition	O
mentale	O
permet	O
de	O
retenir	O
«	O
plus	O
fidèlement	O
les	O
idées,	O
car	O
l’attention	O
n’est	O
pas	O
relâchée	O
par	O
la	O
sécurité	O
que	O
donne	O
une	O
rédaction	O
écrite	O
Quintilien,	B-LOC
Institutio	L-LOC
oratoria,	O
X,	B-MISC
6,	I-MISC
2	L-MISC
(trad	O
J.	O
Cousin).	O
».	O
La	O
mémoire	O
intervient	O
ici	O
encore	O
comme	O
espace	O
de	O
stockage,	O
qui	O
peut	O
même	O
permettre	O
d’éliminer	O
la	O
phase	O
d’écriture	O
:	O
l’orateur	O
parfaitement	O
entraîné	O
parviendra	O
«	O
à	O
reproduire	O
fidèlement,	O
quand	O
il	O
parle,	O
ce	O
qu’il	O
a	O
médité	O
aussi	O
bien	O
que	O
ce	O
qu’il	O
a	O
écrit	O
et	O
même	O
appris	O
par	O
cœur	O
Ibid.,	B-PER
X,	L-PER
6,	O
4.	O
»,	U-LOC
tout	O
comme	O
le	O
faisait	O
Hortensius	U-PER
.	O
Pour	O
Cicéron	U-PER
comme	O
pour	O
Quintilien	U-PER
,	O
la	O
composition	O
mentale	O
n’est	O
qu’une	O
forme	O
accélérée	O
de	O
composition	O
écrite,	O
qui	O
implique	O
les	O
mêmes	O
modes	O
de	O
mémorisation.	O
La	O
question	O
de	O
la	O
fixité	O
du	O
texte	O
appris	O
se	O
pose	O
donc	O
avec	O
la	O
même	O
acuité,	O
et	O
Quintilien	U-PER
met	O
en	O
garde	O
l’orateur	O
contre	O
le	O
danger	O
qu’il	O
court	O
s’il	O
s’en	O
tient	O
étroitement	O
au	O
texte	O
mémorisé.	O
Si	U-MISC
le	O
discours	O
doit	O
être	O
prêt,	O
il	O
faut	O
néanmoins	O
«	O
laisser	O
une	O
place	O
au	O
hasard	O
»	O
et	O
être	O
capable	O
de	O
réagir	O
face	O
à	O
l’imprévu	O
Ibid.,	B-PER
X,	L-PER
6,	O
5.	O
.	O
L’improvisation,	U-MISC
troisième	O
mode	O
de	O
production	O
du	O
discours,	O
marque	O
une	O
étape	O
supplémentaire	O
dans	O
le	O
mouvement	O
de	O
séparation	O
de	O
l’oral	O
et	O
de	O
l’écrit,	O
en	O
faisant	O
primer	O
la	O
prise	O
en	O
compte	O
de	O
l’imprévu	O
sur	O
l’attention	O
à	O
la	O
composition.	O
La	O
capacité	O
à	O
improviser	O
est	O
indispensable	O
à	O
l’expression	O
publique,	O
l’orateur	O
pouvant	O
être	O
contraint	O
soit	O
de	O
prendre	O
la	O
parole	O
dans	O
l’urgence,	O
soit	O
de	O
réagir	O
ponctuellement	O
au	O
cours	O
d’un	O
procès	O
et	O
de	O
se	O
détacher	O
du	O
discours	O
qu’il	O
avait	O
préparé.	O
L’improvisation	U-LOC
représente	O
donc	O
l’exact	O
opposé	O
des	O
deux	O
modalités	O
précédentes.	O
Elle	O
est	O
également	O
le	O
remède	O
à	O
leurs	O
défauts,	O
puisqu’elle	O
permet	O
de	O
corriger	O
leur	O
caractère	O
figé.	O
L’orateur	O
contraint	O
d’improviser	O
ne	O
prononcera	O
pourtant	O
pas	O
son	O
discours	O
sans	O
réfléchir,	O
mais	O
se	O
livrera	O
à	O
une	O
cogitatio	O
concomitante	O
à	O
sa	O
prise	O
de	O
parole.	O
Le	O
danger	O
est,	O
en	O
effet,	O
de	O
parler	O
sans	O
savoir	O
où	O
le	O
discours	O
pourra	O
aboutir.	O
L’orateur	O
devra	O
donc	O
composer	O
rapidement	O
son	O
plan,	O
organiser	O
la	O
répartition	O
de	O
ses	O
arguments	O
et,	U-MISC
surtout,	O
tenir	O
le	O
fil	O
de	O
ses	O
développements.	O
L’extrême	O
concentration	O
dans	O
laquelle	O
il	O
devra	O
se	O
trouver	O
le	O
prémunira	O
contre	O
le	O
trouble,	O
le	O
coq-à-l’âne	O
ou	O
les	O
développements	O
trop	O
abondants	O
Ibid.,	B-PER
X,	L-PER
7,	O
5-7.	O
.	O
Portrait	O
de	O
Cicéron	U-PER
dans	O
une	O
page	O
d’un	O
manuscrit	O
représentant	O
les	O
allégories	O
de	O
la	O
Dialectique	U-LOC
(associée	O
à	O
Zarathoustra)	U-LOC
et	O
de	O
la	O
Rhétorique	U-LOC
(associée	O
à	O
Cicéron).	O
Poème	B-MISC
latin	L-MISC
en	O
hommage	O
au	O
roi	O
Robert	B-PER
Ier	I-PER
de	I-PER
Naples	L-PER
(d’Anjou)	O
(1277-1343).	O
Ms.	B-MISC
B.	I-MISC
R.	I-MISC
38,	I-MISC
33	I-MISC
r.,	I-MISC
xiv	I-MISC
e	I-MISC
siècle.	I-MISC
Quelle	I-MISC
place	L-MISC
Quintilien	U-PER
réserve-t-il	O
à	O
la	O
mémoire	O
dans	O
le	O
processus	O
d’improvisation	O
?	O
Celle-ci	O
apparaît	O
tout	O
d’abord	O
comme	O
une	O
faculté	O
de	O
rétention	O
immédiate.	O
L’improvisation,	U-MISC
ainsi,	O
exige	O
une	O
forme	O
de	O
rapidité	O
d’esprit,	U-MISC
qui	O
est	O
un	O
don	O
naturel	O
(naturalis	O
mobilitas	O
animi)	O
Ibid.,	B-PER
X,	L-PER
7,	O
8	O
et	O
22.	O
:	O
elle	O
permet	O
de	O
composer	O
mentalement	O
le	O
propos	O
quelques	O
secondes	O
avant	O
qu’il	O
ne	O
soit	O
prononcé,	O
mais	O
aussi	O
de	O
se	O
projeter	O
plus	O
loin	O
dans	O
le	O
discours	O
en	O
fabriquant	O
ses	O
idées	O
à	O
l’avance	O
et	O
en	O
les	O
retenant,	O
pour	O
éviter	O
de	O
parler	O
de	O
façon	O
saccadée,	O
faute	O
de	O
matière.	O
L’orateur	O
peut	O
ainsi	O
nourrir	O
son	O
discours	O
à	O
mesure	O
que	O
s’épuise	O
ce	O
qui	O
a	O
été	O
mentalement	O
composé.	O
Diction	U-MISC
et	O
composition	O
sont	O
donc	O
accomplies	O
de	O
conserve,	O
et	O
c’est	U-MISC
une	O
memoria	O
à	O
court	O
terme,	O
mais	O
à	O
l’agilité	O
beaucoup	O
plus	O
grande	O
que	O
dans	O
l’écriture	O
et	O
la	O
méditation,	O
qui	O
intervient	O
alors	O
Ce	O
type	O
de	O
mémoire	O
correspond	O
à	O
ce	O
que	O
les	O
sciences	O
cognitives	O
nomment	O
«	O
working	O
memory	O
».	B-PER
Cf.	I-PER
Smith,	L-PER
1999.	O
.	O
Ni	O
Cicéron	U-PER
ni	O
Quintilien	U-PER
ne	O
s’attardent	O
sur	O
le	O
processus	O
lui-même,	O
Quintilien	U-PER
se	O
contentant	O
d’insister	O
sur	O
l’indispensable	O
effort	O
d’organisation	O
mentale	O
auquel	O
l’orateur	O
doit	O
s’astreindre	O
s’il	O
entend	O
produire	O
un	O
discours	O
structuré.	O
Par	O
ailleurs,	O
la	O
rapidité	O
qu’exige	O
l’improvisation	O
interdit	O
l’application	O
de	O
la	O
méthode	O
des	O
lieux	O
mémoriels,	O
nécessairement	O
lente	O
puisqu’elle	O
implique	O
un	O
double	O
processus	O
d’encodage	O
des	O
informations.	O
La	O
mémoire	O
mise	O
en	O
œuvre	O
n’est	O
donc	O
pas	O
abordée	O
de	O
façon	O
théorique	O
;	O
on	O
doit	O
la	O
considérer	O
comme	O
une	O
partie	O
de	O
la	O
mobilitas	O
animi	O
et,	O
partant,	O
comme	O
un	O
donné	O
naturel.	O
Elle	O
tient	O
néanmoins	O
une	O
place	O
considérable	O
dans	O
l’improvisation,	U-MISC
car	O
l’esprit	O
ne	O
peut	O
suffire	O
à	O
toutes	O
les	O
tâches	O
:	O
l’orateur	O
doit	O
puiser	O
dans	O
ses	O
«	O
réserves	O
»	O
pour	O
subvenir	O
aux	O
besoins	O
du	O
moment.	O
Comme	O
le	O
souligne	O
Quintilien	U-PER
,	O
la	O
capacité	O
à	O
improviser	O
découle	O
directement	O
de	O
l’étude	O
et	O
du	O
travail	O
sans	O
cesse	O
renouvelés.	O
De	B-MISC
multiples	I-MISC
travaux	I-MISC
d’écriture	L-MISC
auront	O
permis	O
à	O
l’orateur	O
de	O
se	O
doter	O
d’une	O
armature	O
stylistique	O
qu’il	O
pourra	O
naturellement	O
mettre	O
en	O
œuvre	O
lorsqu’il	O
improvisera	O
;	O
des	O
lectures	O
assidues	O
lui	O
garantiront	O
une	O
moisson	O
d’arguments	O
réemployables	O
dans	O
l’urgence	U-LOC
;	O
des	O
entraînements	O
et	O
des	O
méditations	O
sans	O
cesse	O
réitérés	O
forgeront	O
des	O
réflexes	O
intellectuels	O
qui	O
agiront	O
naturellement	O
quand	O
le	O
besoin	O
s’en	O
fera	O
sentir	O
Quintilien,	B-LOC
Institutio	L-LOC
oratoria,	O
XI,	U-MISC
7,	O
18,	U-MISC
24-28.	O
.	O
L’improvisation	U-LOC
est	O
donc	O
également	O
conçue	O
comme	O
un	O
processus	O
mémoriel,	O
où	O
la	O
memoria	O
ne	O
nous	O
est	O
plus	O
seulement	O
présentée	O
comme	O
un	O
outil	O
de	O
stockage	O
et	O
d’organisation,	U-MISC
mais	O
bien	O
comme	O
un	O
instrument	O
d’élaboration	O
du	O
discours.	O
Mémoire	U-PER
et	O
procédés	O
de	O
composition	O
Parce	O
qu’elle	O
impose	O
aux	O
théoriciens	O
d’entrer	O
dans	O
le	O
détail	O
des	O
processus	O
intellectuels	O
mis	O
en	O
œuvre,	O
l’improvisation	O
fait	O
apparaître	O
de	O
façon	O
évidente	O
le	O
rôle	O
que	O
peut	O
jouer	O
la	O
mémoire	O
dans	O
la	O
phase	O
d’élaboration	O
du	O
discours,	O
et	O
non	O
plus	O
seulement	O
à	O
la	O
fin	O
de	O
celle-ci.	O
Que	B-MISC
l’on	I-MISC
s’intéresse	L-MISC
à	O
la	O
fabrication	O
des	O
arguments	O
ou	O
au	O
travail	O
stylistique,	O
on	O
constate	O
que	O
la	O
mémoire	O
occupe	O
une	O
place	O
centrale,	O
d’abord	O
comme	O
espace	O
de	O
rétention,	O
mais	O
également	O
comme	O
instrument	O
de	O
manipulation	O
des	O
mots	O
et	O
des	O
idées.	O
L’orateur,	U-MISC
lorsqu’il	O
cherche	O
en	O
premier	O
lieu	O
à	O
produire	O
son	O
argumentaire,	O
passe	O
par	O
un	O
ensemble	O
d’opérations	O
systématiques	O
où	O
la	O
mémoire	O
intervient	O
au	O
premier	O
chef.	O
Deux	B-MISC
méthodes	L-MISC
s’offrent	O
à	O
lui.	O
L’une	O
est	O
analytique	O
et	O
représente	O
un	O
processus	O
très	O
structuré	O
:	O
elle	O
consiste	O
à	O
passer	O
en	O
revue	O
mentalement	O
des	O
arguments	O
préconstitués,	O
appelés	O
«	O
lieux	O
»	O
(loci),	O
et	O
à	O
sélectionner	O
ceux	O
qui	O
conviennent	O
à	O
l’affaire	O
Le	O
terme	O
de	O
«	O
lieu	O
»	O
est	O
donc	O
employé	O
de	O
façon	O
très	O
variée	O
dans	O
la	O
rhétorique	O
ancienne,	O
et	O
il	O
convient	O
de	O
ne	O
pas	O
confondre	O
son	O
sens	O
argumentatif	O
et	O
son	O
sens	O
mémoriel.	O
Cf.	O
sur	O
ce	O
point	O
Mortensen,	B-MISC
2008.	L-MISC
.	O
L’orateur	O
cherche	O
alors	O
à	O
rapprocher	O
sa	O
cause	O
d’une	O
série	O
de	O
situations	O
argumentatives	O
concrètes,	O
préalablement	O
mémorisées	O
et	O
directement	O
transposables.	O
L’autre	O
méthode	O
est	O
synthétique	O
;	O
elle	O
impose	O
à	O
l’orateur	O
de	O
rapporter	O
le	O
cas	O
concret	O
qui	O
lui	O
est	O
soumis	O
à	O
des	O
protocoles	O
d’argumentation	O
abstraits,	O
eux	O
aussi	O
mémorisés	O
avec	O
soin.	O
S’il	O
applique	O
la	O
première	O
des	O
deux	O
méthodes	O
possibles,	O
l’orateur	O
aura	O
en	O
tête	O
une	O
architecture	O
simple	O
et	O
aisément	O
employable,	O
une	O
forme	O
d’arborescence	O
qui,	O
pour	O
chaque	O
situation,	O
propose	O
des	O
moules	O
argumentatifs	O
permettant,	O
idéalement,	O
de	O
traiter	O
toutes	O
les	O
situations	O
envisageables.	O
Dans	O
ce	O
modèle	O
théorisé	O
par	O
les	O
premiers	O
manuels	O
rhétoriques	O
latins,	O
le	O
processus	O
de	O
fabrication	O
des	O
arguments	O
dépend	O
donc	O
de	O
la	O
mémorisation	O
préalable	O
d’une	O
liste	O
de	O
lieux,	O
liste	O
dans	O
laquelle	O
l’orateur	O
progressera	O
en	O
sélectionnant	O
ceux	O
qui	O
peuvent	O
convenir	O
en	O
fonction	O
de	O
l’acte,	O
des	O
circonstances	O
ou	O
de	O
l’individu	O
mis	O
en	O
cause.	O
Si	O
le	O
premier	O
lieu	O
ne	O
peut	O
être	O
appliqué,	O
l’orateur	O
emploiera	O
le	O
suivant	O
selon	O
une	O
simple	O
progression	O
linéaire	O
:	O
«	O
si	O
l’accusateur	O
dit	O
que	O
le	O
mobile	O
était	O
l’argent,	U-LOC
il	O
montrera	O
que	O
l’accusé	U-PER
a	O
toujours	O
été	O
cupide	O
;	O
si	O
c’était	O
l’obtention	O
d’un	O
honneur,	O
qu’il	O
a	O
toujours	O
été	O
ambitieux	O
Rhetorica	U-LOC
ad	O
Herennium,	O
II,	O
5	O
(trad.	O
G.	B-PER
Achard	I-PER
modifiée).	L-PER
»,	O
et	O
ainsi	O
de	O
suite.	O
Tout	O
repose	O
sur	O
l’effort	O
mémoriel	O
accompli	O
:	O
plus	O
grand	O
sera	O
le	O
nombre	O
de	O
lieux	O
mémorisés	O
par	O
l’orateur,	U-MISC
plus	O
il	O
aura	O
la	O
possibilité	O
de	O
nourrir	O
son	O
argumentaire.	O
La	O
qualité	O
de	O
la	O
méthode	O
tient	O
donc	O
à	O
l’exhaustivité	O
des	O
listes	O
mémorisées,	O
qui	O
seront	O
d’autant	O
plus	O
efficaces	O
qu’elles	O
auront	O
su	O
embrasser	O
tous	O
les	O
cas	O
de	O
figure	O
possibles.	O
Trouver	U-MISC
un	O
argument	O
consiste	O
alors	O
à	O
plaquer	O
sur	O
le	O
réel	O
une	O
grille	O
préconstruite	O
et	O
à	O
puiser	O
ensuite	O
dans	O
des	O
réserves	O
argumentatives	O
patiemment	O
constituées	O
Sur	O
ces	O
listes	O
de	O
lieux,	O
cf.	O
Rhetorica	U-LOC
ad	O
Herennium,	O
II,	O
1-46	O
;	O
Cicéron,	B-MISC
De	I-MISC
inuentione,	L-MISC
I,	U-MISC
34-49.	O
.	O
Cette	O
méthode	O
fondée	O
sur	O
des	O
listes	O
trouve	O
pourtant	O
ses	O
limites	O
si	O
l’orateur	O
ne	O
parvient	O
pas	O
à	O
faire	O
entrer	O
l’affaire	O
qui	O
l’occupe	O
dans	O
l’une	O
des	O
catégories	O
formalisées,	O
que	O
cette	O
impossibilité	O
découle	O
d’un	O
oubli	O
de	O
sa	O
part	O
ou	O
d’une	O
faille	O
dans	O
la	O
théorie	O
employée.	O
Fondée	U-MISC
sur	O
un	O
processus	O
de	O
réduction	O
du	O
réel	O
à	O
des	O
structures	O
types,	O
la	O
méthode	O
n’est	O
plus	O
d’aucun	O
secours	O
si	O
le	O
réel	O
vient	O
à	O
résister	O
ou	O
si	O
les	O
listes	O
mémorisées	O
échappent	O
à	O
l’orateur.	O
Pis	O
encore,	O
cette	O
méthode	O
ne	O
favorise	O
pas	O
l’originalité	O
de	O
l’argumentation.	O
Face	O
à	O
un	O
public	O
formé	O
à	O
l’usage	O
du	O
discours,	O
cette	O
logique	O
de	O
remémoration	O
incite	O
à	O
la	O
reproduction	O
perpétuelle	O
d’arguments	O
qui,	O
parce	O
qu’ils	O
sont	O
déjà	O
connus	O
des	O
auditeurs,	O
perdent	O
la	O
plus	O
grande	O
partie	O
de	O
leur	O
efficacité.	O
Diviser	U-PER
les	O
causes	O
en	O
différents	O
genres	O
et	O
fournir	O
pour	O
chacun	O
d’entre	O
eux	O
une	O
topique	O
où	O
l’orateur	O
pourra	O
aller	O
puiser	O
pour	O
reproduire	O
des	O
arguments	O
sans	O
cesse	O
entendus	O
n’est	O
donc,	O
d’après	O
les	O
textes	O
de	O
maturité	O
de	O
Cicéron	U-PER
,	O
que	O
paresse	O
d’esprit.	O
À	B-MISC
la	I-MISC
liste	I-MISC
infinie	I-MISC
des	I-MISC
attributs,	I-MISC
des	I-MISC
circonstances	I-MISC
et	I-MISC
des	I-MISC
arguments,	I-MISC
à	I-MISC
l’immense	I-MISC
catalogue	I-MISC
des	I-MISC
cas	I-MISC
particuliers	I-MISC
méthodiquement	I-MISC
retenu	L-MISC
puis	O
parcouru	O
selon	O
une	O
démarche	O
analytique,	O
Cicéron	U-PER
oppose	O
une	O
réduction	O
synthétique	O
du	O
particulier	O
aux	O
catégories	O
générales	O
(universae	O
quaestiones).	O
Ces	O
catégories	O
sont	O
en	O
si	O
petit	O
nombre	O
«	O
que	O
les	O
orateurs	O
appliqués,	O
doués	O
d’une	O
bonne	O
mémoire	O
et	O
de	O
méthode,	O
doivent	O
les	O
posséder	O
parfaitement	O
à	O
force	O
de	O
les	O
parcourir	O
mentalement	O
et,	O
pour	O
ainsi	O
dire,	O
de	O
les	O
rabâcher	O
Cicéron,	B-PER
De	I-PER
oratore,	I-PER
II,	L-PER
140.	O
».	U-MISC
La	O
réflexion	O
de	O
l’orateur	O
porte	O
alors	O
sur	O
les	O
principes	O
mis	O
en	O
cause	O
et	O
ne	O
s’attachera	O
que	O
dans	O
un	O
second	O
temps	O
aux	O
caractéristiques	O
propres	O
des	O
individus	O
et	O
des	O
faits	O
Ibid.,	O
II,	O
130.	O
.	O
Le	O
rôle	O
de	O
la	O
mémoire	O
s’en	O
trouve	O
profondément	O
modifié.	O
Tout	B-MISC
d’abord,	I-MISC
l’orateur	L-MISC
confronté	O
à	O
son	O
affaire	O
ne	O
tentera	O
plus	O
de	O
retrouver	O
directement	O
dans	O
sa	O
mémoire	O
les	O
arguments	O
qu’il	O
entend	O
employer.	O
Désormais,	U-PER
les	O
lieux	O
ne	O
peuvent	O
être	O
simplement	O
transposés	O
de	O
la	O
théorie	O
à	O
la	O
pratique,	O
et	O
la	O
fabrication	O
des	O
arguments	O
ne	O
doit	O
plus	O
être	O
conçue	O
comme	O
un	O
processus	O
de	O
réemploi.	O
Les	O
lieux	O
eux-mêmes	O
ne	O
sont	O
plus,	O
pour	O
Cicéron	U-PER
,	O
des	O
arguments	O
préconstitués	O
et	O
placés	O
chacun	O
à	O
une	O
étape	O
du	O
discours,	O
mais	O
des	O
ensembles	O
logiques	O
dont	O
seront	O
déduits	O
les	O
arguments	O
adaptés	O
Ibid.,	B-PER
II,	L-PER
146	O
;	O
Topica,	O
8.	O
.	O
La	O
doctrine,	O
dès	O
lors,	O
ne	O
vise	O
plus	O
à	O
permettre	O
la	O
sélection	O
mécanique	O
d’un	O
argumentaire	O
parmi	O
l’ensemble	O
des	O
éléments	O
mémorisés,	O
mais	O
fournit	O
des	O
schèmes	O
sur	O
lesquels	O
l’orateur	O
concentrera	O
sa	O
réflexion	O
et	O
qu’il	O
passera	O
mentalement	O
en	O
revue	O
afin	O
d’en	O
tirer	O
les	O
éléments	O
applicables	O
à	O
sa	O
cause	O
Cicéron,	B-MISC
De	I-MISC
oratore,	I-MISC
II,	I-MISC
146,	L-MISC
149.	O
:	O
c’est	U-MISC
en	O
réfléchissant	O
en	O
termes	O
de	O
similitude,	O
de	O
différence,	O
de	O
contraires,	O
d’analogie,	O
d’antécédents,	O
de	O
causes	O
ou	O
d’effets	O
qu’il	O
produira	O
ses	O
arguments	O
Topica,	O
10-23.	O
.	O
Cicéron	U-PER
le	O
souligne	O
d’emblée	O
:	O
une	O
telle	O
méthode	O
ne	O
peut	O
convenir	O
au	O
débutant.	O
Elle	O
implique	O
une	O
culture	O
profonde	O
tirée	O
de	O
l’expérience	O
et	O
impose	O
la	O
connaissance	O
des	O
institutions,	O
des	O
coutumes,	O
de	O
l’histoire	O
et	O
des	O
mentalités	O
romaines	O
Ibid.,	O
II,	O
131.	O
.	O
L’orateur	O
ne	O
parviendra	O
à	O
fabriquer	O
ses	O
arguments	O
qu’à	O
la	O
seule	O
condition	O
de	O
travailler	O
sans	O
cesse,	O
au-delà	O
des	O
causes	O
qui	O
lui	O
sont	O
soumises,	O
à	O
la	O
constitution	O
d’une	O
mémoire	O
organisée	O
Ibid.,	U-LOC
I,	O
94.	O
.	O
L’application	U-LOC
(diligentia)	O
est	O
ici	O
le	O
maître	O
mot.	O
L’invention	O
étant	O
comparée	O
à	O
une	O
chasse,	O
l’orateur	O
qui	O
connaîtra	O
bien	O
son	O
domaine	O
saura	O
y	O
tendre	O
ses	O
filets	O
:	O
alors,	O
«	O
rien	O
ne	O
[lui]	O
échappera,	O
et	O
tout	O
ce	O
que	O
renferme	O
le	O
sujet	O
[lui]	O
tombera	O
sous	O
le	O
regard	O
et	O
sous	O
la	O
main	O
Ibid.,	B-PER
II,	L-PER
147.	O
La	O
même	O
image	O
se	O
retrouve	O
chez	O
Quintilien	U-PER
:	O
Institutio	U-LOC
oratoria,	O
V,	U-LOC
10,	O
20-22.	O
».	U-ORG
Il	O
ne	O
s’agit	O
pas,	O
bien	O
évidemment,	O
d’acquérir	O
des	O
connaissances	O
de	O
façon	O
mécanique,	O
mais	O
de	O
se	O
livrer	O
à	O
une	O
étude	O
réfléchie	O
des	O
différentes	O
structures	O
logiques	O
renfermées	O
dans	O
chaque	O
lieu,	O
en	O
nourrissant	O
celle-ci	O
du	O
savoir	O
le	O
plus	O
riche	O
possible	O
:	O
seuls	O
des	O
exercices	O
préparatoires	O
infatigablement	O
répétés	O
permettront	O
à	O
l’orateur	O
de	O
maîtriser	O
ces	O
grandes	O
catégories	O
Cicéron,	B-PER
De	I-PER
oratore,	I-PER
II,	L-PER
118-119.	O
.	O
Une	O
fois	O
cette	O
maîtrise	O
acquise,	O
la	O
mémoire	O
permettra	O
à	O
l’orateur	O
de	O
passer	O
en	O
revue	O
ces	O
catégories	O
générales.	O
Désormais	O
comparée	O
à	O
une	O
torche	O
(lumen),	O
la	O
mémoire	O
ne	O
représente	O
plus	O
seulement	O
un	O
processus	O
de	O
stockage	O
et	O
de	O
récupération,	O
mais	O
un	O
véritable	O
outil	O
d’élaboration	O
du	O
propos	O
Ibid.,	B-PER
II,	L-PER
149.	O
.	O
Elle	O
cesse,	O
par	O
conséquent,	O
d’être	O
considérée	O
comme	O
un	O
moyen	O
de	O
reproduction	O
mécanique.	O
C’est	O
en	O
se	O
remémorant	O
des	O
structures	O
logiques	O
et	O
en	O
mobilisant	O
la	O
totalité	O
du	O
savoir	O
patiemment	O
acquis	O
que	O
l’orateur	O
pourra	O
argumenter	O
:	O
la	O
mémoire	O
devient	O
un	O
instrument	O
de	O
création	O
à	O
part	O
entière.	O
À	O
cette	O
conception	O
d’une	O
mémoire	O
instrumentale	O
propre	O
à	O
l’invention,	B-LOC
Cicéron	L-LOC
adjoint	O
une	O
représentation	O
plus	O
floue,	O
qui	O
tend	O
à	O
assimiler	O
la	O
mémoire	O
à	O
l’	O
habitus	O
et	O
au	O
réflexe	O
acquis	O
à	O
force	O
d’étude.	O
Si	O
la	O
mémoire	O
joue	O
un	O
rôle	O
dans	O
la	O
composition	O
stylistique,	O
c’est	U-MISC
en	O
effet	O
sous	O
la	O
forme	O
d’une	O
naturalisation	O
des	O
acquis.	O
Mémoire	U-PER
des	O
textes,	O
elle	O
ne	O
doit	O
plus	O
intervenir	O
de	O
façon	O
consciente	O
chez	O
l’orateur,	U-MISC
mais	O
se	O
substituer	O
à	O
sa	O
propre	O
pensée.	O
L’orateur,	U-MISC
lorsqu’il	O
compose	O
effectivement,	O
se	O
laisse	O
aller	O
à	O
un	O
mouvement	O
qu’il	O
ne	O
contrôle	O
pas	O
totalement	O
:	O
«	O
Alors	O
tout	O
[…]	O
se	O
présente	O
de	O
soi-même,	O
et	O
toutes	O
les	O
idées,	O
toutes	O
les	O
tournures	O
[…]	O
viennent	O
nécessairement	O
se	O
placer	O
les	O
unes	O
après	O
les	O
autres	O
sous	O
la	O
pointe	O
du	O
stylet.	O
Alors,	U-LOC
au	O
cours	O
de	O
l’écriture,	U-MISC
les	O
mots	O
trouvent	O
la	O
place	O
qui	O
est	O
la	O
leur,	O
et	O
les	O
figures	O
prennent	O
leur	O
forme	O
achevée	O
Ibid.,	B-PER
I,	I-PER
151.	L-PER
.	O
»	O
La	O
dimension	O
stylistique	O
de	O
la	O
composition	O
ne	O
peut	O
donc	O
être	O
abordée	O
à	O
partir	O
de	O
règles	O
de	O
production	O
:	O
seule	O
la	O
«	O
nature	O
exercée	O
»	O
(exercitata	O
natura)	O
intervient	O
ici	O
Ibid.,	U-LOC
III,	O
125.	O
.	O
Lorsqu’il	U-LOC
se	O
penche	O
sur	O
la	O
construction	O
stylistique	O
de	O
son	O
discours,	O
l’orateur	O
quitte	O
le	O
domaine	O
où	O
il	O
pouvait	O
se	O
reposer	O
sur	O
des	O
protocoles	O
clairement	O
formalisés	O
:	O
c’est	U-MISC
à	O
son	O
propre	O
talent	O
qu’il	O
fait	O
appel,	O
les	O
règles	O
rhétoriques	O
(niveaux	O
de	O
style,	O
figures,	O
tropes,	O
rythme)	O
ne	O
lui	O
offrant	O
plus	O
désormais	O
les	O
moyens	O
de	O
produire,	O
mais	O
simplement	O
de	O
contrôler	O
ce	O
qu’il	O
écrit,	O
médite	O
ou	O
improvise.	O
À	O
nouveau,	O
le	O
succès	O
dépendra	O
de	O
l’ampleur	O
des	O
connaissances	O
maîtrisées	O
par	O
l’orateur	O
:	O
de	O
l’abondance	O
des	O
idées	O
et	O
de	O
la	O
connaissance	O
des	O
grands	O
textes	O
découleront	O
naturellement	O
la	O
richesse	O
et	O
la	O
qualité	O
de	O
l’expression.	O
La	O
mémoire	O
intervient	O
donc	O
une	O
fois	O
encore	O
comme	O
capacité	O
de	O
stockage.	O
Mais	O
elle	O
doit	O
désormais	O
devenir	O
une	O
seconde	O
nature	O
et	O
ne	O
plus	O
être	O
utilisée	O
de	O
façon	O
thématisée,	O
comme	O
elle	O
l’était	O
dans	O
le	O
cadre	O
de	O
l’invention.	O
Les	O
exercices	O
stylistiques	O
préparatoires	O
auxquels	O
l’orateur	O
doit	O
s’astreindre	O
représentent	O
non	O
seulement	O
des	O
procédés	O
de	O
mémorisation,	O
mais	O
plus	O
encore	O
des	O
efforts	O
d’assimilation	O
et	O
d’intégration	O
du	O
style	O
efficace.	O
Cicéron	U-PER
préconise	O
un	O
travail	O
écrit.	O
Si	O
l’orateur	O
s’astreint	O
à	O
écrire,	O
avec	O
toute	O
l’attention	O
nécessaire,	O
de	O
multiples	O
discours,	O
l’art	O
de	O
composer	O
se	O
mettra	O
en	O
place	O
de	O
lui-même.	O
Les	U-LOC
exercices	O
d’imitation	O
ne	O
seront	O
pas	O
inutiles	O
:	O
ils	O
consistent	O
à	O
paraphraser	O
des	O
passages	O
connus	O
en	O
prose	O
ou	O
en	O
vers.	O
Ils	O
seront	O
plus	O
profitables	O
encore	O
s’ils	U-MISC
portent	O
sur	O
des	O
textes	O
grecs	O
:	O
l’orateur	O
ne	O
sera	O
pas	O
paralysé	O
par	O
la	O
langue	O
de	O
ses	O
modèles	O
comme	O
il	O
pourrait	O
l’être	O
face	O
à	O
des	O
textes	O
latins,	O
et	O
la	O
traduction	O
forgera	O
son	O
style.	O
Il	O
réécrira	O
à	O
de	O
multiples	O
reprises	O
les	O
discours	O
qu’il	O
aura	O
lui-même	O
prononcés	O
pour	O
chercher	O
à	O
atteindre	O
la	O
perfection	O
stylistique.	O
Enfin,	U-MISC
il	O
apprendra	O
par	O
cœur	O
autant	O
d’œuvres	O
littéraires	O
et	O
de	O
discours	O
qu’il	O
lui	O
sera	O
possible,	O
et	O
ne	O
négligera	O
pas	O
de	O
retenir	O
uerbatim	O
ses	O
propres	O
compositions	O
quand	O
elles	O
seront	O
de	O
qualité	O
:	O
les	O
tournures	O
heureuses	O
lui	O
viendront	O
d’autant	O
plus	O
facilement	O
Ibid.,	B-PER
I,	L-PER
149,	O
154-155,	O
157	O
;	O
III,	U-PER
125,	O
177,	O
194	O
;	O
Quintilien,	B-LOC
Institutio	L-LOC
oratoria,	O
X,	B-MISC
5,	I-MISC
1-11.	L-MISC
.	O
Le	O
talent	O
stylistique	O
est	O
donc	O
le	O
résultat	O
d’un	O
entraînement	O
qui	O
permet	O
de	O
transformer	O
la	O
technique	O
en	O
réflexe,	O
sous	O
la	O
forme	O
de	O
ce	O
que	O
les	O
sciences	O
cognitives	O
placent	O
sous	O
la	O
catégorie	O
de	O
«	O
mémoire	O
implicite	O
Schacter,	B-MISC
1987	L-MISC
;	O
Roediger,	B-MISC
1990	L-MISC
;	O
Schacter,	U-ORG
1999.	O
»,	U-MISC
une	O
mémoire	O
ne	O
reposant	O
pas	O
sur	O
la	O
remémoration	O
consciente	O
des	O
éléments	O
retenus.	O
L’apprentissage	O
par	O
cœur,	O
la	O
réécriture	O
permanente	O
et	O
de	O
fréquentes	O
lectures	O
ne	O
font	O
plus	O
intervenir	O
la	O
mémoire	O
artificielle	O
dont	O
on	O
sait	O
qu’elle	O
ne	O
retient	O
que	O
malaisément	O
les	O
mots	O
:	O
le	O
style,	O
domaine	O
de	O
la	O
technique	O
s’il	O
en	O
est,	O
doit	O
s’intégrer	O
à	O
la	O
memoria	O
naturalis	O
de	O
l’orateur.	O
Le	O
style	O
et	O
cette	O
forme	O
première	O
de	O
mémoire	O
ne	O
sont	O
plus,	O
dans	O
ce	O
cas,	O
des	O
outils,	O
mais	O
s’assimilent	O
à	O
l’orateur	O
lui-même.	O
C’est	O
à	O
ce	O
prix	O
que	O
les	O
mots	O
et	O
les	O
tournures	O
lui	O
viendront	O
à	O
l’esprit	O
sans	O
difficulté	O
et	O
qu’il	O
atteindra	O
l’aisance	O
dans	O
la	O
composition	O
mentale	O
et	O
l’improvisation.	O
La	B-MISC
mémoire	I-MISC
de	I-MISC
l’orateur	L-MISC
devient	O
ainsi	O
une	O
mémoire	O
procédurale,	O
dépassant	O
toutes	O
les	O
techniques	O
mémorielles	O
recensées,	O
une	O
mémoire	O
avec	O
laquelle	O
l’orateur	O
doit,	O
nécessairement,	O
faire	O
corps.	O
*	O
Outil	B-ORG
de	I-ORG
reproduction	L-ORG
mais	O
aussi	O
d’élaboration,	U-MISC
la	O
mémoire	O
telle	O
que	O
la	O
conçoivent	O
les	O
traités	O
de	O
rhétorique	O
latins	O
est	O
un	O
objet	O
complexe,	O
soumis	O
à	O
des	O
formalisations	O
diverses	O
et	O
parfois	O
contradictoires.	O
Si	U-MISC
l’outil	O
mémoriel	O
varie	O
par	O
le	O
degré	O
de	O
précision	O
qu’il	O
est	O
possible	O
de	O
lui	O
donner,	O
par	O
sa	O
facilité	O
d’emploi	O
ou,	O
plus	O
radicalement,	O
par	O
son	O
objectivation	O
ou	O
son	O
intégration	O
inconsciente	O
à	O
la	O
pratique,	O
c’est	U-MISC
que,	O
loin	O
de	O
toute	O
rigidité,	O
il	O
doit	O
toujours	O
être	O
adapté	O
à	O
la	O
démarche	O
intellectuelle	O
qu’il	O
est	O
censé	O
servir.	O
Conçue	U-LOC
à	O
la	O
fois	O
comme	O
espace	O
de	O
rétention,	O
comme	O
instrument	O
ou	O
comme	O
habitus	O
,	O
la	O
mémoire	O
se	O
déploie	O
dans	O
un	O
rapport	O
souple	O
entre	O
objet	O
(texte	O
à	O
produire	O
ou	O
à	O
retenir),	O
circonstances	O
(déclamation,	O
plaidoirie	O
préparée,	O
réponse)	O
et	O
mode	O
de	O
préparation	O
de	O
l’orateur	O
(écriture,	O
méditation,	O
improvisation).	O
Du	B-ORG
vaste	L-ORG
et	O
lourd	O
appareil	O
des	O
lieux	O
mémoriels	O
à	O
la	O
vivacité	O
de	O
la	O
mémoire	O
implicite	O
se	O
dessine	O
toute	O
la	O
complexité	O
des	O
pratiques	O
intellectuelles	O
d’une	O
société	O
maniant	O
également	O
oralité	O
et	O
écriture,	O
mais	O
où	O
les	O
conditions	O
matérielles	O
de	O
production,	O
de	O
stockage	O
et	O
d’extraction	O
de	O
l’information	O
contraignent	O
le	O
lettré	O
à	O
se	O
reposer,	O
pour	O
l’essentiel,	O
sur	O
les	O
facultés	O
mémorielles	O
dont	O
il	O
aura	O
su	O
se	O
doter.	O
Bibliographie	U-MISC
