Connaissance	O
et	O
déficience	O
Peut-on	U-MISC
imaginer	O
ce	O
que	O
serait	O
l’optimum	O
d’une	O
configuration	O
de	O
savoir	O
?	O
Celle-ci	O
devrait	O
associer	O
la	O
découpe	O
parfaite	O
de	O
l’objet	O
de	O
connaissance,	O
l’adéquation	O
d’une	O
discipline	O
et	O
d’un	O
territoire,	O
l’existence	O
d’archives	O
et	O
de	O
bibliothèques	O
fiables	O
et	O
d’index	O
à	O
jour,	O
l’irréprochable	O
aptitude	O
intellectuelle	O
et	O
physique	O
du	O
sujet	O
connaissant	O
et	O
l’évaluation	O
précise	O
du	O
destinataire,	O
présent	O
ou	O
à	O
venir,	O
des	O
résultats	O
de	O
la	O
recherche.	O
Il	O
va	O
sans	O
dire	O
que	O
ces	O
conditions	O
ne	O
sont	O
jamais	O
toutes	O
réunies	O
dans	O
une	O
situation	O
empirique	O
donnée.	O
L’espace	O
de	O
la	O
connaissance	O
n’est	U-MISC
jamais	O
caractérisé	O
par	O
un	O
niveau	O
de	O
félicité	O
qui	O
le	O
mettrait	O
à	O
l’abri	O
des	O
tragédies	O
de	O
l’histoire	O
ou	O
des	O
accidents	O
de	O
la	O
vie.	O
Les	O
traités	O
d’épistémologie	O
ignorent	O
la	O
dimension	O
contingente	O
des	O
pratiques	O
effectives.	O
Il	O
arrive	O
même	O
que	O
le	O
savoir,	O
y	O
compris	O
en	O
ses	O
formes	O
les	O
plus	O
innovantes	O
et	O
les	O
plus	O
précieuses,	O
trouve	O
son	O
lieu	O
dans	O
un	O
espace	O
improbable,	O
au	O
plus	O
loin	O
des	O
institutions	O
établies	O
ou	O
pris	O
dans	O
un	O
écart	O
difficile	O
à	O
imaginer	O
par	O
rapport	O
à	O
des	O
compétences	O
généralement	O
considérées	O
comme	O
un	O
réquisit	O
ou	O
à	O
des	O
conditions	O
ordinairement	O
exigées	O
pour	O
la	O
production,	O
le	O
stockage	O
et	O
la	O
diffusion	O
des	O
corps	O
de	O
savoir.	O
Les	O
textes	O
réunis	O
dans	O
cette	O
section	O
participent	O
de	O
ce	O
que	O
Michel	B-PER
Foucault	L-PER
nommait	O
à	O
propos	O
de	O
son	O
propre	O
usage	O
des	O
textes	O
dans	O
l’Histoire	O
de	O
la	O
folie	O
une	O
sorte	O
de	O
«	O
relativité	O
sans	O
recours	O
M.	O
Foucault,	B-PER
Histoire	L-PER
de	O
la	O
folie	O
à	O
l’âge	U-MISC
classique	O
[1961],	O
Paris,	U-MISC
1970,	O
p.	O
ix-x.	O
».	U-MISC
Si	O
l’atelier	O
de	O
Foucault	U-PER
constitue	O
une	O
exception	O
dans	O
cet	O
ensemble	O
de	O
situations	O
extrêmes,	O
qui	O
vont	O
jusqu’au	O
handicap	O
physique	O
le	O
plus	O
invalidant	O
et	O
à	O
l’extermination	O
d’un	O
peuple,	O
la	O
référence	O
à	O
la	O
dimension	O
inhabituelle	O
de	O
ses	O
stratégies	O
d’écriture	O
permet	O
une	O
analyse	O
transversale	O
des	O
pratiques	O
diverses	O
par	O
lesquelles	O
il	O
est	O
possible	O
de	O
constituer	O
dans	O
l’urgence	O
des	O
ressources	O
inédites,	O
en	O
levant	O
l’obstacle	O
de	O
la	O
pénurie	O
ou	O
de	O
l’absence	O
de	O
points	O
d’appui	O
fiables.	O
La	O
présence	O
de	O
Foucault	U-PER
dans	O
un	O
tel	O
ensemble	O
présente	O
un	O
caractère	O
pour	O
le	O
moins	O
énigmatique	O
si	O
l’on	O
considère	O
son	O
appartenance	O
incontestée	O
à	O
l’univers	O
de	O
l’excellence	O
scolaire,	O
comme	O
en	O
témoigne	O
la	O
dimension	O
légendaire	O
prise	O
par	O
sa	O
soutenance	O
de	O
thèse	O
dans	O
l’historiographie	O
de	O
la	O
vie	O
intellectuelle	O
française	O
J.-L.	B-PER
Fabiani,	L-PER
«	O
L’épreuve	O
des	O
savoirs	O
»,	B-ORG
in	I-ORG
Chr.	I-ORG
Jacob	I-ORG
(dir.),	L-ORG
Lieux	B-MISC
de	I-MISC
savoir.	I-MISC
Espaces	L-MISC
et	O
communautés,	O
Paris,	U-LOC
2007,	O
p.	O
43-53.	O
.	O
Normalien,	O
agrégé	O
de	O
philosophie,	O
ayant	O
fait	O
de	O
la	O
Bibliothèque	B-LOC
nationale	L-LOC
sa	O
résidence	O
secondaire,	O
il	O
fut	O
très	O
tôt	O
reconnu	O
comme	O
le	O
penseur	O
de	O
sa	O
génération	O
par	O
excellence.	O
Pour	O
autant,	O
son	O
refus	O
paradoxal	O
d’être	O
auteur,	O
associé	O
à	O
une	O
distance	O
permanente	O
à	O
l’égard	O
des	O
ordres	O
institutionnels,	O
témoigne	O
d’un	O
souci	O
de	O
constituer	O
«	O
une	O
autre	O
scène	O
de	O
la	O
pensée	O
»	O
sur	O
laquelle	O
se	O
déploieraient	O
des	O
formes	O
de	O
jeu	O
radicalement	O
différentes	O
de	O
celles	O
qui	O
dominent	O
dans	O
les	O
institutions.	O
Le	O
philosophe	O
opère	O
par	O
déplacements	O
successifs	O
qui	O
sont	O
autant	O
de	O
mises	O
en	O
danger	O
:	O
il	O
quitte	O
très	O
tôt	O
le	O
confort	O
de	O
l’espace	O
du	O
programme	O
de	O
la	O
philosophie	O
et	O
appuie	O
ses	O
raisonnements	O
sur	O
des	O
textes	O
mineurs	O
ou	O
oubliés	O
qui	O
ne	O
sont	O
pas	O
lestés	O
d’une	O
tradition	O
de	O
commentaire	O
;	O
il	O
associe	O
sa	O
position	O
de	O
professeur	O
au	O
Collège	B-LOC
de	I-LOC
France	L-LOC
à	O
«	O
l’insurrection	O
des	O
savoirs	O
assujettis	O
».	U-PER
Lorsque	O
Paul	B-PER
Veyne	L-PER
,	O
dans	O
un	O
texte	O
devenu	O
classique,	O
affirma	O
que	O
«	O
Michel	B-PER
Foucault	L-PER
révolutionnait	O
l’histoire	O
P.	B-PER
Veyne,	L-PER
Comment	O
on	O
écrit	O
l’histoire,	O
Paris,	U-ORG
1978.	O
»,	U-PER
il	O
voulut	O
rendre	O
compte	O
de	O
l’impossibilité	O
d’assigner	O
l’auteur	O
des	O
Mots	B-MISC
et	I-MISC
des	I-MISC
Choses	L-MISC
à	O
résidence	O
disciplinaire.	O
Foucault	U-PER
n’avait	O
plus	O
de	O
lieu	O
de	O
savoir	O
inscriptible	O
dans	O
un	O
territoire	O
cadastré.	O
Il	O
travaillait	O
à	O
se	O
défaire	O
des	O
points	O
d’appui	O
institutionnels,	O
indexicaux	O
et	O
rhétoriques	O
qui	O
constituent	O
le	O
bagage	O
ordinaire	O
du	O
grand	O
universitaire.	O
Sans	O
pour	O
autant	O
quitter	O
le	O
terrain,	O
il	O
cessait	O
d’en	O
pratiquer	O
les	O
règles	O
communes,	O
alors	O
que	O
des	O
intellectuels	O
appartenant	O
à	O
des	O
générations	O
antérieures	O
avaient,	O
comme	O
Jean-Paul	B-PER
Sartre	L-PER
,	O
manifesté	O
l’ostentation	O
de	O
la	O
rupture	O
avec	O
l’ordre	O
établi	O
sans	O
se	O
départir	O
de	O
l’outillage	O
rhétorique	O
que	O
fournissent	O
les	O
institutions	O
de	O
savoir	O
les	O
plus	O
établies.	O
On	O
pourrait	O
parler	O
à	O
propos	O
de	O
Foucault	U-PER
d’une	O
sorte	O
de	O
handicap	O
volontaire,	O
qui	O
reviendrait	O
à	O
se	O
priver	O
des	O
ustensiles	O
de	O
l’excellence	O
à	O
la	O
française	O
transmis	O
à	O
travers	O
la	O
succession	O
des	O
générations	O
pour	O
mettre	O
à	O
l’épreuve	O
un	O
équipement	O
inédit.	O
La	O
célèbre	O
polémique	O
qui	O
l’opposa	O
à	O
Jacques	B-PER
Derrida	L-PER
à	O
propos	O
de	O
la	O
Première	B-MISC
méditation	L-MISC
de	O
Descartes	U-PER
permet	O
de	O
comprendre	O
plus	O
facilement	O
son	O
refus	O
de	O
ce	O
qu’il	O
appela	O
pour	O
l’occasion	O
une	O
«	O
petite	O
pédagogie	O
»	O
historiquement	O
située,	O
dont	O
la	O
virtuosité	O
derridienne	O
n’était	O
qu’un	O
vain	O
accomplissement	O
J.-L.	B-PER
Fabiani,	L-PER
Qu’est-ce	U-PER
qu’un	O
philosophe	O
français	O
(1880-1980)	U-PER
?	O
La	O
vie	O
sociale	O
des	O
concepts,	O
Paris,	U-MISC
2010.	O
.	O
Le	O
geste	O
de	O
Foucault	U-PER
s’est	O
accompagné	O
d’un	O
refus	O
du	O
jeu	O
ordinaire	O
des	O
formes	O
disciplinaires	O
et	O
le	O
fameux	O
«	O
Ne	O
me	O
demandez	O
pas	O
qui	O
je	O
suis	O
»	O
exprime	O
sans	O
fioriture	O
le	O
désarrimage	O
d’une	O
productivité	O
textuelle	O
par	O
rapport	O
à	O
toutes	O
les	O
formes	O
de	O
catalogage	O
et	O
d’indexation	O
qui	O
décrivent	O
les	O
coordonnées	O
des	O
lieux	O
de	O
savoir	O
et	O
leur	O
localisation	O
dans	O
un	O
espace	O
balisé.	O
L’étrangeté	U-LOC
foucaldienne	O
peut	O
ainsi	O
être	O
décrite	O
comme	O
la	O
conséquence	O
de	O
la	O
capacité	O
à	O
se	O
rendre	O
sourd	O
aux	O
injonctions	O
automatiques	O
des	O
différents	O
établissements	O
ou	O
à	O
devenir	O
aveugle	O
aux	O
hiérarchies	O
discursives	O
et	O
sociales.	O
On	O
peut	O
évidemment	O
contester	O
le	O
caractère	O
entièrement	O
décisif	O
de	O
cette	O
rupture	O
avec	O
l’habitus	O
scholastique	O
sans	O
pour	O
autant	O
mettre	O
en	O
doute	O
la	O
sincérité	O
et	O
la	O
radicalité	O
de	O
la	O
démarche.	O
Foucault	U-PER
signale	O
avec	O
un	O
détachement	O
élégant	O
la	O
dimension	O
ambivalente	O
des	O
lieux	O
de	O
savoir	O
constitués	O
:	O
ils	O
sont	O
à	O
la	O
fois	O
des	O
points	O
d’appui	O
et	O
des	O
aires	O
de	O
repos	O
sur	O
le	O
chemin	O
des	O
savoirs	O
et	O
des	O
pièges	O
confortables	O
qui	O
incitent	O
à	O
la	O
routine,	O
à	O
la	O
reproduction	O
et	O
aux	O
fidélités	O
indues.	O
La	B-MISC
radicalité	I-MISC
de	I-MISC
la	I-MISC
posture	I-MISC
foucaldienne	L-MISC
s’explique	O
partiellement	O
par	O
la	O
collision	O
entre	O
une	O
crise	O
du	O
modèle	O
institutionnel	O
français	O
de	O
l’activité	O
philosophique	O
et	O
la	O
trajectoire	O
d’un	O
individu	O
dont	O
le	O
«	O
niveau	O
des	O
ambitions	O
légitimes	O
»,	U-PER
pour	O
parler	O
comme	O
Pierre	B-PER
Bourdieu	L-PER
,	O
fut	O
exceptionnellement	O
élevé.	O
Handicapé	U-MISC
volontaire	O
de	O
l’épistémè,	B-PER
Foucault	L-PER
nous	O
permet	O
de	O
mettre	O
en	O
question	O
l’idée	O
selon	O
laquelle	O
les	O
lieux	O
de	O
savoir	O
sont	O
nécessairement	O
des	O
lieux	O
sûrs	O
:	O
mieux	O
vaut	O
se	O
mettre	O
en	O
danger	O
en	O
défiant	O
l’institution	O
de	O
l’intérieur	O
que	O
de	O
la	O
chérir	O
à	O
la	O
manière	O
d’un	O
héritier	O
fidèle	O
ou	O
de	O
la	O
quitter	O
comme	O
un	O
révolutionnaire	O
puéril	O
et	O
naïf.	O
Foucault	U-PER
met	O
en	O
pratique,	O
sans	O
ostentation,	O
la	O
théorie	O
critique	O
de	O
l’intellectualisme	O
scholastique	O
que	O
Bourdieu	U-PER
a	O
développée,	O
non	O
sans	O
contradictions	O
internes,	O
dans	O
ses	O
Méditations	B-MISC
pascaliennes	L-MISC
P.	B-PER
Bourdieu,	L-PER
Méditations	O
pascaliennes,	O
Paris,	U-PER
1997.	O
.	O
Que	O
faire	O
dans	O
les	O
lieux	O
de	O
savoir	O
lorsque	O
l’on	O
sait	O
désormais	O
que	O
leur	O
aspect	O
bienveillant	O
peut	O
être	O
trompeur	O
et	O
que	O
la	O
réflexivité	O
est	O
de	O
mise	O
à	O
leur	O
endroit	O
?	O
La	O
réponse	O
souvent	O
énigmatique	O
que	O
Foucault	U-PER
a	O
donnée	O
à	O
la	O
crise	O
des	O
humanités	O
de	O
la	O
seconde	O
moitié	O
du	O
xx	O
e	O
siècle	O
est	O
évidemment	O
très	O
différente	O
des	O
alternatives	O
que	O
les	O
sciences	O
sociales	O
ont	O
proposées	O
pour	O
prendre	O
la	O
relève	O
de	O
la	O
tradition	O
académique.	O
Réflexion	B-MISC
faite,	I-MISC
si	I-MISC
on	I-MISC
la	I-MISC
considère	I-MISC
sous	I-MISC
l’aspect	I-MISC
du	I-MISC
handicap	I-MISC
volontaire	L-MISC
et	O
de	O
l’exercice	O
régulier	O
du	O
soupçon	O
à	O
l’égard	O
des	O
multiples	O
béquilles	O
de	O
l’intellect,	U-MISC
on	O
peut	O
penser	O
que	O
la	O
déficience	O
momentanée	O
qu’elle	O
provoque	O
est	O
peut-être	O
plus	O
efficace	O
que	O
la	O
stratégie	O
de	O
suréquipement	O
des	O
sciences	O
sociales,	O
perceptible	O
dans	O
tous	O
les	O
traités	O
d’épistémologie	O
comme	O
dans	O
les	O
appels	O
un	O
peu	O
dérisoires	O
à	O
la	O
vigilance	O
et	O
au	O
contrôle	O
permanent	O
du	O
mode	O
de	O
production	O
des	O
connaissances.	O
Michel	B-PER
Foucault	L-PER
,	O
qui	O
avait	O
de	O
bonnes	O
relations	O
avec	O
des	O
sociologues	O
qui	O
se	O
situaient	O
dans	O
le	O
prolongement	O
explicite	O
de	O
l’histoire	O
des	O
sciences,	O
développée	O
par	O
leur	O
maître	O
commun	O
Georges	B-PER
Canguilhem	L-PER
,	O
ne	O
cachait	O
pas	O
son	O
scepticisme	O
amusé	O
devant	O
leur	O
impérieuse	O
volonté	O
de	O
science.	O
Il	O
préférait	O
parler	O
de	O
savoirs	O
et	O
avait	O
enterré	O
sans	O
cérémonie	O
la	O
volonté	O
de	O
construire	O
un	O
lieu	O
spécifique	O
pour	O
les	O
sciences	O
de	O
l’homme.	O
À	O
la	O
musculation	O
intensive	O
que	O
pratiquaient	O
les	O
sociologues	O
avec	O
l’espoir	O
d’obtenir	O
des	O
corps	O
aussi	O
sculpturaux	O
que	O
ceux	O
qui	O
représentaient	O
les	O
disciplines	O
des	O
sciences	O
de	O
la	O
nature,	O
il	O
opposait	O
sans	O
ostentation	O
une	O
stratégie	O
plus	O
subtile	O
:	O
celle	O
de	O
l’expérience	O
physique	O
de	O
la	O
perte	O
des	O
points	O
d’appui.	O
On	O
peut	O
rapprocher	O
en	O
effet	O
un	O
voyage	O
épuisant	O
et	O
les	O
effets	O
qu’il	O
entraîne	O
des	O
manières	O
de	O
s’orienter	O
dans	O
l’espace	O
du	O
savoir,	O
qu’on	O
peut	O
désormais	O
entrevoir	O
non	O
comme	O
une	O
forme	O
pleine,	O
mais	O
comme	O
une	O
succession	O
de	O
trous,	O
de	O
blancs	O
et	O
de	O
diverses	O
«	O
discrepancies	O
»	O
que	O
le	O
philosophe	O
n’a	O
pas	O
à	O
remplir	O
ou	O
réduire	O
mais	O
au	O
contraire	O
à	O
manifester.	O
Ses	O
détracteurs	O
ont	O
souvent	O
reproché	O
à	O
Foucault	U-PER
le	O
caractère	O
approximatif	O
de	O
ses	O
références	O
et	O
son	O
goût	O
pour	O
les	O
citations	O
tronquées.	O
Une	O
telle	O
attitude	O
n’est	O
pas	O
l’effet	O
d’une	O
déficience	O
–	O
il	O
se	O
dépensait	O
sans	O
compter	O
au	O
travail	O
–,	U-PER
mais	O
le	O
constat	O
d’une	O
situation	O
épistémologique	O
incontournable	O
et	O
de	O
la	O
mise	O
en	O
place	O
de	O
nouvelles	O
formes	O
d’enquête	O
sur	O
les	O
textes.	O
La	O
fatigue	O
de	O
Foucault	U-PER
,	O
souvent	O
évoquée	O
dans	O
le	O
cours	O
de	O
son	O
travail,	O
comme	O
en	O
témoigne	O
le	O
compte	O
rendu	O
de	O
la	O
conférence	O
qu’il	O
donna	O
à	O
Tunis	U-LOC
sur	O
Manet	B-PER
M.	I-PER
Foucault,	L-PER
La	B-MISC
Peinture	I-MISC
de	I-MISC
Manet,	I-MISC
Paris,	L-MISC
2004.	O
,	O
manifeste	O
le	O
refus	O
des	O
équipements	O
de	O
savoir	O
habituels.	O
Foucault	U-PER
le	O
surdoué	O
peut	O
être	O
ainsi	O
rapproché	O
d’autres	O
acteurs	O
qui	O
ne	O
partagent	O
pas	O
sa	O
virtuosité,	O
mais	O
qui	O
ont	O
au	O
contraire	O
à	O
construire	O
des	O
prothèses	O
pour	O
combler	O
des	O
handicaps	O
qui	O
semblaient	O
insurmontables	O
au	O
départ.	O
Innovation	U-ORG
et	O
handicap	O
L’analyse	O
des	O
formes	O
que	O
prend	O
la	O
volonté	O
de	O
savoir	O
dans	O
des	O
circonstances	O
adverses	O
ne	O
peut	O
pas	O
se	O
réduire	O
à	O
une	O
espèce	O
de	O
voyeurisme	O
qui	O
reconnaîtrait	O
dans	O
la	O
capacité	O
de	O
produire	O
des	O
effets	O
de	O
connaissance	O
en	O
situation	O
d’invalidité	O
une	O
sorte	O
de	O
phénomène	O
de	O
foire	O
pour	O
spectateurs	O
hautement	O
éduqués.	O
Il	O
n’est	O
pas	O
rare	O
que	O
la	O
presse	O
magazine	O
évoque	O
en	O
ces	O
termes	O
l’extraordinaire	O
activité	O
de	O
Stephen	B-PER
Hawking	L-PER
dans	O
le	O
domaine	O
de	O
la	O
physique,	O
alors	O
qu’une	O
maladie	O
gravement	O
invalidante	O
l’avait	O
privé	O
de	O
l’usage	O
de	O
ses	O
mains.	O
Comment	B-MISC
sauter	I-MISC
l’étape	I-MISC
des	I-MISC
calculs	I-MISC
sur	I-MISC
papier	I-MISC
et	I-MISC
du	I-MISC
recours	I-MISC
au	I-MISC
diagramme	I-MISC
?	L-MISC
Comment	O
cérébraliser	O
une	O
série	O
d’opérations	O
enchaînées	O
qui	O
conduisent,	O
à	O
partir	O
de	O
manipulations,	O
à	O
une	O
démonstration	O
ou	O
à	O
une	O
vérification	O
?	O
La	O
question	O
est	O
d’importance	O
pour	O
les	O
spécialistes	O
des	O
science	O
studies	O
qui	O
ont	O
tenté	O
de	O
rapatrier,	O
depuis	O
une	O
bonne	O
trentaine	O
d’années,	O
les	O
opérations	O
cognitives	O
dans	O
l’espace	O
de	O
la	O
matérialité	O
des	O
pratiques.	O
Le	O
succès	O
de	O
Hawking	U-PER
semble	O
mettre	O
en	O
question	O
la	O
vaste	O
opération	O
de	O
réinscription	O
de	O
l’activité	O
scientifique	O
dans	O
un	O
monde	O
d’interactions	O
concrètes	O
et	O
dans	O
les	O
cadres	O
de	O
la	O
culture	O
matérielle.	O
L’inventivité	O
dont	O
il	O
fait	O
preuve	O
donne	O
des	O
gages	O
à	O
la	O
représentation	O
classique	O
d’un	O
savoir	O
dématérialisé	O
depuis	O
le	O
platonisme	O
:	O
théorein	O
signifie	O
voir,	O
et	O
le	O
savoir	O
est	O
une	O
vision	O
d’une	O
ampleur	O
et	O
d’une	O
précision	O
qu’autorise	O
l’absence	O
de	O
médiation	O
matérielle,	O
y	O
compris	O
par	O
la	O
vision	O
oculaire.	O
Si	U-MISC
construire	O
une	O
théorie	O
physique,	O
c’est	U-MISC
voir	O
particulièrement	O
clair	O
dans	O
sa	O
tête,	O
que	O
reste-t-il	O
de	O
la	O
grande	O
opération	O
de	O
rematérialisation	O
des	O
opérations	O
de	O
connaissance	O
dont	O
les	O
Lieux	B-MISC
de	I-MISC
savoir	L-MISC
sont	O
précisément	O
partie	O
prenante	O
?	O
L’enjeu	O
est	O
d’importance.	O
Le	O
cas	O
Hawking	U-PER
peut	O
conduire	O
à	O
se	O
demander	O
si	O
les	O
héros	O
des	O
études	O
sur	O
les	O
sciences	O
ont	O
rematérialisé	O
les	O
aspects	O
les	O
plus	O
spectaculaires	O
du	O
travail	O
expérimental	O
sans	O
accéder	O
pour	O
autant	O
à	O
la	O
dimension	O
proprement	O
conceptuelle	O
du	O
travail	O
théorique.	O
Le	O
lien	O
entre	O
théorie	O
et	O
expérience	O
a-t-il	O
été	O
correctement	O
fait	O
?	O
En	O
d’autres	O
termes,	O
la	O
vision,	O
au	O
sens	O
grec,	O
à	O
laquelle	O
on	O
peut	O
apparier	O
l’activité	O
théorique,	O
peut-elle	O
à	O
son	O
tour	O
être	O
vue	O
et	O
décrite	O
comme	O
une	O
succession	O
d’opérations	O
concrètes	O
?	O
Le	O
caractère	O
spectaculaire	O
de	O
l’inventivité	O
de	O
Hawking	U-PER
en	O
physique	O
et	O
sa	O
dimension	O
quasi	O
foraine	O
donnent	O
le	O
vertige.	O
Penser,	U-LOC
c’est	O
manipuler,	O
c’est	O
négocier,	O
c’est	O
parlementer	O
avec	O
des	O
objets	O
et	O
tripoter	O
des	O
protocoles.	O
Pas	B-MISC
de	I-MISC
théorie	I-MISC
sans	I-MISC
les	I-MISC
mains	L-MISC
:	O
justement,	O
Hawking	U-PER
n’a	O
pas	O
de	O
mains.	O
Pas	B-MISC
de	I-MISC
science	I-MISC
sans	I-MISC
retour	I-MISC
aux	I-MISC
localités	L-MISC
:	O
pas	O
de	O
chance,	O
Hawking	U-PER
aurait	O
bien	O
du	O
mal	O
à	O
s’inscrire	O
dans	O
un	O
espace	O
expérimental	O
concret	O
où	O
il	O
se	O
mouvrait	O
avec	O
l’aisance	O
de	O
l’acteur	O
tel	O
que	O
le	O
décrit	O
Bruno	B-PER
Latour	I-PER
Br.	I-PER
Latour,	L-PER
La	O
Science	U-MISC
en	O
action,	O
Paris,	U-ORG
1989.	O
.	O
La	O
spectacularisation	O
extrême	O
du	O
handicap	O
majeur	O
de	O
Hawking	U-PER
peut	O
conduire	O
à	O
une	O
déspectacularisation	O
définitive	O
de	O
la	O
théorie	O
scientifique.	O
Hélène	B-PER
Mialet	L-PER
rapporte	O
que	O
certains	O
commentateurs	O
du	O
mystère	O
Hawking	U-PER
renvoient	O
explicitement	O
à	O
une	O
théorie	O
de	O
la	O
vision	O
:	O
la	O
méthode	O
consiste	O
à	O
«	O
voir	O
au-delà	O
des	O
calculs	O
(seing	O
through	O
calculations)	O
»	O
sans	O
passer	O
par	O
l’enchaînement	O
des	O
calculs	O
ni	O
par	O
les	O
supports	O
mnémotechniques	O
des	O
diagrammes.	O
Ici,	U-ORG
penser,	O
c’est	O
voir,	O
comme	O
chez	O
Platon	U-PER
.	O
C’est	O
aussi	O
court-circuiter	O
par	O
l’intuition	O
une	O
série	O
d’enchaînements,	U-LOC
ce	O
que	O
Descartes	U-PER
désignait	O
comme	O
de	O
«	O
longues	O
chaînes	O
de	O
raisons,	O
toutes	O
simples	O
et	O
faciles	O
»	O
et	O
qui	O
constituaient	O
l’assise	O
du	O
raisonnement	O
scientifique	O
enté	O
sur	O
le	O
modèle	O
mathématique.	O
Les	B-MISC
observateurs	I-MISC
du	I-MISC
cas	L-MISC
Hawking	U-PER
renvoient	O
plutôt	O
à	O
une	O
approche	O
intuitionniste	O
que	O
le	O
handicap	O
de	O
Hawking	U-PER
a	O
progressivement	O
suscitée	O
pour	O
pallier	O
l’absence	O
des	O
concaténations	O
habituelles	O
de	O
l’activité	O
rationnelle.	O
L’activité	U-MISC
théorique	O
se	O
trouve	O
ainsi	O
décorporalisée	O
par	O
le	O
retour	O
à	O
la	O
métaphore	O
de	O
la	O
vision.	O
Le	O
handicap	O
physique	O
conduit	O
à	O
l’abaissement	O
de	O
l’importance	O
des	O
équations	O
dans	O
la	O
pratique	O
de	O
la	O
physique	O
au	O
profit	O
d’une	O
saisie	O
de	O
formes	O
géométriques	O
ou	O
imagées	O
et	O
de	O
traductions	O
langagières	O
des	O
opérations	O
de	O
calcul.	O
Il	O
ne	O
s’agit	O
pas	O
de	O
revenir	O
à	O
la	O
problématique	O
de	O
la	O
connaissance	O
par	O
participation	O
comme	O
«	O
vision	O
en	O
Dieu	U-MISC
»	O
développée	O
par	O
Nicolas	B-PER
Malebranche	L-PER
et	O
récemment	O
rapprochée	O
par	O
Frédéric	B-PER
Keck	L-PER
de	O
la	O
définition	O
donnée	O
par	O
Lucien	B-PER
Lévy-Bruhl	L-PER
de	O
la	O
mentalité	O
primitive	O
Fr.	B-PER
Keck,	L-PER
Lucien	O
Lévy-Bruhl.	O
Entre	O
philosophie	O
et	O
anthropologie.	O
Contradiction	U-MISC
et	O
participation,	O
Paris,	U-MISC
2008.	O
.	O
Il	O
s’agit	O
encore	O
moins	O
de	O
régresser	O
vers	O
une	O
conception	O
purement	O
mentaliste	O
de	O
l’activité	O
théorique	O
qui	O
annulerait	O
tous	O
les	O
acquis	O
de	O
la	O
relocalisation	O
de	O
l’activité	O
scientifique	O
dans	O
des	O
espaces	O
concrets	O
qu’ont	O
permis	O
les	O
science	O
studies	O
.	O
Le	O
témoignage	O
des	O
étudiants	O
de	O
Hawking	U-PER
devenus	O
progressivement	O
ses	O
médiateurs	O
et	O
aussi	O
peut-être	O
un	O
analogon	O
de	O
son	O
corps,	O
particulièrement	O
depuis	O
qu’il	O
a	O
aussi	O
perdu	O
la	O
voix	O
à	O
la	O
suite	O
d’une	O
trachéotomie,	O
permet	O
de	O
montrer	O
que	O
le	O
physicien	O
a	O
développé	O
un	O
ensemble	O
de	O
prothèses	O
qui	O
lui	O
permettent	O
de	O
visualiser	O
l’espace	O
physique	O
qu’il	O
analyse	O
et	O
de	O
le	O
rendre	O
ainsi	O
manipulable	O
et	O
communicable.	O
Parallèlement,	B-LOC
Hawking	L-LOC
a	O
développé	O
des	O
capacités	O
mémorielles	O
hors	O
du	O
commun	O
qui	O
le	O
distinguent	O
des	O
physiciens	O
normaux	O
qui	O
ont	O
plus	O
de	O
facilité	O
à	O
enregistrer	O
des	O
équations	O
que	O
des	O
diagrammes.	O
Dire	U-ORG
du	O
savant	O
qu’il	O
est	O
un	O
«	O
théoricien	O
visuel	O
»	O
comme	O
le	O
sont	O
d’ailleurs	O
tendanciellement	O
un	O
certain	O
nombre	O
de	O
collègues	O
non	O
handicapés,	O
ne	O
revient	O
donc	O
pas	O
à	O
dire	O
que	O
la	O
théorie	O
est	O
une	O
vision	O
et	O
qu’elle	O
peut	O
se	O
passer	O
de	O
manipulations	O
concrètes.	O
L’impossibilité	U-LOC
de	O
faire	O
usage	O
de	O
ses	O
mains	O
et	O
d’écrire	O
une	O
succession	O
de	O
calculs	O
dans	O
un	O
temps	O
très	O
limité	O
a	O
été	O
remplacée	O
par	O
une	O
acuité	O
visuelle	O
accrue	O
:	O
le	O
diagramme	O
«	O
lui	O
permet	O
de	O
voir	O
l’espace	O
dans	O
lequel	O
il	O
se	O
trouve	O
»,	O
selon	O
Hélène	B-PER
Mialet	L-PER
.	O
On	O
pourrait	O
dire	O
que	O
la	O
prothèse	O
«	O
diagrammatique	O
»	O
recorporéise	O
le	O
physicien.	O
Il	O
a	O
pu,	U-ORG
à	O
la	O
suite	O
d’un	O
effort	O
hors	O
du	O
commun	O
de	O
médiation,	O
de	O
traduction	O
et	O
de	O
mise	O
en	O
images,	O
faire	O
de	O
sa	O
faiblesse	O
une	O
force	O
et	O
de	O
son	O
immobilité	O
forcée	O
un	O
principe	O
de	O
mouvement.	O
Rendre	U-LOC
visible	O
dans	O
ce	O
cas,	O
c’est	O
rendre	O
manipulable.	O
Il	O
n’y	O
aurait	O
pas	O
d’avancée	O
théorique	O
sans	O
cet	O
ensemble	O
complexe	O
de	O
matérialisation	O
de	O
la	O
pensée	O
par	O
médiations	O
concrètes	O
successives.	O
Dans	O
le	O
cas	O
du	O
physicien	O
handicapé,	O
la	O
compréhension	O
de	O
l’obstacle	O
est	O
la	O
source	O
de	O
l’innovation.	O
Nous	O
sommes	O
ici	O
dans	O
l’espace	O
de	O
production	O
de	O
la	O
connaissance,	O
au	O
plus	O
près	O
de	O
ce	O
qui	O
se	O
donne	O
comme	O
l’activité	O
théorique	O
pure.	O
L’apparition	O
de	O
nouvelles	O
pratiques	O
sous	O
l’effet	O
de	O
contraintes	O
exceptionnelles	O
et	O
a	O
priori	O
insurmontables	O
n’est	O
pas	O
pour	O
autant	O
réservé	O
à	O
la	O
simple	O
dimension	O
productive	O
du	O
savoir	O
:	O
une	O
telle	O
capacité	O
trouve	O
aussi	O
à	O
se	O
développer	O
dans	O
le	O
domaine	O
de	O
l’archivage	O
et	O
de	O
la	O
préservation	O
d’un	O
stock	O
important	O
d’informations	O
dans	O
un	O
contexte	O
particulièrement	O
défavorable.	O
La	O
constitution	O
d’une	O
archive	O
clandestine	O
enterrée	O
sous	O
le	O
ghetto	O
de	O
Varsovie	U-LOC
constitue	O
un	O
paradoxe	O
insoutenable,	O
si	O
l’on	O
considère	O
qu’elle	O
a	O
été	O
préservée,	O
alors	O
que	O
les	O
membres	O
de	O
la	O
communauté	O
dont	O
elle	O
constituait	O
la	O
mémoire	O
étaient	O
l’objet	O
d’une	O
extermination	O
méthodique.	O
On	O
a	O
généralement	O
tendance	O
à	O
assimiler	O
l’archive	O
à	O
une	O
forme	O
de	O
production	O
institutionnelle	O
supposant	O
la	O
délimitation	O
des	O
lieux	O
de	O
stockage	O
et	O
la	O
standardisation	O
des	O
procédures	O
de	O
classement	O
et	O
d’indexation.	O
Archiver	U-LOC
revient	O
particulièrement	O
à	O
éviter	O
aux	O
documents	O
les	O
outrages	O
du	O
temps.	O
Le	O
caractère	O
d’urgence	O
de	O
l’archivage	O
n’a	O
pas	O
permis	O
que	O
toutes	O
les	O
boîtes	O
métalliques,	O
généralement	O
des	O
boîtes	O
de	O
conserve	O
réutilisées,	O
contenant	O
des	O
documents	O
de	O
diverses	O
natures,	O
incluant	O
des	O
photographies,	O
aient	O
protégé	O
l’intégrité	O
des	O
objets	O
connus	O
sous	O
le	O
nom	O
de	O
«	O
Oneg	B-PER
Shabbes	L-PER
».	O
L’entreprise	O
n’est	O
pas	O
née	O
d’une	O
volonté	O
étatique	O
ou	O
institutionnelle,	O
ni	O
d’une	O
passion	O
d’antiquaire,	U-PER
mais	O
elle	O
est	O
avant	O
tout	O
une	O
opération	O
de	O
résistance	O
qui	O
manifeste	O
une	O
double	O
volonté	O
de	O
survie	O
et	O
de	O
transmission.	O
L’innovation	O
archivistique	O
vient	O
dans	O
ce	O
cas	O
d’en	O
bas	O
et	O
présente	O
tous	O
les	O
caractères	O
d’un	O
impératif	O
moral	O
:	O
documenter	O
une	O
extermination	O
dont	O
un	O
des	O
aspects	O
méthodiques	O
et	O
rationnels	O
consiste	O
à	O
en	O
effacer	O
successivement	O
toutes	O
les	O
traces.	O
Parallèlement,	U-LOC
l’archive	O
résistante	O
de	O
Varsovie	U-LOC
s’inscrit,	O
avec	O
des	O
contraintes	O
particulières,	O
dans	O
un	O
mouvement	O
de	O
plus	O
longue	O
durée,	O
contemporain	O
du	O
sionisme,	O
destiné	O
à	O
constituer	O
la	O
documentation	O
de	O
l’histoire	O
du	O
peuple	O
juif.	O
Archive	B-MISC
d’un	L-MISC
genre	O
particulier,	O
à	O
cheval	O
sur	O
deux	O
objectifs	O
rendus	O
progressivement	O
indissociables	O
:	O
celui	O
de	O
constituer	O
la	O
mémoire	O
objective	O
d’une	O
population	O
à	O
partir	O
de	O
la	O
collecte	O
raisonnée	O
d’objets	O
représentatifs	O
de	O
pratiques,	O
et	O
celui	O
de	O
créer	O
les	O
conditions	O
politiques	O
de	O
la	O
reconnaissance	O
d’un	O
peuple,	O
sous	O
la	O
forme	O
de	O
ce	O
que	O
Shlomo	B-PER
Sand	L-PER
nommera,	O
dans	O
un	O
livre	O
controversé	O
mais	O
fondamental,	O
«	O
l’invention	O
du	O
peuple	O
juif	O
S.	B-PER
Sand,	L-PER
Comment	O
le	O
peuple	O
juif	O
fut	O
inventé,	O
Paris,	U-MISC
2008.	O
».	U-ORG
On	O
a	O
dans	O
ce	O
cas	O
l’exemple	O
d’une	O
archive	O
produite	O
dans	O
des	O
conditions	O
extrêmes	O
qui	O
est	O
simultanément	O
le	O
produit	O
d’une	O
collecte	O
performative	O
et	O
l’affirmation	O
d’un	O
désir	O
de	O
science.	O
Fondée	O
sur	O
le	O
primat	O
de	O
l’interaction	O
entre	O
Juifs	U-MISC
et	O
non-Juifs,	O
cette	O
vaste	O
entreprise	O
d’archivage	O
est	O
le	O
produit	O
d’une	O
construction	O
raisonnée	O
:	O
le	O
travail	O
d’	O
Emanuel	B-PER
Ringelblum	L-PER
,	O
lui-même	O
formé	O
à	O
l’histoire,	U-ORG
dans	O
le	O
ghetto	O
de	O
Varsovie	U-LOC
est	O
simultanément	O
la	O
continuation	O
de	O
l’entreprise	O
de	O
construction	O
d’une	O
mémoire	O
juive	O
officielle	O
et	O
l’effet	O
de	O
circonstances	O
tragiques.	O
Dans	O
ce	O
cas,	O
l’archive	O
est	O
à	O
la	O
fois	O
volonté	O
et	O
représentation	O
;	O
le	O
savant	O
et	O
le	O
militant	O
s’associent	O
dans	O
un	O
alliage	O
particulier	O
pour	O
collecter	O
et	O
rendre	O
significatifs	O
un	O
grand	O
nombre	O
de	O
documents.	O
Les	O
boîtes	O
de	O
Varsovie	U-LOC
n’ont	O
rien	O
de	O
bouteilles	O
à	O
la	O
mer	O
:	O
elles	O
procèdent	O
d’une	O
volonté	O
de	O
conserver	O
et	O
d’informer	O
à	O
propos	O
d’un	O
événement	O
indicible	O
qui	O
n’est	U-MISC
possible	O
qu’au	O
prix	O
d’un	O
haut	O
degré	O
de	O
professionnalisme	O
historien	O
et	O
d’un	O
puissant	O
engagement	O
militant.	O
Le	O
handicap	O
extrême	O
que	O
constituent	O
la	O
situation	O
de	O
ghetto	O
et	O
la	O
répression	O
la	O
plus	O
féroce	O
est	O
transformé	O
en	O
ressource	O
productive	O
alors	O
que	O
la	O
perspective	O
de	O
l’extermination	O
de	O
tous	O
se	O
fait	O
plus	O
claire	O
tous	O
les	O
jours.	O
Le	O
plus	O
frappant	O
dans	O
cette	O
histoire	O
tragique	O
réside	O
dans	O
le	O
fait	O
que	O
la	O
dimension	O
proprement	O
testamentaire	O
de	O
l’archive	O
produite,	O
particulièrement	O
dans	O
le	O
cas	O
des	O
écrits	O
de	O
Ringelblum	U-PER
lui-même,	O
n’a	O
jamais	O
diminué	O
la	O
volonté	O
de	O
construire	O
les	O
éléments	O
fondamentaux	O
sur	O
lesquels	O
pourrait	O
s’écrire	O
l’histoire	O
scientifique	O
du	O
peuple	O
juif.	O
Connaissance	U-PER
et	O
délégation	O
L’objectivation	O
des	O
pratiques	O
de	O
savoir	O
permet	O
aussi	O
de	O
mettre	O
au	O
jour	O
l’importance	O
de	O
la	O
dimension	O
coproductive	O
des	O
opérations	O
de	O
connaissance.	O
Cet	O
aspect	O
est	O
autant	O
présent	O
dans	O
le	O
célèbre	O
projet	O
de	O
constituer	O
des	O
archives	O
photographiques	O
de	O
la	O
planète	O
que	O
développa	O
Albert	B-PER
Kahn	L-PER
que	O
dans	O
la	O
tentative	O
faite	O
par	O
Michel	B-PER
Foucault	L-PER
de	O
distinguer	O
son	O
travail	O
de	O
la	O
stricte	O
fonction	O
auteur.	O
Dans	O
sa	O
thèse	O
de	O
doctorat,	O
Émile	B-PER
Durkheim	L-PER
avait	O
étudié	O
précisément	O
les	O
effets	O
de	O
la	O
division	O
du	O
travail	O
sur	O
l’activité	O
intellectuelle	O
en	O
tant	O
que	O
telle	O
:	O
celle-ci	O
n’était	O
pas	O
moins	O
affectée	O
par	O
les	O
conséquences	O
du	O
phénomène	O
analysé	O
par	O
Adam	B-PER
Smith	L-PER
et	O
devenu	O
le	O
thème	O
central	O
de	O
l’économie	O
politique	O
que	O
la	O
vie	O
industrielle	O
É.	B-PER
Durkheim,	L-PER
De	O
la	O
division	O
sociale	O
du	O
travail,	O
Paris,	U-PER
1893.	O
.	O
Le	O
développement	O
de	O
la	O
sociologie	O
comme	O
science	O
était	O
selon	O
l’auteur	O
de	O
la	O
Division	B-ORG
sociale	I-ORG
du	I-ORG
travail	I-ORG
l’effet	I-ORG
direct	I-ORG
de	I-ORG
ce	I-ORG
processus,	I-ORG
la	I-ORG
multiplication	I-ORG
des	I-ORG
objets	I-ORG
et	I-ORG
des	I-ORG
disciplines	L-ORG
rendant	O
impossible	O
le	O
rôle	O
régulateur	O
attribué	O
traditionnellement	O
à	O
la	O
philosophie	O
et	O
dessinant	O
l’espace	O
nouveau	O
d’une	O
science	O
sociale.	O
Les	B-MISC
science	I-MISC
studies	L-MISC
ont	O
plus	O
récemment	O
insisté	O
sur	O
la	O
dimension	O
coopérative	O
et	O
négociée	O
de	O
la	O
production	O
de	O
savoir.	O
Le	O
développement	O
des	O
connaissances	O
trouve	O
un	O
appui	O
dans	O
les	O
propriétés	O
interactionnelles	O
caractéristiques	O
des	O
lieux	O
de	O
savoir.	O
Les	B-MISC
Archives	I-MISC
de	I-MISC
la	I-MISC
Planète	L-MISC
constituent	O
un	O
excellent	O
exemple	O
de	O
ce	O
qu’on	O
peut	O
appeler	O
la	O
délégation	O
d’une	O
volonté	O
de	O
savoir.	O
Albert	B-PER
Kahn	L-PER
est	O
en	O
effet	O
porteur	O
d’un	O
projet	O
dicté	O
par	O
une	O
libido	O
sciendi	O
qui	O
n’est	O
jamais	O
éloignée	O
de	O
l’hybris.	O
Il	B-MISC
s’agissait,	I-MISC
dans	I-MISC
une	I-MISC
démarche	I-MISC
qu’on	L-MISC
rapprocherait	O
volontiers	O
d’une	O
«	O
ethnographie	O
de	O
l’urgence	O
»	O
ou	O
d’une	O
collecte	O
sous	O
forte	O
contrainte	O
temporelle,	O
de	O
«	O
fixer	O
une	O
fois	O
pour	O
toutes	O
des	O
aspects,	O
des	O
pratiques	O
et	O
des	O
modes	O
de	O
l’activité	O
humaine	O
dont	O
la	O
disparition	O
fatale	O
n’est	O
plus	O
qu’une	O
question	O
de	O
temps	O
».	B-MISC
L’homme	L-MISC
d’affaires	O
a	O
délégué	O
son	O
entreprise	O
à	O
un	O
géographe	O
et	O
l’opération	O
pratique	O
de	O
collecte	O
à	O
des	O
techniciens	O
confirmés.	O
Pour	O
autant,	O
on	O
ne	O
peut	O
réduire	O
son	O
rôle	O
à	O
une	O
pure	O
fonction	O
de	O
mécénat.	O
Le	O
projet	O
intellectuel	O
qui	O
a	O
présidé	O
à	O
la	O
collecte	O
a	O
associé	O
Albert	B-PER
Kahn	L-PER
au	O
maître	O
d’œuvre	O
de	O
l’opération,	U-MISC
le	O
géographe	O
Jean	B-PER
Brunhes	L-PER
.	O
Financier	O
de	O
l’opération,	B-PER
Kahn	L-PER
est	O
aussi	O
un	O
intellectuel	O
à	O
part	O
entière	O
:	O
ami	O
du	O
philosophe	O
Bergson	U-PER
,	O
il	O
participe	O
à	O
la	O
vie	O
des	O
idées	O
un	O
peu	O
à	O
la	O
manière	O
de	O
Gyorgy	B-PER
Soros	L-PER
,	O
le	O
spéculateur	O
hungaro-américain	O
qui	O
a	O
construit	O
un	O
lieu	O
de	O
savoir	O
original	O
à	O
Budapest	U-LOC
,	O
la	O
Central	B-ORG
European	I-ORG
University,	L-ORG
destinée	O
à	O
former	O
les	O
cadres	O
dirigeants	O
et	O
les	O
intellectuels	O
des	O
pays	O
de	O
l’ancien	O
empire	O
soviétique	O
sans	O
pour	O
autant	O
intervenir	O
dans	O
le	O
contenu	O
des	O
enseignements.	O
La	O
position	O
de	O
mécène	O
associe	O
sous	O
une	O
forme	O
originale	O
la	O
garantie	O
de	O
l’autonomie	O
scientifique	O
des	O
chercheurs	O
et	O
la	O
revendication	O
par	O
le	O
donateur	O
d’une	O
posture	O
scientifique.	O
Le	O
projet	O
de	O
Kahn	U-PER
est	O
un	O
prolongement	O
opérationnel	O
de	O
la	O
géographie	O
institutionnelle	O
mise	O
en	O
place	O
par	O
Vidal	B-PER
de	I-PER
La	I-PER
Blache	L-PER
et	O
incarnée	O
dans	O
l’entreprise	O
par	O
Bruhnes	U-PER
.	O
Le	O
tandem	O
Bruhnes	U-PER
/	O
Kahn	U-PER
produit	O
un	O
alliage	O
inédit	O
entre	O
le	O
positivisme	O
universitaire	O
de	O
la	O
IIIe	B-ORG
République	L-ORG
et	O
l’utopisme	O
pacifiste	O
de	O
l’homme	O
d’affaires	O
ascète.	O
Les	B-MISC
Archives	I-MISC
de	I-MISC
la	I-MISC
Planète	L-MISC
sont	O
fondées	O
sur	O
le	O
postulat	O
de	O
l’unité	O
de	O
l’humanité	O
sous	O
des	O
espèces	O
différentes	O
et,	U-MISC
comme	O
les	O
archives	O
du	O
ghetto	O
de	O
Varsovie	U-LOC
,	O
ont	O
une	O
véritable	O
fonction	O
performative.	O
Il	O
s’agit	O
de	O
transformer	O
la	O
dimension	O
documentaire	O
de	O
l’entreprise	O
en	O
l’esquisse	O
d’une	O
culture	O
visuelle	O
commune	O
des	O
pratiques	O
humaines	O
en	O
général.	O
Le	O
support	O
de	O
cette	O
production	O
originale	O
de	O
savoir	O
à	O
volonté	O
encyclopédique	O
est	O
l’expédition,	U-ORG
dont	O
on	O
peut	O
saisir	O
la	O
forme	O
à	O
travers	O
le	O
temps,	O
depuis	O
l’expédition	O
d’	O
Égypte	U-LOC
jusqu’à	O
l’exploration	O
scientifique	O
de	O
l’	O
Algérie	O
.	O
L’originalité	O
de	O
l’entreprise	O
de	O
Kahn	U-PER
est	O
d’être	O
complètement	O
dissociée	O
de	O
l’expédition	O
militaire,	O
puisqu’elle	O
est	O
au	O
contraire	O
conçue	O
comme	O
un	O
instrument	O
au	O
service	O
de	O
la	O
paix	O
entre	O
les	O
peuples.	O
L’image	O
fixe	O
et	O
l’image	O
mouvement	O
sont	O
convoquées,	O
dans	O
le	O
cadre	O
d’un	O
protocole	O
qui	O
garantit	O
l’autonomie	O
du	O
savant	O
aussi	O
bien	O
que	O
la	O
maîtrise	O
technique	O
des	O
opérateurs	O
de	O
prises	O
de	O
vue.	O
Les	B-MISC
Archives	I-MISC
de	I-MISC
l’humanité	L-MISC
sont	O
ainsi	O
le	O
produit	O
de	O
l’utopie	O
d’un	O
mécénat	O
attentif	O
aux	O
demandes	O
de	O
la	O
science	O
aussi	O
bien	O
que	O
de	O
la	O
puissance	O
pacificatrice	O
du	O
savoir	O
lorsqu’il	O
est	O
imagé	O
et	O
qu’il	O
fait	O
confiance	O
à	O
l’objectivité	O
des	O
représentations.	O
La	O
dimension	O
pacifique	O
de	O
l’image	O
a	O
été	O
rapidement	O
remise	O
en	O
question	O
par	O
la	O
suite,	O
et	O
la	O
guerre	O
des	O
images	O
est	O
devenue	O
la	O
forme	O
ordinaire	O
de	O
l’usage	O
des	O
représentations	O
photographiques	O
et	O
cinématographiques	O
de	O
la	O
réalité	O
anthropologique	O
et	O
historique.	O
Il	O
reste	O
le	O
modèle	O
d’une	O
activité	O
coopérative	O
qui	O
associe	O
sans	O
contradiction	O
les	O
pouvoirs	O
de	O
l’argent,	O
l’innovation	O
de	O
la	O
science	O
et	O
la	O
compétence	O
technique	O
des	O
producteurs	O
d’images.	O
Le	O
génie	O
de	O
Stephen	B-PER
Hawking	L-PER
est	O
aussi	O
le	O
résultat	O
d’une	O
intense	O
activité	O
coproductive.	O
Il	O
ne	O
pourrait	O
pas	O
survivre	O
dans	O
le	O
monde	O
impitoyable	O
de	O
la	O
compétition	O
scientifique	O
s’il	O
ne	O
s’appuyait	O
pas	O
sur	O
la	O
coopération	O
permanente	O
de	O
ses	O
étudiants	O
qui	O
mettent	O
en	O
forme	O
ses	O
intuitions	O
dans	O
un	O
double	O
mouvement	O
de	O
révélation	O
à	O
soi	O
de	O
l’inventivité	O
et	O
de	O
la	O
communication	O
d’énoncés	O
décodables	O
et	O
falsifiables	O
par	O
le	O
reste	O
de	O
la	O
communauté	O
savante.	O
La	O
maladie	O
aurait	O
pu	O
contraindre	O
Hawking	U-PER
a	O
devenir	O
une	O
sorte	O
d’emmuré	O
vivant.	O
Sa	O
volonté	O
de	O
savoir	O
en	O
a	O
fait	O
au	O
contraire	O
un	O
des	O
hommes	O
les	O
plus	O
connectés.	O
Le	O
va-et-vient	O
entre	O
l’intuition	O
et	O
le	O
calcul	O
qui	O
a	O
été	O
évoqué	O
plus	O
haut	O
est	O
le	O
résultat	O
d’une	O
procédure	O
de	O
délégation	O
qui	O
conduit	O
le	O
savant	O
à	O
utiliser	O
les	O
mains	O
des	O
autres.	O
Le	O
physicien	O
est	O
conduit	O
à	O
construire	O
des	O
outils	O
qui	O
instrumentalisent	O
le	O
corps	O
de	O
ses	O
étudiants.	O
On	O
pourrait	O
risquer	O
à	O
ce	O
propos	O
la	O
notion	O
de	O
prothèse	O
vivante.	O
Ils	O
dessinent	O
des	O
diagrammes	O
et	O
il	O
peut	O
visualiser	O
ses	O
intuitions,	O
les	O
confirmer	O
et	O
les	O
rendre	O
opératoires	O
dans	O
la	O
chaîne	O
d’interactions	O
complexes	O
qui	O
constituent	O
la	O
vie	O
scientifique.	O
Hawking	U-PER
ne	O
cesse	O
de	O
demander	O
des	O
choses	O
à	O
ses	O
étudiants	O
alors	O
même	O
qu’il	O
est	O
privé	O
de	O
la	O
parole.	O
La	O
traduction	O
des	O
intuitions	O
du	O
physicien	O
doit	O
se	O
faire	O
dans	O
les	O
deux	O
sens,	O
et	O
son	O
inventivité	O
est	O
évidemment	O
fonction	O
de	O
la	O
capacité	O
hors	O
du	O
commun	O
qu’il	O
a	O
développée	O
dans	O
le	O
retraitement	O
de	O
l’information	O
objectivée	O
incluse	O
dans	O
les	O
diagrammes	O
fabriqués	O
par	O
les	O
étudiants.	O
Le	O
moment	O
du	O
calcul	O
est	O
le	O
plus	O
complexe	O
et	O
le	O
plus	O
coproductif.	O
Il	O
suppose	O
que	O
le	O
physicien	O
a	O
été	O
suffisamment	O
compris	O
de	O
ses	O
étudiants	O
pour	O
qu’il	O
puisse	O
se	O
mouvoir	O
dans	O
l’espace	O
virtuel	O
qu’ils	O
ont	O
dessiné	O
en	O
faisant	O
des	O
anticipations.	O
La	O
coproduction	O
que	O
fait	O
naître	O
le	O
handicap	O
de	O
Hawking	U-PER
permet	O
de	O
comprendre	O
les	O
modes	O
de	O
fonctionnement	O
d’une	O
matérialisation	O
par	O
délégation	O
des	O
opérations	O
fondamentales	O
de	O
l’activité	O
scientifique.	O
La	B-MISC
notion	I-MISC
de	I-MISC
délégation	L-MISC
prend	O
un	O
tout	O
autre	O
sens	O
dans	O
la	O
manière	O
de	O
travailler	O
de	O
Foucault	U-PER
,	O
mais	O
celle-ci	O
ne	O
présente	O
aucun	O
caractère	O
antagonique	O
par	O
rapport	O
à	O
ce	O
qui	O
vient	O
d’être	O
décrit.	O
Foucault	U-PER
a	O
délégué	O
une	O
partie	O
des	O
opérations	O
de	O
savoir	O
qu’il	O
a	O
développées	O
comme	O
une	O
alternative	O
aux	O
modes	O
institués	O
de	O
construction	O
de	O
la	O
connaissance	O
savante	O
en	O
convoquant	O
des	O
représentants	O
d’un	O
monde	O
extérieur,	O
qu’ils	O
s’agisse	O
de	O
la	O
mise	O
en	O
mouvement	O
d’une	O
périphérie	O
sociale	O
et	O
textuelle	O
ou	O
de	O
la	O
confrontation	O
permanente	O
du	O
discours	O
philosophique	O
avec	O
d’autres	O
pratiques	O
discursives.	O
L’archéologie	U-ORG
du	O
savoir	O
ne	O
se	O
comprendrait	O
pas	O
sans	O
la	O
référence	O
à	O
une	O
procédure	O
de	O
délégation	O
aux	O
exigences	O
de	O
l’actualité	O
:	O
ainsi	O
Surveiller	U-PER
et	O
punir	O
ne	O
peut	O
pas	O
être	O
entièrement	O
compris	O
si	O
l’on	O
ne	O
fait	O
aucune	O
référence	O
à	O
l’activité	O
collective	O
du	O
Groupe	B-MISC
d’information	I-MISC
sur	I-MISC
les	I-MISC
prisons	I-MISC
ou,	L-MISC
de	O
manière	O
encore	O
plus	O
significative,	O
au	O
discours	O
des	O
détenus.	O
Le	O
sociologue	O
peut	O
toujours	O
être	O
tenté	O
de	O
mettre	O
en	O
doute	O
l’effectivité	O
du	O
processus	O
de	O
délégation	O
qui	O
vient	O
d’être	O
décrit	O
au	O
nom	O
de	O
sa	O
pratique	O
habituelle	O
de	O
désenchantement	O
du	O
monde.	O
Mais	O
il	O
faut	O
ici	O
créditer	O
Foucault	U-PER
:	O
il	O
croyait	O
lui-même	O
en	O
ce	O
dispositif	O
de	O
coopération	O
qu’il	O
avait	O
en	O
partie	O
décrit	O
lorsqu’il	O
avait	O
proposé	O
avec	O
Gilles	B-PER
Deleuze	L-PER
la	O
notion	O
d’intellectuel	O
spécifique	O
:	O
ni	O
augure,	O
ni	O
conseiller	O
du	O
Prince,	U-LOC
ni	O
maître	O
à	O
penser,	O
mais	O
outilleur	O
parmi	O
d’autres	O
dans	O
le	O
monde	O
social.	O
Pour	O
finir,	O
il	O
est	O
une	O
autre	O
manière	O
de	O
lier	O
entre	O
eux	O
ces	O
quatre	O
textes,	O
qui	O
ne	O
contredit	O
en	O
rien	O
ce	O
qu’on	O
a	O
pu	O
en	O
dire	O
précédemment.	O
Savoir,	U-LOC
c’est	O
voyager.	O
Il	O
ne	O
s’agit	O
pas	O
bien	O
sûr	O
de	O
penser	O
toutes	O
les	O
opérations	O
de	O
savoir	O
sous	O
la	O
catégorie	O
de	O
l’expédition	O
ou	O
du	O
déplacement.	O
Kahn	U-PER
missionne	O
des	O
photographes	O
et	O
des	O
cinéastes	O
en	O
leur	O
demandant	O
de	O
donner	O
des	O
preuves	O
de	O
l’unité	O
de	O
la	O
terre.	O
Les	O
partenaires	O
de	O
Ringelblum	U-PER
creusent	O
le	O
sol	O
du	O
ghetto	O
de	O
Varsovie	U-LOC
pour	O
assurer	O
à	O
la	O
Diaspora	U-MISC
la	O
mémoire	O
de	O
ses	O
voyages	O
futurs.	O
Les	O
étudiants	O
de	O
Hawking	U-PER
permettent	O
à	O
un	O
handicapé	O
de	O
se	O
déplacer	O
dans	O
l’espace	O
infini	O
ouvert	O
par	O
les	O
diagrammes	O
qu’ils	O
coproduisent.	O
Foucault	U-PER
sillonne	O
la	O
planète	O
en	O
même	O
temps	O
qu’il	O
traverse	O
les	O
strates	O
multiples	O
des	O
pratiques	O
discursives.	O
Instrument	O
ou	O
métaphore,	O
réalité	O
physiquement	O
éprouvée	O
ou	O
pure	O
rêverie	O
locomotrice,	O
le	O
voyage	O
figure	O
la	O
mise	O
en	O
mouvement	O
de	O
la	O
pensée,	O
que	O
les	O
plus	O
mortelles	O
contraintes	O
ne	O
parviennent	O
jamais	O
à	O
paralyser	O
complètement.	O
