C’est	U-PER
vers	O
le	O
milieu	O
des	O
années	O
90	O
avant	O
J.-C.	U-PER
que	O
Marcus	B-PER
Tullius	I-PER
Cicero	L-PER
père	O
amena	O
à	O
Rome	U-LOC
ses	O
deux	O
fils	O
Marcus	U-PER
et	O
Quintus	U-PER
,	O
nés	O
l’un	O
en	O
106,	O
l’autre	O
entre	O
105	O
et	O
102.	U-LOC
Il	O
était	O
temps	O
de	O
donner	O
à	O
ces	O
deux	O
rejetons	O
d’une	O
famille	O
équestre	O
les	O
moyens	O
d’accomplir	O
la	O
destinée	O
politique	O
à	O
laquelle	O
leur	O
père	O
avait	O
lui-même	O
renoncé	O
:	O
il	O
fallait	O
parfaire	O
l’éducation	O
déjà	O
reçue	O
à	O
Arpinum	U-LOC
,	O
la	O
cité	O
d’origine	O
des	O
Tullii	B-MISC
Cicerones.	L-MISC
Non	O
que	O
ces	O
enfants	O
n’aient	O
bénéficié	O
des	O
atouts	O
intellectuels	O
nécessaires	O
dans	O
l’ancienne	O
cité	O
volsque.	O
M.	O
Tullius	U-PER
père	O
sut	O
donner	O
à	O
ses	O
fils	O
un	O
goût	O
affirmé	O
pour	O
le	O
savoir	O
désintéressé	O
et	O
fit	O
tout	O
pour	O
développer	O
les	O
talents	O
de	O
Marcus	U-PER
:	O
aux	O
dires	O
de	O
Plutarque	U-PER
,	O
le	O
tout	O
jeune	O
Cicéron	U-PER
faisait	O
déjà	O
l’admiration	O
des	O
pères	O
de	O
famille	O
et	O
de	O
ses	O
camarades	O
par	O
la	O
précocité	O
de	O
son	O
intelligence	O
et	O
sa	O
puissance	O
d’apprentissage	O
Plutarque,	B-LOC
Cicéron,	L-LOC
2.	O
.	O
En	O
les	O
installant	O
dans	O
la	O
maison	O
qu’il	O
avait	O
achetée	O
sur	O
l’	O
Esquilin	U-LOC
,	O
dans	O
le	O
quartier	O
des	O
Carenae	U-LOC
,	O
Marcus	U-PER
père	O
ne	O
cherchait	O
donc	O
pas	O
à	O
ouvrir	O
pour	O
ses	O
fils	O
–	O
et	O
leur	O
cousin	O
Lucius	U-PER
qui	O
les	O
accompagnait	O
–	O
l’accès	O
à	O
une	O
culture	O
dont	O
ils	O
auraient	O
été	O
entièrement	O
privés.	O
Cet	O
homme	O
largement	O
introduit	O
dans	O
les	O
cercles	O
dirigeants	O
romains	O
venait	O
trouver	O
là	O
ce	O
qu’	O
Arpinum	U-PER
ne	O
pouvait	O
offrir	O
:	O
un	O
approfondissement	O
théorique	O
et	O
un	O
apprentissage	O
pratique	O
auprès	O
des	O
possesseurs	O
du	O
savoir	O
et	O
du	O
pouvoir	O
romains,	O
les	O
seuls	O
qui	O
sauraient	O
modeler	O
les	O
corps	O
et	O
les	O
esprits	O
des	O
deux	O
adolescents	O
pour	O
les	O
faire	O
correspondre	O
aux	O
comportements	O
et	O
aux	O
modes	O
de	O
pensée	O
jugés	O
légitimes	O
par	O
la	O
classe	O
dominante.	O
Le	O
but	O
de	O
ce	O
travail	O
de	O
formation,	O
au	O
sens	O
le	O
plus	O
plastique	O
du	O
terme,	O
était	O
à	O
la	O
fois	O
naturel	O
et	O
démesuré	O
pour	O
les	O
Arpinates	U-ORG
:	O
faire	O
des	O
deux	O
jeunes	O
Tullii	U-LOC
des	O
orateurs.	O
Que	U-LOC
toute	O
l’ambition	O
familiale	O
en	O
vienne	O
à	O
s’exprimer	O
de	O
la	O
sorte	O
ne	O
doit	O
pas	O
surprendre.	O
Dans	O
la	O
société	O
aristocratique	O
qui	O
est	O
celle	O
de	O
la	O
Rome	U-LOC
du	O
i	O
er	O
siècle,	O
l’orateur	O
se	O
situe	O
au	O
cœur	O
même	O
de	O
la	O
vie	O
de	O
la	O
cité	O
et	O
du	O
jeu	O
politique	O
:	O
pratique	O
de	O
la	O
parole	O
et	O
exercice	O
du	O
pouvoir	O
sont	O
intimement	O
liés.	O
Bien	O
que	O
la	O
violence	O
ait	O
fait	O
son	O
apparition	O
dans	O
les	O
assemblées,	O
à	O
partir	O
du	O
milieu	O
du	O
ii	O
e	O
siècle	O
Voir	B-MISC
sur	I-MISC
ce	I-MISC
point	I-MISC
le	I-MISC
premier	I-MISC
livre	I-MISC
des	L-MISC
Guerres	B-MISC
civiles	I-MISC
d’Appien	L-MISC
ainsi	O
que	O
Lintott,	B-LOC
1968	L-LOC
;	O
Brunt,	B-LOC
1974	L-LOC
;	O
Millar,	U-LOC
1998.	O
,	O
le	O
vote	O
des	O
lois	O
dépend	O
généralement	O
d’un	O
processus	O
de	O
persuasion	O
visant	O
à	O
convaincre	O
le	O
populus	O
de	O
la	O
justesse	O
d’un	O
projet.	O
Ce	O
pouvoir	O
d’influence	O
est	O
soumis	O
à	O
l’étroit	O
contrôle	O
auquel	O
incitent	O
tant	O
les	O
lois	O
que	O
la	O
tradition.	O
La	O
force	O
de	O
la	O
parole	O
n’est	O
pas	O
traitée	O
avec	O
légèreté	O
:	O
seul	O
le	O
magistrat,	O
citoyen	O
élu,	O
ou	O
celui	O
qu’il	O
invite	O
expressément	O
à	O
le	O
faire	O
peut	O
s’exprimer	O
lors	O
d’une	O
assemblée	O
Cf.	B-MISC
Moreau,	I-MISC
2003.	L-MISC
.	O
Le	O
résultat	O
de	O
l’élection	O
qui	O
conférera	O
au	O
candidat	O
ce	O
droit	O
à	O
la	O
parole	O
dépend	O
de	O
la	O
position	O
de	O
ce	O
dernier	O
sur	O
l’échiquier	O
social	O
de	O
la	O
cité.	O
Seule	B-MISC
une	I-MISC
forte	I-MISC
clientèle,	I-MISC
susceptible	I-MISC
de	L-MISC
lui	O
apporter	O
son	O
soutien	O
lors	O
de	O
la	O
campagne	O
et	O
lors	O
du	O
vote,	O
lui	O
donne	O
une	O
chance	O
de	O
l’emporter.	O
Cette	O
clientèle	O
s’hérite.	O
Le	U-MISC
rejeton	O
d’une	O
grande	O
famille	O
est	O
par	O
nature	O
le	O
patron	O
(patronus)	O
des	O
familles	O
de	O
clients	O
(clientes)	O
attachées	O
à	O
ses	O
ancêtres,	O
auxquelles	O
il	O
doit	O
assistance	O
dans	O
toutes	O
les	O
difficultés	O
de	O
l’existence,	U-PER
mais	O
surtout	O
lors	O
d’un	O
procès.	O
Il	O
assurera	O
alors	O
leur	O
défense	O
grâce	O
à	O
ses	O
connaissances	O
juridiques	O
et	O
à	O
ses	O
compétences	O
oratoires.	O
Le	O
terme	O
de	O
patronus	O
en	O
est	O
ainsi	O
venu	O
à	O
signifier	O
«	O
avocat	O
».	U-PER
Cette	O
clientèle	O
se	O
construit	O
également	O
par	O
une	O
accumulation	O
de	O
services	O
rendus,	O
tout	O
particulièrement	O
à	O
l’occasion	O
des	O
procès	O
:	O
dans	O
la	O
société	O
judiciarisée	O
de	O
la	O
République	U-MISC
tardive,	O
où	O
les	O
conflits	O
politiques	O
finissent	O
par	O
se	O
régler	O
devant	O
les	O
tribunaux	O
Cf.	B-MISC
Gruen,	L-MISC
1968,	O
et	O
Gruen,	U-LOC
1974,	O
p.	O
260-357.	O
,	O
être	O
un	O
orateur	O
de	O
qualité	O
attire	O
à	O
soi	O
nombre	O
d’accusés	O
qui	O
seront	O
par	O
la	O
suite	O
nécessairement	O
redevables	O
à	O
leur	O
patronus	O
et	O
développeront	O
avec	O
lui	O
des	O
liens	O
clientélaires	O
Cicéron,	B-MISC
Commentariolum	I-MISC
petitionis,	L-MISC
2-3.	O
Cf.	O
Wallace-Hadrill,	O
1989	O
;	O
David,	U-MISC
1992b,	O
p.	O
49-119.	O
.	O
Dans	O
un	O
cas	O
comme	O
dans	O
l’autre,	U-MISC
qu’il	O
s’agisse	O
de	O
tenir	O
son	O
rang	O
familial	O
ou	O
de	O
se	O
ménager	O
une	O
place	O
sur	O
la	O
scène	O
politique	O
en	O
créant	O
son	O
propre	O
réseau,	O
le	O
candidat	O
doit	O
être	O
capable	O
de	O
plaider	O
au	O
tribunal.	O
Une	B-MISC
fois	I-MISC
magistrat,	L-MISC
son	O
activité	O
oratoire	O
ne	O
fera	O
que	O
redoubler	O
:	O
elle	O
sera	O
judiciaire,	O
son	O
influence	O
accrue	O
lui	O
permettant	O
d’étendre	O
sa	O
clientèle,	O
et	O
évidemment	O
politique,	O
par	O
la	O
pratique	O
de	O
l’éloquence	O
dite	O
«	O
délibérative	O
».	B-PER
Admis	L-PER
au	O
Sénat	U-ORG
après	O
avoir	O
exercé	O
une	O
magistrature	O
supérieure	O
(dite	O
«	O
curule	O
»),	O
puis,	O
après	O
les	O
réformes	O
syllaniennes,	O
une	O
simple	O
questure,	O
il	O
pourra,	O
les	O
années	O
passant,	O
exprimer	O
son	O
avis	O
devant	O
ses	O
pairs.	O
Enfin,	U-PER
devenu	O
chef	O
militaire	O
dans	O
l’exercice	O
d’une	O
magistrature	O
ou	O
d’une	O
promagistrature	O
cum	O
imperio,	O
il	O
lui	O
faudra	O
galvaniser	O
ses	O
troupes	O
:	O
on	O
sait	O
combien	O
C.	B-PER
Iulius	I-PER
Caesar	L-PER
,	O
fin	O
lettré	O
et	O
grand	O
orateur,	O
excellait	O
dans	O
cet	O
exercice	O
d’éloquence	O
guerrière.	O
Tout	O
au	O
long	O
de	O
la	O
carrière	O
politique,	O
la	O
figure	O
de	O
l’orateur	O
se	O
dresse	O
comme	O
une	O
synthèse	O
des	O
différents	O
rôles	O
qui	O
reviennent	O
de	O
droit	O
aux	O
classes	O
dominantes	O
de	O
la	O
cité	O
:	O
le	O
politique	O
est	O
orateur,	O
et	O
l’orateur	O
est	O
politique.	O
Rien	O
d’étonnant,	U-LOC
donc,	O
à	O
ce	O
que	O
M.	B-PER
Tullius	L-PER
père	O
ait	O
formé	O
pour	O
ses	O
fils	O
une	O
ambition	O
de	O
ce	O
type	O
:	O
autant	O
dire	O
qu’il	O
entend	O
les	O
faire	O
entrer	O
dans	O
le	O
cursus	O
honorum	O
,	O
la	O
«	O
carrière	O
des	O
honneurs	O
».	U-MISC
Un	O
orateur	O
hellénisé	O
Ces	O
jeunes	O
gens,	O
que	O
leur	O
origine	O
familiale	O
situait	O
dans	O
l’élite	O
des	O
citoyens	O
mais	O
à	O
sa	O
marge	O
–	O
ils	O
appartiennent	O
à	O
la	O
deuxième	O
classe	O
censitaire,	O
celle	O
des	O
chevaliers	O
–,	U-PER
cherchèrent	O
donc	O
à	O
acquérir	O
les	O
qualités	O
qui	O
leur	O
permettraient	O
de	O
s’intégrer	O
aux	O
premiers	O
cercles	O
du	O
pouvoir.	O
Pour	O
ce	O
faire,	O
Marcus,	B-PER
Quintus	L-PER
et	O
Lucius	U-PER
furent	O
confiés	O
à	O
la	O
bienveillance	O
d’un	O
grand	O
sénateur,	O
orateur	O
à	O
l’immense	O
renommée	O
et	O
auquel	O
Cicéron	U-PER
s’identifia	O
sa	O
vie	O
durant,	O
Lucius	B-PER
Licinius	I-PER
Crassus	L-PER
,	O
qui	O
supervisa	O
de	O
loin	O
la	O
formation	O
des	O
Cicerones	U-MISC
Sur	O
les	O
rapports	O
de	O
Cicéron	U-PER
et	O
de	O
L.	B-PER
Licinius	I-PER
Crassus,	L-PER
cf.	O
Cicéron,	B-MISC
De	I-MISC
oratore,	I-MISC
II,	I-MISC
2	L-MISC
;	O
III,	U-ORG
6.	O
Sur	O
l’influence	O
de	O
Crassus	U-PER
sur	O
Cicéron,	U-MISC
cf.	O
Rawson,	U-ORG
1971,	O
p.	O
79-88	O
;	O
Mitchell,	U-MISC
1979,	O
p.	O
10-21,	O
42-44	O
et	O
140-191.	O
.	O
Ceux-ci	O
devaient	O
tout	O
d’abord	O
acquérir	O
le	O
savoir	O
nécessaire	O
à	O
l’orateur	O
et	O
à	O
un	O
membre	O
de	O
l’élite.	O
Bien	O
qu’il	O
ne	O
s’embarrasse	O
pas	O
de	O
considérations	O
chronologiques,	O
Cicéron	U-PER
n’est	O
pas	O
avare	O
de	O
précisions	O
sur	O
cet	O
aspect	O
de	O
sa	O
formation.	O
Son	O
apprentissage	O
rhétorique,	O
dont	O
les	O
bases	O
théoriques	O
avaient	O
certainement	O
été	O
jetées	O
à	O
Arpinum	U-LOC
,	O
est	O
parfait	O
par	O
les	O
rhéteurs	O
présents	O
dans	O
l’entourage	O
de	O
Crassus,	U-LOC
rhéteurs	O
parfois	O
aussi	O
illustres	O
que	O
Molon	U-LOC
,	O
dont	O
Cicéron	U-PER
sera	O
l’auditeur	O
en	O
87	O
et	O
en	O
81,	O
lors	O
des	O
deux	O
passages	O
du	O
maître	O
rhodien	O
à	O
Rome	U-LOC
.	O
Aux	O
alentours	O
de	O
87,	O
il	O
s’entraîne	O
en	O
grec	O
à	O
la	O
déclamation	O
oratoire	O
avec	O
Marcus	B-PER
Pupius	I-PER
Piso	I-PER
Frugi	L-PER
,	O
un	O
jeune	O
questeur	O
au	O
talent	O
rhétorique	O
certain	O
qui	O
lui	O
sert	O
de	O
mentor	O
Cicéron,	B-PER
Brutus,	L-PER
240.	O
.	O
À	O
cette	O
formation	O
technique	O
s’ajoutera	O
un	O
apprentissage	O
juridique,	O
qui	O
se	O
fera	O
par	O
imprégnation	O
:	O
jour	O
après	O
jour,	O
à	O
partir	O
de	O
89,	O
Cicéron	U-PER
écoutera	O
les	O
réponses	O
offertes	O
par	O
le	O
jurisconsulte	O
Quintus	B-PER
Mucius	I-PER
Scaevola	L-PER
l’Augure	O
aux	O
citoyens	O
venus	O
recueillir	O
son	O
avis	O
sur	O
des	O
questions	O
de	O
droit	O
Cicéron,	O
Laelius,	O
1	O
;	O
Brutus,	B-MISC
306	L-MISC
;	O
Plutarque,	B-LOC
Cicéron,	L-LOC
3,	O
2.	O
.	O
À	O
la	O
mort	O
de	O
l’Augure	O
en	O
87,	O
son	O
apprentissage	O
se	O
poursuivra	O
auprès	O
de	O
Quintus	B-PER
Mucius	L-PER
Scaevola	O
le	O
Pontife.	U-MISC
La	O
philosophie	O
ne	O
sera	O
pas	O
négligée	O
:	O
dès	O
91,	O
et	O
jusqu’en	O
88,	O
Cicéron	U-PER
fréquentera	O
l’épicurien	O
Phèdre	U-MISC
et	O
profitera	O
de	O
la	O
présence	O
à	O
Rome	U-LOC
du	O
dernier	O
scholarque	O
de	O
l’Académie,	O
Philon	B-PER
de	I-PER
Larissa	I-PER
Cicéron,	I-PER
Brutus,	I-PER
306	L-PER
;	O
Plutarque,	B-LOC
Cicéron,	L-LOC
3,	O
1.	U-MISC
,	O
dont	O
il	O
restera	O
proche	O
jusqu’en	O
84.	U-ORG
Enfin,	O
il	O
entretient,	O
dès	O
86,	O
des	O
relations	O
suivies	O
avec	O
le	O
stoïcien	O
Diodote	U-PER
qui	O
lui	O
enseignera	O
la	O
dialectique	O
et	O
qu’il	O
finira	O
par	O
accueillir	O
chez	O
lui	O
Cicéron,	B-MISC
Lucullus,	I-MISC
115	L-MISC
;	O
Brutus,	B-LOC
309	L-LOC
;	O
Tusculanes,	B-PER
V,	L-PER
113.	O
.	O
Ces	O
formateurs	O
contribuèrent	O
à	O
faire	O
de	O
Cicéron	U-PER
un	O
individu	O
cultivé	O
et	O
un	O
technicien	O
compétent	O
en	O
matière	O
de	O
rhétorique,	O
à	O
une	O
époque	O
où	O
l’élite	O
romaine	O
admet	O
enfin	O
sa	O
propre	O
hellénisation.	O
À	O
la	O
suite	O
de	O
redéfinitions	O
et	O
de	O
luttes	O
symboliques	O
successives,	O
la	O
classe	O
nobiliaire	O
avait	O
fini	O
par	O
accepter	O
l’influence	O
du	O
savoir	O
grec,	O
et	O
en	O
particulier	O
celle	O
de	O
la	O
technique	O
rhétorique	O
qui	O
plonge	O
ses	O
racines	O
dans	O
l’	O
Athènes	U-LOC
des	O
v	O
e	O
et	O
iv	O
e	O
siècles	O
Cf.	O
Gruen,	O
1990,	O
p.	O
158-192	O
;	O
Gruen,	U-LOC
1992,	O
p.	O
52-83.	O
.	O
Peu	O
à	O
peu	O
pratiquée	O
par	O
tous	O
les	O
membres	O
de	O
l’élite	O
mais	O
rarement	O
mise	O
en	O
avant,	O
la	O
rhétorique,	O
entendue	O
comme	O
théorisation	O
et	O
enseignement	O
des	O
techniques	O
de	O
persuasion	O
oratoire,	O
trouve	O
pleinement	O
droit	O
de	O
cité	O
à	O
Rome	U-LOC
au	O
milieu	O
du	O
ii	O
e	O
siècle	O
avant	O
J.-C.	U-PER
La	O
date	O
symbolique	O
que	O
retient	O
la	O
tradition	O
nous	O
permet	O
de	O
saisir	O
la	O
valeur	O
de	O
ce	O
changement	O
aux	O
yeux	O
des	O
contemporains	O
:	O
155	O
avant	O
J.-C.,	O
une	O
ambassade	O
athénienne	O
composée	O
de	O
philosophes	O
fit	O
la	O
démonstration	O
publique	O
de	O
ses	O
talents	O
dialectiques	O
et	O
rhétoriques	O
devant	O
une	O
jeunesse	O
fascinée	O
Cicéron,	U-MISC
De	B-MISC
oratore,	I-MISC
II,	L-MISC
155	O
;	O
Academica	U-MISC
Priora,	O
II,	O
137	O
;	O
Tusculanes,	U-MISC
IV,	O
5	O
;	O
Ad	B-MISC
Atticum,	I-MISC
XII,	L-MISC
23,	O
2	O
;	O
Plutarque,	B-LOC
Caton,	L-LOC
22,	O
2-3	O
;	O
Aulu-Gelle,	U-ORG
Noctes	U-LOC
atticae,	O
VI,	U-LOC
14,	O
8-10	O
;	O
XVII,	O
21,	O
48	O
;	O
Lactance,	B-MISC
Institutiones,	I-MISC
V,	L-MISC
14,	O
3-4.	O
.	O
L’événement	O
donne	O
ainsi	O
une	O
manifestation	O
tangible	O
au	O
lent	O
phénomène	O
d’acculturation	O
issu	O
du	O
contact	O
de	O
Rome	U-LOC
et	O
de	O
la	O
Grande	B-LOC
Grèce	L-LOC
.	O
Les	O
expulsions	O
répétées	O
des	O
rhéteurs	O
n’y	O
feront	O
rien	O
Une	O
première	O
expulsion	O
avait	O
eu	O
lieu	O
en	O
161,	O
par	O
sénatus-consulte.	O
Celle-ci	O
sera	O
répétée	O
en	O
154.	O
Cf.	B-PER
Suétone,	L-PER
De	O
grammaticis	O
et	O
rhetoribus,	O
25,	O
1	O
;	O
Gruen,	U-LOC
1990,	O
p.	O
171	O
et	O
suiv.	O
:	O
à	O
la	O
fin	O
du	O
ii	O
e	O
siècle,	O
l’orateur	O
se	O
doit	O
d’être	O
un	O
technicien	O
au	O
fait	O
des	O
raffinements	O
argumentatifs	O
et	O
stylistiques	O
que	O
lui	O
apporte	O
la	O
rhétorique	O
grecque.	O
Petit	O
à	O
petit	O
s’installe	O
le	O
modèle	O
d’un	O
orateur	O
dialecticien	O
accompli,	O
à	O
la	O
palette	O
expressive	O
de	O
plus	O
en	O
plus	O
large	O
et	O
doté	O
d’un	O
style	O
de	O
plus	O
en	O
plus	O
travaillé,	O
dont	O
Cicéron	U-PER
soulignera	O
par	O
la	O
suite	O
tout	O
ce	O
qui	O
le	O
sépare	O
de	O
ses	O
prédécesseurs,	O
essentiellement	O
caractérisés	O
par	O
une	O
éloquence	O
d’autorité	O
Cf.	U-MISC
les	O
modèles	O
proposés	O
par	O
Cicéron	U-PER
dans	O
le	O
Brutus,	U-LOC
53-60.	O
.	O
La	O
formation	O
théorique	O
et	O
technique	O
que	O
Cicéron	U-PER
s’apprête	O
à	O
recevoir	O
est	O
donc	O
indispensable,	O
car	O
elle	O
définit	O
le	O
statut	O
même	O
d’orateur.	O
Elle	O
apparaît	O
dans	O
toute	O
sa	O
complexité	O
à	O
la	O
lecture	O
de	O
son	O
premier	O
ouvrage	O
théorique,	O
le	O
De	B-MISC
inventione,	I-MISC
qu’il	I-MISC
rédige	I-MISC
aux	I-MISC
environs	I-MISC
de	I-MISC
sa	I-MISC
vingtième	I-MISC
année	L-MISC
et	O
qui	O
traite	O
de	O
la	O
méthode	O
à	O
suivre	O
pour	O
bâtir	O
un	O
argument.	O
Très	O
dépendant	O
de	O
l’enseignement	O
reçu	O
de	O
ses	O
maîtres,	O
également	O
très	O
proche	O
d’un	O
traité	O
anonyme	O
contemporain,	O
la	O
Rhétorique	O
à	O
Herennius,	B-PER
le	L-PER
De	O
inventione	O
donne	O
une	O
image	O
fidèle	O
des	O
théories	O
qui	O
vinrent	O
étayer	O
la	O
formation	O
du	O
jeune	O
orateur.	O
L’exemple	U-MISC
de	O
la	O
doctrine	O
des	O
états	O
de	O
la	O
cause,	O
véritable	O
algorithme	O
créé	O
par	O
le	O
rhéteur	O
du	O
ii	O
e	O
siècle	O
Hermagoras	U-LOC
pour	O
bâtir	O
un	O
argumentaire	O
adapté	O
à	O
chaque	O
affaire,	O
montre	O
par	O
sa	O
technicité	O
combien	O
la	O
maîtrise	O
de	O
cette	O
culture	O
essentiellement	O
hellénique	O
était	O
primordiale	O
pour	O
l’orateur.	O
Par	O
ailleurs,	O
la	O
portée	O
philosophique	O
de	O
certains	O
de	O
ses	O
développements	O
distingue	O
l’ouvrage	O
de	O
la	O
Rhétorique	U-PER
à	O
Herennius	U-PER
et	O
souligne	O
l’étendue	O
de	O
la	O
formation	O
reçue	O
par	O
Cicéron	U-PER
.	O
Ses	O
maîtres	O
avaient	O
offert	O
à	O
leur	O
pupille	O
le	O
savoir	O
qui	O
contribuait	O
à	O
définir	O
le	O
membre	O
légitime	O
de	O
la	O
classe	O
dominante,	O
et	O
lui	O
permirent	O
ainsi	O
de	O
s’intégrer	O
pleinement	O
à	O
l’élite	O
fortement	O
hellénisée	O
de	O
la	O
fin	O
de	O
la	O
République.	U-LOC
Ce	O
savoir	O
suffisait-il	O
à	O
former	O
l’orateur	O
?	O
Tant	O
s’en	O
faut.	O
Dans	B-MISC
l’acquisition	I-MISC
progressive	I-MISC
des	I-MISC
traits	L-MISC
qui	O
feront	O
de	O
lui	O
ce	O
qu’il	O
aspire	O
à	O
devenir,	O
la	O
maîtrise	O
théorique	O
est	O
une	O
exigence	O
préalable,	O
et	O
non	O
une	O
fin.	O
Bien	O
que	O
constitutive	O
de	O
l’éthos	O
oratoire,	O
cette	O
culture	O
à	O
la	O
fois	O
générale	O
et	O
technique	O
ne	O
peut	O
ouvrir	O
à	O
elle	O
seule	O
l’accès	O
à	O
l’espace	O
de	O
la	O
parole	O
publique.	O
Lucius	B-PER
Junius	I-PER
Brutus	L-PER
tenant	O
les	O
bustes	O
de	O
ses	O
ancêtres,	O
iii	O
e	O
siècle	O
avant	O
J.-C.,	O
marbre,	O
Rome,	O
palazzo	O
Barberini.	U-MISC
Régulations	O
comportementales	O
:	O
être	O
et	O
paraître	O
romain	O
La	O
définition	O
de	O
l’orateur,	O
dans	O
ces	O
années	O
de	O
troubles	O
politiques	O
et	O
d’agitation	O
sociale,	O
repose	O
en	O
effet	O
moins	O
sur	O
la	O
compétence	O
rhétorique	O
au	O
sens	O
strict	O
que	O
sur	O
des	O
manifestations	O
comportementales	O
adéquates	O
censées	O
traduire	O
position	O
sociale,	O
moralité	O
et	O
choix	O
politiques.	O
Par	O
leur	O
conformité	O
à	O
l’horizon	O
d’attente	O
symbolique	O
et	O
idéologique	O
du	O
public	O
Michel	B-PER
Foucault	L-PER
fournit	O
le	O
cadre	O
analytique	O
de	O
cette	O
«	O
procédure	O
de	O
contrôle	O
du	O
discours	O
»	O
qu’il	O
désigne	O
sous	O
le	O
terme	O
de	O
«	O
rituel	O
».	B-PER
Cf.	I-PER
Foucault,	L-PER
1971,	O
p.	O
38-41.	O
,	O
ces	O
manifestations	O
rendent	O
sensible	O
l’appartenance	O
de	O
l’orateur	O
au	O
groupe,	O
que	O
son	O
auditoire	O
soit	O
constitué	O
par	O
ses	O
égaux	O
en	O
termes	O
de	O
hiérarchie	O
sociale	O
ou	O
qu’il	O
soit	O
formé	O
du	O
populus,	O
qui	O
se	O
voit	O
naturellement	O
imposer	O
les	O
définitions	O
élitaires	O
de	O
la	O
légitimité	O
Sur	O
ce	O
processus,	O
cf.	O
Bourdieu,	U-MISC
2001.	O
.	O
Cette	O
dimension	O
pratique	O
de	O
l’éthos	O
oratoire	O
est	O
évidemment	O
labile	O
et	O
objet	O
de	O
luttes	O
symboliques	O
acharnées.	O
Dans	O
une	O
société	O
aristocratique	O
aussi	O
hiérarchisée	O
que	O
l’était	O
celle	O
de	O
la	O
République	U-MISC
tardive,	O
cette	O
définition	O
comportementale	O
de	O
la	O
légitimité	O
était,	O
avant	O
tout,	O
un	O
outil	O
d’exclusion	O
du	O
jeu	O
politique	O
:	O
gestes	O
et	O
comportements	O
inadéquats	O
disqualifient	O
l’orateur	O
qui	O
dénonce,	O
par	O
son	O
discours	O
même,	O
sa	O
propre	O
illégitimité	O
Sur	O
l’utilisation	O
des	O
mouvements	O
et	O
des	O
comportements	O
comme	O
principes	O
généraux	O
de	O
jugement	O
moral	O
et	O
d’exclusion	O
à	O
Rome,	O
voir	O
Gleason,	U-LOC
1990	O
;	O
Gunderson,	B-MISC
2000	L-MISC
;	O
Corbeill,	U-MISC
2004.	O
.	O
L’enjeu	U-ORG
est	O
de	O
taille	O
en	O
ce	O
début	O
de	O
i	O
er	O
siècle	O
où	O
l’élite	O
nobiliaire	O
lutte	O
pour	O
maintenir	O
une	O
position	O
menacée	O
par	O
des	O
innovations	O
législatives	O
audacieuses	O
et	O
par	O
des	O
ambitieux	O
chaque	O
jour	O
plus	O
impudents.	O
La	O
réforme	O
des	O
tribunaux,	O
autrefois	O
champ	O
clos	O
où	O
s’affrontaient	O
les	O
différents	O
membres	O
de	O
l’élite,	U-PER
tend	O
à	O
faire	O
peser,	O
depuis	O
la	O
fin	O
du	O
ii	O
e	O
siècle,	O
une	O
grave	O
menace	O
sur	O
le	O
consensus	O
politique.	O
La	O
loi	O
gracquienne	O
de	O
repetundis	O
a	O
en	O
effet	O
rendu	O
possible	O
à	O
tout	O
Italien	U-MISC
de	O
condition	O
libre,	O
citoyen	O
romain	O
ou	O
non,	O
d’accuser	O
un	O
magistrat	O
romain	O
Sur	O
l’ouverture	O
de	O
l’accusation	O
et	O
ses	O
enjeux,	O
cf.	O
David,	U-MISC
1979,	O
p.	O
136-145	O
;	O
David,	U-MISC
1992b,	O
p.	O
281-320	O
et	O
497-569.	O
et	O
de	O
recevoir	O
en	O
cas	O
de	O
victoire	O
un	O
praemium	O
,	O
une	O
récompense,	O
qui	O
consiste	O
en	O
une	O
ascension	O
sociale	O
:	O
le	O
citoyen	O
latin	O
deviendra	O
citoyen	O
romain,	O
le	O
citoyen	O
romain	O
gravira	O
les	O
échelons	O
de	O
la	O
hiérarchie	O
censitaire,	O
le	O
membre	O
de	O
la	O
classe	O
sénatoriale	O
prendra	O
la	O
place	O
du	O
magistrat	O
déchu	O
Cf.	B-PER
Alexander,	L-PER
1985.	O
.	O
La	O
voie	O
est	O
donc	O
ouverte,	O
dans	O
une	O
Italie	U-LOC
de	O
surcroît	O
si	O
tenaillée	O
par	O
le	O
désir	O
d’accéder	O
à	O
la	O
citoyenneté	O
romaine	O
qu’elle	O
en	O
déclenchera	O
une	O
guerre	O
Il	O
s’agit	O
de	O
la	O
guerre	O
des	O
alliés	O
(socii),	O
ou	O
guerre	O
sociale,	O
qui	O
éclate	O
en	O
91	O
et	O
s’achève	O
en	O
88.	O
,	O
à	O
ce	O
que	O
des	O
magistrats	O
respectés	O
se	O
trouvent	O
attaqués	O
et	O
jetés	O
à	O
bas	O
par	O
des	O
personnages	O
tels	O
qu’ils	O
ne	O
condescendraient	O
pas	O
même	O
à	O
leur	O
rendre	O
un	O
salut.	O
Les	O
cas	O
marquent	O
les	O
esprits	O
à	O
un	O
point	O
qu’il	O
est	O
difficile	O
de	O
concevoir	O
aujourd’hui,	O
la	O
conscience	O
élitaire	O
vivant	O
ces	O
accusations	O
comme	O
un	O
séisme	O
politique	O
Cf.	U-MISC
entre	O
autres	O
les	O
illustrations	O
fournies	O
par	O
Cicéron,	U-MISC
Pro	O
Balbo,	O
54	O
;	O
De	B-MISC
oratore,	I-MISC
I,	I-MISC
225-226.	L-MISC
.	O
Rutilius	B-PER
Rufus	L-PER
,	O
accusé	O
en	O
93	O
par	O
un	O
dénommé	O
Apicius	U-PER
,	O
puis	O
condamné,	O
restera	O
aux	O
yeux	O
de	O
la	O
classe	O
sénatoriale	O
la	O
victime	O
emblématique	O
de	O
ces	O
procès	O
qu’elle	O
juge	O
iniques	O
Cicéron,	U-MISC
De	B-MISC
oratore,	I-MISC
I,	L-MISC
229-231	O
;	O
Brutus,	B-PER
115-116.	L-PER
.	O
Consciemment,	O
l’élite	O
sociale	O
et	O
politique	O
de	O
la	O
cité	O
travailla	O
donc	O
à	O
réduire	O
les	O
voies	O
d’accès	O
au	O
pouvoir	O
en	O
restreignant	O
celles	O
qui	O
menaient	O
à	O
l’espace	O
de	O
la	O
parole.	O
Interdire	U-PER
l’enseignement	O
de	O
la	O
rhétorique	O
en	O
latin	O
fut	O
le	O
premier	O
moyen	O
employé	O
:	O
une	O
telle	O
interdiction	O
privait	O
les	O
ambitieux	O
non	O
hellénisés	O
de	O
la	O
formation	O
rapide	O
et	O
orientée	O
vers	O
l’accusation	O
qu’offraient	O
ceux	O
que	O
l’on	O
nommait	O
les	O
«	O
rhéteurs	O
latins	O
».	U-PER
Elle	O
affirmait	O
également	O
avec	O
force	O
la	O
composante	O
grecque	O
de	O
l’identité	O
oratoire	O
que	O
ces	O
rhéteurs	O
ne	O
pouvaient	O
transmettre	O
Voir	B-MISC
Gruen,	L-MISC
1990,	O
p.	O
179	O
et	O
suiv.	O
.	O
D’après	O
Suétone	U-PER
,	O
Cicéron	U-PER
fut	O
un	O
moment	O
attiré	O
par	O
ce	O
type	O
de	O
formation	O
et	O
en	O
particulier	O
par	O
celle	O
que	O
dispensait	O
Plotius	B-PER
Gallus	L-PER
.	O
Mais	O
son	O
entourage	O
avait	O
su	O
lui	O
montrer	O
tout	O
ce	O
qu’impliquait	O
ce	O
choix	O
Suétone,	B-PER
De	I-PER
grammaticis	L-PER
et	O
rhetoribus,	O
26,	O
1.	U-MISC
.	O
Il	O
renonça	O
donc,	O
et	O
suivit	O
la	O
voie	O
traditionnelle,	O
celle	O
que	O
L.	B-PER
Crassus,	L-PER
alors	O
censeur,	O
avait	O
réaffirmée	O
en	O
condamnant	O
ces	O
mêmes	O
rhéteurs	O
latins	O
en	O
92	O
Suétone,	B-MISC
De	I-MISC
grammaticis	L-MISC
et	O
rhetoribus,	O
25,	O
1.	U-MISC
Sur	O
l’affaire	O
des	O
rhéteurs	O
latins,	O
cf.	O
David,	U-MISC
1979	O
;	O
Achard,	U-LOC
1989.	O
:	O
celle	O
du	O
tirocinium	O
,	O
de	O
l’apprentissage	O
pratique	O
auprès	O
des	O
aînés.	O
Cicéron	U-PER
s’assurait	O
ainsi	O
non	O
seulement	O
une	O
formation	O
hellénisée,	O
mais	O
aussi	O
un	O
accès	O
aux	O
codes	O
de	O
comportement	O
dont	O
l’exercice	O
imposé	O
permettait	O
de	O
réguler	O
l’espace	O
oratoire	O
et	O
d’établir	O
un	O
contrôle	O
symbolique	O
sur	O
les	O
orateurs.	O
Toute	O
la	O
valeur	O
de	O
ces	O
codes	O
tenait	O
à	O
la	O
difficulté	O
qu’il	O
y	O
avait	O
à	O
les	O
percevoir,	O
à	O
les	O
théoriser	O
et	O
à	O
les	O
transmettre	O
sur	O
un	O
autre	O
mode	O
que	O
celui	O
de	O
l’imitation	O
:	O
relatifs	O
à	O
ce	O
que	O
la	O
rhétorique	O
classe	O
sous	O
les	O
catégories	O
du	O
style	O
(elocutio)	U-MISC
et	O
de	O
l’action	O
oratoire	O
(pronuntiatio,	O
actio),	O
ils	O
sont	O
par	O
définition	O
très	O
difficilement	O
transmis	O
par	O
l’enseignement	O
rapide	O
des	O
rhéteurs	O
Cf.	U-MISC
David,	O
1992a,	O
p.	O
17	O
et	O
suiv.	O
.	O
Ils	O
relèvent	O
pleinement	O
de	O
l’	O
habitus	O
Cf.	B-PER
Bourdieu,	L-PER
20002,	O
p.	O
256-300	O
(ici,	O
p.	O
285)	O
;	O
Bourdieu,	U-MISC
1980,	O
p.	O
87-109.	O
,	O
«	O
maîtrise	O
pratique	O
[qui]	O
se	O
transmet	O
dans	O
la	O
pratique	O
sans	O
accéder	O
au	O
niveau	O
du	O
discours	O
».	U-MISC
D’une	O
manière	O
générale,	O
la	O
théorie	O
rhétorique	O
de	O
ce	O
début	O
de	O
i	O
er	O
siècle	O
ne	O
parvient	O
pas	O
à	O
formaliser	O
avec	O
précision	O
ces	O
exigences	O
comportementales.	O
L’auteur	O
anonyme	O
de	O
la	O
Rhétorique	O
à	O
Herennius	U-PER
reconnaît	O
ce	O
qu’a	O
de	O
périlleux	O
le	O
traitement	O
de	O
ces	O
questions	O
:	O
Je	O
sais	O
combien	O
est	O
difficile	O
la	O
tâche	O
dont	O
je	O
me	O
suis	O
chargé,	O
écrit-il,	O
en	O
essayant	O
de	O
rendre	O
les	O
mouvements	O
du	O
corps	O
par	O
des	O
mots	O
et	O
de	O
restituer	O
par	O
écrit	O
les	O
modulations	O
de	O
la	O
voix	O
Rhetorica	U-MISC
ad	O
Herennium,	O
III,	O
27.	O
.	O
Si	U-MISC
l’on	O
s’en	O
tient	O
au	O
traitement	O
de	O
la	O
convenance	O
dans	O
l’action	O
oratoire,	O
qui	O
sert	O
de	O
critère	O
comportemental	O
discriminant,	O
les	O
prescriptions	O
de	O
la	B-PER
Rhétorique	L-PER
à	O
Herennius	U-PER
sont	O
peu	O
nombreuses.	O
La	O
voix,	O
nous	O
apprend-elle,	O
ne	O
doit	O
pas	O
se	O
perdre	O
dans	O
les	O
aigus	O
pour	O
ne	O
pas	O
contredire	O
les	O
exigences	O
de	O
virilité.	O
Les	O
gestes	O
ne	O
doivent	O
être	O
ni	O
trop	O
raffinés	O
–	O
ce	O
qui	O
est	O
d’un	O
histrion	O
–	O
ni	O
trop	O
emportés	O
–	O
ce	O
qui	O
est	O
d’un	O
manœuvre	O
Rhetorica	U-MISC
ad	O
Herennium,	O
III,	O
22	O
et	O
26.	U-MISC
.	O
En	O
ces	O
matières,	O
c’est	U-MISC
la	O
retenue,	O
la	O
moderatio	O
,	O
qui	O
doit	O
primer,	O
mais	O
rien	O
n’est	O
dit	O
à	O
l’apprenti	O
des	O
moyens	O
permettant	O
d’acquérir	O
cette	O
retenue	O
:	O
jauger	O
la	O
convenance	O
reste	O
essentiellement	O
du	O
domaine	O
du	O
savoir-faire	O
que	O
le	O
théoricien	O
ne	O
parvient	O
pas	O
à	O
intégrer	O
à	O
son	O
propos.	O
Fort	U-LOC
dépendant	O
de	O
la	O
théorisation	O
grecque	O
dont	O
il	O
hérite,	O
un	O
traité	O
comme	O
la	O
Rhétorique	U-PER
à	O
Herennius	U-PER
n’est	U-MISC
pas	O
à	O
même	O
d’expliciter	O
les	O
exigences	O
comportementales	O
qui	O
s’imposent	O
à	O
l’orateur	O
dans	O
un	O
contexte	O
romain	O
qui	O
diffère	O
profondément	O
des	O
cadres	O
rhétoriques	O
issus	O
des	O
modèles	O
grecs.	O
Ce	O
décalage	O
culturel	O
entre	O
la	O
théorie	O
rhétorique	O
et	O
la	O
pratique	O
oratoire	O
explique	O
pourquoi	O
l’auteur	O
achève	O
son	O
développement	O
en	O
renvoyant	O
son	O
lecteur	O
au	O
domaine	O
de	O
la	O
pratique	O
:	O
«	O
Quant	O
au	O
reste,	O
nous	O
en	O
confierons	O
le	O
soin	O
à	O
l’entraînement	O
Rhetorica	B-MISC
ad	I-MISC
Herennium,	I-MISC
III,	I-MISC
27.	L-MISC
.	O
»	O
La	O
transmission	O
des	O
préceptes	O
comportementaux	O
par	O
les	O
rhéteurs	O
ou	O
par	O
le	O
biais	O
des	O
manuels	O
n’étant	O
d’aucun	O
secours,	O
ceux	O
que	O
la	O
noblesse	O
–	O
et	O
Cicéron	U-PER
–	O
traite	O
de	O
«	O
gueulards	O
»	O
(rabulae)	O
sont	O
précisément	O
les	O
orateurs	O
qui,	O
faute	O
d’appuis	O
politiques	O
et	O
de	O
réseau	O
familial,	O
n’ont	O
pu	O
approcher	O
les	O
grands	O
pour	O
acquérir	O
par	O
le	O
tirocinium	O
le	O
comportement	O
adéquat	O
que	O
seule	O
l’imitation	O
permettait	O
d’assimiler	O
:	O
l’élite	O
juge	O
leurs	O
gestes	O
violents,	O
leur	O
ton	O
âpre,	O
leur	O
éloquence	O
excessivement	O
véhémente.	O
C’est	O
là	O
que	O
réside	O
toute	O
la	O
force	O
de	O
ce	O
processus	O
de	O
sélection	O
et	O
d’exclusion	O
fondé	O
sur	O
le	O
comportement	O
:	O
fondement	O
de	O
la	O
validité	O
oratoire,	O
les	O
traits	O
attendus	O
ne	O
sont	O
cependant	O
pas	O
justiciables	O
d’un	O
enseignement	O
théorique	O
et	O
ne	O
peuvent	O
être	O
acquis	O
que	O
par	O
ceux	O
que	O
les	O
cercles	O
dirigeants	O
ont	O
déjà	O
accueillis	O
en	O
leur	O
sein.	O
La	O
rhétorique,	O
pour	O
être	O
efficace,	O
doit	O
s’adjoindre	O
des	O
qualités	O
éthiques	O
qu’elle	O
n’est	O
elle-même	O
pas	O
en	O
mesure	O
de	O
transmettre.	O
Certes,	U-MISC
ces	O
traits	O
négatifs	O
en	O
viennent	O
progressivement	O
à	O
revêtir	O
un	O
sens	O
politique	O
et	O
signalent	O
l’orateur	O
popularis	O
Cf.	B-MISC
David,	L-MISC
1980.	O
,	O
celui	O
qui	O
s’appuie	O
sur	O
le	O
peuple	O
pour	O
assurer	O
son	O
ascension,	O
et	O
non	O
pas	O
sur	O
la	O
reconnaissance	O
du	O
Sénat	U-ORG
et	O
de	O
ceux	O
qui	O
se	O
désignent	O
eux-mêmes	O
par	O
le	O
terme	O
d’optimates	O
–	O
les	O
«	O
meilleurs	O
»,	O
l’élite	O
sociale	O
et	O
politique.	O
Mais	O
les	O
optimates	O
,	O
et	O
Cicéron	U-PER
à	O
leur	O
suite,	O
refusent	O
de	O
percevoir	O
ce	O
sens	O
et	O
cette	O
valeur	O
:	O
par	O
un	O
phénomène	O
courant	O
de	O
naturalisation	O
des	O
comportements	O
acquis,	O
ils	O
font	O
de	O
cette	O
actio	O
et	O
de	O
cette	O
elocutio	O
les	O
signes	O
indubitables	O
d’une	O
bassesse	O
morale,	O
la	O
marque	O
d’une	O
extériorité	O
absolue	O
par	O
rapport	O
aux	O
cercles	O
dignes	O
de	O
prendre	O
la	O
parole	O
et	O
d’exercer	O
le	O
pouvoir.	O
Novus	B-LOC
sum,	I-LOC
Roma	L-LOC
est	O
:	O
Cicéron,	U-MISC
orateur	O
légitime	O
Buste	B-MISC
de	I-MISC
Cicéron,	I-MISC
i	I-MISC
er	L-MISC
siècle	O
avant	O
J.-C.,	O
marbre,	O
Rome,	O
musée	O
du	O
Capitole.	U-LOC
À	O
travers	O
le	O
patronus	O
parlant	O
pour	O
défendre	O
son	O
client,	O
à	O
travers	O
le	O
magistrat	O
haranguant	O
le	O
peuple	O
ou	O
le	O
sénateur	O
exposant	O
son	O
opinion	O
à	O
ses	O
pairs,	O
la	O
cité	O
veut	O
voir	O
s’incarner	O
ses	O
valeurs,	O
ses	O
exigences	O
et	O
ses	O
traditions	O
politiques.	O
L’élite	O
cherche	O
à	O
retrouver	O
un	O
égal,	O
et	O
le	O
peuple	O
à	O
rencontrer	O
un	O
homme	O
que	O
son	O
éthos	O
signale	O
comme	O
digne	O
d’être	O
élu	O
David,	U-MISC
1992a.	O
.	O
Compétence	O
culturelle	O
et	O
comportement	O
oratoire	O
légitime	O
définissent	O
cet	O
éthos	O
et	O
consacrent	O
le	O
citoyen	O
en	O
orateur.	O
Face	O
à	O
ces	O
exigences	O
définies	O
d’une	O
manière	O
relativement	O
stricte,	O
Cicéron	U-PER
,	O
qui	O
travaille	O
parallèlement	O
à	O
maîtriser	O
les	O
subtilités	O
théoriques	O
de	O
l’argumentation	O
rhétorique,	O
va	O
donc	O
approcher	O
les	O
plus	O
grands	O
et	O
s’efforcer	O
d’imiter	O
leur	O
gestuelle	O
et	O
leur	O
élocution.	O
L’enjeu	O
est	O
de	O
taille	O
pour	O
lui	O
qui,	O
aux	O
yeux	O
de	O
certains,	O
n’est	U-MISC
et	O
ne	O
sera	O
jamais	O
qu’un	O
Romain	U-LOC
d’adoption.	O
Il	O
lui	O
faut,	O
d’une	O
part,	O
acquérir	O
les	O
codes	O
comportementaux	O
qui	O
manifesteront	O
ses	O
qualités	O
propres	O
:	O
la	O
tessiture	O
de	O
sa	O
voix,	O
la	O
retenue	O
de	O
ses	O
gestes,	O
la	O
lenteur	O
de	O
sa	O
démarche	O
prouveront	O
qu’il	O
mérite	O
d’être	O
écouté.	O
Il	O
doit,	O
d’autre	O
part,	O
développer	O
son	O
urbanitas	O
,	O
ce	O
mélange	O
de	O
qualités	O
de	O
style,	O
de	O
diction	O
et	O
d’esprit	O
qui	O
seul	O
appartient	O
aux	O
Romains	U-LOC
véritables.	O
Il	O
y	O
parviendra,	O
et	O
raillera	O
trente	O
ans	O
plus	O
tard	O
ces	O
orateurs	O
issus	O
des	O
municipes,	O
appliqués	O
et	O
talentueux,	O
mais	O
qui,	O
quoi	O
qu’ils	O
fassent,	O
ne	O
«	O
sonnent	O
»	O
pas	O
romain	O
Cicéron,	B-LOC
Brutus,	L-LOC
169-172.	O
.	O
Il	O
lui	O
faut	O
enfin	O
se	O
positionner	O
dans	O
le	O
réseau	O
des	O
héritages	O
et	O
des	O
familles	O
nobles.	O
Car	O
l’orateur	O
est	O
aussi	O
défini	O
par	O
des	O
coordonnées	O
sociales	O
qui	O
lui	O
permettent	O
de	O
revendiquer	O
une	O
place	O
dans	O
la	O
cité	O
et	O
qui	O
orientent	O
à	O
l’avance	O
le	O
regard	O
du	O
public	O
:	O
César	U-PER
le	O
savait	O
bien,	O
qui	O
entra	O
dans	O
la	O
vie	O
publique	O
en	O
prononçant,	O
en	O
68	O
avant	O
J.-C.,	O
l’éloge	O
funèbre	O
de	O
sa	O
tante	O
Julia	U-PER
,	O
affirmant	O
ainsi	O
aux	O
yeux	O
de	O
tous	O
sa	O
propre	O
légitimité	O
familiale	O
Suétone,	B-PER
Divus	I-PER
Iulius,	L-PER
6.	O
.	O
Être	O
orateur	O
consistant	O
aussi	O
à	O
s’insérer	O
dans	O
une	O
tradition	O
et	O
à	O
incarner	O
les	O
vertus	O
de	O
ceux	O
dont	O
on	O
prend	O
la	O
suite,	O
le	O
public	O
juge	O
si	O
le	O
fils	O
parvient	O
à	O
reproduire	O
par	O
sa	O
voix	O
et	O
ses	O
gestes	O
les	O
qualités	O
du	O
père,	O
qui	O
lui-même	O
se	O
doit	O
d’incarner	O
les	O
vertus	O
de	O
ses	O
aînés.	O
Tout	O
comme	O
la	O
procession	O
des	O
masques	O
des	O
ancêtres	O
établissait	O
dans	O
le	O
convoi	O
funèbre	O
la	O
longue	O
filiation	O
qui	O
menait	O
au	O
défunt	O
Cf.	B-MISC
Flower,	I-MISC
1996	L-MISC
;	O
Tanner,	U-MISC
2000.	O
,	O
le	O
comportement	O
oratoire	O
se	O
veut	O
une	O
synthèse	O
des	O
héritages	O
politiques	O
et	O
éthiques	O
revendiqués	O
par	O
l’orateur.	O
Cicéron	U-PER
,	O
quant	O
à	O
lui,	O
restera	O
un	O
homo	O
novus	O
,	O
un	O
homme	O
nouveau,	O
celui	O
dont	O
aucun	O
ancêtre	O
n’a	O
exercé	O
le	O
consulat.	O
Il	O
saura	O
bientôt	O
jouer	O
de	O
cette	O
situation	O
pour	O
souligner	O
son	O
propre	O
mérite	O
Cf.	B-MISC
Cicéron,	L-MISC
Pro	B-MISC
lege	I-MISC
Manilia,	L-MISC
1-3.	O
,	O
mais,	O
tout	O
jeune	O
homme,	O
il	O
ne	O
peut	O
qu’en	O
pâtir	O
:	O
les	O
exordes	O
de	O
ses	O
premiers	O
discours	O
témoignent	O
à	O
loisir	O
de	O
la	O
conscience	O
aiguë	O
qu’il	O
avait	O
de	O
cette	O
situation.	O
Il	O
doit	O
donc	O
adopter	O
une	O
stratégie	O
pour	O
se	O
positionner	O
socialement.	O
Les	B-MISC
modèles	I-MISC
autorisant	I-MISC
cette	I-MISC
imitation	L-MISC
que	O
Jean-Michel	B-PER
David	L-PER
a	O
analysée	O
comme	O
l’inscription	O
dans	O
une	O
«	O
chaîne	O
de	O
comportements	O
»	O
qui	O
permet	O
d’offrir	O
au	O
public	O
le	O
spectacle	O
de	O
la	O
légitimité	O
Cf.	B-PER
David,	I-PER
1992a.	L-PER
,	O
Cicéron	U-PER
les	O
trouve	O
chez	O
ses	O
maîtres,	O
et	O
non	O
chez	O
des	O
ancêtres	O
prestigieux.	O
Gestes,	U-MISC
choix	O
idéologiques	O
mais	O
aussi	O
rhétoriques	O
serviront	O
à	O
établir	O
sa	O
propre	O
légitimité	O
en	O
manifestant	O
une	O
filiation	O
comportementale	O
et	O
politique	O
avec	O
ceux	O
qui	O
l’ont	O
formé.	O
Par	O
sa	O
fréquentation	O
du	O
forum,	O
Cicéron	U-PER
doit	O
acquérir	O
à	O
la	O
fois	O
les	O
traits	O
communs	O
de	O
la	O
légitimité	O
romaine	O
qui	O
feront	O
reconnaître	O
en	O
lui	O
l’orateur	O
véritable,	O
et	O
les	O
traits	O
propres	O
de	O
ceux	O
qu’il	O
s’est	O
choisis	O
pour	O
modèles	O
et	O
dont	O
il	O
devra	O
prendre	O
la	O
suite	O
s’il	O
veut	O
se	O
voir	O
attribuer	O
une	O
position	O
dans	O
le	O
réseau	O
politique	O
romain.	O
Il	O
suivra	O
donc	O
L.	B-PER
Crassus	L-PER
,	O
qui	O
réussit,	O
en	O
ces	O
années	O
90,	O
la	O
synthèse	O
parfaite	O
entre	O
la	O
gravité	O
et	O
la	O
dignité	O
magistrales	O
propres	O
aux	O
Anciens,	U-LOC
d’une	O
part,	O
la	O
finesse	O
et	O
l’aménité	O
propres	O
à	O
la	O
rhétorique	O
enrichie	O
du	O
savoir	O
grec,	O
d’autre	O
part	O
Cicéron,	B-PER
Brutus,	L-PER
143-146	O
et	O
158-164.	O
:	O
c’est	O
dans	O
cette	O
tension	O
des	O
contraires	O
que	O
réside	O
la	O
perfection	O
oratoire.	O
Il	O
s’attachera	O
à	O
Marcus	B-PER
Antonius	L-PER
,	O
rival	O
et	O
ami	O
du	O
premier,	O
qui,	O
dans	O
une	O
veine	O
différente,	O
renverse	O
lui	O
aussi	O
les	O
situations	O
et	O
soulève	O
les	O
foules	O
Cicéron,	U-MISC
De	B-MISC
oratore,	I-MISC
II,	L-MISC
197-204	O
;	O
Brutus,	U-MISC
139-142.	O
Cf.	O
Calboli,	O
1972.	O
.	O
Il	O
s’efforcera	O
de	O
percevoir	O
les	O
manifestations	O
physiques	O
et	O
visuelles	O
de	O
leurs	O
talents	O
respectifs	O
et,	U-MISC
grâce	O
à	O
leurs	O
conseils,	O
de	O
les	O
reproduire.	O
Il	O
passera	O
de	O
longues	O
journées	O
au	O
forum	O
ou	O
à	O
l’entrée	O
du	O
Sénat,	U-LOC
où	O
certains	O
jeunes	O
gens	O
étaient	O
admis,	O
pour	O
évaluer	O
et	O
comparer	O
l’éthos	O
de	O
celui	O
qui	O
s’avance	O
et	O
prend	O
la	O
parole.	O
Il	O
travaillera	O
sa	O
voix	O
de	O
jeune	O
homme	O
fragile	O
et	O
malingre	O
Cicéron,	B-MISC
Brutus,	I-MISC
314-315.	L-MISC
,	O
affinera	O
ses	O
gestes	O
et	O
fera	O
tout	O
pour	O
ajouter	O
à	O
cet	O
intellect	O
que	O
tous	O
s’accordent	O
à	O
trouver	O
exceptionnel	O
un	O
véritable	O
corps	O
d’orateur	O
romain.	O
Quand	B-MISC
en	I-MISC
80	L-MISC
avant	O
J.-C.,	O
après	O
avoir	O
déjà	O
plaidé	O
quelques	O
causes	O
civiles	O
mineures,	O
il	O
s’avancera	O
pour	O
la	O
première	O
fois	O
devant	O
un	O
tribunal	O
criminel,	O
Cicéron	U-PER
saura	O
jouer	O
de	O
ce	O
mélange	O
d’extériorité	O
sociale	O
assumée,	O
de	O
connaissance	O
des	O
exigences	O
rhétoriques	O
et	O
de	O
parfaite	O
maîtrise	O
des	O
règles	O
comportementales	O
non	O
écrites.	O
Il	O
défend	O
alors	O
un	O
riche	O
propriétaire,	O
Roscius	U-PER
d’Amérie	O
,	O
accusé	O
de	O
parricide	O
et	O
en	O
voie	O
d’être	O
dépouillé	O
par	O
l’entourage	O
de	O
Sylla	U-PER
,	O
dictateur	O
depuis	O
82.	O
Affaire	O
délicate,	O
périlleuse	O
même	O
puisqu’elle	O
risque	O
de	O
froisser	O
les	O
puissants	O
qui,	O
dans	O
ces	O
mois	O
de	O
trouble,	O
n’hésitent	O
ni	O
à	O
proscrire	O
ni	O
à	O
assassiner.	O
Face	O
à	O
un	O
jury	O
sélectionné	O
dans	O
l’élite	O
du	O
Sénat,	U-LOC
dans	O
un	O
contexte	O
de	O
restauration	O
des	O
traditions	O
nobiliaires	O
peu	O
favorable	O
aux	O
nouveaux	O
venus,	O
Cicéron	U-PER
se	O
lève,	O
seul,	O
pour	O
défendre	O
son	O
client	O
:	O
Je	O
pense,	O
juges,	O
que	O
vous	O
vous	O
demandez	O
avec	O
étonnement	O
pourquoi,	O
alors	O
que	O
tant	O
d’orateurs	O
éminents	O
et	O
d’hommes	O
de	O
la	O
plus	O
haute	O
noblesse	O
demeurent	O
assis,	O
c’est	O
moi	O
qui	O
me	O
suis	O
plutôt	O
levé,	O
moi	O
qui	O
ne	O
peux	O
rivaliser	O
avec	O
ceux	O
qui	O
restent	O
assis	O
ni	O
par	O
l’âge,	O
ni	O
par	O
le	O
talent,	O
ni	O
par	O
l’autorité	O
[…]	O
Cicéron,	B-MISC
Pro	I-MISC
Roscio	I-MISC
Amerino,	L-MISC
1.	U-MISC
.	O
Le	O
triomphe	O
sera	O
total,	O
Roscius	U-PER
acquitté,	O
et	O
la	O
réputation	O
de	O
Cicéron	U-PER
en	O
grande	O
partie	O
faite.	O
Par	O
ce	O
discours,	O
il	O
aura	O
su	O
prouver	O
ses	O
qualités	O
argumentatives,	O
mais	O
aussi	O
stylistiques	O
et	O
comportementales.	O
Il	O
aura	O
manifesté	O
à	O
la	O
perfection	O
un	O
éthos	O
d’orateur	O
pleinement	O
romain,	O
et	O
supérieurement	O
habile	O
Cicéron,	B-PER
Brutus,	I-PER
312	L-PER
;	O
De	B-MISC
officiis,	I-MISC
II,	I-MISC
51	L-MISC
;	O
Quintilien,	B-ORG
Institutio	L-ORG
oratoria,	O
XII,	B-MISC
6,	I-MISC
4	L-MISC
;	O
Plutarque,	B-LOC
Cicéron,	L-LOC
3,	O
4-6.	O
.	O
La	O
noblesse	O
s’attachera	O
ses	O
services,	O
il	O
se	O
rendra	O
peu	O
à	O
peu	O
indispensable.	O
Désormais	O
intégré	O
à	O
la	O
classe	O
dirigeante,	O
il	O
en	O
gravira	O
les	O
échelons	O
jusqu’au	O
consulat,	O
la	O
plus	O
haute	O
magistrature	O
annuelle,	O
en	O
juillet	O
64.	O
Enjeux	O
théoriques	O
de	O
l’éthos	O
oratoire	O
Dès	O
après	O
son	O
élection	O
à	O
la	O
préture,	O
en	O
67,	O
Cicéron	U-PER
ne	O
laissera	O
pas	O
d’y	O
insister	O
:	O
homo	O
novus	O
,	O
il	O
doit	O
son	O
rang	O
à	O
son	O
seul	O
talent	O
oratoire.	O
Le	O
motif	O
sera	O
répété	O
à	O
l’envi	U-MISC
tout	O
au	O
long	O
de	O
sa	O
carrière.	O
Il	O
est	O
et	O
il	O
incarne	O
l’orateur	O
par	O
excellence,	O
qui	O
a	O
su,	U-LOC
lors	O
de	O
la	O
célèbre	O
conspiration	O
de	O
Catilina	U-PER
de	O
63,	O
non	O
seulement	O
prévoir	O
et	O
parer	O
au	O
pire,	O
mais	O
encore	O
pousser,	O
grâce	O
à	O
son	O
éloquence,	O
les	O
gens	O
de	O
bien	O
à	O
agir.	O
Ce	O
qui	O
peut	O
nous	O
apparaître	O
comme	O
une	O
marque	O
de	O
forfanterie	O
lui	O
fut	O
certes	O
reproché	O
comme	O
tel	O
par	O
ses	O
ennemis	O
politiques	O
Cf.	B-PER
Pseudo-Salluste,	L-PER
In	O
Ciceronem,	O
1	O
et	O
5-7.	O
,	O
mais	O
ne	O
semble	O
pas	O
avoir	O
si	O
profondément	O
choqué	O
ses	O
contemporains.	O
C’est	U-MISC
que,	O
opposé	O
à	O
la	O
mainmise	O
croissante	O
des	O
chefs	O
militaires	O
sur	O
la	O
vie	O
politique,	O
expulsé	O
de	O
la	O
cité	O
en	O
58	O
à	O
la	O
suite	O
des	O
manœuvres	O
de	O
Clodius	U-PER
et	O
de	O
la	O
passivité	O
des	O
partisans	O
de	O
Pompée	U-PER
,	O
rappelé	O
en	O
57,	O
Cicéron	U-PER
défend	O
une	O
conception	O
de	O
la	O
République	U-MISC
qui	O
ne	O
peut	O
aller	O
sans	O
une	O
défense	O
du	O
rôle	O
et	O
de	O
la	O
figure	O
même	O
de	O
l’orateur.	O
À	O
travers	O
ses	O
propres	O
accomplissements,	O
c’est	O
le	O
respect	O
d’un	O
modèle	O
oratoire	O
et	O
politique	O
qu’il	O
cherche	O
à	O
promouvoir.	O
Les	B-MISC
temps	L-MISC
ont	O
changé	O
depuis	O
la	O
mort	O
de	O
L.	B-PER
Crassus	L-PER
et	O
de	O
M.	B-PER
Antonius	L-PER
.	O
La	B-MISC
guerre	L-MISC
sociale	O
a	O
donné	O
la	O
citoyenneté	O
à	O
tous	O
les	O
Italiens,	U-LOC
les	O
velléités	O
populaires	O
des	O
tribunaux	O
ont	O
été	O
muselées	O
:	O
la	O
menace	O
qui	O
pèse	O
sur	O
l’ordre	O
établi	O
vient	O
à	O
présent	O
d’ailleurs,	O
non	O
plus	O
de	O
l’acharnement	O
de	O
quelques	O
ambitieux	O
à	O
devenir	O
orateurs	O
par	O
des	O
voies	O
détournées,	O
mais	O
de	O
la	O
propension	O
qu’ont	O
certains	O
magistrats	O
auréolés	O
de	O
gloire	O
militaire	O
à	O
faire	O
proroger	O
leurs	O
pouvoirs	O
et	O
à	O
imposer	O
leur	O
volonté	O
au	O
Sénat	U-ORG
en	O
s’appuyant	O
sur	O
le	O
peuple,	O
leurs	O
troupes	O
et	O
leurs	O
vétérans.	O
L’influence	O
de	O
Pompée	U-PER
,	O
de	O
César	U-PER
et	O
de	O
Marcus	B-PER
Crassus	I-PER
Dives	L-PER
marque,	O
dès	O
60,	O
un	O
tournant	O
dans	O
la	O
vie	O
politique	O
romaine	O
et	O
consacre	O
l’éclipse	O
progressive	O
de	O
la	O
figure	O
de	O
l’orateur	O
au	O
profit	O
de	O
celle	O
du	O
général.	O
Le	O
pouvoir	O
de	O
la	O
parole,	O
petit	O
à	O
petit,	O
se	O
délite	O
;	O
Cicéron	U-PER
voit	O
disparaître	O
l’art	O
oratoire	O
Cicéron,	U-MISC
De	B-MISC
oratore,	I-MISC
I,	L-MISC
1-3	O
;	O
III,	U-ORG
1-15	O
;	O
Brutus,	U-MISC
4-8.	O
qui	O
lui	O
a	O
donné	O
son	O
rang.	O
À	B-MISC
la	I-MISC
place	I-MISC
s’ouvre	I-MISC
un	I-MISC
champ	I-MISC
libre	L-MISC
au	O
pouvoir	O
des	O
armes.	O
Point	U-PER
d’égoïsme	O
dans	O
ses	O
réflexions,	O
mais	O
le	O
sentiment	O
qu’un	O
modèle	O
s’écroule	O
pour	O
faire	O
place	O
à	O
un	O
autre	O
qu’il	O
rejette	O
de	O
toutes	O
ses	O
forces,	O
car	O
il	O
contredit	O
les	O
traditions	O
et	O
bat	O
en	O
brèche	O
l’intérêt	O
commun.	O
Lorsque	B-MISC
les	I-MISC
aléas	I-MISC
de	I-MISC
la	I-MISC
vie	I-MISC
politique	L-MISC
le	O
condamnent	O
pour	O
un	O
temps	O
à	O
une	O
retraite	O
studieuse	O
–	O
cet	O
otium	O
qu’il	O
feint	O
d’accepter	O
avec	O
soulagement	O
–	O
et	O
à	O
une	O
activité	O
strictement	O
judiciaire,	O
le	O
regard	O
que	O
Cicéron	U-PER
décide	O
de	O
porter	O
sur	O
la	O
situation	O
est	O
celui	O
d’un	O
refondateur,	O
non	O
d’un	O
réformateur.	O
Pétri	U-PER
de	O
philosophie	O
grecque,	O
il	O
entend	O
redonner	O
à	O
des	O
institutions	O
et	O
des	O
traditions	O
(mores)	O
qui	O
s’écroulent	O
un	O
fondement	O
intellectuel	O
propre	O
à	O
les	O
justifier	O
et	O
à	O
les	O
renforcer.	O
La	O
figure	O
de	O
l’orateur	O
qu’il	O
revendique	O
pour	O
lui-même	O
tient,	O
dans	O
ce	O
projet,	O
une	O
place	O
centrale	O
:	O
elle	O
représente	O
la	O
clé	O
de	O
voûte	O
d’un	O
système	O
républicain	O
revigoré.	O
Ces	O
notations	O
implicites,	O
ces	O
exigences,	O
ce	O
jeu	O
de	O
sédimentation	O
de	O
qualités	O
intellectuelles	O
et	O
comportementales	O
qui	O
constituent	O
l’éthos	O
oratoire,	O
Cicéron	U-PER
va	O
tenter	O
d’en	O
fournir	O
une	O
vision	O
théorique.	O
Il	O
mettra	O
ainsi	O
en	O
mots	O
l’incarnation	O
des	O
valeurs	O
républicaines	O
que	O
représente	O
à	O
ses	O
yeux	O
un	O
orateur	O
accompli	O
et	O
insistera	O
sur	O
la	O
cohérence	O
de	O
sa	O
réflexion	O
sur	O
le	O
sujet,	O
le	O
De	B-MISC
oratore	L-MISC
,	O
le	O
Brutus	U-PER
et	O
l’	O
Orator	U-LOC
formant	O
un	O
seul	O
et	O
même	O
ensemble	O
Cicéron,	U-MISC
De	O
divinatione,	O
II,	B-MISC
4.	L-MISC
.	O
Il	O
est	O
frappant	O
de	O
constater	O
qu’aucun	O
de	O
ces	O
textes	O
ne	O
se	O
présente	O
comme	O
un	O
«	O
art	O
rhétorique	O
»	O
au	O
sens	O
plein,	O
mais	O
qu’ils	O
paraissent	O
s’attacher	O
davantage	O
à	O
celui	O
qui	O
pratique	O
cet	O
art.	O
C’est	O
moins	O
la	O
rhétorique	O
qui	O
intéresse	O
alors	O
Cicéron	U-PER
que	O
l’inscription	O
effective	O
de	O
l’orateur	O
au	O
sein	O
du	O
substrat	O
culturel	O
et	O
politique	O
dans	O
lequel	O
il	O
évolue.	O
Ce	O
faisant,	O
Cicéron	U-PER
semble	O
implicitement	O
condamner	O
les	O
textes	O
latins	O
qui	O
ont	O
précédé	O
son	O
grand	O
œuvre	O
et	O
qui,	O
traitant	O
de	O
technique	O
argumentative	O
ou	O
stylistique	O
selon	O
une	O
approche	O
directement	O
héritée	O
de	O
la	O
rhétorique	O
grecque,	O
n’avaient	O
jamais	O
su	O
donner	O
de	O
l’orateur	O
romain	O
une	O
image	O
qui	O
ne	O
fût	O
malgré	O
tout	O
athénienne.	O
C’est	O
en	O
plongeant	O
l’orateur	O
dans	O
le	O
contexte	O
politique	O
qui	O
lui	O
donne	O
son	O
sens	O
et	O
sa	O
raison	O
d’être,	O
en	O
soulignant	O
le	O
lien	O
essentiel	O
qui	O
unit	O
magistrature	O
et	O
pratique	O
oratoire,	O
et	O
en	O
appuyant	O
la	O
théorie	O
rhétorique	O
sur	O
la	O
pratique	O
romaine	O
que	O
Cicéron	U-PER
cherche	O
à	O
s’intéresser	O
à	O
l’orateur	O
en	O
tant	O
que	O
tel	O
:	O
un	O
membre	O
de	O
l’élite	O
romaine	O
luttant	O
pour	O
convaincre	O
un	O
public	O
romain.	O
Dans	O
ce	O
projet	O
novateur	O
à	O
tous	O
égards,	O
Cicéron	U-PER
ne	O
contestera	O
pas	O
les	O
définitions	O
traditionnelles	O
d’un	O
éthos	O
oratoire	O
qu’il	O
cherche	O
à	O
raffermir,	O
mais	O
il	O
les	O
intégrera	O
dans	O
le	O
champ	O
de	O
la	O
réflexion	O
rhétorique	O
qui,	O
avant	O
lui,	O
n’avait	O
jamais	O
su	O
traiter	O
pleinement	O
du	O
rôle	O
social	O
de	O
l’orateur.	O
Cicéron	U-PER
,	O
dans	O
cette	O
tâche	O
de	O
mise	O
au	O
jour	O
de	O
l’implicite,	U-PER
bénéficie	O
de	O
plusieurs	O
atouts,	O
en	O
premier	O
lieu	O
sa	O
formation	O
rhétorique,	O
qui	O
peut	O
être	O
considérée	O
comme	O
la	O
plus	O
complète	O
de	O
son	O
époque.	O
Alors	O
qu’il	O
a	O
déjà	O
fait	O
la	O
preuve	O
de	O
ses	O
qualités	O
d’orateur	O
en	O
termes	O
de	O
comportement	O
et	O
de	O
force	O
de	O
conviction,	O
Cicéron	U-PER
choisit,	O
en	O
78,	O
de	O
voyager	O
à	O
Athènes	U-LOC
et	O
en	O
Asie	U-LOC
;	O
il	O
ira	O
ainsi	O
trouver	O
le	O
savoir	O
grec	O
à	O
sa	O
source	O
Cicéron,	B-MISC
Brutus,	L-MISC
85,	O
315-316	O
;	O
Pro	U-MISC
Cluentio,	O
32	O
;	O
De	B-MISC
Republica,	I-MISC
I,	I-MISC
13	L-MISC
;	O
Quintilien,	B-LOC
Institutio	L-LOC
oratoria,	O
XII,	B-MISC
6,	I-MISC
7	L-MISC
;	O
Plutarque,	B-ORG
Cicéron,	I-ORG
4,	I-ORG
5.	L-ORG
.	O
À	O
Rhodes	U-LOC
,	O
il	O
retrouve	O
Molon	U-LOC
et	O
suit	O
lors	O
de	O
son	O
périple	O
les	O
cours	O
des	O
rhéteurs	O
les	O
plus	O
réputés	O
du	O
siècle	O
:	O
Démétrius	U-PER
de	O
Syrie	U-LOC
,	O
Ménippe	B-PER
de	I-PER
Stratonicée	L-PER
,	O
Dionysius	B-PER
de	I-PER
Magnésie	L-PER
,	O
Eschyle	B-PER
de	I-PER
Cnide	L-PER
,	O
Xénoclès	B-LOC
d’Adramyttion	L-LOC
.	O
C’est	U-MISC
«	O
presque	O
métamorphosé	O
»	O
(prope	O
mutatus)	O
que	O
Cicéron	U-PER
revient	O
à	O
Rome	B-LOC
Cicéron,	I-LOC
Brutus,	L-LOC
315-316.	O
.	O
Ce	O
voyage	O
en	O
Grèce	U-MISC
n’est	O
pas	O
original	O
;	O
il	O
est	O
de	O
rigueur	O
dans	O
une	O
noblesse	O
romaine	O
qui	O
affirme	O
de	O
plus	O
en	O
plus	O
son	O
philhellénisme.	O
Mais	B-MISC
l’intensité	I-MISC
de	I-MISC
ce	I-MISC
séjour	I-MISC
et	I-MISC
la	I-MISC
variété	I-MISC
des	I-MISC
enseignements	L-MISC
qu’il	O
a	O
rendu	O
possible	O
font	O
que,	O
à	O
trente-deux	O
ans,	O
Cicéron	U-PER
a	O
gagné	O
une	O
compétence	O
théorique	O
ainsi	O
qu’une	O
capacité	O
à	O
porter	O
sur	O
les	O
règles	O
de	O
la	O
rhétorique	O
ce	O
regard	O
réflexif	O
et	O
critique	O
qui	O
manquait	O
précisément	O
à	O
bon	O
nombre	O
de	O
ses	O
contemporains.	O
Ainsi	O
put-il	O
mettre	O
à	O
distance	O
les	O
règles	O
traditionnelles	O
de	O
l’enseignement	O
scolaire	O
et	O
organiser	O
ses	O
traités	O
selon	O
des	O
principes	O
qui	O
lui	O
permirent	O
d’embrasser	O
les	O
composantes	O
comportementales	O
et	O
typiquement	O
romaines	O
de	O
la	O
pratique	O
oratoire,	O
celles-là	O
mêmes	O
que	O
des	O
traités	O
comme	O
la	O
Rhétorique	U-PER
à	O
Herennius	U-PER
ne	O
parvenaient	O
pas	O
à	O
aborder.	O
Il	O
renforça	O
par	O
ailleurs	O
la	O
formation	O
philosophique	O
qu’il	O
avait	O
reçue	O
à	O
Rome	U-LOC
en	O
suivant	O
les	O
enseignements	O
d’	O
Antiochos	U-LOC
à	O
Athènes	U-LOC
et	O
ceux	O
de	O
Posidonius	U-PER
d’Apamée	O
à	O
Rhodes	U-LOC
.	O
Sa	O
fréquentation	O
assidue	O
des	O
textes	O
académiciens,	O
péripatéticiens	O
et	O
stoïciens	O
–	O
il	O
entretint	O
des	O
rapports	O
houleux	O
avec	O
l’épicurisme	O
–	O
fit	O
de	O
lui	O
un	O
philosophe	O
hellénistique	O
à	O
part	O
entière.	O
L’approche	U-MISC
profondément	O
philosophique	O
qui	O
fut	O
par	O
conséquent	O
la	O
sienne	O
l’incita	O
à	O
replacer	O
l’orateur	O
et	O
sa	O
pratique	O
dans	O
une	O
hiérarchie	O
des	O
savoirs	O
et	O
des	O
compétences	O
comme	O
aucun	O
rhéteur	O
de	O
son	O
époque	O
n’avait	O
su	O
le	O
faire.	O
Enfin,	U-PER
placé	O
à	O
l’origine	O
en	O
marge	O
des	O
cercles	O
élitaires,	O
il	O
eut	O
des	O
comportements	O
oratoires	O
une	O
vision	O
interne,	O
«	O
par	O
corps	O
Voir	B-MISC
sur	I-MISC
ce	I-MISC
concept	I-MISC
Bourdieu,	L-MISC
1997,	O
p.	O
155-193.	O
«	O
,	O
mais	O
également	O
extérieure	O
et	O
thématisée	O
:	O
l’éthos	O
oratoire	O
ne	O
lui	O
étant	O
qu’en	O
partie	O
consubstantiel,	O
il	O
avait	O
dû	O
malgré	O
tout	O
travailler	O
à	O
l’acquérir	O
et	O
s’interroger	O
sur	O
les	O
moyens	O
de	O
cette	O
acquisition.	O
Il	O
fut	O
à	O
n’en	O
pas	O
douter	O
l’homme	O
capable	O
de	O
développer	O
la	O
réflexion	O
la	O
plus	O
informée	O
à	O
propos	O
de	O
l’orateur,	O
et	O
porta	O
sur	O
ce	O
dernier	O
les	O
regards	O
conjugués	O
du	O
praticien,	O
du	O
rhéteur,	O
du	O
politique,	O
du	O
philosophe	O
et	O
de	O
celui	O
qui,	O
un	O
jour,	O
avait	O
été	O
un	O
outsider	O
.	O
Portraits	O
de	O
l’orateur	O
L’effort	O
de	O
réflexivité	O
auquel	O
se	O
livre	O
Cicéron	U-PER
va	O
contribuer	O
à	O
mettre	O
à	O
nu	O
les	O
attentes	O
de	O
la	O
communauté	O
à	O
l’égard	O
de	O
l’orateur.	O
Il	O
donnera	O
à	O
voir	O
une	O
image	O
des	O
compétences,	O
du	O
comportement	O
et	O
de	O
l’éthique	O
que	O
Cicéron	U-PER
juge	O
indispensables	O
à	O
la	O
prise	O
de	O
parole	O
en	O
public.	O
Qu’on	U-MISC
ne	O
s’y	O
trompe	O
pas.	O
Si	U-MISC
l’	O
Orator	U-LOC
cherche	O
à	O
définir	O
un	O
«	O
orateur	O
idéal	O
»	O
selon	O
une	O
logique	O
ouvertement	O
platonicienne	O
Cicéron,	B-MISC
Orator,	L-MISC
7-19.	O
Cf.	B-ORG
Degl’innocenti,	L-ORG
1979	O
;	O
Narducci,	U-MISC
2002b,	O
p.	O
430-436.	O
,	O
les	O
deux	O
autres	O
ouvrages	O
du	O
triptyque	O
sont	O
résolument	O
ancrés	O
dans	O
les	O
pratiques	O
réelles	O
et	O
cherchent	O
à	O
retrouver	O
des	O
figures	O
oratoires	O
susceptibles	O
d’être	O
des	O
sources	O
d’inspiration.	O
Achevé	U-ORG
en	O
55,	O
le	O
De	B-MISC
oratore	L-MISC
se	O
présente	O
comme	O
un	O
dialogue	O
dont	O
les	O
maîtres	O
de	O
Cicéron	U-PER
,	O
L.	B-PER
Crassus	L-PER
,	O
M.	B-PER
Antonius	L-PER
et	O
Q.	B-PER
Scaevola	L-PER
,	O
sont	O
les	O
personnages	O
principaux.	O
L’ouvrage	U-MISC
met	O
en	O
scène	O
les	O
trois	O
journées	O
d’une	O
discussion	O
qui	O
aurait	O
opposé	O
ces	O
grands	O
noms	O
de	O
la	O
République	U-MISC
romaine.	O
En	O
se	O
plaçant	O
d’emblée	O
sous	O
un	O
patronage	O
si	O
illustre,	O
Cicéron	U-PER
entend	O
proposer	O
non	O
pas	O
une	O
théorie	O
de	O
l’art	U-MISC
oratoire	O
au	O
sens	O
propre,	O
mais	O
bien	O
des	O
modèles	O
fondés	O
sur	O
la	O
pratique	O
et	O
le	O
comportement	O
des	O
orateurs	O
qui	O
l’ont	O
formé	O
et	O
qu’il	O
a	O
vus	O
plaider,	O
ses	O
maîtres	O
qui	O
constituent	O
pour	O
lui	O
autant	O
d’unités	O
de	O
mémoire	O
censées	O
venir	O
raffermir	O
un	O
présent	O
qui	O
s’écroule.	O
Son	O
propos	O
théorique	O
vise	O
à	O
produire	O
une	O
image	O
des	O
qualités	O
qui	O
étaient	O
celles	O
des	O
anciens	O
orateurs	O
afin	O
de	O
relancer	O
les	O
processus	O
d’imitation	O
et	O
de	O
reproduction	O
des	O
comportements	O
qui	O
s’affaiblissent	O
progressivement.	O
Le	O
but	O
que	O
s’assigne	O
Cicéron	U-PER
influe	O
sur	O
sa	O
méthode	O
:	O
les	O
structures	O
traditionnelles	O
de	O
présentation	O
de	O
la	O
doctrine	O
sont	O
critiquées	O
et	O
abandonnées	O
au	O
profit	O
d’un	O
mode	O
d’organisation	O
nouveau,	O
inspiré	O
de	O
la	O
méthode	O
rhétorique	O
aristotélicienne	O
Cicéron,	U-MISC
Ad	B-MISC
Familiares,	L-MISC
I,	O
9,	O
23.	O
.	O
En	O
repensant	O
ces	O
modes	O
de	O
présentation,	O
Cicéron	U-PER
parvient	O
à	O
inclure	O
dans	O
son	O
traité	O
ce	O
qui	O
auparavant	O
restait	O
du	O
domaine	O
de	O
l’infrathéorique.	O
Ce	O
projet	O
unique	O
en	O
son	O
genre,	O
le	O
Brutus,	U-LOC
rédigé	O
en	O
46,	O
s’en	O
rapproche	O
d’une	O
certaine	O
manière.	O
Cicéron	U-PER
définit	O
l’ouvrage	O
comme	O
une	O
histoire	O
des	O
pratiques	O
oratoires	O
Cicéron,	B-MISC
Brutus,	L-MISC
9-24.	O
.	O
Le	O
traité	O
retrace	O
sous	O
une	O
forme	O
dialoguée	O
l’évolution	O
du	O
style,	O
de	O
l’action	O
et	O
de	O
la	O
formation	O
théorique	O
des	O
orateurs	O
romains	O
tout	O
au	O
long	O
de	O
la	O
République.	U-LOC
Il	O
utilise	O
pour	O
ce	O
faire	O
une	O
méthode	O
comparatiste	O
Cf.	B-PER
Fantham,	L-PER
1989,	O
p.	O
235	O
et	O
suiv.	O
,	O
en	O
étudiant	O
tout	O
d’abord	O
les	O
orateurs	O
grecs,	O
puis	O
en	O
exposant	O
successivement	O
les	O
caractéristiques	O
des	O
différents	O
groupes	O
d’orateurs	O
organisés	O
par	O
«	O
génération	O
»	O
(aetas)	O
autour	O
d’une	O
figure	O
majeure.	O
Le	O
but	O
de	O
Cicéron	U-PER
est	O
en	O
effet	O
de	O
«	O
différencier	O
les	O
types	O
d’orateurs	O
en	O
fonction	O
de	O
leur	O
époque	O
Cicéron,	B-MISC
Brutus,	L-MISC
74.	O
Sur	O
l’organisation	O
chronologique	O
du	O
Brutus,	U-LOC
cf.	O
Sumner,	U-LOC
1973,	O
p.	O
11-27,	O
et	O
Narducci,	U-MISC
2002a,	O
p.	O
402-403	O
et	O
412-417.	O
».	U-ORG
Au	O
sein	O
d’une	O
même	O
aetas,	O
le	O
Brutus	U-PER
enregistre,	O
de	O
surcroît,	O
les	O
différences	O
qui	O
caractérisent	O
chacun	O
des	O
orateurs	O
:	O
maîtrise	O
précise	O
de	O
tel	O
ou	O
tel	O
aspect	O
de	O
la	O
théorie,	O
étendue	O
de	O
la	O
culture,	O
prononciation,	O
maintien,	O
gestes	O
atypiques	O
ou	O
choix	O
stylistiques	O
marquants.	O
Adossé	U-MISC
à	O
une	O
hiérarchisation	O
des	O
différentes	O
qualités,	O
le	O
recensement	O
de	O
ces	O
particularismes	O
dessine	O
des	O
caractéristiques	O
oratoires	O
nettement	O
distinctes,	O
qui	O
se	O
trouvent	O
mises	O
en	O
regard	O
les	O
unes	O
des	O
autres.	O
Cette	O
approche	O
historique	O
de	O
l’orateur	O
permet	O
aussi	O
d’établir	O
une	O
distinction	O
entre	O
attitudes	O
légitimes,	O
tolérées	O
et	O
illégitimes,	O
et	O
de	O
formaliser	O
la	O
norme	O
des	O
comportements	O
implicitement	O
mise	O
à	O
jour	O
tout	O
en	O
tenant	O
compte	O
de	O
son	O
évolution.	O
L’explicitation	O
des	O
diverses	O
exigences	O
qui	O
viennent	O
s’imposer	O
à	O
l’orateur	O
contribue	O
à	O
dessiner	O
une	O
image	O
précise	O
de	O
celui-ci	O
et	O
à	O
lui	O
donner	O
une	O
profondeur	O
inédite	O
du	O
point	O
de	O
vue	O
tant	O
des	O
comportements	O
que	O
de	O
la	O
maîtrise	O
culturelle	O
et	O
rhétorique.	O
Le	B-MISC
De	I-MISC
oratore	I-MISC
reprend,	L-MISC
comme	O
le	O
Brutus,	U-LOC
l’idée	O
de	O
l’imitation	O
et	O
de	O
l’inscription	O
au	O
sein	O
d’une	O
filiation	O
éthique	O
manifestée	O
par	O
le	O
style	O
et	O
l’action	O
oratoires.	O
Les	O
deux	O
ouvrages	O
traitent	O
à	O
loisir	O
des	O
processus	O
d’exclusion	O
liés	O
à	O
l’adoption	O
de	O
comportements	O
invalides	O
;	O
plaisanterie	O
déplacée,	O
voix	O
mal	O
assurée,	O
mouvement	O
vulgaire,	O
tous	O
les	O
critères	O
qui	O
définissent	O
la	O
légitimité	O
comportementale	O
y	O
trouvent	O
leur	O
place.	O
Ils	O
ne	O
sont	O
plus	O
traités	O
de	O
manière	O
partielle	O
ou	O
incidente,	O
mais	O
se	O
voient	O
consacrer	O
des	O
développements	O
entiers	O
;	O
la	O
question	O
de	O
la	O
propriété	O
du	O
rire	O
sous-tend	O
ainsi	O
une	O
partie	O
essentielle	O
dans	O
le	O
livre	O
II	B-MISC
du	I-MISC
De	L-MISC
oratore.	O
Si	O
Cicéron	U-PER
se	O
contentait	O
d’enregistrer	O
et	O
de	O
formaliser	O
chacune	O
des	O
composantes	O
de	O
l’éthos	O
comportemental,	O
l’apport	O
serait	O
déjà	O
considérable.	O
Mais	O
l’intérêt	O
de	O
son	O
propos	O
est	O
double,	O
en	O
ce	O
qu’il	O
cherche	O
également	O
à	O
justifier	O
la	O
sélection	O
et	O
la	O
validation	O
de	O
tel	O
ou	O
tel	O
trait.	O
Ce	O
que	O
l’orateur	O
se	O
bornait	O
à	O
constater	O
et	O
à	O
reproduire	O
au	O
cours	O
de	O
son	O
tirocinium	O
se	O
trouve	O
non	O
seulement	O
énoncé	O
avec	O
toute	O
la	O
clarté	O
possible	O
Cicéron	U-PER
reconnaît	O
qu’il	O
est	O
impossible	O
de	O
préciser	O
la	O
nature	O
de	O
l’urbanitatis	O
color,	O
la	O
«	O
couleur	O
d’urbanité	O
»	O
indispensable	O
à	O
la	O
définition	O
de	O
l’orateur	O
romain	O
:	O
elle	O
relève	O
explicitement	O
du	O
«	O
je-ne-sais-quoi	O
».	U-PER
Il	O
est	O
cependant	O
le	O
premier	O
à	O
lui	O
donner	O
un	O
statut	O
théorique	O
dans	O
le	O
monde	O
latin.	O
Sur	O
cette	O
problématique,	O
cf.	O
Lévy,	O
2006.	O
,	O
mais	O
aussi	O
articulé	O
dans	O
une	O
architecture	O
éthique	O
et	O
politique	O
plus	O
vaste	O
qui	O
tente	O
de	O
justifier	O
autrement	O
que	O
par	O
la	O
seule	O
logique	O
de	O
sélection	O
et	O
d’exclusion	O
sociales	O
les	O
définitions	O
qu’elle	O
propose.	O
Ce	O
passage	O
de	O
la	O
prescription	O
rhétorique	O
à	O
la	O
prescription	O
éthique	O
se	O
fait	O
par	O
l’intermédiaire	O
d’une	O
réflexion	O
sur	O
le	O
convenable	O
(decorum)	U-MISC
qui	O
était	O
restée	O
embryonnaire	O
dans	O
la	O
tradition	O
latine	O
antérieure.	O
Les	O
impératifs	O
de	O
douceur,	O
de	O
raffinement	O
et	O
de	O
mesure	O
dans	O
les	O
paroles	O
et	O
les	O
gestes	O
sont	O
maintenant	O
situés	O
au	O
confluent	O
de	O
deux	O
exigences.	O
La	O
première	O
est	O
celle	O
de	O
l’efficacité,	U-MISC
qui	O
impose	O
à	O
l’orateur	O
d’user	O
d’un	O
style	O
et	O
d’une	O
action	O
propres	O
à	O
charmer	O
l’auditoire.	O
La	B-MISC
seconde	L-MISC
est	O
éthique	O
et	O
fait	O
de	O
chacune	O
des	O
prescriptions	O
la	O
matérialisation	O
d’une	O
norme	O
supérieure	O
de	O
comportement.	O
Le	B-MISC
De	I-MISC
oratore	L-MISC
comme	O
le	O
Brutus	U-PER
peut	O
et	O
doit	O
se	O
lire	O
en	O
parallèle	O
avec	O
le	O
De	B-MISC
officiis	I-MISC
qui,	L-MISC
en	O
44,	O
poursuit	O
cette	O
réflexion	O
et	O
permet	O
à	O
Cicéron	U-PER
de	O
faire	O
de	O
l’orateur	O
non	O
plus	O
seulement	O
l’incarnation	O
d’une	O
légitimité	O
sociale	O
et	O
politique,	O
mais	O
aussi	O
la	O
matérialisation	O
d’une	O
légitimité	O
morale.	O
Cette	O
conception	O
de	O
la	O
légitimité	O
ne	O
peut	O
être	O
séparée	O
du	O
regard	O
que	O
porte	O
Cicéron	U-PER
sur	O
la	O
place	O
de	O
la	O
culture	O
dite	O
«	O
générale	O
»	O
dans	O
la	O
formation	O
de	O
l’orateur.	O
Souvent	O
présenté	O
comme	O
compétent	O
(peritus),	O
savant	O
(doctus)	O
et	O
doté	O
d’une	O
vaste	O
maîtrise	O
culturelle	O
(eruditus,	O
politus),	O
l’orateur	O
cicéronien	O
n’est	U-MISC
plus	O
seulement	O
défini	O
par	O
sa	O
capacité	O
à	O
convaincre,	O
par	O
son	O
aptitude	O
à	O
plaire	O
ou	O
à	O
correspondre	O
aux	O
attentes	O
idéologiques	O
de	O
son	O
public	O
:	O
le	O
De	B-MISC
oratore	L-MISC
et	O
le	O
Brutus	U-PER
insistent	O
sur	O
le	O
travail	O
culturel	O
auquel	O
il	O
convient	O
de	O
se	O
livrer	O
avant	O
de	O
prendre	O
la	O
parole.	O
L’orateur	O
capable	O
de	O
convaincre	O
est	O
avant	O
tout	O
capable	O
de	O
comprendre,	O
d’analyser	O
et	O
d’interpréter.	O
Quoi	O
de	O
plus	O
normal,	O
puisque	O
celui-ci	O
sera	O
le	O
guide	O
et	O
le	O
soutien	O
de	O
ses	O
concitoyens	O
?	O
Rien	O
de	O
ce	O
qui	O
constitue	O
les	O
différents	O
champs	O
du	O
savoir	O
ne	O
doit	O
lui	O
échapper	O
:	O
philosophie,	O
droit	O
et	O
histoire	O
doivent	O
être	O
pleinement	O
maîtrisés,	O
l’orateur	O
ne	O
pouvant	O
par	O
ailleurs	O
totalement	O
négliger	O
aucun	O
autre	O
domaine	O
du	O
savoir	O
Cicéron,	B-MISC
De	I-MISC
oratore,	I-MISC
I,	L-MISC
5,	O
15-19,	O
45-74,	O
166-204.	O
.	O
Son	O
art	O
repose	O
nécessairement	O
sur	O
des	O
connaissances	O
exactes	O
et	O
aussi	O
complètes	O
que	O
possible	O
Cicéron,	U-MISC
De	O
oratore,	O
I,	O
50-51.	O
.	O
Ce	O
qui	O
restait	O
auparavant	O
implicite	O
et	O
représentait	O
une	O
exigence	O
dont	O
les	O
manuels	O
rhétoriques	O
n’avaient	O
pas	O
à	O
traiter	O
passe	O
ici	O
au	O
premier	O
plan	O
:	O
à	O
la	O
légitimité	O
sociale	O
et	O
morale	O
s’ajoute	O
celle	O
du	O
savoir.	O
Ainsi,	U-MISC
le	O
De	B-MISC
oratore	I-MISC
et	I-MISC
le	I-MISC
Brutus	L-MISC
font	O
de	O
l’orateur	O
un	O
lettré	O
à	O
part	O
entière,	O
bien	O
que	O
le	O
personnage	O
de	O
M.	B-PER
Antonius	L-PER
se	O
refuse	O
à	O
concéder	O
un	O
tel	O
espace	O
au	O
champ	O
de	O
l’éloquence	O
et	O
préfère	O
insister	O
sur	O
l’aspect	O
pratique	O
de	O
la	O
formation	O
Cicéron,	U-MISC
De	B-MISC
oratore,	I-MISC
I,	I-MISC
80-96.	L-MISC
.	O
Les	O
deux	O
ouvrages	O
définissent	O
donc	O
un	O
programme	O
d’enseignement	O
total,	O
dans	O
lequel	O
l’orateur	O
représente	O
un	O
accomplissement	O
technique,	O
politique,	O
éthique,	O
mais	O
aussi	O
culturel.	O
Conformément	O
à	O
sa	O
structure	O
nettement	O
téléologique,	O
le	O
Brutus	U-PER
décrit	O
une	O
lente	O
évolution	O
depuis	O
des	O
orateurs	O
frustes	O
dont	O
toute	O
la	O
force	O
résidait	O
dans	O
leur	O
autorité	O
magistrale,	O
jusqu’à	O
des	O
orateurs	O
raffinés,	O
policés,	O
rompus	O
aux	O
techniques	O
de	O
la	O
dialectique	O
et	O
au	O
savoir	O
philosophique	O
le	O
plus	O
vaste.	O
Le	O
dernier	O
des	O
orateurs	O
cités	O
au	O
terme	O
de	O
ce	O
parcours	O
voit	O
retracer	O
son	O
éducation,	O
énumérer	O
ses	O
maîtres,	O
ses	O
diverses	O
obédiences	O
philosophiques	O
et	O
l’ampleur	O
de	O
sa	O
culture.	O
Il	O
est	O
un	O
orateur	O
complet,	O
clairvoyant,	O
armé	O
pour	O
vaincre	O
et	O
convaincre,	O
et	O
pour	O
guider	O
la	O
République	U-LOC
vers	O
son	O
salut.	O
On	O
ne	O
s’étonnera	O
pas	O
:	O
il	O
s’agit	O
de	O
Cicéron	B-PER
lui-même.	I-PER
Orgueil	L-PER
une	O
fois	O
encore	O
?	O
Sans	O
doute.	O
Pourtant,	U-MISC
ce	O
n’est	U-MISC
pas	O
sa	O
propre	O
personne	O
que	O
Cicéron	U-PER
cherche	O
ici	O
à	O
défendre,	O
mais	O
bien	O
la	O
manière	O
dont	O
le	O
programme	O
d’éducation	O
appliqué	O
par	O
L.	B-PER
Crassus	L-PER
et	O
son	O
entourage	O
est	O
parvenu	O
à	O
former,	O
à	O
travers	O
lui,	O
le	O
meilleur	O
des	O
citoyens.	O
À	O
lui	O
seul,	O
le	O
portrait	O
de	O
Cicéron	U-PER
en	O
orateur	O
se	O
veut	O
un	O
plaidoyer	O
pour	O
la	O
République.	U-LOC
Elle	O
ne	O
lui	O
survivra	O
pas	O
plus	O
de	O
douze	O
ans.	O
Bibliographie	O
