Après	O
avoir	O
été	O
injustement	O
soupçonné	O
de	O
tremper	O
dans	O
un	O
complot	O
contre	O
les	O
Médicis	U-PER
et	O
écarté	O
de	O
la	O
vie	O
politique	O
active	O
qu’il	O
aimait	O
tant,	O
Machiavel	U-PER
(1469-1527)	O
fut	O
pour	O
ainsi	O
dire	O
placé	O
en	O
«	O
résidence	O
surveillée	O
»	O
dans	O
sa	O
propriété	O
familiale	O
de	O
Sant’Andrea	B-ORG
in	I-ORG
Percussina	L-ORG
,	O
à	O
une	O
quinzaine	O
de	O
kilomètres	O
au	O
sud	O
de	O
Florence	U-LOC
.	O
À	O
quoi	O
occupe-t-il	O
donc	O
sa	O
soirée,	O
après	O
avoir	O
lu	O
de	O
la	O
poésie	O
légère	O
dans	O
la	O
matinée,	O
vaqué	O
à	O
ses	O
occupations	O
dans	O
la	O
journée,	O
puis	O
dîné,	O
être	O
allé	O
à	O
l’auberge,	U-ORG
avoir	O
plaisanté	O
et	O
joué	O
aux	O
cartes	O
avec	O
ses	O
amis	O
?	O
Voici	O
ce	O
qu’il	O
écrit,	O
le	O
10	O
décembre	O
1513,	O
à	O
son	O
très	O
cher	O
ami	O
Francesco	B-PER
Vettori	L-PER
:	O
Le	O
soir	O
tombe,	O
je	O
retourne	O
au	O
logis.	O
Je	O
pénètre	O
dans	O
mon	O
cabinet	O
et,	U-MISC
dès	O
le	O
seuil,	O
je	O
me	O
dépouille	O
de	O
la	O
défroque	O
de	O
tous	O
les	O
jours,	O
couverte	O
de	O
fange	O
et	O
de	O
boue,	O
pour	O
revêtir	O
des	O
habits	O
de	O
cour	O
royale	O
et	O
pontificale	O
;	O
ainsi	O
honorablement	O
accoutré,	O
j’entre	O
dans	O
les	O
cours	O
antiques	O
des	O
hommes	O
de	O
l’Antiquité.	O
Là,	U-MISC
accueilli	O
avec	O
affabilité	O
par	O
eux,	O
je	O
me	O
repais	O
de	O
l’aliment	O
qui	O
par	O
excellence	O
est	O
le	O
mien,	O
et	O
pour	O
lequel	O
je	O
suis	O
né.	O
Là,	U-MISC
nulle	O
honte	O
à	O
parler	O
avec	O
eux,	O
à	O
les	O
interroger	O
sur	O
les	O
mobiles	O
de	O
leurs	O
actions,	O
et	O
eux,	O
en	O
vertu	O
de	O
leur	O
humanité,	O
ils	O
me	O
répondent.	O
Et,	U-MISC
durant	O
quatre	O
heures	O
de	O
temps,	O
je	O
ne	O
sens	O
pas	O
le	O
moindre	O
ennui,	O
j’oublie	O
tous	O
mes	O
tourments,	O
je	O
cesse	O
de	O
redouter	O
la	O
pauvreté,	O
la	O
mort	O
même	O
ne	O
m’effraie	O
pas.	O
Je	O
me	O
donne	O
tout	O
entier	O
aux	O
Anciens	B-MISC
Machiavel,	I-MISC
Lettere,	L-MISC
p.	O
426	O
(trad.	O
fr.	O
1952,	O
p.	O
1436).	O
L’état	O
d’esprit	O
de	O
Machiavel	U-PER
a	O
une	O
longue	O
généalogie	O
à	O
la	O
Renaissance	O
;	O
cf.	O
Pétrarque,	O
De	O
vita	O
solitaria,	O
éd.	O
G.	B-PER
Martellotti,	L-PER
1955,	O
p.	O
356	O
(trad.	O
fr.,	O
1999,	O
I,	U-LOC
VI,	O
6,	O
p.	O
114-115	O
:	O
«	O
Plonger	O
la	O
mémoire	O
dans	O
les	O
années	O
profondes,	O
et	O
laisser	O
l’âme	U-MISC
parcourir	O
toute	O
l’étendue	O
des	O
siècles	O
et	O
des	O
terres	O
;	O
y	O
demeurer	O
toujours	O
dans	O
la	O
compagnie	O
et	O
l’entretien	O
des	O
grandes	O
figures	O
du	O
passé	O
[…]	O
»).	U-MISC
.	O
Le	O
cabinet	O
de	O
Machiavel	U-PER
était	O
un	O
lieu	O
où	O
il	O
pouvait	O
se	O
perdre,	O
fuir	O
ses	O
difficultés	O
et	O
conjurer	O
ses	O
tracas	O
incessants	O
quant	O
à	O
l’orientation	O
de	O
sa	O
carrière.	O
Un	O
endroit	O
où,	U-MISC
comme	O
il	O
le	O
confie	O
à	O
Vettori	U-PER
dans	O
la	O
ligne	O
suivante	O
de	O
cette	O
même	O
lettre,	O
mettant	O
à	O
profit	O
sa	O
conversation	O
avec	O
les	O
Anciens,	U-LOC
il	O
put	O
composer	O
un	O
«	O
opuscule,	O
De	O
principatibus	O
[Le	O
Prince]	B-PER
».	L-PER
La	O
plupart	O
des	O
hommes	O
et	O
des	O
femmes	O
de	O
la	O
Renaissance	O
qui	O
profitèrent	O
de	O
leur	O
studiolo	O
n’ont	O
jamais	O
écrit	O
d’œuvres	O
comparables	O
à	O
celle	O
de	O
Machiavel	U-PER
,	O
bien	O
entendu.	O
Reste	U-MISC
que	O
l’expérience	O
de	O
la	O
réflexion	O
privée	O
et	O
de	O
la	O
constitution	O
du	O
moi	O
par	O
des	O
moyens	O
aussi	O
variés	O
que	O
la	O
maîtrise	O
de	O
l’espace,	O
la	O
disposition	O
des	O
objets	O
et	O
l’utilisation	O
de	O
la	O
lumière	O
et	O
des	O
images	O
constitue	O
autant	O
d’éléments	O
d’une	O
façon	O
reconnaissable	O
de	O
vivre	O
le	O
monde	O
à	O
la	O
Renaissance.	U-LOC
Tout	O
espace	O
privé	O
ne	O
saurait	O
être	O
assimilé	O
à	O
un	O
studiolo	O
:	O
il	O
nous	O
faut	O
ici	O
réserver	O
le	O
mot	O
à	O
la	O
désignation	O
d’un	O
petit	O
espace	O
clos,	O
dont	O
la	O
principale	O
fin	O
était	O
l’étude	O
;	O
ce	O
dernier	O
terme	O
peut,	O
et	O
pouvait,	O
signifier	O
bien	O
des	O
choses,	O
mais	O
il	O
ne	O
serait	O
d’aucune	O
utilité	O
de	O
retenir	O
une	O
acception	O
si	O
large	O
qu’elle	O
le	O
priverait	O
de	O
tout	O
sens.	O
Aussi	O
devons-nous	O
partir	O
de	O
l’idée	O
qu’on	O
ne	O
saurait	O
parler	O
de	O
studiolo	O
si	O
son	O
propriétaire	O
ne	O
possédait	O
quelque	O
forme	O
élémentaire	O
de	O
culture	O
vernaculaire	O
–	O
un	O
statut	O
auquel,	O
cela	O
va	O
sans	O
dire,	O
n’accédait	O
qu’une	O
petite	O
partie	O
de	O
la	O
population.	O
Adéquation	B-MISC
d’une	I-MISC
architecture	L-MISC
aux	O
raisons	O
de	O
son	O
installation	O
Le	B-MISC
plus	I-MISC
souvent,	L-MISC
le	O
s	O
tudiolo	O
–	O
diversement	O
appelé	O
studio,	O
scrittoio	O
,	O
ou,	O
par	O
un	O
humaniste	O
à	O
l’esprit	O
délié,	O
Le	B-PER
Pogge	L-PER
(1380-1459),	O
gymnasiolum	O
ou	O
bibliothecula	O
–	O
était	O
petit	O
Le	O
Pogge,	B-LOC
Lettere,	L-LOC
vol.	O
1,	O
p.	O
79,	O
et	O
une	O
lettre	O
de	O
1430	O
à	O
Niccoli	U-PER
décrivant	O
deux	O
têtes	O
sculptées	O
qu’il	O
se	O
procurait,	O
p.	O
195-196,	O
ici	O
p.	O
196.	O
Voir	O
une	O
autre	O
lettre,	O
citée	O
in	B-MISC
Müntz,	L-MISC
1888,	O
p.	O
9	O
;	O
Liebenwein,	U-MISC
1977,	O
p.	O
65-66	O
et	O
195	O
n.	O
102	O
et	O
104.	U-MISC
.	O
Avec	O
les	O
progrès	O
de	O
l’humanisme,	O
les	O
élites	O
italiennes	O
pouvaient	O
invoquer	O
un	O
certain	O
nombre	O
de	O
sources	O
antiques	O
suggérant	O
que	O
la	O
taille	O
idéale	O
d’un	O
cabinet	O
privé	O
était	O
relativement	O
exiguë,	O
précisément	O
parce	O
que	O
sa	O
fonction	O
était	O
limitée.	O
La	O
description	O
que	O
Pline	B-PER
le	I-PER
Jeune	L-PER
donne	O
de	O
l’arrangement	O
de	O
sa	O
villa	O
Laurentinum	U-LOC
laisse	O
penser	O
que	O
son	O
cabinet	O
était	O
d’un	O
petit	O
volume.	O
C’est	O
une	O
pièce	O
qui,	O
venant	O
après	O
une	O
série	O
de	O
chambres	O
à	O
coucher,	O
se	O
trouve	O
à	O
une	O
extrémité	O
de	O
sa	O
villa,	O
en	O
forme	O
d’abside,	O
incurvée	O
de	O
telle	O
façon	O
qu’elle	O
laisse	O
entrer	O
le	O
soleil	O
à	O
toutes	O
les	O
heures	O
du	O
jour.	O
«	O
Dans	O
un	O
de	O
ses	O
murs	O
est	O
pratiqué	O
un	O
buffet,	O
manière	O
de	O
bibliothèque	O
qui	O
renferme	O
non	O
pas	O
les	O
ouvrages	O
destinés	O
à	O
la	O
lecture,	O
mais	O
ceux	O
qui	O
doivent	O
être	O
lus	O
de	O
manière	O
répétée	O
»,	U-PER
c’est-à-dire	O
un	O
nombre	O
relativement	O
limité	O
de	O
textes	O
importants,	O
pour	O
un	O
lieu	O
relativement	O
exigu	O
mais	O
important	O
Pline	B-PER
le	I-PER
Jeune,	I-PER
Ep.	I-PER
2,	L-PER
27,	O
8	O
;	O
trad.	O
fr.,	O
1987,	O
p.	O
85	O
(traduction	O
ici	O
légèrement	O
modifiée)	O
;	O
Liebenwein,	U-MISC
1977,	O
p.	O
13.	O
.	O
Quant	O
aux	O
sources	O
antiques,	O
Quintilien	U-PER
attire	O
l’attention	O
sur	O
la	O
pratique	O
de	O
Démosthène	U-PER
,	O
qui	O
s’enfermait	O
dans	O
un	O
lieu	O
d’où	O
il	O
ne	O
pût	O
rien	O
entendre	O
ni	O
regarder,	O
de	O
peur	O
que	O
ses	O
yeux	O
ne	O
le	O
contraignent	O
à	O
penser	O
à	O
autre	O
chose.	O
Donc,	U-MISC
si	O
nous	O
veillons,	O
que	O
ce	O
soit	O
de	O
préférence	O
le	O
silence	O
de	O
la	O
nuit	O
et	O
une	O
chambre	O
bien	O
close	O
avec	O
une	O
lampe	O
solitaire	O
qui	O
nous	O
fassent	O
un	O
abri	O
Quintilien,	O
Inst.,	U-MISC
10,	O
3,	O
25	O
;	O
trad.	O
fr.,	O
2003,	O
121-122.	O
Voir	O
aussi	O
Pline	B-PER
le	I-PER
Jeune,	I-PER
Ep.	I-PER
9,	I-PER
36,	I-PER
2	L-PER
;	O
Liebenwein,	U-MISC
1977,	O
p.	O
44,	O
90.	U-MISC
.	O
Le	O
message,	O
encore	O
une	O
fois,	O
est	O
qu’un	O
certain	O
type	O
de	O
bâtiment	O
–	O
petit,	O
fermé,	O
délibérément	O
éloigné	O
du	O
monde	O
–	O
était	O
nécessaire	O
pour	O
faciliter	O
une	O
véritable	O
pratique	O
contemplative.	O
Pour	O
les	O
penseurs	O
de	O
la	O
Renaissance	O
,	O
l’importance	O
des	O
sources	O
antiques	O
allait	O
de	O
soi.	O
Non	B-MISC
moins	I-MISC
importantes	L-MISC
étaient	O
les	O
traditions	O
médiévales	O
et	O
les	O
conditions	O
prémodernes	O
qui	O
se	O
profilaient	O
derrière	O
les	O
usages	O
renaissants.	O
Le	O
cabinet	O
privé,	O
en	O
tant	O
qu’élément	O
d’ordonnancement	O
de	O
l’espace	O
à	O
la	O
Renaissance	U-MISC
,	O
est	O
un	O
dispositif	O
que	O
l’on	O
voit	O
essentiellement	O
en	O
Italie	U-LOC
.	O
Il	O
n’en	O
existe	O
pas	O
moins	O
un	O
solide	O
arrière-plan	O
médiéval	O
ainsi	O
que	O
le	O
sentiment	O
d’une	O
mémoire	O
sociale	O
liée	O
à	O
la	B-LOC
France	L-LOC
.	O
Cette	O
filière	O
française	O
apparaît	O
à	O
la	O
fin	O
du	O
xiii	O
e	O
siècle,	O
lorsque	O
la	O
notion	O
de	O
studium	O
(étude/savoir)	O
vint	O
s’ajouter	O
aux	O
deux	O
piliers	O
traditionnels	O
de	O
l’autorité	O
médiévale,	O
le	O
sacerdotium	O
(Église	O
/	O
autorité	O
religieuse)	O
et	O
le	O
regnum	O
(souveraineté,	O
essentiellement	O
séculière)	O
Voir	O
Grundmann,	U-MISC
1951,	O
p.	O
5-21	O
;	O
Liebenwein,	U-MISC
1977,	O
p.	O
30-44.	O
.	O
Le	O
chef	O
idéal	O
semblait	O
être	O
le	O
souverain	O
qui	O
réunissait	O
des	O
éléments	O
de	O
ces	O
trois	O
attributs.	O
Les	O
premiers	O
papes	O
à	O
posséder	O
des	O
cabinets	O
privés	O
dans	O
leurs	O
palais	O
furent	O
les	O
doctes	O
papes	O
et	O
juristes	O
d’	O
Avignon	U-LOC
:	O
Jean	B-PER
XXII	L-PER
(1316-1334)	O
possédait	O
un	O
cabinet,	O
aménagé	O
entre	O
1317	O
et	O
1319	O
;	O
et	O
Benoît	B-PER
XII	L-PER
(1334-1342),	O
prenant	O
la	O
décision	O
définitive	O
de	O
rester	O
en	O
Avignon	U-LOC
,	O
veilla	O
à	O
se	O
faire	O
construire	O
un	O
cabinet	O
dans	O
le	O
palais	B-LOC
des	I-LOC
Papes	L-LOC
Voir	O
Liebenwein,	O
1977,	O
p.	O
30-35.	O
.	O
Même	O
ici,	O
dans	O
un	O
cadre	O
de	O
magnificence,	O
le	O
cabinet	O
était	O
petit,	O
lié	O
au	O
goût	O
qu’avait	O
le	O
pape	O
du	O
savoir	O
et	O
au	O
besoin	O
de	O
s’isoler	O
pour	O
étudier.	O
L’emplacement	O
du	O
cabinet,	O
au	O
sommet	O
d’une	O
tour,	O
servait	O
les	O
besoins	O
de	O
la	O
vie	O
contemplative	O
;	O
un	O
homme	O
affairé	O
qui	O
restait	O
un	O
penseur	O
avait	O
nécessairement	O
besoin	O
d’un	O
endroit	O
où	O
se	O
retirer.	O
Qu’il	U-ORG
fût	O
orienté	O
vers	O
l’est,	O
vers	O
l’air	O
sec	O
et	O
le	O
soleil	O
tonifiant	O
du	O
matin	O
signifiait	O
que	O
ses	O
architectes	O
s’inscrivaient	O
dans	O
une	O
longue	O
tradition	O
qui	O
remontait	O
à	O
Vitruve	U-PER
(	O
i	O
er	O
siècle	O
av.	O
J.-C.),	U-MISC
lequel	O
avait	O
recommandé	O
cette	O
orientation	O
tant	O
pour	O
la	O
lumière	O
matinale	O
que	O
pour	O
la	O
santé	O
des	O
livres,	O
ainsi	O
protégés	O
des	O
brises	O
humides	O
Vitruve,	U-LOC
De	O
architectura,	O
6,	O
6,	O
1	O
et	O
aussi	O
6,	O
5,	O
2	O
;	O
Liebenwein,	U-MISC
1977,	O
p.	O
168,	U-MISC
n.	O
5.	U-MISC
.	O
Cette	O
tendance	O
française	O
–	O
celle	O
d’un	O
cabinet	O
bien	O
situé	O
répondant	O
au	O
besoin	O
qu’avait	O
un	O
homme	O
affairé	O
d’avoir	O
un	O
endroit	O
où	O
se	O
retirer	O
–	O
explique	O
l’évolution	O
du	O
cabinet	O
en	O
retraite	O
«	O
privée	O
».	U-PER
Une	O
autre	O
tendance	O
du	O
haut	O
Moyen	O
Âge	O
français	O
éclaire	O
la	O
seconde	O
finalité	O
du	O
cabinet,	O
devenu	O
lieu	O
de	O
réunion	O
d’une	O
précieuse	O
collection	O
d’objets	O
en	O
tout	O
genre.	O
Le	O
maillon	O
clé	O
de	O
la	O
chaîne	O
est	O
ici	O
le	O
roi	O
Charles	B-PER
V	L-PER
(1364-1380),	O
qui	O
avait	O
une	O
«	O
estude	O
»	O
dans	O
chacune	O
de	O
ses	O
résidences.	O
À	O
Vincennes	U-LOC
,	O
celle-ci	O
se	O
trouvait	O
dans	O
une	O
tour,	O
signe	O
qu’elle	O
conservait	O
sa	O
fonction	O
essentielle	O
de	O
lieu	O
de	O
retraite	O
Voir	O
Liebenwein,	O
1977,	O
p.	O
36-44.	O
.	O
Les	O
inventaires	O
montrent	O
que	O
les	O
cabinets	O
de	O
Charles	B-PER
V	L-PER
faisaient	O
également	O
office	O
de	O
Wunderkammer	U-PER
:	O
ils	O
regorgeaient	O
d’objets	O
précieux	O
qui	O
plaisaient	O
au	O
roi	O
tout	O
en	O
lui	O
permettant	O
de	O
montrer	O
à	O
des	O
hôtes	O
choisis	O
l’admirable	O
éventail	O
de	O
ses	O
goûts.	O
Le	O
cabinet	O
de	O
la	O
Renaissance	O
est	O
le	O
fruit	O
de	O
ces	O
deux	O
modèles	O
fondamentaux	O
:	O
le	O
cabinet	O
conçu	O
comme	O
retraite	O
privée	O
à	O
des	O
fins	O
de	O
contemplation	O
ou	O
comme	O
une	O
façon	O
de	O
se	O
définir	O
en	O
collectionnant,	O
en	O
conservant	O
et	O
en	O
créant	O
tout	O
en	O
réfléchissant	O
à	O
ses	O
possessions.	O
L’homme	O
ayant	O
vécu	O
ses	O
années	O
de	O
formation	O
en	O
France	U-LOC
–	O
élevé	O
dans	O
le	O
cadre	O
de	O
la	O
cour	O
d’	O
Avignon	U-LOC
,	O
il	O
fréquenta	O
un	O
temps	O
la	O
faculté	O
de	O
droit	O
de	O
Montpellier	U-LOC
–,	O
on	O
ne	O
s’étonnera	O
pas	O
que	O
Pétrarque	U-PER
(1304-1374)	O
soit	O
la	O
première	O
figure	O
de	O
la	O
Renaissance	B-MISC
dans	I-MISC
la	I-MISC
vie	L-MISC
de	O
qui	O
un	O
cabinet	O
occupe	O
une	O
place	O
de	O
premier	O
plan.	O
De	O
bonne	O
heure,	O
alors	O
qu’il	O
choisit	O
de	O
vivre	O
dans	O
le	O
Vaucluse	U-LOC
,	O
nous	O
voyons	O
son	O
refrain	O
prendre	O
vie	O
:	O
«	O
quittons	O
la	O
ville	O
mais	O
sans	O
intention	O
d’y	O
revenir	O
Pétrarque,	U-MISC
De	O
vita	O
solitaria,	O
II,	U-MISC
xv,	O
3,	O
(éd.	O
G.	O
Martellotti,	U-MISC
1955,	O
p.	O
285-359,	U-LOC
ici	O
p.	O
582	O
;	O
trad.	O
fr.,	O
1999,	O
p.	O
384)	O
;	O
Liebenwein,	U-MISC
1977,	O
p.	O
46.	O
».	B-PER
Tandis	L-PER
qu’il	O
résidait	O
dans	O
sa	O
maison	O
de	O
campagne	O
du	O
Vaucluse,	U-LOC
il	O
écrivit	O
à	O
un	O
ami	O
:	O
«	O
Je	O
passe	O
mon	O
temps	O
ici,	O
sans	O
troubles	O
ni	O
errances,	O
toujours	O
à	O
lire,	O
écrire	O
et	O
louer	O
Dieu	O
Pétrarque,	B-PER
Seniles,	L-PER
15,	O
5	O
(à	O
propos	O
de	O
sa	O
maison),	O
cité	O
in	O
Liebenwein,	U-LOC
1977,	O
p.	O
49.	O
.	O
»	O
Dans	O
son	O
ouvrage	O
rédigé	O
entre	O
1346	O
et	O
1366,	O
De	O
vita	O
solitaria	O
[La	O
Vie	B-MISC
solitaire],	I-MISC
Pétrarque	L-MISC
tissa	O
un	O
fil	O
médiéval	O
de	O
plus	O
dans	O
la	O
riche	O
tapisserie	O
du	O
cabinet	O
renaissant	O
:	O
lieu	O
où	O
l’on	O
se	O
réfugiait	O
pour	O
être	O
seul	O
et	O
où	O
l’on	O
conservait	O
ses	O
objets	O
les	O
plus	O
précieux,	O
le	O
cabinet,	O
avec	O
Pétrarque	U-PER
,	O
devint	O
à	O
la	O
fois	O
un	O
lieu	O
physique	O
et	O
une	O
idée.	O
L’idée	O
était	O
celle	O
de	O
se	O
retirer	O
du	O
monde,	O
et	O
d’étudier	O
au	O
cours	O
de	O
cette	O
retraite	O
–	O
tout	O
cela	O
comme	O
un	O
exercice	O
spirituel.	O
Cette	O
tendance	O
plongeait,	O
elle	O
aussi,	O
de	O
riches	O
racines	O
dans	O
l’Antiquité,	O
ainsi	O
qu’on	O
peut	O
en	O
juger	O
d’après	O
les	O
références	O
de	O
Pline	U-PER
et	O
de	O
Quintilien	U-PER
;	O
un	O
regard,	O
même	O
furtif,	O
sur	O
l’œuvre	O
de	O
penseurs	O
platoniciens	O
tardifs	O
comme	O
Plotin	U-PER
le	O
confirmerait.	O
Mais	O
l’évaluation	O
positive	O
de	O
la	O
contemplation	O
privée	O
n’aurait	O
pu	O
atteindre	O
ce	O
niveau	O
si	O
le	O
monachisme	O
chrétien	O
n’avait	O
élevé	O
le	O
retrait	O
du	O
monde	O
au	O
point	O
d’en	O
faire	O
la	O
forme	O
de	O
conduite	O
la	O
plus	O
haute	O
et	O
la	O
plus	O
digne	O
d’éloges.	O
Pétrarque	U-PER
possédait	O
une	O
étude,	O
qui	O
existe	O
toujours,	O
à	O
Arquà	U-LOC
,	O
dans	O
la	O
maison	O
que	O
lui	O
offrit	O
Francesco	B-PER
Ier	I-PER
da	L-PER
Carrara	O
(de	O
Padoue	U-LOC
)	O
au	O
plus	O
tard	O
en	O
1369	O
:	O
c’est	U-MISC
là,	U-MISC
si	O
l’on	O
en	O
croit	O
le	O
témoignage	O
d’un	O
contemporain,	O
que	O
Pétrarque	U-PER
mourut	O
en	O
1374,	O
affalé	O
sur	O
son	O
Virgile.	U-MISC
La	O
pièce	O
mesurait	O
6,16	O
mètres	O
sur	O
2,18	O
et	O
se	O
trouvait	O
au	O
dernier	O
étage	O
de	O
la	O
maison.	O
Pétrarque	U-PER
l’appelait	O
tantôt	O
sa	O
bibliotheca	O
,	O
tantôt	O
son	O
armariolum	O
(cabinet)	U-PER
;	O
un	O
Pisan	U-MISC
rapporta	O
que,	O
lors	O
d’une	O
visite	O
à	O
Pétrarque	U-PER
,	O
il	O
passa	O
«	O
une	O
journée	O
entière	O
avec	O
[lui]	O
dans	O
son	O
cabinet	O
[…]	O
Liebenwein,	U-MISC
1977,	O
p.	O
49.	O
».	U-LOC
Quel	O
que	O
soit	O
le	O
nom	O
qu’il	O
lui	O
donnât,	O
Pétrarque	U-PER
tenait	O
cet	O
espace	O
privé,	O
réservé	O
à	O
l’étude,	U-MISC
pour	O
un	O
élément	O
crucial	O
de	O
son	O
identité	O
d’intellectuel.	O
Son	O
idéal	O
de	O
solitude	O
était	O
un	O
contretype	O
constant	O
de	O
sa	O
quête	O
de	O
la	O
renommée	O
et	O
portait	O
la	O
marque	O
de	O
la	O
tradition	O
monastique	O
;	O
et	O
son	O
idéal	O
profita	O
de	O
ses	O
retraites,	O
que	O
ce	O
fût,	O
de	O
bonne	O
heure,	O
dans	O
le	O
Vaucluse	U-LOC
ou,	O
plus	O
tard,	O
dans	O
sa	O
maison	O
d’	O
Arquà	U-LOC
.	O
Il	O
recevait	O
de	O
nombreux	O
hôtes	O
dans	O
sa	O
bibliothèque,	O
ce	O
qui	O
était	O
manifestement	O
important	O
pour	O
lui.	O
Comme	O
il	O
nous	O
le	O
dit	O
dans	O
son	O
De	B-MISC
vita	I-MISC
solitaria	L-MISC
,	O
la	O
solitude	O
est	O
essentielle	O
à	O
une	O
vie	O
psychologiquement	O
saine.	O
Toutefois,	U-LOC
il	O
précise	O
:	O
Sans	O
lettres,	O
sans	O
culture,	O
la	O
solitude	O
est	O
un	O
exil,	O
une	O
prison,	O
une	O
torture	O
:	O
mettons-y	O
les	O
lettres,	O
elle	O
devient	O
la	O
patrie,	O
la	O
liberté,	O
la	O
délectation	O
même	O
Pétrarque,	U-LOC
De	O
vita	O
solitaria,	O
I,	U-LOC
iii,	O
19	O
(éd.	O
Bufano,	U-LOC
1975,	O
p.	O
306	O
;	O
trad.	O
fr.	O
1999,	O
p.	O
81).	O
.	O
Dans	O
son	O
oraison	O
funèbre	O
(date	O
incertaine),	O
Bonaventure	B-PER
de	I-PER
Peraga	L-PER
,	O
ermite	O
mort	O
en	O
1389,	O
affirma	O
que	O
Pétrarque	U-PER
présentait	O
parfois,	O
dans	O
son	O
cabinet	O
d’étude,	O
tous	O
les	O
signes	O
de	O
l’extase	O
religieuse	O
Liebenwein,	U-MISC
1977,	O
p.	O
49.	O
.	O
Le	O
cabinet	O
de	O
Pétrarque	U-PER
,	O
les	O
expériences	O
qu’il	O
y	O
faisait	O
et	O
les	O
usages	O
de	O
ce	O
lieu	O
ont	O
valeur	O
d’exemple	O
dans	O
la	O
mesure	O
où	O
ils	O
représentent	O
les	O
aspirations	O
d’une	O
culture	O
d’élite	O
qui	O
commençait	O
tout	O
juste	O
à	O
se	O
former	O
en	O
Italie	U-LOC
.	O
Dans	O
la	O
génération	O
suivante,	O
à	O
l’aube	O
comme	O
au	O
cœur	O
du	O
xv	O
e	O
siècle,	O
on	O
voit	O
se	O
propager	O
cette	O
aspiration	O
à	O
une	O
certaine	O
dose	O
d’intimité	O
et	O
de	O
réflexion.	O
On	O
note	O
la	O
présence	O
de	O
studioli	O
célèbres	O
–	O
comme	O
ceux	O
de	O
Frédéric	B-PER
de	I-PER
Montefeltre	L-PER
(1422-1482)	O
puis	O
d’	O
Isabelle	U-PER
d’Este	O
(1474-1539),	O
grands	O
mécènes	O
–	O
mais	O
aussi	O
de	O
beaucoup	O
d’autres	O
dans	O
des	O
cadres	O
plus	O
modestes,	O
mais	O
non	O
moins	O
importants	O
pour	O
apprécier	O
l’esprit	O
du	O
temps.	O
L’éventail	U-MISC
socio-économique	O
relativement	O
large	O
dans	O
lequel	O
on	O
trouvait	O
des	O
cabinets	O
privés	O
nous	O
indique	O
qu’il	O
faut	O
prendre	O
en	O
considération	O
non	O
seulement	O
la	O
richesse	O
des	O
Italiens	U-LOC
de	O
la	B-MISC
Renaissance	L-MISC
comme	O
«	O
cause	O
permissive	O
»	O
du	O
phénomène,	O
mais	O
aussi	O
leurs	O
façons	O
d’employer	O
leurs	O
richesses	O
Sur	O
la	O
notion	O
de	O
richesse	O
comme	O
«	O
cause	O
permissive	O
»	O
des	O
collections	O
d’œuvres	O
d’art	O
à	O
la	B-LOC
Renaissance,	L-LOC
voir	O
Goldthwaite,	U-LOC
1993.	O
.	O
De	O
la	O
classe	O
des	O
marchands	O
jusqu’au	O
sommet,	O
les	O
occasions	O
s’étaient	O
multipliées,	O
pour	O
un	O
spectre	O
social	O
élargi,	O
d’acquérir	O
des	O
œuvres	O
d’art,	O
de	O
meubler	O
des	O
maisons	O
et	O
de	O
participer	O
au	O
marché	O
de	O
l’art.	B-ORG
Compte	L-ORG
tenu	O
de	O
la	O
diffusion	O
relativement	O
large	O
de	O
ce	O
phénomène	O
culturel,	O
on	O
ne	O
s’étonnera	O
pas	O
qu’il	O
n’y	O
ait	O
jamais	O
eu	O
de	O
forme	O
de	O
cabinet	O
standard.	O
Il	O
y	O
en	O
avait	O
de	O
tout	O
genre.	O
À	O
un	O
niveau,	O
on	O
voit	O
une	O
pièce	O
aménagée	O
à	O
dessein	O
et	O
conçue	O
comme	O
un	O
cabinet	O
dans	O
une	O
demeure	O
d’élite	O
:	O
ainsi	O
dans	O
le	O
plan	O
de	O
palais	O
dessiné	O
par	O
Antonio	B-PER
Sangallo	L-PER
(1484-1546)	O
pour	O
la	O
famille	O
Farnèse	U-PER
à	O
Castro	U-PER
.	O
On	O
peut	O
constater	O
que,	O
même	O
dans	O
une	O
résidence	O
d’élite,	O
la	O
place	O
consacrée	O
au	O
studiolo	O
restait	O
fort	O
modeste.	O
Plus	O
communément,	O
cependant,	O
on	O
n’en	O
trouve	O
pas	O
trace	O
sur	O
les	O
plans	O
:	O
le	O
studiolo	O
pouvait	O
prendre	O
la	O
forme	O
d’un	O
recoin	O
à	O
proximité	O
d’une	O
cage	O
d’escalier	O
;	O
un	O
cabinet	O
à	O
côté	O
d’une	O
salle	O
de	O
bains	O
;	O
un	O
modeste	O
espace	O
jouxtant	O
une	O
chambre	O
à	O
coucher	O
D’une	O
manière	O
générale,	O
voir	O
Thornton,	U-MISC
1997.	O
.	O
Les	O
cabinets	O
en	O
question	O
pouvaient	O
remplir	O
diverses	O
fonctions	O
:	O
conserver	O
les	O
archives	O
familiales	O
ou	O
réunir	O
un	O
petit	O
nombre	O
de	O
livres	O
et	O
d’objets	O
précieux	O
;	O
et	O
assurément,	O
en	O
haut	O
de	O
l’échelle,	U-LOC
c’était	O
un	O
lieu	O
où	O
introduire	O
des	O
hôtes	O
de	O
marque	O
que	O
l’on	O
voulait	O
impressionner	O
en	O
leur	O
faisant	O
savoir	O
que	O
ce	O
lieu	O
était	O
un	O
aspect	O
essentiel	O
de	O
l’identité	O
du	O
maître	O
de	O
céans.	O
Formes,	O
pratiques	O
et	O
usages	O
inspirés	O
par	O
l’humanisme	O
Dans	B-MISC
l’élite	L-MISC
marchande	O
Il	O
était	O
d’usage	O
en	O
Toscane	U-LOC
de	O
conserver	O
ce	O
que	O
les	O
habitants	O
appelaient	O
des	O
ricordanze	O
,	O
des	O
ricordi	O
ou	O
des	O
libri	O
di	O
famiglia	O
–	O
des	O
livres	O
de	O
famille	O
dans	O
lesquels	O
on	O
consignait	O
les	O
événements	O
marquants	O
:	O
naissances,	O
morts,	O
relations	O
d’affaires	O
et	O
ainsi	O
de	O
suite	O
Pour	O
une	O
introduction,	O
voir	O
Connell,	U-MISC
1990,	O
p.	O
279-292	O
;	O
pour	O
une	O
recherche	O
en	O
cours,	O
voir	O
http	O
://www.bilf.uniroma2.it/exist/bilf/default.htm	O
.	O
Ces	O
journaux	O
de	O
la	O
famille	O
élargie	O
étaient	O
conservés	O
dans	O
le	O
cabinet	O
du	O
marchand,	O
tout	O
comme	O
ses	O
livres	O
de	O
comptes.	O
Parfois	O
même	O
s’y	O
ajoutait	O
un	O
choix	O
de	O
livres,	O
ainsi	O
que	O
cela	O
ressort	O
clairement	O
de	O
l’inventaire,	O
dressé	O
en	O
1424,	O
du	O
palais	O
de	O
la	O
famille	O
Uzzano	U-PER
à	O
Florence	U-LOC
Édité	O
in	O
Bombe,	O
1928	O
;	O
voir	O
aussi	O
Thornton,	U-MISC
1997,	O
p.	O
209,	O
et	O
Liebenwein,	U-MISC
1977,	O
p.	O
58-60.	O
.	O
Après	O
la	O
disparition	O
de	O
son	O
frère	O
Angelo	U-PER
,	O
Niccolò	B-PER
da	I-PER
Uzzano	L-PER
avait	O
fait	O
dresser	O
l’inventaire	O
du	O
palais	O
familial,	O
via	O
de’Bardi.	O
Niccolò	U-LOC
mourut	O
en	O
1433	O
;	O
Machiavel	U-PER
devait	O
plus	O
tard	O
l’immortaliser	O
dans	O
ses	O
Histoires	B-MISC
florentines	I-MISC
sous	I-MISC
les	I-MISC
traits	I-MISC
d’un	I-MISC
conservateur	I-MISC
opposé	L-MISC
à	O
la	O
vague	O
d’expansionnisme	O
florentin	O
en	O
Toscane	U-LOC
et,	O
prudemment,	O
hostile	O
à	O
l’ascension	O
des	O
Médicis	B-PER
Machiavel,	L-PER
Istorie	O
fiorentine,	O
chap.	O
24	O
et	O
29	O
(trad.	O
fr.	O
1952).	O
.	O
Sa	O
famille	O
pesait	O
d’un	O
certain	O
poids	O
dans	O
l’élite	O
marchande	O
qui	O
dirigeait	O
Florence	U-LOC
,	O
et	O
le	O
contenu	O
du	O
studio	O
du	O
palais	O
de	O
la	O
famille	O
Uzzano	U-PER
indique	O
quelles	O
étaient	O
les	O
priorités	O
de	O
l’élite	O
en	O
matière	O
de	O
collection.	O
Que	O
contenait	O
donc	O
le	O
cabinet	O
de	O
Niccolò	U-LOC
?	O
L’inventaire	U-LOC
fait	O
apparaître	O
divers	O
articles	O
:	O
un	O
tableau	O
de	O
la	O
Madone	U-LOC
;	O
un	O
récipient	O
pour	O
garder	O
les	O
clés	O
des	O
diverses	O
parties	O
de	O
la	O
maison	O
;	O
«	O
un	O
certain	O
nombre	O
de	O
livres	O
en	O
vernaculaire	O
»,	U-PER
dont	O
«	O
une	O
copie	O
de	O
Lucien	U-PER
sur	O
papier	O
»,	U-MISC
«	O
un	O
livre	O
de	O
saint	B-PER
Jérôme	L-PER
sur	O
parchemin	O
»,	O
«	O
un	O
livre	O
des	O
Lettres	B-MISC
de	I-MISC
Sénèque	L-MISC
sur	O
parchemin	O
»,	O
un	O
exemplaire	O
de	O
Dante	U-PER
,	O
le	O
Trésor	B-LOC
de	I-LOC
Brunetto	I-LOC
Latini,	L-LOC
un	O
livre	O
da	O
fare	O
ragioni	O
(probablement	O
un	O
manuel	O
pour	O
abaque),	O
un	O
livre	O
«	O
en	O
français	O
»	O
de	O
nature	O
non	O
précisée	O
;	O
un	O
sablier,	O
une	O
autre	O
horloge	O
;	O
«	O
un	O
livre	O
de	O
tous	O
les	O
Priori	U-LOC
Le	O
terme	O
de	O
Priori	U-PER
désigne	O
les	O
dirigeants	O
issus	O
des	O
hautes	O
sphères	O
des	O
citoyens	O
florentins,	O
tirés	O
au	O
sort	O
et	O
vivant	O
ensemble	O
au	O
Palazzo	B-LOC
pubblico	L-LOC
pour	O
des	O
mandats	O
de	O
deux	O
mois.	O
depuis	O
1282	O
sur	O
parchemin	O
»	O
;	O
de	O
la	O
thériaque	O
(électuaire	O
contre	O
la	O
morsure	O
de	O
certains	O
animaux)	O
;	O
divers	O
autres	O
paquets,	O
notamment	O
des	O
chandelles	O
;	O
«	O
bon	O
nombre	O
d’autres	O
livres,	O
lettres	O
et	O
écrits	O
se	O
rapportant	O
à	O
nos	O
faits	O
et	O
gestes	O
et	O
à	O
ceux	O
des	O
autres	O
de	O
diverses	O
époques	O
»	O
;	O
des	O
ustensiles	O
et	O
un	O
certain	O
nombre	O
de	O
boîtes	O
en	O
bois	B-LOC
Bombe,	L-LOC
1928,	O
p.	O
16.	U-LOC
.	O
Cet	O
aperçu	O
des	O
goûts	O
de	O
l’élite	O
marchande	O
à	O
l’aube	O
du	O
xv	O
e	O
siècle	O
est	O
très	O
révélateur.	O
Pour	O
commencer,	O
la	O
sensibilité	O
littéraire	O
est	O
au	O
vernaculaire	O
;	O
la	O
mode	O
est	O
au	O
classicisme	O
et	O
trahit	O
une	O
tendance	O
à	O
une	O
philosophie	O
morale	O
aisément	O
appréciable.	O
Les	B-MISC
amusements	I-MISC
de	L-MISC
Lucien	U-PER
,	O
la	O
gravitas	O
stoïcienne	O
et	O
classicisante	O
de	O
Sénèque	U-PER
,	O
la	O
même	O
éthique	O
centrée	O
sur	O
les	O
vertus	O
transposée	O
dans	O
la	O
langue	O
de	O
l’Antiquité	O
tardive	O
telle	O
qu’on	O
la	O
trouve	O
chez	O
Jérôme	U-PER
:	O
tout	O
témoigne	O
d’un	O
ensemble	O
commun	O
d’aspirations	O
influencées	O
par	O
l’humanisme	O
et	O
traduites	O
en	O
vernaculaire	O
à	O
l’intention	O
d’une	O
élite	O
qui	O
encourageait,	O
payait	O
et	O
attendait	O
impatiemment	O
les	O
toutes	O
dernières	O
nouvelles	O
du	O
front	O
de	O
la	O
science	O
humaniste	O
Pour	B-MISC
des	I-MISC
études	I-MISC
sur	I-MISC
la	I-MISC
traduction	I-MISC
culturelle	L-MISC
de	O
l’humanisme,	O
voir	O
Hankins,	U-LOC
2006,	O
chap.	O
1	O
;	O
pour	O
le	O
regard	O
des	O
humanistes	O
sur	O
Lucien,	U-LOC
voir	O
Marsh,	U-LOC
1998.	O
.	O
Malgré	O
les	O
impératifs	O
culturels	O
des	O
humanistes	O
contemporains,	O
voués	O
à	O
une	O
culture	O
littéraire	O
essentiellement	O
latine,	O
le	O
marchand	O
moyen	O
préférait	O
les	O
textes	O
traduits	O
en	O
vernaculaire.	O
Conscients	B-MISC
de	I-MISC
cette	I-MISC
disjonction,	I-MISC
les	I-MISC
humanistes	L-MISC
eux-mêmes	O
encourageaient	O
souvent	O
les	O
traductions	O
pour	O
le	O
grand	O
public,	O
et	O
l’inventaire	O
Uzzano	U-MISC
montre	O
que	O
leurs	O
impératifs	O
se	O
concrétisaient	O
au	O
sein	O
de	O
leur	O
public	O
élargi.	O
Dante	U-PER
(1265-1321)	O
était	O
devenu	O
un	O
classique	O
contemporain,	O
de	O
même	O
que	O
l’œuvre	O
de	O
son	O
maître,	O
Latini	U-LOC
(v.	O
1220-v.	O
1295)	O
;	O
et	O
la	O
nécessité	O
d’une	O
histoire	O
politique	O
rapportant	O
«	O
tous	O
les	O
Priori	U-LOC
depuis	O
1282	O
»	O
en	O
dit	O
long	O
sur	O
le	O
niveau	O
perçu	O
d’émancipation	O
politique	O
par	O
les	O
marchands	O
florentins	O
:	O
on	O
pouvait	O
les	O
appeler,	O
dans	O
une	O
réunion	O
publique,	O
à	O
défendre	O
une	O
position	O
en	O
se	O
référant	O
à	O
l’histoire	O
florentine	O
;	O
aussi	O
leur	O
semblait-il	O
essentiel	O
d’avoir	O
sous	O
la	O
main	O
une	O
liste	O
des	O
Priori	U-LOC
.	O
Quant	O
aux	O
«	O
lettres	O
et	O
écrits	O
se	O
rapportant	O
à	O
nos	O
faits	O
et	O
gestes	O
»,	U-PER
ils	O
indiquent	O
clairement	O
combien	O
le	O
marchand	O
florentin	O
se	O
souciait	O
des	O
fortunes	O
de	O
sa	O
famille,	O
de	O
génération	O
en	O
génération.	O
C’était	U-ORG
encore	O
là,	U-MISC
dans	O
son	O
cabinet,	O
qu’un	O
marchand	O
du	O
xv	O
e	O
siècle	O
pouvait	O
accueillir	O
ses	O
partenaires	O
en	O
affaires,	O
surveiller	O
les	O
livraisons	O
et,	U-MISC
parfois,	O
se	O
retirer	O
seul	O
avec	O
ses	O
pensées,	O
ses	O
espoirs	O
et	O
ses	O
comptes	O
privés.	O
Maints	B-MISC
inventaires	L-MISC
qui	O
nous	O
sont	O
parvenus	O
de	O
Florence	U-LOC
et	O
de	O
Venise	U-LOC
nous	O
apprennent	O
qu’un	O
marchand	O
pouvait	O
avoir	O
une	O
image	O
pieuse	O
dans	O
son	O
studiolo	O
en	O
sus	O
du	O
nécessaire	O
pour	O
lire	O
et	O
écrire	O
:	O
un	O
bureau	O
en	O
bois	O
ainsi	O
que	O
des	O
meubles	O
à	O
tiroirs	O
pour	O
ranger	O
les	O
documents,	O
ornés	O
d’intarsia	O
(marqueteries).	O
Au-delà	B-MISC
de	I-MISC
la	I-MISC
catégorie	I-MISC
des	I-MISC
marchands,	I-MISC
nous	I-MISC
avons	I-MISC
connaissance	I-MISC
d’autres	I-MISC
professionnels	I-MISC
urbains	L-MISC
qui	O
avaient	O
des	O
cabinets.	O
Par	O
exemple,	O
le	O
docteur	O
Bartolo	B-PER
di	I-PER
Tura	L-PER
,	O
de	O
Sienne	U-LOC
,	O
avait	O
un	O
bureau	O
pourvu	O
d’un	O
«	O
lutrin	O
pivotant	O
à	O
deux	O
faces,	O
permettant	O
de	O
comparer	O
deux	O
textes	O
ou	O
commentaires	O
à	O
la	O
fois	O
Thornton,	U-MISC
1997,	O
p.	O
82,	O
citant	O
l’inventaire	O
de	O
Tura	U-MISC
de	O
1483,	O
et	O
p.	O
209	O
pour	O
la	O
bibliographie.	O
«	O
.	O
Il	O
possédait	O
aussi	O
des	O
mortiers	O
de	O
tailles	O
différentes	O
«	O
pour	O
broyer	O
des	O
médicaments	O
»	O
et	O
«	O
faire	O
des	O
comprimés	O
»,	U-PER
ainsi	O
qu’une	O
balance	O
et	O
une	O
bibliothèque	O
de	O
plus	O
de	O
cent	O
vingt	O
volumes	O
Thornton,	U-MISC
1997,	O
p.	O
82.	O
.	O
Bref,	U-PER
l’aménagement	O
d’un	O
studiolo	O
était	O
courant	O
pour	O
les	O
citadins	O
des	O
classes	O
moyennes	O
et	O
supérieures.	O
Même	B-MISC
si,	I-MISC
souvent,	I-MISC
cette	I-MISC
variété	I-MISC
plus	I-MISC
modeste	I-MISC
de	I-MISC
studiolo	L-MISC
ne	O
figurait	O
pas	O
sur	O
les	O
plans	O
des	O
architectes,	O
le	O
besoin	O
d’un	O
espace	O
privé	O
était	O
assez	O
fort	O
pour	O
que	O
nous	O
puissions	O
supposer	O
leur	O
présence	O
dans	O
bon	O
nombre	O
de	O
foyers.	O
Des	O
studioli	O
de	O
femmes	O
Alors	O
que	O
la	O
possession	O
d’un	O
studiolo	O
restait	O
largement	O
l’apanage	O
des	O
hommes,	O
les	O
femmes	O
avaient,	O
elles	O
aussi,	O
des	O
espaces	O
privés.	O
Le	B-MISC
plus	I-MISC
souvent,	I-MISC
il	I-MISC
s’agissait	L-MISC
de	O
«	O
cabinets	O
»	O
(gabinetti).	O
Ceux-ci	O
permettaient	O
aux	O
femmes	O
d’avoir	O
des	O
lieux	O
intimes,	O
mais	O
les	O
témoignages	O
littéraires	O
ou	O
picturaux	O
contemporains	O
nous	O
montrent	O
que	O
la	O
possibilité	O
d’une	O
lecture	O
méditative	O
–	O
élément	O
essentiel	O
du	O
studiolo	O
en	O
tant	O
que	O
tel	O
–	O
n’était	O
pas	O
considérée	O
comme	O
un	O
attribut	O
central	O
des	O
«	O
cabinets	O
»	O
féminins.	O
Pour	O
les	O
contemporains	O
de	O
la	B-MISC
Renaissance,	L-MISC
un	O
«	O
cabinet	O
»	O
féminin	O
était	O
apparemment	O
un	O
endroit	O
où	O
une	O
femme	O
pouvait	O
aller	O
méditer	O
les	O
vertus,	O
songer	O
à	O
la	O
passion	O
du	O
Seigneur	B-MISC
et,	L-MISC
d’une	O
manière	O
générale,	O
se	O
préparer	O
à	O
des	O
rôles	O
qui,	O
à	O
cinq	O
siècles	O
de	O
là,	U-MISC
paraissent	O
terriblement	O
restrictifs.	O
Nous	O
connaissons	O
cependant	O
un	O
certain	O
nombre	O
de	O
femmes	O
remarquables,	O
de	O
l’élite,	U-PER
qui	O
avaient	O
constitué	O
de	O
véritables	O
studioli	O
:	O
des	O
espaces	O
privés	O
dont	O
le	O
but	O
premier	O
était,	O
en	O
principe,	O
de	O
leur	O
permettre	O
d’étudier.	O
En	O
1466,	O
Ippolita	B-PER
Sforza	L-PER
(1481-1520)	O
écrivit	O
à	O
sa	O
mère,	O
lui	O
demandant	O
des	O
portraits	O
de	O
famille	O
pour	O
décorer	O
son	O
cabinet	O
;	O
Aloysia	B-PER
Gonzaga	I-PER
Castiglione	L-PER
avait	O
le	O
sien,	O
elle	O
aussi	O
:	O
son	O
fils,	O
Baldassare	B-PER
Castiglione	L-PER
(1478-1529),	O
lui	O
écrivit	O
dans	O
l’espoir	O
qu’elle	O
pourrait	O
y	O
mettre	O
ses	O
antiquités	O
en	O
sécurité,	O
«	O
où	O
elles	O
ne	O
seront	O
point	O
enfumées	O
ni	O
vues	O
de	O
quiconque	O
Thornton,	U-ORG
1997,	O
p.	O
92,	O
citant	O
Castiglione,	B-ORG
Lettere,	L-ORG
vol.	O
1,	O
p.	O
665.	O
».	U-LOC
Son	O
studiolo	O
,	O
suggérait-il,	O
serait	O
le	O
lieu	O
approprié.	O
Le	O
même	O
Baldassare	U-PER
,	O
à	O
la	O
fin	O
du	O
troisième	O
livre	O
de	O
son	O
chef-d’œuvre,	O
Il	O
cortegiano	O
[Le	O
Courtisan],	U-PER
raconte	O
qu’	O
Elisabetta	B-PER
Gonzaga	L-PER
,	O
dont	O
le	O
rôle	O
de	O
surintendante	O
dans	O
cet	O
ouvrage	O
est	O
bien	O
connu,	O
«	O
se	O
retira	O
dans	O
sa	O
chambre	O
la	O
plus	O
secrète	O
[	O
si	O
ritrasse	O
nella	O
stanza	O
sua	O
più	O
secreta	O
]	O
».	B-MISC
Enfin,	L-MISC
dans	O
le	O
monde	O
des	O
élites,	O
les	O
deux	O
studioli	O
de	O
l’incomparable	O
Isabelle	O
d’Este	O
excitèrent	O
l’admiration	O
des	O
contemporains,	O
alors	O
même	O
qu’ils	O
la	O
plaçaient	O
à	O
l’avant-garde	O
de	O
la	O
culture	O
naissante	O
de	O
la	O
collection	O
au	O
xvi	O
e	O
siècle	O
Voir	B-LOC
Campbell,	L-LOC
2006.	O
.	O
L’apanage	U-ORG
d’un	O
homme	O
de	O
pouvoir	O
Si	U-MISC
les	O
studioli	O
des	O
professionnels	O
citadins	O
étaient	O
parfois	O
à	O
peine	O
plus	O
qu’un	O
espace	O
équipé	O
du	O
minimum	O
pour	O
lire	O
et	O
écrire,	O
certains	O
studioli	O
de	O
l’élite	O
paraissent	O
représenter	O
pour	O
tous	O
les	O
temps	O
les	O
idéaux,	O
les	O
aspirations	O
et	O
les	O
contradictions	O
de	O
la	O
culture	O
renaissante	O
dans	O
toute	O
sa	O
gloire	O
inquiète.	O
Un	O
studiolo	O
de	O
ce	O
genre	O
est	O
celui	O
de	O
Frédéric	B-PER
de	I-PER
Montefeltre	L-PER
,	O
dans	O
le	O
palais	O
ducal	O
d’	O
Urbin	U-PER
.	O
Qui	O
visite	O
le	O
studiolo	O
de	O
Frédéric	U-PER
est	O
aussitôt	O
frappé	O
par	O
l’impression	O
paradoxale	O
et	O
simultanée	O
d’exiguïté	O
et	O
de	O
monumentalité,	O
d’intimité	O
et	O
d’ouverture	O
Sur	B-MISC
Frédéric,	L-MISC
je	O
me	O
suis	O
appuyé	O
sur	O
Liebenwein,	U-MISC
1977,	O
p.	O
83-99.	O
Voir	O
aussi	O
Lauts	U-PER
et	O
Herzner,	B-MISC
2001	L-MISC
;	O
Rotondi,	U-LOC
1950	O
;	O
Tommasoli,	U-ORG
1978	O
;	O
Clough,	U-MISC
1981,	O
et	O
1995,	O
p.	O
19-50	O
;	O
Cerboni	B-PER
Baiardi	L-PER
et	O
al.,	O
1986	O
;	O
Franceschini,	U-MISC
1970,	O
p.	O
431-544	O
;	O
Cheles,	U-MISC
1986	O
;	O
Arasse,	U-LOC
1997,	O
p.	O
17-30	O
;	O
et	O
diverses	O
études	O
in	O
Fiore,	B-MISC
2004.	L-MISC
.	O
Le	O
studiolo	O
se	O
dispose	O
sur	O
deux	O
niveaux	O
:	O
en	O
bas,	O
les	O
murs	O
sont	O
ornés	O
de	O
marqueteries	O
(intarsia)	U-MISC
;	O
en	O
haut	O
trône	O
une	O
série	O
de	O
portraits.	O
Les	O
deux	O
niveaux	O
nous	O
donnent	O
une	O
idée	O
de	O
la	O
façon	O
dont	O
ce	O
prince	O
de	O
la	O
Renaissance	O
concevait	O
le	O
rôle	O
de	O
son	O
studiolo	O
par	O
rapport	O
à	O
son	O
propre	O
rôle.	O
Vue	O
du	O
studiolo	O
du	O
duc	O
Frédéric	B-PER
de	I-PER
Montefeltre,	L-PER
xv	O
e	O
siècle,	O
Urbin,	U-PER
palais	O
ducal.	O
Les	O
panneaux	O
de	O
bois	O
sont	O
de	O
Baccio	B-PER
Pontelli	L-PER
et	O
les	O
portraits	O
de	O
philosophes	O
de	O
Pedro	B-PER
Berruguete	L-PER
et	O
Juste	B-ORG
de	I-ORG
Gand.	L-ORG
Le	O
portrait	O
de	O
profil	O
de	O
Frédéric	U-PER
,	O
avec	O
son	O
nez	O
taillé	O
à	O
la	O
serpe,	O
est	O
bien	O
connu	O
pour	O
être	O
l’un	O
des	O
chefs-d’œuvre	O
de	O
Piero	B-PER
della	I-PER
Francesca	L-PER
;	O
de	O
fait,	O
le	O
visage	O
imposant	O
de	O
Frédéric	U-PER
est	O
ainsi	O
placé	O
que	O
le	O
spectateur	O
le	O
voit	O
surplomber	O
–	O
dominer	O
–	O
un	O
paysage	O
lointain	O
peint	O
avec	O
élégance	O
;	O
il	O
reste	O
une	O
des	O
images	O
emblématiques	O
de	O
la	O
peinture	O
du	O
Quattrocento.	B-MISC
Frédéric	L-MISC
montre	O
son	O
bon	O
profil	O
au	O
spectateur	O
;	O
le	O
côté	O
droit,	O
avec	O
sa	O
balafre,	O
son	O
œil	O
manquant	O
et	O
l’arête	O
du	O
nez,	O
n’eût	U-MISC
guère	O
présenté	O
au	O
monde	O
l’image	O
qu’il	O
souhaitait	O
lui	O
offrir.	O
Pour	B-MISC
nous,	I-MISC
cependant,	I-MISC
les	I-MISC
cicatrices	I-MISC
manquantes	L-MISC
sont	O
tout	O
aussi	O
révélatrices	O
de	O
l’homme	O
qu’il	O
était.	O
Il	O
fit	O
fortune	O
en	O
tant	O
que	O
condottiere	O
,	O
c’est-à-dire	O
en	O
se	O
battant	O
pour	O
de	O
l’argent	O
;	O
enfant	O
illégitime,	O
il	O
s’éleva	O
par	O
les	O
armes	O
à	O
une	O
position	O
de	O
puissance	O
et	O
de	O
domination	O
dans	O
les	B-MISC
Marches	L-MISC
italiennes.	O
Arrivé	O
au	O
faîte	O
du	O
pouvoir	O
et	O
de	O
la	O
réussite	O
financière,	O
il	O
entreprit	O
de	O
créer	O
une	O
cour	O
foisonnante	O
qui	O
vit	O
passer	O
nombre	O
des	O
génies	O
créateurs	O
du	O
xv	O
e	O
siècle.	O
Sa	O
bibliothèque	O
renommée,	O
la	O
deuxième	O
après	O
les	O
collections	O
du	O
Vatican	U-LOC
,	O
occupa	O
des	O
mois	O
durant	O
l’atelier	O
du	O
libraire	O
et	O
biographe	O
Vespasiano	B-PER
da	I-PER
Bisticci	L-PER
,	O
Frédéric	U-PER
ayant	O
commandé	O
de	O
nouvelles	O
versions	O
manuscrites	O
de	O
textes	O
antiques,	O
médiévaux	O
et	O
modernes	O
Sur	O
la	O
bibliothèque,	O
voir	O
Peruzzi,	B-MISC
2004.	L-MISC
.	O
Son	O
studiolo	O
mobilisa	O
aussi	O
les	O
attentions	O
de	O
chefs	O
de	O
file	O
du	O
monde	O
de	O
la	O
culture.	O
Dans	O
sa	O
célèbre	O
collection	O
de	O
biographies	O
de	O
personnages	O
du	O
xv	O
e	O
siècle,	O
le	O
même	O
Vespasiano	B-PER
da	I-PER
Bisticci	L-PER
multiplie	O
les	O
notations	O
sur	O
la	O
façon	O
dont	O
les	O
attentions	O
de	O
Frédéric	U-PER
envers	O
la	O
culture	O
étaient	O
perçues	O
à	O
son	O
époque,	O
même	O
si,	O
comme	O
toujours,	O
il	O
faut	O
se	O
garder	O
d’en	O
demander	O
trop	O
à	O
la	O
biographie	O
d’un	O
admirateur.	O
Après	O
avoir	O
raconté	O
par	O
le	O
menu	O
le	O
soin	O
que	O
mit	O
Frédéric	U-PER
à	O
rassembler	O
sa	O
bibliothèque,	O
Vespasiano	U-ORG
écrit	O
qu’il	O
envoya	O
chercher	O
dans	O
les	O
Flandres	U-LOC
un	O
des	O
meilleurs	O
peintres	O
de	O
son	O
temps	O
pour	O
décorer	O
sa	O
cour.	O
Il	O
ne	O
nous	O
précise	O
pas	O
son	O
nom,	O
mais	O
nous	O
savons	O
qu’il	O
s’agissait	O
de	O
Juste	B-PER
de	I-PER
Gand	L-PER
,	O
peut-être	O
assisté	O
d’autres	O
artistes.	O
À	O
propos	O
de	O
Frédéric	U-PER
,	O
Vespasiano	U-PER
poursuit	O
:	O
Il	O
l’avait	O
fait	O
venir	O
à	O
Urbin	U-PER
,	O
où	O
[il]	O
le	O
laissa	O
achever	O
un	O
certain	O
nombre	O
de	O
grandes	O
peintures	O
de	O
sa	O
main,	O
notamment	O
dans	O
son	O
studiolo	O
.	O
Federico	U-PER
le	O
chargea	O
de	O
peindre	O
dans	O
cette	O
pièce	O
des	O
philosophes,	O
des	O
poètes	O
et	O
tous	O
les	O
pères	O
de	O
l’Église	O
tant	O
grecs	O
que	O
latins.	O
Ces	O
figures	O
étaient	O
peintes	O
avec	O
un	O
art	O
merveilleux,	O
et	O
le	O
maître	O
peignit	O
aussi	O
Sa	O
Seigneurie	U-LOC
si	O
bien	O
qu’il	O
ne	O
lui	O
manquait	O
que	O
la	O
respiration	O
Vespasiano	B-PER
da	I-PER
Bisticci,	L-PER
Le	O
vite,	O
vol.	O
1,	O
p.	O
384.	U-MISC
.	O
Les	O
figures	O
du	O
studiolo	O
auxquelles	O
Vespasiano	U-PER
fait	O
allusion	O
ornent	O
la	O
moitié	O
supérieure	O
de	O
la	O
pièce,	O
et	O
il	O
vaut	O
la	O
peine	O
de	O
les	O
examiner	O
en	O
détail	O
avec	O
les	O
marqueteries	O
remarquablement	O
exécutées	O
de	O
la	O
moitié	O
inférieure.	O
Considérés	U-PER
dans	O
leur	O
ensemble,	O
ces	O
monuments	O
artistiques	O
font	O
apparaître	O
les	O
aspirations	O
d’un	O
prince	O
tout	O
aussi	O
soucieux	O
d’être	O
réputé	O
pour	O
sa	O
science	O
que	O
de	O
l’être	O
pour	O
ses	O
prouesses	O
militaires.	O
Quelle	O
impression	O
en	O
retirait	O
le	O
spectateur	O
au	O
moment	O
de	O
pénétrer	O
dans	O
le	O
studiolo	O
de	O
Frédéric	U-PER
?	O
Pour	O
commencer,	O
on	O
ne	O
pouvait	O
manquer	O
d’être	O
frappé	O
par	O
sa	O
place	O
dans	O
le	O
magnifique	O
palazzo	O
ducale	O
d’	O
Urbin	U-PER
.	O
S’inspirant	O
peut-être	O
de	O
la	O
description	O
que	O
Pline	U-PER
donnait	O
de	O
sa	O
villa	O
Laurentinum	U-LOC
et	O
certainement	O
influencé	O
par	O
la	O
tradition	O
récente,	O
Frédéric	U-PER
avait	O
fait	O
dessiner	O
son	O
appartamento	O
de	O
telle	O
façon	O
que	O
son	O
studiolo	O
se	O
trouvât	O
dans	O
le	O
coin	O
le	O
plus	O
isolé,	O
dans	O
un	O
endroit	O
propice	O
à	O
la	O
méditation.	O
La	O
pièce	O
elle-même	O
mesure	O
à	O
peu	O
près	O
3,5	O
mètres	O
sur	O
3,5	O
et	O
5	O
mètres	O
de	O
hauteur,	O
et	O
l’on	O
est	O
aussitôt	O
impressionné	O
par	O
le	O
magnifique	O
trompe-l’œil	B-MISC
du	I-MISC
travail	I-MISC
de	I-MISC
marqueterie	L-MISC
qui	O
fait	O
le	O
tour	O
de	O
la	O
pièce,	O
commençant	O
au	O
niveau	O
du	O
sol	O
pour	O
s’élever	O
un	O
peu	O
au-dessus	O
du	O
niveau	O
de	O
l’œil,	O
ou	O
comme	O
l’écrivit	O
un	O
observateur	O
à	O
la	O
fin	O
du	O
xvi	O
e	O
siècle,	O
Bernardino	B-PER
Baldi	L-PER
(1553-1616),	O
«	O
à	O
hauteur	O
d’homme,	U-LOC
ou	O
un	O
peu	O
plus	O
Baldi,	B-LOC
Memorie,	L-LOC
p.	O
57,	O
cité	O
in	O
Cheles,	U-MISC
1986,	O
p.	O
16.	O
».	U-PER
L’illusion	O
de	O
profondeur	O
est	O
partout.	O
Sur	O
la	O
paroi	O
ouest,	O
l’œil	U-MISC
rencontre	O
un	O
cabinet	O
apparemment	O
ouvert,	O
révélant	O
une	O
partition,	O
un	O
portrait	O
en	O
forme	O
de	O
muse	O
d’une	O
vertu	O
théologale,	O
la	O
Charité,	U-MISC
un	O
perroquet	O
dans	O
sa	O
cage,	O
une	O
hermine	O
(symbole	O
de	O
l’un	O
des	O
ordres	O
auxquels	O
appartenait	O
Frédéric	U-PER
),	O
ainsi	O
que	O
des	O
fausses	O
corniches	O
et	O
des	O
étagères	O
où	O
reposent	O
des	O
livres	O
dont	O
les	O
pages	O
semblent	O
s’ouvrir	O
devant	O
le	O
spectateur.	O
La	O
paroi	O
nord	O
offre	O
davantage	O
:	O
là	O
encore,	O
des	O
cabinets	O
«	O
ouverts	O
»	O
qui	O
laissent	O
voir	O
des	O
livres	O
;	O
une	O
épée	O
déposée	O
comme	O
par	O
hasard,	O
appuyée	O
sur	O
le	O
sol,	O
histoire	O
de	O
rappeler	O
au	O
visiteur	O
(qui	O
devait	O
être	O
souvent	O
le	O
duc	O
lui-même,	O
seul)	O
que	O
le	O
propriétaire	O
du	O
studiolo	O
(si	O
savant	O
qu’il	O
fût)	O
n’en	O
maniait	O
pas	O
moins	O
les	O
armes	O
;	O
des	O
instruments	O
de	O
musique	O
sur	O
les	O
corniches	O
(un	O
luth,	O
des	O
percussions,	O
un	O
clavier)	O
;	O
un	O
autre	O
portrait	O
de	O
vertu	O
–	O
l’Espérance	O
cette	O
fois	O
;	O
un	O
sablier	O
;	O
et	O
–	O
c’est	U-MISC
là	O
le	O
plus	O
frappant	O
–	O
un	O
portrait	O
de	O
Frédéric	U-PER
lui-même,	O
montrant	O
son	O
profil	O
gauche,	O
les	O
plis	O
de	O
son	O
vêtement	O
mettant	O
élégamment	O
en	O
relief	O
la	O
draperie	O
qui	O
l’entoure	O
et	O
qui,	O
écartée,	O
sert	O
de	O
cadre	O
intérieur	O
à	O
son	O
propre	O
portrait.	O
Le	O
trompe-l’œil	O
de	O
la	O
paroi	O
offre	O
encore	O
un	O
rappel	O
de	O
la	O
profession	O
de	O
maestro	O
delle	O
armi	O
qui	O
était	O
celle	O
de	O
Frédéric	U-PER
.	O
Dans	O
un	O
autre	O
cabinet	O
«	O
ouvert	O
»,	U-PER
on	O
voit	O
son	O
armure	O
:	O
le	O
plastron,	O
les	O
jambarts	O
et	O
divers	O
éléments	O
bien	O
suspendus	O
à	O
des	O
crochets,	O
tandis	O
que	O
le	O
casque	O
repose	O
sur	O
le	O
sol.	O
Puis,	U-LOC
toujours	O
sur	O
la	O
paroi	O
est,	O
les	O
intarsie	O
ouvrent	O
sur	O
le	O
monde	O
extérieur	O
:	O
une	O
coupe	O
de	O
fruits	O
et	O
un	O
écureuil	O
au	O
premier	O
plan	O
nous	O
invitent	O
à	O
regarder	O
dehors	O
tandis	O
qu’à	O
travers	O
une	O
arche,	O
et	O
tout	O
autour,	O
nous	O
voyons	O
un	O
paysage.	O
L’autre	B-ORG
grande	L-ORG
section	O
de	O
la	O
paroi	O
renforce	O
le	O
lien	O
répété	O
avec	O
les	O
livres,	O
avec	O
son	O
pupitre	O
chargé	O
d’ouvrages,	O
tandis	O
que	O
des	O
volumes,	O
au-dessous	O
et	O
à	O
l’entour,	O
attendent	O
d’être	O
consultés.	O
La	O
paroi	O
sud	O
nous	O
rappelle	O
une	O
fois	O
de	O
plus	O
combien	O
la	O
musique	O
était	O
un	O
art	O
libéral	O
important	O
:	O
l’une	O
des	O
«	O
ouvertures	O
»	O
laisse	O
en	O
effet	O
paraître	O
un	O
orgue	O
(sur	O
lequel	O
est	O
écrit	O
«	O
Iuhani	B-PER
Castellano	I-PER
»,	L-PER
Giovanni	B-PER
Castellano	L-PER
,	O
facteur	O
d’orgues	O
célèbre	O
Cheles,	U-MISC
1986,	O
p.	O
83-84.	O
)	O
;	O
juste	O
à	O
côté	O
figurent	O
des	O
instruments	O
d’astronomie,	O
puis	O
la	O
représentation	O
de	O
la	O
troisième	O
vertu	O
théologale,	O
la	O
Foi.	U-ORG
Piero	B-PER
della	I-PER
Francesca,	L-PER
Portrait	O
de	O
Frédéric	B-PER
de	I-PER
Montefeltre,	L-PER
xv	O
e	O
siècle,	O
peinture	O
a	O
tempera	O
sur	O
panneau,	O
45,5	O
x	O
33	O
cm,	O
Florence,	U-PER
les	O
Offices.	U-MISC
Ensuite,	O
on	O
ne	O
pouvait	O
manquer	O
de	O
lever	O
les	O
yeux	O
vers	O
les	O
vingt-huit	O
portraits	O
de	O
Juste	B-PER
de	I-PER
Gand	L-PER
qui	O
décoraient	O
initialement	O
la	O
moitié	O
supérieure	O
de	O
la	O
pièce,	O
sur	O
deux	O
rangées	O
(de	O
nos	O
jours,	O
la	O
moitié	O
d’entre	O
eux	O
se	O
trouvent	O
au	O
Louvre).	B-LOC
Considérés	L-LOC
dans	O
leur	O
ensemble,	O
eux	O
aussi	O
expriment	O
un	O
mélange	O
notable	O
d’intérêts	O
en	O
représentant	O
des	O
préoccupations	O
antiques	O
et	O
modernes,	O
la	O
vie	O
active	O
et	O
la	O
vie	O
contemplative,	O
le	O
profane	O
et	O
le	O
sacré.	O
Les	B-MISC
figures	L-MISC
vont	O
par	O
paire	O
:	O
au	O
mur	O
nord,	O
en	O
commençant	O
par	O
le	O
haut,	O
on	O
reconnaît	O
Platon	U-PER
et	O
Aristote	U-PER
,	O
puis	O
Ptolémée	U-PER
et	O
Boèce	U-PER
;	O
en	O
dessous,	O
Grégoire	B-PER
le	I-PER
Grand	L-PER
et	O
Jérôme	U-PER
,	O
puis	O
Ambroise	U-PER
et	O
Augustin	U-PER
.	O
Sur	O
le	O
mur	O
est,	O
toujours	O
en	O
commençant	O
par	O
le	O
haut,	O
Cicéron	U-PER
va	O
de	O
pair	O
avec	O
Sénèque	U-PER
,	O
et	O
Homère	U-PER
avec	O
Virgile	U-PER
;	O
au-dessous,	O
Moïse	U-PER
côtoie	O
Salomon	U-PER
,	O
et	O
Thomas	U-PER
d’Aquin	O
Duns	B-PER
Scot	L-PER
.	O
Le	O
mur	O
sud	O
présente	O
Euclide	U-PER
à	O
côté	O
de	O
Vittorino	B-PER
da	I-PER
Feltre	L-PER
,	O
puis	O
Solon	U-PER
à	O
côté	O
de	O
Bartolo	B-PER
da	I-PER
Sassoferrato	L-PER
(1314-1357)	O
;	O
au-dessous,	O
Albert	B-PER
le	I-PER
Grand	L-PER
voisine	O
avec	O
Sixte	B-PER
IV	L-PER
.	O
Sur	O
le	O
mur	O
ouest,	O
plus	O
petit,	O
trônaient	O
Hippocrate	U-PER
et	O
Pietro	U-PER
d’Abano	O
(v.	O
1257-v.	O
1315)	O
et,	U-MISC
au-dessous,	O
Dante	U-PER
et	O
Pétrarque	U-PER
.	O
Un	O
observateur	O
de	O
la	O
fin	O
du	O
xvi	O
e	O
siècle	O
a	O
également	O
rapporté	O
les	O
inscriptions	O
qui	O
figuraient	O
sous	O
les	O
peintures	O
(en	O
péchant	O
parfois	O
par	O
excès	O
de	O
zèle)	O
;	O
par	O
les	O
reconstitutions	O
des	O
chercheurs	O
modernes,	O
on	O
peut	O
avoir	O
une	O
très	O
bonne	O
idée	O
générale	O
de	O
ce	O
qu’elles	O
disaient.	O
Pour	O
chaque	O
paire	O
de	O
tableaux,	O
le	O
mariage	O
d’un	O
texte	O
et	O
d’une	O
image	O
préfigure	O
la	O
fascination	O
des	O
emblèmes	O
qui	O
allait	O
se	O
répandre	O
au	O
début	O
du	O
xvi	O
e	O
siècle.	O
Ainsi	O
que	O
l’a	O
observé	O
un	O
chercheur,	O
la	O
disposition	O
générale	O
de	O
la	O
pièce	O
paraît	O
aussi	O
rappeler	O
la	O
page	O
de	O
titre	O
de	O
certains	O
types	O
d’incunables	O
:	O
ici,	O
l’image	O
de	O
l’auteur,	O
disposée	O
au	O
centre,	O
est	O
entourée	O
de	O
figures	O
vénérables	O
qui,	O
du	O
fait	O
de	O
leur	O
gravité	O
et	O
de	O
leur	O
autorité,	O
rehaussent	O
le	O
statut	O
de	O
l’auteur	O
tout	O
en	O
fournissant	O
au	O
lecteur/observateur	O
des	O
indices	O
interprétatifs	O
suggérant	O
la	O
façon	O
dont	O
l’auteur	O
doit	O
être	O
interprété,	O
avec	O
qui	O
il	O
convient	O
de	O
l’associer	O
et	O
de	O
quelle	O
manière	O
il	O
faut	O
le	O
lire	O
Voir	B-MISC
Liebenwein,	L-MISC
1977,	O
p.	O
91-94.	O
.	O
Dans	O
un	O
autre	O
sens,	O
les	O
portraits	O
représentent	O
une	O
«	O
famille	O
idéale	O
»	O
en	O
compagnie	O
de	O
laquelle	O
Frédéric	U-PER
aimait	O
être	O
vu	O
Arasse,	U-LOC
1997,	O
p.	O
25.	U-PER
.	O
Nous	O
avons	O
balayé	O
du	O
regard	O
les	O
intarsie	O
de	O
la	O
moitié	O
inférieure	O
de	O
la	O
pièce,	O
avec	O
leur	O
mélange	O
curieusement	O
monochrome	O
de	O
symbole,	O
de	O
réalisme	O
et	O
de	O
trompe-l’œil.	B-MISC
Que	I-MISC
nous	I-MISC
dit	I-MISC
la	I-MISC
collection	I-MISC
de	I-MISC
portraits	L-MISC
énumérés	O
à	O
l’instant,	O
avec	O
leurs	O
inscriptions	O
peintes,	O
sur	O
la	O
façon	O
de	O
«	O
lire	O
»	O
Frédéric	U-PER
?	O
Quelle	O
image	O
ses	O
contemporains	O
ont-ils	O
pu	O
en	O
avoir	O
?	O
Au	O
premier	O
regard,	O
on	O
est	O
frappé	O
par	O
la	O
diversité	O
des	O
images	O
associées.	O
Certains	O
groupements	O
paraissent	O
aller	O
de	O
soi	O
:	O
Platon	U-PER
et	O
Aristote	U-PER
,	O
les	O
quatre	O
Pères	U-MISC
de	O
l’Église	O
latine	O
de	O
la	O
rangée	O
inférieure	O
de	O
la	O
paroi	O
nord,	O
Cicéron	U-PER
et	O
Sénèque	U-PER
,	O
Homère	U-PER
et	O
Virgile	U-PER
,	O
Dante	U-PER
et	O
Pétrarque	U-PER
.	O
L’association	O
des	O
deux	O
anciens	O
chefs	O
bibliques,	O
Moïse	U-PER
et	O
Salomon	U-PER
,	O
ne	O
suscite	O
aucun	O
étonnement,	O
tous	O
deux	O
étant	O
aussi	O
sages	O
qu’énergiques,	O
aussi	O
contemplatifs	O
qu’actifs.	O
La	O
présence	O
des	O
grands	O
philosophes	O
et	O
théologiens,	O
Thomas	U-MISC
d’Aquin	O
,	O
le	O
«	O
docteur	O
angélique	O
»	O
dominicain	O
(mort	O
en	O
1274),	O
et	O
Duns	B-PER
Scot	L-PER
,	O
le	O
«	O
docteur	O
subtil	O
»	O
franciscain	O
(mort	O
en	O
1308),	O
mérite	O
d’être	O
soulignée.	O
Ils	O
incarnent	O
deux	O
trajectoires	O
de	O
la	O
pensée	O
scolastique	O
:	O
l’une	U-MISC
plus	O
intellectualiste,	O
en	O
la	O
personne	O
de	O
Thomas	U-PER
;	O
l’autre,	B-MISC
plus	I-MISC
volontariste,	L-MISC
avec	O
Duns	B-PER
Scot	L-PER
.	O
Leur	O
représentation	O
dans	O
le	O
studiolo	O
de	O
Frédéric	U-PER
prouve	O
(comme	O
le	O
contenu	O
de	O
sa	O
bibliothèque)	O
que	O
les	O
chefs	O
de	O
file	O
de	O
la	O
culture	O
contemporaine	O
de	O
la	O
Renaissance	O
proscrivaient	O
rarement	O
la	O
culture	O
médiévale.	O
Ptolémée	U-PER
et	O
Boèce	U-PER
sont	O
associés.	O
Et	O
l’inscription	O
crédite	O
le	O
géographe	O
antique	O
d’avoir	O
donné	O
«	O
certaines	O
mesures	O
des	O
cieux	O
»	O
et	O
«	O
tracé	O
des	O
lignes	O
sur	O
la	O
terre	O
Les	O
inscriptions	O
ont	O
été	O
pour	O
la	O
première	O
fois	O
rapportées	O
in	O
Schrader,	B-MISC
1592	L-MISC
;	O
on	O
les	O
trouve	O
éditées	O
in	O
Cheles,	U-MISC
1986,	O
p.	O
93-95,	O
qui	O
reproduit	O
Lavalleye,	U-LOC
1964,	O
p.	O
101-104.	O
L’inscription	O
pour	O
Ptolémée	U-PER
:	O
Cheles,	U-MISC
1986,	O
p.	O
93.	O
».	U-LOC
Quant	O
à	O
Boèce	U-PER
,	O
de	O
nos	O
jours	O
surtout	O
connu	O
pour	O
sa	O
Consolation	U-MISC
de	O
la	O
philosophie,	O
l’inscription	O
le	O
salue	O
pour	O
ses	O
«	O
commentaires	O
Cheles,	U-MISC
1986,	O
p.	O
93.	O
«	O
:	O
grâce	O
à	O
eux	O
«	O
les	O
écoles	O
de	O
Marcus	B-PER
Varro	L-PER
ne	O
manquent	O
pas	O
aux	O
Latins	U-LOC
»,	U-PER
par	O
quoi	O
il	O
faut	O
comprendre	O
que	O
c’est	U-MISC
grâce	O
à	O
Boèce	U-PER
que	O
de	O
larges	O
portions	O
d’un	O
ouvrage	O
important	O
mais	O
perdu	O
de	O
Varron,	U-MISC
ses	O
Disciplinae,	U-LOC
furent	O
transmises	O
à	O
la	O
postérité	O
;	O
c’est	O
à	O
cette	O
grande	O
liste	O
des	O
disciplines	O
que	O
l’on	O
peut	O
faire	O
remonter	O
les	O
sept	O
arts	O
libéraux,	O
point	O
d’appui	O
de	O
l’éducation	O
à	O
la	O
fin	O
du	O
Moyen	B-LOC
Âge.	L-LOC
Dans	O
le	O
studiolo	O
de	O
Frédéric	U-PER
,	O
Ptolémée	U-PER
et	O
Boèce	U-PER
sont	O
donc	O
tous	O
deux	O
implicitement	O
crédités	O
d’avoir	O
aidé	O
à	O
ordonner	O
le	O
savoir	O
:	O
le	O
premier,	O
du	O
cosmos	O
;	O
le	O
second,	O
du	O
monde	O
de	O
l’éducation.	O
D’autres	B-MISC
associations	L-MISC
appellent	O
un	O
commentaire.	O
Solon	U-PER
,	O
le	O
législateur	O
des	O
Athéniens,	U-LOC
est	O
associé	O
à	O
Bartolo	B-PER
da	I-PER
Sassoferrato	L-PER
,	O
le	O
grand	O
juriste	O
du	O
xiv	O
e	O
siècle	O
reconnu	O
par	O
ses	O
contemporains	O
comme	O
étant	O
le	O
meilleur	O
commentateur	O
du	O
droit	O
civil	O
romain.	O
Euclide	U-PER
,	O
le	O
maître	O
de	O
la	O
géométrie,	O
trouve	O
place	O
à	O
côté	O
d’une	O
figure	O
très	O
significative,	O
Vittorino	U-MISC
da	O
Feltre,	O
l’un	O
des	O
plus	O
grands	O
éducateurs	O
du	O
xv	O
e	O
siècle	O
qui	O
fut	O
aussi	O
le	O
maître	O
de	O
Frédéric	U-PER
;	O
il	O
est	O
ici	O
honoré,	O
précise	O
l’inscription,	U-MISC
«	O
en	O
raison	O
de	O
son	O
humanité,	O
qui	O
était	O
transmise	O
au	O
moyen	O
de	O
la	O
littérature	O
qu’il	O
enseignait	O
et	O
par	O
son	O
propre	O
exemple	O
»,	U-PER
mais	O
aussi	O
comme	O
le	O
«	O
très	O
honorable	O
maître	O
»	O
de	O
Frédéric	B-PER
Ibid.,	L-PER
p.	O
94.	O
.	O
Le	O
pape	O
Pie	B-PER
II	L-PER
(r.	O
1458-1464),	O
Enea	O
Silvio	O
Piccolomini	O
,	O
que	O
Frédéric	U-PER
avait	O
servi,	O
côtoie	O
l’émigré	O
byzantin	O
devenu	O
cardinal,	O
Bessarion	U-MISC
.	O
La	O
mémoire	O
de	O
Pie	B-PER
II	L-PER
est	O
honorée	O
en	O
raison	O
de	O
son	O
«	O
pouvoir,	O
qu’il	O
accrut	O
par	O
la	O
force	O
des	O
armes	O
et	O
qu’il	O
ornementa	O
par	O
des	O
signes	O
de	O
son	O
éloquence	O
Ibid.,	U-ORG
p.	O
95.	O
»,	O
tandis	O
que	O
Bessarion	U-LOC
est	O
honoré	O
en	O
tant	O
que	O
«	O
pacificateur	O
au	O
congrès	O
grec	O
et	O
latin	O
»	O
(allusion	O
au	O
rôle	O
dirigeant	O
de	O
Bessarion	U-MISC
au	O
concile	B-MISC
de	L-MISC
Ferrare	O
-	O
Florence	U-LOC
,	O
en	O
1438-1439),	U-ORG
mais	O
aussi	O
pour	O
sa	O
«	O
suprême	O
gravité	O
et	O
la	O
perfection	O
de	O
son	O
savoir	O
Ibid.,	U-ORG
p.	O
95.	B-PER
».	I-PER
Albert	I-PER
le	I-PER
Grand	L-PER
,	O
le	O
maître	O
de	O
Thomas	U-PER
d’Aquin	O
et	O
autre	O
grand	O
penseur	O
scolastique,	O
trouve	O
place	O
à	O
côté	O
de	O
Sixte	B-PER
IV	L-PER
(r.	O
1471-1484).	O
Albert	O
est	O
honoré	O
en	O
raison	O
des	O
grands	O
services	O
qu’il	O
a	O
rendus	O
à	O
la	O
philosophie	O
naturelle	O
«	O
en	O
imitation	O
d’	O
Aristote	U-PER
»,	U-PER
tandis	O
que	O
Sixte	U-PER
a	O
sa	O
place	O
dans	O
le	O
studiolo	O
pour	O
avoir	O
apporté	O
la	O
«	O
connaissance	O
de	O
la	O
philosophie	O
et	O
de	O
la	O
théologie	O
»	O
à	O
la	O
papauté	B-PER
Ibid.,	L-PER
p.	O
95.	U-PER
.	O
Hippocrate	U-PER
,	O
l’autorité	O
médicale	O
de	O
l’Antiquité,	O
est	O
présent	O
«	O
pour	O
avoir	O
apporté	O
la	O
santé	O
à	O
la	O
race	O
des	O
hommes	O
Ibid.,	U-ORG
p.	O
94.	O
».	U-MISC
Fait	O
des	O
plus	O
intéressants,	O
Hippocrate	U-PER
côtoie	O
Pietro	U-PER
d’Abano	O
,	O
«	O
très	O
équitable	O
juge	O
des	O
docteurs	O
en	O
médecine	O
»,	U-PER
auquel	O
une	O
place	O
est	O
consacrée	O
«	O
en	O
raison	O
de	O
son	O
étude	O
des	O
disciplines	O
les	O
plus	O
abstruses	O
Cheles,	U-MISC
1986,	O
p.	O
94.	O
».	U-LOC
Tous	O
ces	O
portraits,	O
avec	O
leurs	O
inscriptions,	O
nous	O
en	O
disent	O
long	O
sur	O
la	O
façon	O
dont	O
Frédéric	U-PER
voulait	O
être	O
vu,	U-MISC
en	O
quelle	O
compagnie	O
il	O
se	O
voyait	O
et	O
qui	O
étaient	O
ses	O
exemples.	O
Chacun	B-MISC
d’eux	I-MISC
serait	I-MISC
matière	I-MISC
à	I-MISC
réflexion	I-MISC
pour	I-MISC
nous,	L-MISC
mais	O
deux	O
se	O
distinguent	O
tout	O
particulièrement,	O
le	O
pape	O
Sixte	B-PER
IV	L-PER
et	O
Pietro	U-MISC
d’Abano	O
.	O
Le	O
portrait	O
de	O
Sixte	B-PER
IV	L-PER
,	O
Francesco	B-PER
della	I-PER
Rovere	L-PER
,	O
qui	O
fut	O
pape	O
de	O
1471	O
à	O
1484,	O
apparaît,	O
rétrospectivement,	O
comme	O
un	O
choix	O
intéressant	O
pour	O
décorer	O
le	O
studiolo	O
Pour	B-MISC
les	I-MISC
figures	I-MISC
papales	L-MISC
dans	O
le	O
studiolo,	O
voir	O
Miglio,	B-MISC
2004,	I-MISC
vol.	L-MISC
1,	O
p.	O
15-26.	O
.	O
D’un	O
côté,	O
en	O
montant	O
sur	O
le	O
trône,	O
Sixte	U-PER
accrut	O
considérablement	O
le	O
nombre	O
des	O
offices	O
pontificaux	O
et	O
nourrit	O
l’escalade	O
du	O
népotisme	O
et	O
de	O
la	O
vénalité	O
des	O
charges	O
dans	O
la	O
papauté,	O
à	O
la	O
fin	O
du	O
xv	O
e	O
siècle.	O
Les	B-MISC
réformateurs	I-MISC
protestants	L-MISC
devaient	O
plus	O
tard	O
exploiter	O
ces	O
deux	O
problèmes	O
dans	O
l’agitation	O
antipontificale	O
et,	U-MISC
d’une	O
manière	O
générale,	O
rendirent	O
la	O
réforme	O
de	O
l’Église	O
plus	O
difficile.	O
De	O
surcroît,	O
son	O
implication	O
dans	O
la	O
conjuration	B-MISC
des	I-MISC
Pazzi	L-MISC
contre	O
les	O
Médicis	U-PER
paraît	O
être	O
(là	O
encore,	O
rétrospectivement)	O
un	O
comportement	O
étranger	O
à	O
ce	O
qu’on	O
attend	O
d’un	O
pape.	O
D’un	O
autre	O
côté,	O
à	O
la	O
différence	O
de	O
bon	O
nombre	O
de	O
papes	O
du	O
xv	O
e	O
siècle,	O
Sixte	U-PER
était	O
rompu	O
à	O
la	O
théologie	O
:	O
franciscain,	O
il	O
avait	O
enseigné	O
cette	O
matière	O
dans	O
diverses	O
universités	O
italiennes	O
avant	O
d’être	O
créé	O
cardinal	O
en	O
1467.	O
Il	B-MISC
écrivit,	L-MISC
entre	O
autres	O
ouvrages,	O
un	O
traité	O
sur	O
l’Immaculée	B-MISC
Conception	L-MISC
où	O
l’un	O
des	O
axes	O
centraux	O
de	O
son	O
raisonnement	O
était	O
que,	O
quoique	O
en	O
apparente	O
divergence	O
sur	O
cette	O
question,	O
Thomas	U-MISC
d’Aquin	O
et	O
Duns	B-PER
Scot	L-PER
étaient	O
en	O
réalité	O
d’accord.	O
Ces	O
deux	O
personnages,	O
on	O
l’a	O
vu,	U-MISC
sont	O
présents	O
dans	O
le	O
studiolo	O
;	O
et	O
Sixte	U-PER
est	O
ici	O
lié	O
à	O
un	O
autre	O
sage,	O
le	O
cardinal	O
Bessarion	U-PER
,	O
qui	O
avait	O
été	O
à	O
la	O
fois	O
son	O
élève	O
et	O
un	O
de	O
ses	O
partisans	O
lors	O
du	O
conclave	O
qui	O
l’élut	O
pape.	O
Sixte	U-PER
fut	O
un	O
grand	O
protecteur	O
de	O
la	O
culture	O
:	O
il	O
finança	O
la	O
construction	O
du	O
Ponte	B-LOC
Sisto,	L-LOC
le	O
premier	O
nouveau	O
pont	O
sur	O
le	O
Tibre	U-LOC
depuis	O
l’Antiquité.	O
C’est	O
encore	O
à	O
lui	O
qu’on	O
doit	O
la	O
Sixtine	U-LOC
et	O
la	O
nouvelle	O
bibliothèque	B-LOC
du	I-LOC
Vatican	L-LOC
.	O
Comment	O
Frédéric	U-PER
pouvait-il	O
concilier	O
ces	O
diverses	O
images	O
?	O
Avec	O
le	O
recul,	O
le	O
problème	O
du	O
népotisme	O
nous	O
est	O
l’un	O
des	O
plus	O
difficiles	O
à	O
comprendre	O
dans	O
l’histoire	O
ecclésiastique	O
de	O
la	O
Renaissance.	U-LOC
Reste	O
que,	O
sous	O
la	O
Renaissance	U-MISC
italienne,	O
un	O
puissant	O
aurait	O
eu	O
peine	O
à	O
comprendre	O
qu’il	O
ne	O
devait	O
point	O
aider	O
ses	O
parents	O
et	O
ses	O
proches	O
à	O
gravir	O
les	O
échelons,	O
si	O
la	O
chose	O
était	O
possible.	O
Compte	B-MISC
tenu	I-MISC
des	I-MISC
normes	I-MISC
sociales	I-MISC
dominantes,	L-MISC
il	O
eût	O
été	O
de	O
mauvais	O
goût	O
de	O
suggérer	O
le	O
contraire,	O
voire	O
de	O
penser	O
autrement.	O
De	O
même	O
que	O
Sixte	U-PER
fit	O
bâtir	O
ce	O
pont	O
sur	O
le	O
Tibre,	B-LOC
Frédéric	L-LOC
,	O
aux	O
yeux	O
d’un	O
Vespasiano	B-PER
da	I-PER
Bisticci	L-PER
,	O
avait	O
constitué	O
une	O
bibliothèque	O
sans	O
rivale	O
depuis	O
l’Antiquité.	O
Comme	O
Sixte	U-PER
,	O
Frédéric	U-PER
n’avait	O
pas	O
dédaigné	O
d’employer	O
des	O
moyens	O
militaires	O
souvent	O
violents	O
pour	O
atteindre	O
ses	O
objectifs	O
politiques.	O
De	O
fait,	O
la	O
découverte	O
de	O
nouveaux	O
documents	O
d’archives	O
a	O
montré	O
que	O
Frédéric	U-PER
avait	O
été	O
fortement	O
impliqué	O
dans	O
la	O
conjuration	B-MISC
des	I-MISC
Pazzi,	L-MISC
si	O
bien	O
que,	O
même	O
sur	O
ce	O
plan,	O
la	O
présence	O
de	O
Sixte	U-PER
dans	O
le	O
studiolo	O
devient	O
compréhensible	O
Voir	O
Simonetta,	U-MISC
2004,	O
vol.	O
1,	O
p.	O
81-102	O
;	O
Simonetta,	U-MISC
2003,	O
p.	O
261-284	O
;	O
Fubini,	U-LOC
1994,	O
p.	O
253-326.	O
.	O
Enfin,	O
que	O
Sixte	U-PER
ait	O
aussi	O
offert	O
à	O
Frédéric	U-PER
la	O
charge	O
de	O
gonfalonier	O
de	O
la	O
sainte	O
Église	O
romaine	O
a	O
sans	O
nul	O
doute	O
contribué	O
à	O
la	O
décision	O
de	O
celui-ci	O
de	O
l’inclure.	O
Si	U-MISC
difficile	O
qu’il	O
nous	O
soit	O
de	O
le	O
comprendre,	O
il	O
est	O
probable	O
que	O
les	O
deux	O
hommes	O
croyaient	O
sincèrement	O
que	O
leurs	O
machinations	O
politiques	O
servaient	O
une	O
fin	O
supérieure,	O
tandis	O
que	O
leur	O
mécénat	O
religieux	O
continu	O
témoignait	O
du	O
même	O
dessein	O
religieux.	O
On	B-MISC
se	I-MISC
fourvoierait	L-MISC
en	O
référant	O
ces	O
pratiques	O
aux	O
postulats	O
de	O
l’état	O
de	O
droit	O
d’après	O
les	O
Lumières.	U-LOC
La	O
présence	O
de	O
Pietro	U-PER
d’Abano	O
sur	O
les	O
murs	O
du	O
studiolo	O
fait	O
d’abord	O
une	O
curieuse	O
impression	O
Pour	O
des	O
travaux	O
sur	O
Pietro	U-MISC
d’Abano,	O
voir	O
Medioevo,	U-LOC
11,	O
1985	O
;	O
Paschetto,	B-LOC
1984	L-LOC
;	O
Alessio,	U-LOC
1976,	O
p.	O
180-197	O
;	O
documents	O
essentiels	O
réunis	O
in	O
Ferrari,	U-LOC
1918.	O
.	O
N’est-il	U-PER
pas	O
surprenant	O
qu’un	O
prince	O
qui	O
se	O
targuait	O
de	O
passer	O
pour	O
un	O
protecteur	O
de	O
la	O
chrétienté	O
ait	O
décidé	O
d’accrocher	O
au	O
mur	O
de	O
son	O
studiolo	O
l’image	O
d’un	O
homme	O
que	O
l’Inquisition	O
jugea	O
par	O
deux	O
fois	O
et	O
qui	O
finit	O
par	O
être	O
convaincu,	O
à	O
titre	O
posthume,	O
d’hérésie	O
?	O
Pietro	U-MISC
d’Abano	O
fut	O
l’un	O
des	O
très	O
rares	O
grands	O
intellectuels	O
occidentaux,	O
avant	O
la	O
fin	O
du	O
xiv	O
e	O
siècle,	O
à	O
connaître	O
suffisamment	O
le	O
grec	O
pour	O
le	O
traduire	O
;	O
intéressé	O
par	O
la	O
médecine,	O
il	O
s’attela	O
par	O
exemple	O
à	O
une	O
partie	O
des	O
œuvres	O
de	O
Galien	U-PER
Voir	O
Alverny,	O
1985,	O
p.	O
19-64.	O
.	O
On	O
lui	O
doit	O
aussi	O
divers	O
traités	O
de	O
médecine	O
dans	O
lesquels	O
il	O
initia	O
les	O
penseurs	O
occidentaux	O
aux	O
éléments	O
clés	O
de	O
la	O
médecine	O
arabe	O
médiévale	O
–	O
ce	O
qui	O
est	O
l’une	O
des	O
raisons	O
pour	O
lesquelles	O
il	O
finit	O
par	O
se	O
mettre	O
l’Église	O
à	O
dos.	O
Parmi	O
ses	O
nombreux	O
ouvrages,	O
l’un	O
des	O
plus	O
importants	O
portait	O
le	O
titre	O
de	O
Conciliator	U-PER
differentiarum	O
philosophorum	O
et	O
praecipue	O
medicorum	O
[Conciliateur	O
des	O
différences	O
entre	O
philosophes	O
et	O
médecins].	O
Son	O
propos	O
est	O
avant	O
tout	O
médical,	O
et	O
il	O
s’y	O
applique	O
à	O
résoudre	O
des	O
problèmes	O
apparents	O
entre	O
la	O
philosophie	O
naturelle	O
occidentale	O
et	O
la	O
médecine	O
et	O
les	O
concepts	O
de	O
la	O
tradition	O
arabe	O
médiévale.	O
Les	B-MISC
contemporains	I-MISC
comme	I-MISC
les	I-MISC
lecteurs	I-MISC
des	I-MISC
deux	I-MISC
siècles	I-MISC
suivants,	L-MISC
où	O
le	O
Conciliator	U-LOC
s’imposa	O
comme	O
un	O
ouvrage	O
de	O
référence,	O
avaient	O
plus	O
d’une	O
raison	O
de	O
s’intéresser	O
aux	O
œuvres	O
de	O
Pietro	U-PER
.	O
On	O
imagine	O
que	O
ce	O
qui	O
attirait	O
le	O
plus	O
Frédéric	U-PER
,	O
c’était	O
précisément	O
son	O
goût,	O
implicite	O
dans	O
le	O
titre,	O
d’une	O
vision	O
encyclopédique	O
du	O
savoir,	O
mais	O
aussi	O
d’une	O
enquête	O
ambitieuse	O
et	O
créative.	O
L’inscription	O
placée	O
sous	O
le	O
portrait	O
de	O
Juste	B-PER
de	I-PER
Gand	L-PER
laisse	O
entendre	O
que	O
Pietro	U-PER
d’Abano	O
mérite	O
notre	O
considération	O
pour	O
avoir	O
traité	O
d’un	O
large	O
éventail	O
de	O
sujets	O
dans	O
un	O
esprit	O
ouvert	O
:	O
Frédéric	U-PER
accorde	O
une	O
place	O
au	O
portrait	O
de	O
«	O
Pietro	U-MISC
d’Abano	O
,	O
très	O
équitable	O
juge	O
des	O
docteurs	O
en	O
médecine,	O
en	O
raison	O
de	O
son	O
étude	O
remarquable	O
des	O
disciplines	O
les	O
plus	O
abstruses	O
».	U-MISC
La	O
comparution	O
de	O
Pietro	U-PER
d’Abano	O
devant	O
l’Inquisition,	O
le	O
triste	O
destin	O
de	O
Jan	B-PER
Hus	L-PER
(v.	O
1319-1415)	U-MISC
–	O
le	O
réformateur	O
de	O
Bohême	U-LOC
jugé,	O
condamné	O
et	O
exécuté	O
au	O
cours	O
du	O
concile	B-MISC
de	I-MISC
Constance	L-MISC
(1414-1417)	O
–	O
et	O
divers	O
autres	O
«	O
rappels	O
à	O
l’ordre	O
»	O
officiels	O
montrent	O
que	O
les	O
limites,	O
en	O
matière	O
de	O
conduite,	O
de	O
pratique	O
religieuse	O
et	O
de	O
quête	O
du	O
savoir,	O
n’étaient	O
pas	O
d’une	O
plasticité	O
infinie.	O
Toujours	O
est-il	O
que,	O
au	O
xv	O
e	O
siècle,	O
il	O
n’existait	O
pas	O
d’Index	O
des	O
livres	O
interdits.	O
Il	O
était	O
encore	O
possible	O
à	O
Frédéric	U-PER
d’honorer	O
un	O
penseur	O
suspect	O
aux	O
yeux	O
de	O
l’Église	O
en	O
accrochant	O
son	O
portrait	O
au	O
mur	O
de	O
son	O
lieu	O
de	O
retraite	O
intellectuelle	O
et	O
spirituelle	O
le	O
plus	O
secret.	O
Ce	O
qui	O
amena	O
Frédéric	U-PER
à	O
suspendre	O
au	O
mur	O
le	O
portrait	O
de	O
Pietro	U-PER
d’Abano	O
,	O
c’est	U-MISC
sans	O
doute	O
son	O
ouverture	O
évidente	O
à	O
d’autres	O
idées,	O
à	O
l’étude	O
de	O
sujets	O
remotiora	O
(occultes).	O
Son	O
studiolo	O
reste	O
le	O
cabinet	O
le	O
plus	O
caractéristique	O
et	O
emblématique	O
des	O
aspirations	O
du	O
Quattrocento	U-PER
;	O
car	O
il	O
est	O
clair	O
que	O
la	O
plupart	O
de	O
ceux	O
qui	O
en	O
possédaient	O
un	O
n’auraient	O
pu	O
le	O
meubler	O
de	O
manière	O
aussi	O
raffinée	O
et	O
coûteuse.	O
Pourtant,	U-LOC
malgré	O
la	O
magnificence	O
de	O
Frédéric	U-PER
,	O
sa	O
fortune	O
et	O
ses	O
aspirations	O
princières,	O
ce	O
qui	O
frappe,	O
encore	O
une	O
fois,	O
c’est	U-MISC
l’exiguïté	O
du	O
lieu.	O
Précisément	U-PER
parce	O
qu’il	O
aurait	O
eu	O
les	O
moyens	O
de	O
lui	O
donner	O
plus	O
d’espace,	B-PER
Frédéric	L-PER
apporte	O
la	O
preuve	O
que	O
le	O
studiolo	O
restait	O
un	O
lieu	O
d’intimité.	O
Au	O
xv	O
e	O
siècle,	O
le	O
studiolo	O
en	O
vint	O
à	O
représenter,	O
pour	O
un	O
laps	O
de	O
temps	O
assez	O
court	O
et	O
une	O
portion	O
relativement	O
restreinte	O
de	O
la	O
population,	O
un	O
lieu	O
de	O
retraite,	O
un	O
centre	O
d’archives	O
privées,	O
où	O
l’on	O
pouvait	O
se	O
réfugier	O
pour	O
lire	O
et	O
réfléchir	O
sans	O
être	O
dérangé	O
ou	O
accueillir	O
brièvement	O
un	O
visiteur	O
de	O
confiance	O
ou	O
de	O
marque,	O
mais	O
aussi	O
se	O
créer	O
un	O
«	O
moi	O
»	O
prémoderne,	O
pré-cartésien,	O
en	O
s’entourant	O
de	O
ses	O
objets	O
les	O
plus	O
intimes.	O
Bibliographie	O
