Depuis	U-LOC
que	O
l’écriture	O
chinoise	O
est	O
devenue	O
un	O
art	O
au	O
tournant	O
de	O
notre	O
ère,	O
une	O
calligraphie	O
se	O
réalise	O
toujours	O
de	O
la	O
même	O
façon,	O
selon	O
des	O
étapes	O
qui	O
ne	O
suivent	O
pas	O
nécessairement	O
un	O
ordre	O
chronologique,	O
puisque	O
certaines	O
d’entre	O
elles	O
peuvent	O
être	O
concomitantes.	O
Cependant,	U-LOC
une	O
présentation	O
linéaire	O
requiert	O
cette	O
forme	O
de	O
hiérarchisation,	O
par	O
souci	O
de	O
clarté.	O
On	O
peut	O
relever	O
huit	O
phases	O
dans	O
la	O
réalisation	O
d’une	O
calligraphie	O
:	O
a	O
préparation	O
mentale	O
;	O
s	O
circonstances	O
favorables	O
ou	O
défavorables	O
;	O
matériel	O
:	O
le	O
pinceau,	O
l’encre,	U-MISC
la	O
pierre-à-encre,	O
le	O
papier	O
;	O
tenue	O
du	O
pinceau	O
;	O
choix	O
du	O
texte	O
à	O
rédiger,	O
le	O
choix	O
du	O
style	O
en	O
fonction	O
de	O
la	O
destination	O
du	O
texte	O
;	O
copie	O
et	O
l’appréciation	O
;	O
composition	O
;	O
effet	O
visuel	O
et	O
le	O
rôle	O
de	O
l’art	U-MISC
de	O
l’écriture.	O
Le	O
texte	O
principal	O
de	O
référence,	O
le	O
Traité	B-MISC
de	I-MISC
calligraphie	L-MISC
(687)	O
de	O
Sun	B-MISC
Guoting	L-MISC
(648	O
?-702	O
?),	U-ORG
est	O
à	O
la	O
fois	O
un	O
traité	O
théorique	O
et	O
un	O
chef-d’œuvre	O
calligraphique.	O
Ce	O
manuscrit	O
aborde	O
la	O
plupart	O
des	O
points	O
sus-mentionnés	O
;	O
pour	O
ceux	O
qu’il	O
ne	O
traite	O
pas,	O
il	O
est	O
fait	O
appel	O
à	O
des	O
textes	O
reconnus	O
et	O
dont	O
l’enseignement	O
sert	O
encore	O
de	O
référence	O
communément	O
de	O
nos	O
jours.	O
1.	U-MISC
La	O
préparation	O
mentale	O
Cai	B-PER
Yong	L-PER
(133-192),	O
haut	O
fonctionnaire,	O
lettré	O
et	O
calligraphe	O
célèbre	O
des	O
Han	U-MISC
orientaux,	O
auteur	O
de	O
l’un	O
des	O
essais	O
les	O
plus	O
anciens	O
sur	O
l’art	O
de	O
l’écriture,	O
introduit	O
à	O
cette	O
étape	O
fondamentale	O
qui	O
se	O
place	O
bien	O
en	O
amont	O
du	O
geste	O
calligraphique	O
mais	O
sans	O
laquelle	O
ce	O
geste	O
ne	O
peut	O
se	O
dérouler	O
de	O
façon	O
satisfaisante	O
:	O
Celui	O
qui	O
calligraphie	O
doit	O
être	O
relâché.	O
Lorsqu’on	U-LOC
désire	O
calligraphier,	O
il	O
faut	O
d’abord	O
être	O
détendu,	O
à	O
l’aise	O
et	O
ne	O
pas	O
ressentir	O
de	O
contrainte,	O
alors	O
on	O
peut	O
écrire	O
;	O
même	O
[le	O
pinceau	O
idéal]	O
en	O
poils	O
de	O
lapin	O
du	O
mont	B-LOC
Zhongshan	L-LOC
[Anhui]	O
ne	O
permet	O
rien	O
de	O
bon	O
si	O
l’on	O
est	O
tenu	O
par	O
des	O
contingences.	O
Pour	O
calligraphier,	O
il	O
faut	O
s’asseoir	O
en	O
silence	O
et	O
méditer	O
profondément	O
;	O
il	O
convient	O
de	O
réfléchir	O
à	O
son	O
intention	O
(yi),	O
sans	O
une	O
parole,	O
sans	O
respirer	O
à	O
fond,	O
avec	O
une	O
contenance	O
concentrée,	O
comme	O
si	O
l’on	O
faisait	O
face	O
à	O
l’empereur,	U-MISC
alors	O
tout	O
[ce	O
que	O
l’on	O
va	O
se	O
mettre	O
à	O
écrire]	O
sera	O
excellent	O
Sur	B-MISC
le	I-MISC
pinceau	I-MISC
(Bi	I-MISC
lun).	I-MISC
Voir	I-MISC
Escande,	L-MISC
2003,	O
p.	O
87,	O
89.	O
.	O
Les	O
calligraphes	O
se	O
mettent	O
habituellement	O
en	O
état	O
de	O
méditer	O
en	O
frottant	O
le	O
bâton	O
d’encre	O
sur	O
la	O
pierre-à-encre	O
préalablement	O
remplie	O
d’eau,	O
afin	O
de	O
préparer	O
la	O
pâte	O
nécessaire	O
à	O
l’écriture.	O
En	O
fonction	O
de	O
la	O
texture	O
et	O
de	O
la	O
quantité	O
requises,	O
de	O
quinze	O
à	O
trente	O
minutes	O
d’un	O
mouvement	O
continu	O
sont	O
exigées.	O
Cette	O
méditation	O
n’est	U-MISC
pas	O
éthérée	O
:	O
il	O
faut	O
«	O
réfléchir	O
à	O
son	O
intention	O
»	O
tout	O
en	O
frottant,	O
ce	O
qui	O
signifie	O
savoir	O
ce	O
que	O
l’on	O
va	O
écrire	O
et	O
comment.	O
L’intention	U-MISC
(	O
yi	O
意,	O
étymologiquement,	O
«	O
le	O
son	O
音	O
du	O
cœur	O
心	O
»)	O
est	O
fondamentale	O
car	O
elle	O
préside	O
au	O
geste.	O
On	O
la	O
retrouvera	O
également	O
à	O
l’œuvre	O
dans	O
l’effet	O
visuel	O
après	O
l’exécution.	O
Sun	B-MISC
Guoting	L-MISC
(648	O
?-702	O
?),	U-ORG
Traité	B-MISC
de	I-MISC
calligraphie	L-MISC
(Shupu),	O
687,	O
détail,	O
écritures	O
courante	O
et	O
cursive,	O
27,2	O
cm	O
×	O
898	O
cm,	O
encre	O
sur	O
papier,	O
Taipei,	B-LOC
Musée	I-LOC
national	L-LOC
du	O
Palais.	U-LOC
Yu	B-PER
Shinan	L-PER
(558-638),	O
célèbre	O
lettré,	O
calligraphe	O
et	O
haut	O
fonctionnaire	O
du	O
début	O
des	O
Tang	U-MISC
(618-907),	O
complète	O
cette	O
première	O
recommandation	O
:	O
Lorsqu’on	U-MISC
désire	O
calligraphier,	O
il	O
faut	O
ramener	O
le	O
regard,	O
ne	O
plus	O
rien	O
écouter,	O
repousser	O
les	O
soucis	O
et	O
concentrer	O
son	O
esprit,	O
avoir	O
le	O
cœur	O
droit	O
et	O
le	O
souffle	O
égal,	O
alors	O
on	O
s’accorde	O
avec	O
le	O
merveilleux	O
(miao).	O
Trois	B-ORG
points	I-ORG
sont	I-ORG
essentiels	L-ORG
:	O
le	O
silence,	O
la	O
concentration	O
et	O
le	O
détachement	O
des	O
contingences.	O
Le	B-MISC
«	I-MISC
merveilleux	L-MISC
»	O
dont	O
il	O
est	O
question	O
ici	O
désigne	O
l’œuvre	O
incomparable	O
de	O
la	O
nature.	O
Yu	U-PER
poursuit	O
:	O
Si	O
cœur	O
et	O
esprit	O
ne	O
sont	O
pas	O
droits,	O
l’écriture	O
sera	O
de	O
travers	O
;	O
si	O
détermination	O
et	O
souffle	O
ne	O
sont	O
pas	O
en	O
harmonie,	O
les	O
caractères	O
seront	O
disgracieux	O
[…]	O
Ainsi,	U-MISC
bien	O
que	O
les	O
caractères	O
aient	O
une	O
matérialité,	O
leurs	O
traces	O
prennent	O
racine	O
dans	O
l’absence	O
d’action	O
(wuwei),	O
c’est	O
du	O
yin	O
et	O
du	O
yang	O
que	O
dépendent	O
leurs	O
mouvement	O
et	O
inaction,	O
ils	O
doivent	O
prendre	O
le	O
corps	O
des	O
existants	O
pour	O
se	O
donner	O
forme,	O
développer	O
leur	O
propre	O
nature	O
et	O
comprendre	O
les	O
changements	O
universels	O
;	O
à	O
cela,	O
point	O
de	O
règle	O
fixe.	O
La	O
matérialité	O
ou	O
la	O
constitution	O
des	O
caractères	O
n’est	U-MISC
pas	O
une	O
«	O
substance	O
»	O
qui	O
s’opposerait	O
à	O
une	O
essence.	O
Bien	O
au	O
contraire,	O
elle	O
ne	O
peut	O
advenir	O
que	O
dans	O
l’»	O
absence	O
d’action	O
»	O
qui	O
désigne	O
l’absence	O
d’activité	O
propre,	O
et	O
non	O
ne	O
rien	O
faire	O
du	O
tout.	O
C’est	U-MISC
l’action	O
volontaire	O
s’opposant	O
au	O
mouvement	O
de	O
la	O
nature	O
–	O
quant	O
à	O
lui	O
merveilleux	O
–	O
qui	O
est	O
à	O
bannir.	O
En	O
revanche,	O
l’état	O
de	O
réceptivité	O
auquel	O
le	O
calligraphe	O
parvient	O
au	O
cours	O
de	O
sa	O
concentration-méditation	O
le	O
conduit	O
à	O
se	O
laisser	O
porter	O
par	O
l’activité	O
de	O
l’univers.	O
En	O
d’autres	O
termes,	O
l’»	O
absence	O
d’action	O
»	O
ne	O
porte	O
pas	O
sur	O
le	O
geste	O
ni	O
sur	O
l’activité	O
de	O
la	O
main	O
mais	O
sur	O
le	O
cœur-esprit	O
qui	O
n’a	O
pas	O
à	O
agir	O
volontairement,	O
mais	O
à	O
se	O
laisser	O
agir	O
par	O
le	O
mouvement	O
de	O
la	O
nature.	O
Celui-ci	O
est	O
«	O
merveilleux	O
»	O
parce	O
que,	O
ainsi	O
produits,	O
les	O
caractères	O
d’écriture	O
apparaissent	O
d’eux-mêmes	O
:	O
«	O
La	O
création	O
se	O
réalise	O
alors	O
d’elle-même	O
»,	U-PER
affirme	O
Cai	B-PER
Yong	I-PER
Ibid.,	L-PER
p.	O
97.	O
.	O
D’un	O
point	O
de	O
vue	O
philosophique,	O
le	O
yin	O
et	O
le	O
yang	O
correspondent	O
à	O
la	O
première	O
différenciation	O
rendue	O
possible	O
par	O
l’»	O
absence	O
d’action	O
»	O
qui	O
ouvre	O
à	O
l’»	O
éveil	O
du	O
cœur	O
»,	U-PER
comme	O
l’explique	O
Yu	U-MISC
ensuite.	O
Il	B-MISC
emploie	I-MISC
un	I-MISC
vocabulaire	I-MISC
taoïste,	L-MISC
par	O
lequel	O
il	O
place	O
l’art	O
de	O
l’écriture	O
sur	O
le	O
même	O
plan	O
que	O
le	O
mystère	O
du	O
Dao	U-MISC
(Tao)	O
en	O
le	O
qualifiant	O
d’»	O
abstrus	O
et	O
merveilleux	O
»,	U-PER
ce	O
qui	O
fait	O
référence	O
au	O
«	O
mystère	O
au-delà	O
du	O
mystère	O
»	O
du	O
paragraphe	O
inaugural	O
du	O
Laozi	U-LOC
;	O
Yu	U-PER
précise	O
également	O
que	O
ce	O
qui	O
agit	O
n’est	U-MISC
pas	O
le	O
scripteur,	O
mais	O
le	O
Dao	U-MISC
lui-même	O
:	O
C’est	O
pourquoi	O
on	O
sait	O
que	O
l’art	U-MISC
de	O
l’écriture	O
est	O
abstrus	O
et	O
merveilleux,	O
il	O
est	O
indispensable	O
de	O
le	O
saisir	O
par	O
son	O
esprit	O
et	O
par	O
ses	O
qualités	O
innées,	O
on	O
ne	O
peut	O
pas	O
le	O
rechercher	O
par	O
l’application	O
;	O
l’habileté	O
doit	O
nécessairement	O
être	O
due	O
à	O
l’éveil	O
du	O
cœur	O
et	O
ne	O
peut	O
être	O
obtenue	O
par	O
le	O
regard.	O
La	O
forme	O
des	O
caractères	O
est	O
semblable	O
à	O
la	O
perception	O
visuelle	O
:	O
de	O
même	O
que	O
le	O
regard	O
a	O
des	O
limites,	O
la	O
perception	O
du	O
corps	O
des	O
caractères	O
est	O
aussi	O
arrêtée	O
par	O
leur	O
substance	O
matérielle.	O
Selon	O
qu’un	O
objet	O
est	O
vu	O
de	O
près	O
ou	O
de	O
loin,	O
il	O
apparaît	O
différemment	O
;	O
par	O
exemple,	O
comment	O
un	O
contenant	O
rond	O
ou	O
carré	O
dans	O
lequel	O
se	O
trouverait	O
de	O
l’eau	O
pourrait-il	O
[restituer	O
ce	O
qu’est]	O
l’eau	O
?	O
Ainsi,	U-MISC
le	O
merveilleux	O
du	O
pinceau	O
est	O
comparable	O
à	O
l’eau,	O
le	O
contenant	O
carré	O
ou	O
rond	O
au	O
caractère	O
;	O
de	O
même	O
pour	O
ce	O
que	O
l’on	O
perçoit	O
:	O
le	O
lointain	O
diffère	O
du	O
proche	O
;	O
c’est	O
pourquoi	O
il	O
faut	O
comprendre	O
clairement	O
le	O
corps	O
des	O
caractères.	O
Les	O
caractères	O
ont	O
une	O
apparence,	O
secondaire	O
par	O
rapport	O
au	O
cœur-esprit	O
(xin)	O
qui	O
s’éveille	O
dans	O
l’absence	O
d’esprit	O
(xin)	O
et	O
qui	O
s’unit	O
au	O
merveilleux.	O
Ainsi,	U-MISC
de	O
même	O
que	O
l’éclat	O
d’un	O
miroir	O
en	O
bronze	O
moulé	O
ne	O
dépend	O
pas	O
du	O
regard	O
de	O
l’artisan	O
fondeur,	O
de	O
même,	O
si	O
un	O
pinceau	O
traduit	O
merveilleusement	O
le	O
cœur-esprit,	O
la	O
qualité	O
merveilleuse	O
de	O
ses	O
poils	O
n’y	O
est	O
pour	O
rien.	O
C’est	U-MISC
nécessairement	O
avec	O
un	O
cœur	O
limpide	O
comme	O
l’eau	U-LOC
que	O
le	O
mouvement	O
de	O
la	O
pensée	O
(si)	O
peut	O
atteindre	O
la	O
subtilité	O
merveilleuse	O
;	O
l’inspiration	O
(shen)	O
y	O
répondant,	O
la	O
pensée	O
n’a	O
plus	O
de	O
limites.	O
La	O
tenue	O
du	O
pinceau.	O
Yu	B-PER
Shinan	L-PER
mentionne	O
clairement	O
un	O
«	O
art	O
de	O
l’écriture	O
»,	U-MISC
ou	O
une	O
«	O
voie	O
de	O
l’écriture	O
»	O
(shudao),	O
expression	O
qui	O
désigne	O
la	O
calligraphie	O
en	O
japonais,	O
et	O
qui	O
est	O
tombé	O
en	O
désuétude	O
en	O
Chine,	U-LOC
où	O
cet	O
art	O
s’appelle	O
désormais	O
shufa	O
,	O
«	O
discipline	O
»	O
ou	O
«	O
méthode	O
d’écriture	O
»,	U-PER
car	O
il	O
commence	O
par	O
une	O
discipline	O
sur	O
soi.	O
Yu	U-PER
évoque	O
plusieurs	O
niveaux	O
d’activité	O
:	O
le	O
«	O
cœur-esprit	O
»	O
(	O
xin	O
心	O
)	O
ou	O
siège	O
de	O
la	O
conscience,	O
qui	O
ne	O
doit	O
pas	O
agir	O
;	O
la	O
«	O
pensée	O
»	O
(	O
si	O
思	O
),	O
terme	O
qui	O
ne	O
désigne	O
pas	O
la	O
pensée	O
rationnelle	O
mais	O
qui,	O
constitué	O
du	O
radical	O
du	O
cœur	O
心	O
et	O
de	O
l’élément	O
du	O
champ	O
cultivé	O
田,	O
est	O
lié	O
à	O
la	O
réflexion	O
et	O
aux	O
projets	O
;	O
et	O
enfin	O
l’»	O
esprit	O
»	O
(shen)	O
qui	O
participe	O
de	O
la	O
puissance	O
spirituelle	O
et	O
qui	O
anime	O
tout	O
ce	O
qui	O
se	O
trouve	O
entre	O
ciel	O
et	O
terre.	O
La	B-MISC
pensée	I-MISC
ne	I-MISC
doit	I-MISC
intervenir	L-MISC
qu’après	O
la	O
mise	O
en	O
œuvre	O
de	O
la	O
puissance	O
spirituelle	O
qui	O
lui	O
donne	O
sa	O
dimension	O
infinie.	O
Celle-ci	O
peut	O
être	O
mise	O
en	O
œuvre	O
à	O
la	O
condition	O
que	O
le	O
cœur	O
(xin)	O
soit	O
rendu	O
aussi	O
réceptif	O
que	O
la	O
surface	O
de	O
l’eau	O
calme	O
grâce	O
à	O
la	O
méditation-concentration.	O
Yu	U-PER
continue	O
:	O
Il	O
en	O
est	O
de	O
même	O
si	O
l’on	O
tisse	O
des	O
sons	O
sur	O
le	O
tambour	O
et	O
la	O
cithare	O
et	O
si	O
des	O
échos	O
merveilleux	O
naissent	O
à	O
son	O
gré	O
;	O
si	O
l’on	O
tient	O
le	O
pinceau	O
en	O
guidant	O
la	O
pointe,	O
son	O
attitude	O
sans	O
contrainte	O
gagne	O
graduellement	O
les	O
poils	O
et	O
s’y	O
fait	O
écho.	O
Le	O
cœur-esprit	O
de	O
l’amateur	O
s’éveillant	O
dans	O
la	O
perfection	O
du	O
Dao,	O
sa	O
calligraphie	O
s’accorde	O
avec	O
l’absence	O
d’action.	O
Si	U-MISC
vraiment	O
il	O
est	O
concerné	O
par	O
la	O
gloriole,	O
il	O
reste	O
jusqu’à	O
la	O
fin	O
ignorant	O
de	O
ce	O
principe	O
De	B-MISC
la	I-MISC
quintessence	I-MISC
du	I-MISC
pinceau	L-MISC
(Bisui	O
lun).	O
Voir	O
Escande,	U-LOC
2010,	O
p.	O
63.	O
.	O
Autrement	O
dit,	O
la	O
première	O
condition	O
à	O
la	O
réalisation	O
du	O
geste	O
approprié	O
est	O
l’attitude	O
spirituelle	O
;	O
le	O
matériel	O
employé	O
n’est	O
que	O
secondaire.	O
Ainsi,	U-MISC
techniquement,	O
même	O
si	O
un	O
trait	O
se	O
décompose	O
en	O
une	O
attaque,	O
un	O
développement	O
et	O
une	O
fin,	O
il	O
ne	O
commence	O
pas	O
véritablement	O
au	O
moment	O
où	O
la	O
pointe	O
du	O
pinceau	O
touche	O
le	O
papier	O
et	O
il	O
ne	O
finit	O
pas	O
non	O
plus	O
lorsque	O
le	O
pinceau	O
quitte	O
le	O
support	O
:	O
il	O
émerge	O
bien	O
avant	O
le	O
geste	O
dans	O
une	O
intention,	O
son	O
mouvement	O
est	O
porté	O
par	O
le	O
Dao,	O
manifesté	O
par	O
le	O
dynamisme	O
de	O
la	O
puissance	O
spirituelle	O
à	O
l’œuvre	O
dans	O
l’univers	O
et,	U-MISC
on	O
le	O
verra	O
plus	O
loin,	O
l’intention	O
qui	O
l’habite	O
doit	O
produire	O
un	O
effet	O
sur	O
celui	O
qui	O
le	O
regarde	O
pour	O
qu’il	O
puisse	O
être	O
qualifié	O
de	O
réussi.	O
C’est	O
pourquoi	O
examiner	O
seulement	O
des	O
formes	O
visuelles	O
est	O
considéré	O
comme	O
tout	O
à	O
fait	O
insuffisant	O
dans	O
la	O
tradition	O
chinoise.	O
2.	O
Les	B-MISC
circonstances	I-MISC
favorables	L-MISC
ou	O
défavorables	O
Le	B-PER
calligraphe	L-PER
doit	O
tenir	O
compte	O
des	O
circonstances	O
objectives	O
avant	O
même	O
de	O
se	O
mettre	O
à	O
méditer	O
pour	O
écrire.	O
Sun	B-MISC
Guoting	L-MISC
les	O
décrit	O
de	O
la	O
façon	O
suivante	O
:	O
De	O
plus,	O
la	O
calligraphie	O
se	O
passant	O
à	O
un	O
moment	O
donné,	O
[celui-ci	O
est	O
déterminé	O
par	O
des	O
circonstances]	O
favorables	O
ou	O
défavorables	O
;	O
lorsqu’elles	O
sont	O
favorables,	O
l’écriture	O
est	O
fluide	O
et	O
réussie,	O
mais	O
dans	O
le	O
cas	O
contraire,	O
elle	O
est	O
superficielle	O
et	O
sans	O
corps.	O
Grosso	U-PER
modo,	O
chacune	O
d’elles	O
dépend	O
de	O
cinq	O
facteurs	O
:	O
l’esprit	O
léger	O
et	O
libre	O
de	O
toute	O
contingence	O
[constitue]	O
la	O
première	O
circonstance	O
favorable.	O
Ressentir	U-MISC
de	O
la	O
gratitude	O
[envers	O
ses	O
amis]	O
et	O
leur	O
demander	O
des	O
nouvelles	O
[représentent]	O
la	O
deuxième	O
circonstance	O
favorable.	O
La	O
troisième,	O
c’est	U-MISC
un	O
temps	O
idéal	O
avec	O
un	O
taux	O
d’humidité	O
suffisant	O
dans	O
l’air.	O
La	B-MISC
quatrième	I-MISC
circonstance	I-MISC
favorable,	L-MISC
c’est	U-MISC
le	O
papier	O
et	O
l’encre	O
qui	O
se	O
mettent	O
en	O
valeur	O
mutuellement.	O
Avoir	O
soudain	O
envie	O
d’écrire,	O
voilà	O
la	O
cinquième.	O
La	O
première	O
circonstance	O
défavorable,	O
c’est	O
avoir	O
le	O
cœur	O
pressé	O
et	O
le	O
corps	O
en	O
reste.	O
La	O
deuxième,	O
c’est	U-MISC
avoir	O
l’intention	O
contrariée	O
et	O
se	O
sentir	O
frustré.	O
Un	B-MISC
vent	I-MISC
desséchant	I-MISC
et	I-MISC
un	I-MISC
soleil	I-MISC
torride	L-MISC
[constituent]	O
la	O
troisième	O
circonstance	O
défavorable	O
;	O
la	O
quatrième,	O
c’est	U-MISC
que	O
le	O
papier	O
et	O
l’encre	O
ne	O
s’assortissent	O
pas.	O
Un	B-MISC
sentiment	I-MISC
de	I-MISC
fatigue	I-MISC
et	I-MISC
une	I-MISC
main	I-MISC
paresseuse	I-MISC
[représentent]	L-MISC
la	O
cinquième.	O
Ces	O
circonstances	O
favorables	O
ou	O
défavorables	O
font	O
la	O
différence	O
entre	O
une	O
bonne	O
et	O
une	O
mauvaise	O
[calligraphie].	O
Le	O
moment	O
propice	O
ne	O
vaut	O
pas	O
le	O
bon	O
matériel,	O
qui	O
compte	O
moins	O
qu’avoir	O
la	O
bonne	O
disposition	O
mentale.	O
Lorsque	O
les	O
cinq	O
circonstances	O
défavorables	O
coïncident,	O
la	O
pensée	O
est	O
paralysée	O
et	O
le	O
geste	O
gauche.	O
[Mais]	O
lorsque	O
les	O
cinq	O
circonstances	O
favorables	O
sont	O
combinées,	O
l’esprit	O
(shen)	O
se	O
développe	O
et	O
le	O
pinceau	O
[se	O
meut]	O
avec	O
aisance	O
;	O
dans	O
ce	O
cas,	O
rien	O
n’est	U-MISC
obstacle,	O
mais	O
lorsqu’il	O
est	O
bloqué,	O
il	O
ne	O
peut	O
rien	O
entreprendre	O
Ibid.,	U-PER
p.	O
112.	O
.	O
La	O
disposition	O
mentale	O
correspond	O
à	O
l’état	O
méditatif,	O
fondamental	O
avant	O
de	O
se	O
mettre	O
à	O
écrire.	O
3.	O
Le	O
matériel	O
Le	B-PER
calligraphe	L-PER
a	O
le	O
choix	O
entre	O
des	O
pinceaux	O
en	O
poils	O
souples	O
ou	O
durs	O
;	O
ces	O
derniers	O
sont	O
préférés	O
dans	O
l’écriture	O
régulière,	O
cursive	O
et	O
courante.	O
La	O
longueur	O
de	O
la	O
pointe	O
et	O
son	O
épaisseur	O
dépendent	O
de	O
la	O
taille	O
des	O
caractères	O
choisie.	O
Quant	O
au	O
support,	O
le	O
plus	O
répandu	O
est	O
le	O
papier,	O
tel	O
que	O
Dame	B-MISC
Wei	I-MISC
Shuo	L-MISC
(272-349),	O
célèbre	O
femme	O
calligraphe	O
des	O
Jin	U-PER
orientaux,	O
le	O
présente	O
:	O
Pour	O
le	O
pinceau,	O
il	O
faut	O
aller	O
chercher	O
des	O
poils	O
de	O
lapin	O
aux	O
sommets	O
des	O
hautes	O
montagnes	O
et	O
les	O
recueillir	O
aux	O
huitième	O
et	O
neuvième	O
mois	O
lunaires	O
;	O
les	O
poils	O
du	O
pinceau	O
doivent	O
avoir	O
un	O
pouce	O
de	O
long,	O
cinq	O
pouces	O
pour	O
le	O
manche,	O
la	O
pointe	O
doit	O
être	O
uniforme,	O
le	O
milieu	O
ferme.	O
Pour	O
la	O
pierre-à-encre,	O
il	O
faut	O
une	O
pierre	O
neuve	O
desséchée	O
et	O
chauffée,	O
à	O
la	O
fois	O
lisse	O
et	O
rugueuse,	O
pour	O
les	O
encres	O
onctueuse,	O
liquide	O
ou	O
brillante.	O
Quant	O
à	O
l’encre,	U-MISC
elle	O
doit	O
être	O
composée	O
à	O
partir	O
de	O
noir	O
de	O
suie	O
de	O
bois	O
de	O
pin	O
du	O
mont	B-LOC
Lu	L-LOC
[Jiangxi],	O
de	O
colle	O
de	O
cornes	O
de	O
cerf	O
de	O
la	O
préfecture	O
de	O
Dai	U-LOC
[	O
Shanxi	U-MISC
],	O
avoir	O
plus	O
de	O
dix	O
ans,	O
et	O
être	O
dure	O
comme	O
de	O
la	O
pierre.	O
Il	O
faut	O
choisir	O
le	O
papier	O
«	O
œufs	O
de	O
poissons	O
»	O
de	O
Dongyang	U-MISC
[	O
Anhui	U-LOC
]	O
qui	O
est	O
souple,	O
lisse	O
et	O
pur.	O
Aujourd’hui,	U-ORG
les	O
pinceaux	O
à	O
la	O
pointe	O
rigide	O
sont	O
communément	O
en	O
poils	O
de	O
martre,	O
ceux	O
à	O
la	O
pointe	O
souple,	O
en	O
poils	O
de	O
chèvre.	O
Le	O
centre	O
des	O
poils	O
correspond	O
au	O
réservoir	O
d’encre,	O
c’est	O
pourquoi	O
il	O
doit	O
être	O
ferme.	O
À	O
l’époque	O
de	O
Dame	B-PER
Wei	L-PER
,	O
nombre	O
de	O
pierres-à-encre	O
étaient	O
en	O
terre	O
cuite	O
;	O
elles	O
sont	O
aujourd’hui	O
le	O
plus	O
souvent	O
taillées	O
dans	O
de	O
la	O
pierre	O
à	O
savon	O
provenant	O
de	O
Duanyan	U-PER
,	O
dans	O
la	O
région	O
de	O
Canton	U-LOC
.	O
L’encre	O
est	O
toujours	O
constituée	O
à	O
base	O
de	O
noir	O
de	O
suie	O
(de	O
pin	O
de	O
préférence),	O
de	O
résine	O
et	O
de	O
corne	O
de	O
diverses	O
origines	O
pour	O
servir	O
de	O
liants	O
et	O
elle	O
est	O
mise	O
à	O
sécher	O
dans	O
des	O
moules	O
sous	O
forme	O
de	O
bâtons	O
qui	O
ensuite	O
sont	O
frottés	O
avec	O
de	O
l’eau	U-LOC
pour	O
produire	O
la	O
pâte	O
liquide	O
qui	O
sert	O
à	O
l’écriture.	O
Le	B-MISC
meilleur	I-MISC
papier	I-MISC
de	I-MISC
Chine	L-MISC
est	O
encore	O
produit	O
dans	O
la	O
province	O
de	O
l’	O
Anhui	U-LOC
Voir	O
Illouz,	U-ORG
1985.	O
.	O
L’élève	O
de	O
Dame	B-PER
Wei	L-PER
,	O
qui	O
est	O
devenu	O
le	O
calligraphe	O
le	O
plus	O
célèbre	O
de	O
l’histoire	O
chinoise,	O
Wang	B-PER
Xizhi	L-PER
(303-361),	O
recommande	O
à	O
son	O
tour	O
:	O
La	O
pointe	O
du	O
pinceau.	O
Dans	O
le	O
ou	O
les	O
cœurs,	O
des	O
poils	O
de	O
longueurs	O
différentes	O
servent	O
de	O
réservoir	O
d’encre	O
;	O
au	O
centre,	O
ils	O
constituent	O
l’extrémité	O
de	O
la	O
pointe	O
;	O
autour	O
de	O
ce	O
centre,	O
ils	O
sont	O
tous	O
plus	O
courts	O
que	O
les	O
poils	O
du	O
manteau.	O
Quand	O
on	O
humecte	O
le	O
pinceau	O
d’encre,	O
on	O
ne	O
doit	O
tremper	O
qu’un	O
tiers	O
des	O
poils	O
;	O
éviter	O
de	O
les	O
imbiber	O
profondément,	O
sinon	O
les	O
poils	O
sont	O
ramollis	O
et	O
sans	O
force.	O
Pour	O
préparer	O
l’encre,	U-MISC
il	O
faut	O
presser	O
énergiquement	O
le	O
bâton	O
d’encre	O
contre	O
la	O
pierre-à-encre	O
et	O
le	O
faire	O
tourner	O
lentement,	O
l’encre	O
est	O
alors	O
fine	O
et	O
d’excellente	O
qualité	O
Sur	O
la	O
calligraphie	O
(Shulun).	O
Voir	O
Escande,	U-LOC
2003,	O
p.	O
175.	O
.	O
Le	O
pinceau	O
est	O
un	O
instrument	O
aux	O
poils	O
extrêmement	O
souples	O
et	O
flexibles.	O
De	B-MISC
la	I-MISC
quantité	I-MISC
de	I-MISC
liquide	L-MISC
dans	O
les	O
poils	O
dépend	O
la	O
plus	O
ou	O
moins	O
grande	O
capacité	O
de	O
réaction	O
de	O
la	O
pointe.	O
Celle-ci	O
doit	O
pouvoir	O
restituer	O
immédiatement	O
le	O
moindre	O
mouvement	O
du	O
cœur-esprit	O
sur	O
le	O
papier	O
;	O
si	O
la	O
pointe	O
est	O
trop	O
imbibée	O
d’encre,	U-ORG
elle	O
perd	O
alors	O
toute	O
élasticité,	O
c’est	O
pourquoi	O
Wang	B-PER
Xizhi	L-PER
la	O
qualifie	O
de	O
«	O
ramollie	O
et	O
sans	O
force	O
».	B-PER
4.	L-PER
La	O
tenue	O
du	O
pinceau	O
Une	B-MISC
fois	I-MISC
le	I-MISC
calligraphe	I-MISC
prêt	L-MISC
à	O
écrire,	O
après	O
qu’il	O
a	O
préparé	O
son	O
encre	O
et	O
choisi	O
son	O
pinceau	O
et	O
son	O
support,	O
papier	O
ou	O
soie,	O
entre	O
en	O
jeu	O
la	O
tenue	O
du	O
pinceau.	O
Le	O
choix	O
du	O
pinceau	O
et	O
la	O
tenue	O
haute	O
ou	O
basse	O
sur	O
la	O
hampe	O
dépendent	O
du	O
style	O
d’écriture	O
privilégié	O
et	O
de	O
la	O
taille	O
des	O
caractères.	O
Par	O
exemple,	O
le	O
pinceau	O
doit	O
être	O
tenu	O
plus	O
haut	O
sur	O
la	O
hampe	O
pour	O
la	O
cursive	O
que	O
pour	O
l’écriture	O
régulière,	O
comme	O
l’explique	O
ensuite	O
Dame	B-MISC
Wei	I-MISC
Shuo	L-MISC
:	O
L’apprentissage	O
habituel	O
de	O
l’écriture	O
des	O
caractères	O
commence	O
par	O
la	O
tenue	O
du	O
pinceau	O
;	O
pour	O
la	O
calligraphie	O
régulière,	O
la	O
main	O
doit	O
se	O
situer	O
à	O
deux	O
pouces	O
et	O
un	O
dixième	O
de	O
la	O
pointe	O
du	O
pinceau	O
;	O
pour	O
la	O
semi-cursive	O
et	O
la	O
cursive,	O
elle	O
doit	O
se	O
placer	O
à	O
trois	O
pouces	O
et	O
un	O
dixième	O
de	O
la	O
pointe	O
du	O
pinceau.	O
Lorsqu’on	U-MISC
trace	O
un	O
point,	O
un	O
trait,	O
un	O
appui	O
ou	O
une	O
courbe	O
au	O
pinceau,	O
il	O
faut	O
dans	O
tous	O
les	O
cas	O
utiliser	O
toute	O
la	O
force	O
de	O
son	O
corps	O
pour	O
l’exécution.	O
En	B-MISC
général,	I-MISC
l’écriture	L-MISC
se	O
réalise	O
assis,	O
le	O
support	O
étant	O
placé	O
sur	O
une	O
table	O
à	O
plat.	O
Plus	O
les	O
caractères	O
sont	O
grands,	O
plus	O
le	O
geste	O
est	O
ample	O
et	O
plus	O
le	O
pinceau	O
doit	O
être	O
tenu	O
haut	O
sur	O
la	O
hampe.	O
Pour	O
tracer	O
de	O
grands	O
caractères	O
(de	O
plus	O
de	O
15	O
cm	O
de	O
diamètre),	O
le	O
calligraphe	O
se	O
tient	O
généralement	O
debout,	O
afin	O
d’acquérir	O
plus	O
d’aisance	O
dans	O
le	O
geste	O
et	O
d’avoir	O
plus	O
de	O
force.	O
Dame	B-PER
Wei	L-PER
explique	O
encore	O
:	O
Les	O
débutants	O
doivent	O
commencer	O
par	O
calligraphier	O
de	O
grands	O
caractères,	O
ils	O
ne	O
doivent	O
pas	O
imiter	O
les	O
petits	O
caractères.	O
[…]	O
Les	B-MISC
calligraphes	L-MISC
au	O
coup	O
de	O
pinceau	O
fort	O
réalisent	O
des	O
caractères	O
à	O
solide	O
ossature	O
;	O
ceux	O
qui	O
manquent	O
de	O
force	O
font	O
des	O
caractères	O
très	O
en	O
chair	O
;	O
ceux	O
dont	O
les	O
caractères	O
sont	O
très	O
osseux	O
avec	O
peu	O
de	O
chair	O
ont	O
une	O
écriture	O
dite	O
musclée	O
;	O
ceux	O
dont	O
les	O
caractères	O
sont	O
charnus	O
mais	O
peu	O
osseux	O
ont	O
une	O
écriture	O
de	O
cochon.	O
Une	B-MISC
écriture	I-MISC
supérieure	L-MISC
est	O
faite	O
de	O
force	O
et	O
de	O
tension	O
;	O
une	O
écriture	O
sans	O
force	O
ni	O
tension	O
est	O
maladive	O
Plan	B-MISC
de	I-MISC
bataille	I-MISC
du	I-MISC
pinceau	I-MISC
(Bizhen	I-MISC
tu).	L-MISC
Voir	O
ibid.,	O
p.	O
142-143.	O
.	O
Les	O
grands	O
caractères	O
sont	O
plus	O
faciles	O
à	O
réaliser	O
que	O
les	O
petits,	O
c’est	O
pourquoi	O
ils	O
conviennent	O
aux	O
débutants.	O
L’ossature	U-LOC
correspond	O
à	O
la	O
structure	O
du	O
tracé	O
;	O
elle	O
dépend	O
de	O
la	O
«	O
force	O
»	O
du	O
coup	O
de	O
pinceau,	O
c’est-à-dire	O
à	O
un	O
tracé	O
assuré	O
et	O
ferme.	O
La	O
chair	O
désigne	O
l’épaisseur	O
du	O
trait	O
;	O
elle	O
est	O
secondaire	O
par	O
rapport	O
à	O
la	O
structure.	O
Les	O
caractères	O
«	O
charnus	O
»	O
mais	O
sans	O
structure	O
(«	O
peu	O
osseux	O
»)	O
apparaissent	O
informes	O
et	O
mous	O
et	O
dénotent	O
un	O
tracé	O
manquant	O
d’assurance,	O
qualifié	O
d’»	O
écriture	O
de	O
cochon	O
».	U-MISC
La	O
théorie	O
chinoise	O
«	O
décrit	O
»	O
les	O
caractères	O
d’écriture	O
en	O
termes	O
physiologiques	O
de	O
sang	O
(l’encre),	O
de	O
souffle	O
(l’énergie	O
du	O
tracé),	O
de	O
chair	O
(son	O
épaisseur),	O
d’os	O
(sa	O
structure),	O
de	O
nerf	O
ou	O
de	O
tendon	O
(sa	O
tension),	U-ORG
etc.	O
Le	O
fonctionnement	O
des	O
caractères	O
en	O
un	O
tout	O
organique	O
est	O
identique,	O
par	O
analogie,	O
à	O
celui	O
du	O
corps	O
humain	O
Escande,	U-MISC
2001,	O
p.	O
84-92.	O
.	O
Exemple	O
du	O
même	O
caractère	O
fa	O
(«	O
méthode,	O
discipline,	O
loi	O
»)	O
en	O
régulière	O
et	O
en	O
cursive.	O
5.	U-MISC
Le	O
choix	O
du	O
texte	O
à	O
rédiger,	O
le	O
choix	O
du	O
style	O
en	O
fonction	O
de	O
la	O
destination	O
du	O
texte	O
Lorsque	B-MISC
la	I-MISC
solennité	I-MISC
et	I-MISC
la	I-MISC
rigueur	L-MISC
sont	O
de	O
mise,	O
pour	O
les	O
enseignes	O
des	O
bâtiments	O
(magasin,	O
temple,	O
monument,	O
jardin,	O
habitation,	O
etc.),	U-MISC
la	O
régulière	O
est	O
exigée.	O
Sun	U-ORG
Guoting	O
recommande	O
:	O
Pour	O
la	O
vitesse	O
et	O
la	O
commodité,	O
la	O
semi-cursive	O
est	O
requise	O
;	O
pour	O
inscrire	O
ou	O
graver	O
sur	O
une	O
enseigne,	O
c’est	O
la	O
régulière	O
qui	O
est	O
préférée.	O
Si	U-MISC
la	O
cursive	O
ne	O
contient	O
pas	O
une	O
part	O
de	O
régulière,	O
elle	O
risque	O
d’être	O
appliquée	O
et	O
timorée.	O
Si	U-MISC
la	O
régulière	O
ne	O
renferme	O
pas	O
de	O
cursive,	O
elle	O
n’a	O
rien	O
à	O
voir	O
avec	O
le	O
style	O
épistolaire.	O
La	B-MISC
semi-cursive	L-MISC
ou	O
courante	O
est	O
une	O
écriture	O
mi-régulière,	O
mi-cursive	O
:	O
l’ordre	O
des	O
traits	O
prédéterminé	O
est	O
respecté,	O
comme	O
en	O
régulière,	O
mais	O
ceux-ci	O
sont	O
parfois	O
reliés	O
entre	O
eux	O
au	O
sein	O
d’un	O
caractère.	O
Alors	O
qu’en	O
cursive	O
la	O
graphie	O
des	O
caractères	O
est	O
schématisée	O
et	O
que	O
ces	O
derniers	O
sont	O
souvent	O
reliés	O
entre	O
eux,	O
ce	O
qui	O
les	O
rend	O
illisibles	O
pour	O
un	O
non-initié.	U-LOC
La	O
courante	O
est	O
donc	O
tracée	O
plus	O
librement	O
que	O
la	O
régulière	O
tout	O
en	O
gardant	O
l’avantage	O
de	O
rester	O
lisible.	O
Elle	O
est	O
particulièrement	O
appropriée	O
pour	O
l’écriture	O
des	O
missives,	O
qui	O
désigne	O
le	O
«	O
style	O
épistolaire	O
»,	U-PER
dans	O
lequel	O
la	O
grande	O
tradition	O
fondatrice	O
de	O
l’idéal	O
calligraphique	O
s’est	O
transmise	O
depuis	O
le	O
iv	O
e	O
siècle,	O
et	O
en	O
particulier	O
Wang	B-PER
Xizhi	L-PER
.	O
Sun	B-PER
Guoting	L-PER
explique	O
la	O
différence	O
entre	O
régulière	O
et	O
cursive	O
:	O
La	O
régulière	O
fait	O
des	O
points	O
et	O
traits	O
sa	O
forme	O
et	O
sa	O
matière,	O
des	O
rotations	O
[le	O
vecteur	O
de]	O
ses	O
émotions	O
et	O
de	O
son	O
tempérament	O
;	O
en	O
cursive,	O
les	O
points	O
et	O
les	O
traits	O
servent	O
à	O
[l’expression]	O
des	O
émotions	O
et	O
du	O
tempérament,	O
les	O
rotations	O
produisent	O
la	O
forme	O
et	O
la	O
matière.	O
Si	U-MISC
les	O
rotations	O
sont	O
contrariées	O
en	O
cursive,	O
les	O
caractères	O
ne	O
peuvent	O
être	O
réalisés.	O
Si	U-MISC
les	O
points	O
et	O
traits	O
font	O
défaut	O
en	O
régulière,	O
elle	O
peut	O
encore	O
servir	O
à	O
noter	O
des	O
textes.	O
Même	O
si	O
les	O
mouvements	O
[de	O
la	O
pointe	O
dans	O
les	O
deux	O
styles]	O
sont	O
différents,	O
ils	O
sont	O
globalement	O
mutuellement	O
reliés	O
Traité	B-MISC
de	I-MISC
calligraphie.	L-MISC
Voir	O
Escande,	U-LOC
2010,	O
p.	O
108.	O
.	O
«	O
Forme	O
et	O
matière	O
»	O
d’un	O
côté,	O
«	O
émotions	O
et	O
tempérament	O
»	O
de	O
l’autre	O
ne	O
marquent	O
pas	O
une	O
opposition	O
entre	O
matière	O
et	O
esprit,	O
mais	O
au	O
contraire	O
leur	O
lien	O
intrinsèque.	O
En	O
régulière,	O
écriture	O
«	O
standard	O
»	O
normalisée	O
au	O
viie	O
siècle	O
et	O
usitée	O
depuis	O
lors,	O
les	O
points	O
et	O
les	O
traits	O
fondent	O
la	O
structure	O
du	O
style,	O
car	O
l’ordre	O
des	O
traits	O
est	O
préétabli,	O
alors	O
que	O
les	O
rotations	O
y	O
apparaissent	O
comme	O
secondaires	O
–	O
c’est	O
pourtant	O
elles	O
qui	O
permettent	O
d’exprimer	O
pleinement	O
ce	O
style.	O
Inversement,	U-MISC
les	O
«	O
rotations	O
»	O
sont	O
la	O
marque	O
de	O
la	O
cursive	O
alors	O
que	O
la	O
lisibilité	O
n’est	O
plus	O
essentielle.	O
Cependant,	U-LOC
la	O
fluidité	O
ne	O
doit	O
pas	O
impliquer	O
un	O
manque	O
de	O
force,	O
c’est	U-MISC
pourquoi	O
les	O
points	O
et	O
les	O
traits	O
doivent	O
en	O
faire	O
ressortir	O
la	O
vitalité.	O
Sun	B-MISC
Guoting	L-MISC
poursuit,	O
sur	O
les	O
styles	O
d’écriture	O
:	O
C’est	O
pourquoi	O
[les	O
calligraphes	O
doivent]	O
également	O
fréquenter	O
et	O
comprendre	O
les	O
deux	O
formes	O
de	O
sigillaire,	O
s’intéresser	O
au	O
bafen	O
et	O
l’intégrer,	U-LOC
saisir	O
et	O
englober	O
la	O
cursive	O
ancienne,	O
s’immerger	O
et	O
se	O
plonger	O
dans	O
le	O
blanc-volant.	O
Mais	O
si	O
on	O
manque	O
un	O
tant	O
soit	O
peu	O
d’attention,	U-LOC
[régulière	O
et	O
cursive]	O
sont	O
alors	O
aussi	O
différentes	O
que	O
Hu	U-PER
[le	O
Nord]	U-LOC
et	O
Yue	U-PER
[le	O
Sud].	O
Les	O
«	O
deux	O
formes	O
de	O
sigillaire	O
»	O
désignent	O
la	O
grande	O
sigillaire,	O
ou	O
écriture	O
oraculaire	O
sur	O
os,	O
carapace	O
de	O
tortues,	O
bronze	O
et	O
pierre,	O
qui	O
correspond	O
à	O
l’écriture	O
la	O
plus	O
ancienne,	O
et	O
la	O
petite	O
sigillaire,	O
créée	O
sous	O
les	O
Qin	U-LOC
(	O
iii	O
e	O
siècle	O
av.	O
J.-C.)	O
à	O
partir	O
de	O
la	O
précédente	O
en	O
la	O
normalisant	O
Voir	O
Escande,	U-LOC
2003,	O
p.	O
59.	O
.	O
Le	O
bafen	O
est	O
l’une	O
des	O
formes	O
de	O
l’écriture	O
de	O
chancellerie,	O
ancêtre	O
de	O
l’écriture	O
régulière,	O
employé	O
pour	O
la	O
rédaction	O
des	O
textes	O
officiels	O
Ibid.,	U-ORG
p.	O
132,	O
ill.	O
23.	U-MISC
.	O
Le	O
«	O
blanc-volant	O
»	O
désigne	O
un	O
style	O
essentiellement	O
décoratif,	O
aux	O
caractères	O
en	O
majorité	O
de	O
grandes	O
dimensions,	O
dont	O
le	O
tracé	O
relativement	O
rapide	O
laisse	O
apparaître	O
le	O
«	O
blanc	O
»	O
du	O
support	O
car	O
l’encre	O
n’a	O
pas	O
le	O
temps	O
de	O
se	O
déposer	O
;	O
«	O
volant	O
»	O
évoque	O
l’aspect	O
aérien	O
et	O
léger	O
de	O
ce	O
style	O
Ibid.,	U-LOC
p.	O
144,	O
147.	O
.	O
Sun	B-MISC
Guoting	L-MISC
continue	O
:	O
Si	O
les	O
écritures	O
sigillaire,	O
de	O
chancellerie,	O
cursive	O
[moderne]	O
et	O
cursive	O
ancienne	O
diffèrent	O
beaucoup	O
dans	O
leurs	O
usages	O
et	O
techniques,	O
elles	O
ont	O
[toutes]	O
établi	O
leurs	O
qualités	O
et	O
chacune	O
a	O
ses	O
avantages	O
:	O
la	O
sigillaire	O
fait	O
cas	O
de	O
la	O
grâce	O
et	O
des	O
liaisons	O
;	O
l’écriture	O
de	O
chancellerie	O
recherche	O
la	O
précision	O
et	O
la	O
densité	O
;	O
la	O
cursive	O
[moderne]	O
valorise	O
la	O
liberté	O
et	O
la	O
fluidité	O
;	O
la	O
cursive	O
ancienne	O
s’applique	O
à	O
la	O
maîtrise	O
et	O
à	O
la	O
simplicité.	O
Ensuite	O
[après	O
avoir	O
appris	O
chacun	O
de	O
ces	O
styles],	O
[les	O
calligraphes	O
expriment]	O
la	O
solennité	O
par	O
le	O
souffle	O
spirituel	O
(fengshen),	O
la	O
douceur	O
par	O
une	O
humectation	O
gracieuse,	O
l’exultation	O
par	O
la	O
vigueur	O
structurale,	O
l’harmonie	O
par	O
l’élégante	O
sérénité	O
(xianya),	O
afin	O
de	O
pouvoir	O
manifester	O
leurs	O
sentiments	O
et	O
leur	O
tempérament	O
et	O
donner	O
forme	O
à	O
leurs	O
joie	O
et	O
tristesse.	O
L’expérience	O
des	O
différents	O
degrés	O
de	O
sécheresse	O
ou	O
d’humidité	O
dans	O
l’emploi	O
[de	O
l’encre	O
montre]	O
qu’elle	O
demeure	O
la	O
même	O
depuis	O
l’Antiquité	O
;	O
en	O
réalisant	O
l’écart	O
entre	O
la	O
jeunesse	O
et	O
la	O
vieillesse,	O
[on	O
prend	O
conscience]	O
que	O
cent	O
ans	O
s’évanouissent	O
en	O
un	O
instant.	O
Hélas	B-MISC
!	L-MISC
Si	O
l’on	O
n’est	U-MISC
pas	O
initié	O
[à	O
la	O
calligraphie],	O
comment	O
pourrait-on	O
en	O
comprendre	O
le	O
mystère	O
Voir	B-MISC
Escande,	L-MISC
2010,	O
p.	O
110-112.	O
?	O
Sun	B-MISC
Guoting	L-MISC
n’éclaire	O
pas	O
le	O
vocabulaire	O
qu’il	O
emploie.	O
Des	O
théoriciens	O
plus	O
tardifs	O
l’ont	O
repris	O
et	O
expliqué	O
;	O
nous	O
n’avons	O
aujourd’hui	O
d’autre	O
choix	O
que	O
de	O
nous	O
référer	O
à	O
eux.	O
Par	B-MISC
exemple,	I-MISC
fengshen	L-MISC
,	O
le	O
«	O
tempérament	O
spirituel	O
»	O
ou	O
«	O
influx	O
spirituel	O
»,	U-PER
occupe	O
une	O
place	O
importante	O
chez	O
le	O
calligraphe	O
et	O
théoricien	O
Jiang	B-PER
Kui	L-PER
(1163-1203)	O
des	O
Song	B-MISC
du	I-MISC
Sud	L-MISC
(1127-1279)	O
:	O
Le	O
tempérament	O
spirituel	O
exige	O
premièrement	O
une	O
valeur	O
humaine	O
élevée	O
;	O
deuxièmement,	O
de	O
se	O
mettre	O
à	O
l’école	O
des	O
anciens	O
;	O
troisièmement,	O
[d’employer]	O
des	O
pinceaux	O
et	O
du	O
papier	O
de	O
qualité	O
;	O
quatrièmement,	O
de	O
l’audace	O
et	O
de	O
la	O
vigueur	O
;	O
cinquièmement,	O
de	O
la	O
hauteur	O
clairvoyante	O
;	O
sixièmement,	O
une	O
brillante	O
onctuosité	O
;	O
septièmement,	O
des	O
effets	O
de	O
contrepoint	O
convenables	O
;	O
huitièmement,	O
quelque	O
peu	O
de	O
nouveauté	O
Huang,	U-ORG
1979,	O
vol.	O
1,	O
p.	O
392-393.	O
.	O
Selon	O
Jiang	B-PER
Kui	L-PER
,	O
le	O
tempérament	O
spirituel	O
dépend	O
de	O
facteurs	O
à	O
la	O
fois	O
techniques	O
(la	O
copie	O
des	O
anciens,	O
le	O
matériel	O
de	O
qualité,	O
l’encre	O
onctueuse,	O
les	O
effets	O
de	O
contrepoint)	O
et	O
spirituels	O
(la	O
valeur	O
humaine,	O
les	O
qualités	O
du	O
caractère,	O
notamment	O
audace	O
et	O
nouveauté).	O
De	B-MISC
même,	I-MISC
l’expression	L-MISC
xianya,	O
«	O
l’élégante	O
sérénité	O
»,	U-PER
employée	O
par	O
Sun	U-ORG
,	O
est	O
développée	O
par	O
le	O
calligraphe	O
et	O
théoricien	O
Xiang	B-PER
Mu	L-PER
(	O
xvi	O
e	O
siècle)	U-MISC
des	O
Ming	U-MISC
:	O
La	O
calligraphie	O
connaît	O
trois	O
exigences.	O
La	O
première,	O
c’est	U-MISC
la	O
clarté	O
et	O
la	O
régularité	O
;	O
la	O
clarté	O
signifie	O
que	O
les	O
points	O
et	O
traits	O
ne	O
sont	O
ni	O
flous	O
ni	O
mélangés	O
;	O
la	O
régularité,	O
que	O
la	O
forme	O
des	O
caractères	O
n’est	O
pas	O
déséquilibrée.	O
La	O
deuxième	O
exigence,	O
c’est	O
la	O
douceur	O
et	O
l’onctuosité	O
;	O
la	O
douceur	O
implique	O
un	O
état	O
d’esprit	O
sans	O
orgueil	O
ni	O
colère	O
;	O
l’onctuosité,	U-MISC
des	O
attaques	O
et	O
des	O
arrêts	O
ni	O
secs	O
ni	O
âpres.	O
La	O
troisième	O
exigence,	O
c’est	U-MISC
l’élégante	O
sérénité	O
(xianya)	U-MISC
;	O
la	O
sérénité	O
(xian)	O
signifie	O
que	O
les	O
mouvements	O
et	O
l’utilisation	O
du	O
pinceau	O
se	O
font	O
sans	O
contrainte	O
;	O
élégante	O
(ya),	O
que	O
les	O
débuts	O
et	O
fins	O
des	O
traits	O
ne	O
se	O
font	O
pas	O
n’importe	O
comment	O
Huang,	U-MISC
1979,	O
vol.	O
2,	O
p.	O
535.	O
.	O
Autrement	O
dit,	O
selon	O
Xiang	B-PER
Mu	L-PER
,	O
comme	O
selon	O
Jiang	B-PER
Kui	L-PER
,	O
la	O
réussite	O
du	O
tracé	O
tient	O
avant	O
tout	O
à	O
l’attitude	O
spirituelle	O
du	O
scripteur.	O
Par	O
ailleurs,	O
lorsque	O
Sun	B-PER
Guoting	L-PER
traite	O
des	O
styles	O
à	O
employer	O
et	O
des	O
qualités	O
à	O
combiner,	O
il	O
ne	O
soulève	O
pas	O
la	O
question	O
du	O
rapport	O
entre	O
forme	O
(style)	O
et	O
fond.	O
À	B-MISC
aucun	I-MISC
moment,	I-MISC
il	I-MISC
n’indique	L-MISC
quel	O
type	O
de	O
texte	O
conviendrait	O
à	O
quel	O
style	O
calligraphique.	O
En	B-MISC
revanche,	I-MISC
il	I-MISC
insiste	I-MISC
sur	I-MISC
l’importance	I-MISC
de	I-MISC
l’émotion	I-MISC
dans	I-MISC
telle	I-MISC
ou	I-MISC
telle	I-MISC
circonstance,	I-MISC
c’est-à-dire	I-MISC
sur	I-MISC
la	I-MISC
façon	L-MISC
dont	O
aussi	O
bien	O
la	O
forme	O
que	O
le	O
fond	O
sont	O
corrélés	O
à	O
l’état	O
d’esprit	O
ou	O
à	O
l’attitude	O
spirituelle.	O
Il	O
prend	O
l’exemple	O
de	O
Wang	B-PER
Xizhi	L-PER
,	O
demeuré	O
jusqu’à	O
nos	O
jours	O
le	O
plus	O
grand	O
modèle	O
de	O
tous	O
les	O
temps,	O
et	O
explique	O
que	O
la	O
forme	O
finale	O
des	O
œuvres	O
du	O
maître	O
dépendait	O
de	O
ses	O
émotions,	O
c’est	U-MISC
pourquoi	O
Wang	B-PER
Xizhi	L-PER
connut	O
une	O
telle	O
postérité.	O
S’il	O
avait	O
été	O
guidé	O
par	O
une	O
quête	O
seulement	O
esthétique,	O
il	O
n’aurait	O
pu	O
devenir	O
exemplaire	O
:	O
Lorsqu’il	U-MISC
exécuta	O
[l’élégie	O
mortuaire]	O
de	O
Yue	B-PER
Yi	L-PER
,	O
[	O
Wang	B-PER
Xizhi	L-PER
]	O
était	O
rempli	O
de	O
tristesse	O
et	O
de	O
mélancolie	O
;	O
en	O
calligraphiant	O
l’Éloge	O
au	O
portrait	O
[de	O
Dongfang	B-PER
Shuo],	L-PER
son	O
esprit	O
était	O
transporté	O
par	O
des	O
visions	O
extraordinaires.	O
Le	B-MISC
Livre	I-MISC
de	I-MISC
la	I-MISC
cour	I-MISC
jaune	L-MISC
exprime	O
la	O
joie	O
et	O
la	O
vacuité	O
et,	U-MISC
dans	O
les	O
Exhortations	U-MISC
du	O
tuteur	O
impérial,	O
les	O
tracas	O
[de	O
la	O
vie	O
politique]	O
le	O
tourmentent.	O
Quant	O
à	O
la	O
joyeuse	O
réunion	O
du	O
Pavillon	U-LOC
des	O
orchidées,	O
ses	O
pensées	O
(si)	O
étaient	O
libres	O
et	O
son	O
esprit	O
s’est	O
surpassé.	O
Dans	B-MISC
la	I-MISC
Notification	L-MISC
formelle	O
devant	O
la	O
tombe	O
de	O
ses	O
parents	O
(Simen	O
jieshi),	O
ses	O
sentiments	O
étaient	O
déterminés	O
et	O
graves	O
;	O
cela	O
correspond	O
bien	O
à	O
«	O
rire	O
dans	O
la	O
joie,	O
soupirer	O
dans	O
l’affliction	O
»	O
Voir	O
Escande,	U-LOC
2010,	O
p.	O
123.	O
.	O
La	O
célèbre	O
Préface	U-MISC
[au	O
recueil	O
de	O
poèmes	O
de	O
la	O
réunion]	O
du	O
pavillon	O
des	O
Orchidées	U-LOC
(Lanting	O
xu),	O
réalisée	O
en	O
353,	O
est	O
considérée	O
comme	O
le	O
chef-d’œuvre	O
de	O
Wang	B-PER
Xizhi	L-PER
et	O
de	O
la	O
calligraphie	O
chinoise.	O
Le	O
contenu	O
du	O
texte	O
calligraphié	O
paraît	O
aller	O
de	O
soi	O
dans	O
la	O
mesure	O
où	O
il	O
s’accorde	O
aux	O
émotions	O
qui	O
président	O
à	O
l’exécution	O
écrite.	O
C’est	U-MISC
pourquoi	O
Sun	U-ORG
ne	O
le	O
mentionne	O
à	O
aucun	O
moment.	B-MISC
Pourtant,	L-MISC
il	O
précise	O
également	O
que	O
:	O
«	O
Ce	O
que	O
le	O
cœur	O
saisit	O
n’est	O
pas	O
aisé	O
à	O
exprimer	O
totalement	O
en	O
des	O
mots	O
et	O
ce	O
que	O
transmettent	O
les	O
mots	O
est	O
particulièrement	O
difficile	O
à	O
transposer	O
sur	O
du	O
papier	O
avec	O
de	O
l’encre	O
Ibid.,	U-LOC
p.	O
118.	O
.	O
»	O
D’après	O
Wang	B-PER
Xizhi	L-PER
(303-361),	O
Préface	U-ORG
au	O
pavillon	O
des	O
orchidées	O
(shenlong	O
ben),	U-LOC
copie	O
du	O
vii	O
e	O
siècle,	O
encre	O
sur	O
papier,	O
Pékin,	U-LOC
musée	O
de	O
l’Ancien	O
Palais.	U-MISC
Cette	O
œuvre	O
demeure	O
un	O
modèle	O
incontournable.	O
6.	O
La	O
copie	O
et	O
l’appréciation	O
La	B-MISC
réussite	L-MISC
d’une	O
œuvre	O
dépend	O
en	O
partie	O
de	O
l’acquisition	O
de	O
normes	O
établies	O
et	O
transmises	O
par	O
la	O
copie.	O
Selon	O
Sun	B-PER
Guoting	L-PER
,	O
la	O
première	O
condition	O
pour	O
réaliser	O
une	O
copie	O
est	O
un	O
travail	O
assidu.	O
La	O
technique	O
du	O
pinceau	O
ne	O
doit	O
plus	O
constituer	O
une	O
gêne	O
:	O
Quoique	O
la	O
façon	O
de	O
mouvoir	O
et	O
d’utiliser	O
[le	O
pinceau]	O
dépende	O
de	O
soi,	O
les	O
modèles	O
et	O
normes	O
établis	O
sont	O
ceux	O
dont	O
on	O
dispose	O
sous	O
les	O
yeux	O
;	O
une	O
erreur	O
minime	O
[par	O
rapport	O
à	O
ces	O
normes]	O
provoque	O
un	O
écart	O
de	O
milliers	O
de	O
lieues	O
;	O
mais	O
si	O
on	O
maîtrise	O
la	O
technique,	O
elle	O
peut	O
s’adapter	O
à	O
tout.	O
Le	O
cœur	O
ne	O
[doit]	O
pas	O
se	O
lasser	O
de	O
la	O
perfection	O
et	O
la	O
main	O
ne	O
jamais	O
négliger	O
l’exercice.	O
Si	B-MISC
l’on	L-MISC
est	O
aguerri	O
et	O
habitué	O
aux	O
mouvements	O
et	O
à	O
l’utilisation	O
[du	O
pinceau]	O
au	O
point	O
d’avoir	O
intégré	O
règles	O
et	O
méthodes,	O
[l’œuvre	O
se	O
réalise]	O
naturellement,	O
facilement	O
et	O
avec	O
aisance,	O
l’intention	O
précédant	O
la	O
réalisation,	O
à	O
l’aise	O
et	O
sans	O
effet,	O
le	O
pinceau	O
sans	O
contrainte,	O
l’esprit	O
s’envolant.	O
La	B-MISC
maîtrise	I-MISC
technique	L-MISC
permet	O
d’acquérir	O
le	O
contrôle	O
de	O
la	O
vitesse	O
du	O
tracé.	O
Parallèlement,	U-LOC
la	O
description	O
et	O
l’appréciation	O
d’une	O
œuvre	O
digne	O
d’être	O
copiée	O
procèdent	O
par	O
métaphores	O
et	O
images	O
empruntées	O
à	O
la	O
nature.	O
Ce	O
qui	O
pour	O
des	O
lecteurs	O
occidentaux	O
peut	O
paraître	O
appartenir	O
au	O
registre	O
de	O
l’art	O
littéraire	O
correspond	O
pour	O
les	O
calligraphes	O
chinois	O
à	O
des	O
images	O
suggestives	O
et	O
concrètes,	O
dont	O
Sun	U-ORG
nous	O
donne	O
des	O
exemples	O
remarquables	O
:	O
Vigueur	O
et	O
rapidité	O
sont	O
la	O
clé	O
de	O
la	O
liberté	O
et	O
du	O
dépassement	O
;	O
lenteur	O
et	O
rétention,	O
le	O
summum	O
de	O
l’appréciation	O
et	O
de	O
la	O
compréhension.	O
Ne	O
pas	O
céder	O
à	O
la	O
rapidité	O
conduit	O
à	O
la	O
réunion	O
de	O
toutes	O
les	O
perfections.	O
Rester	U-PER
englué	O
dans	O
la	O
lenteur	O
mène	O
finalement	O
à	O
manquer	O
l’achèvement	O
merveilleux.	O
Être	B-MISC
capable	I-MISC
de	I-MISC
rapidité	L-MISC
et	O
ne	O
pas	O
aller	O
vite	O
s’appelle	O
«	O
retenir	O
l’inondation	O
».	U-MISC
Mais	O
aller	O
lentement	O
parce	O
qu’on	O
est	O
lent,	O
comment	O
pourrait-on	O
qualifier	O
cela	O
[de	O
capacité]	O
d’appréciation	O
et	O
de	O
compréhension	O
?	O
Sauf	O
si	O
le	O
cœur	O
est	O
détaché	O
et	O
la	O
main	O
alerte,	O
il	O
est	O
difficile	O
de	O
réunir	O
à	O
la	O
fois	O
[rapidité	O
et	O
lenteur].	O
Si	U-MISC
l’on	O
rassemble	O
toutes	O
ces	O
merveilleuses	O
[qualités],	O
il	O
faut	O
d’abord	O
s’appliquer	O
à	O
conserver	O
l’énergie	O
structurale.	O
Lorsque	O
celle-ci	O
est	O
mise	O
en	O
place,	O
on	O
peut	O
ajouter	O
la	O
vigueur	O
et	O
l’onctuosité,	U-MISC
comme	O
les	O
branches	O
et	O
le	O
tronc	O
d’un	O
arbre	O
au	O
feuillage	O
touffu	O
et	O
étendu	O
qui	O
deviennent	O
plus	O
forts	O
et	O
denses	O
au	O
contact	O
de	O
la	O
neige	O
et	O
du	O
gel,	O
ou	O
comme	O
des	O
fleurs	O
et	O
feuilles	O
dans	O
une	O
exubérance	O
éclatante	O
reflètent	O
les	O
nuages	O
et	O
le	O
soleil.	O
Si	U-MISC
l’os	O
et	O
la	O
force	O
prédominent	O
particulièrement,	O
vigueur	O
et	O
délicatesse	O
sont	O
diminuées,	O
rappelant	O
alors	O
un	O
arbre	O
desséché	O
dressé	O
sur	O
un	O
précipice	O
ou	O
un	O
rocher	O
gigantesque	O
obstruant	O
la	O
route	O
;	O
quoique	O
manquent	O
la	O
grâce	O
et	O
l’élégance,	O
la	O
substance	O
corporelle	O
subsiste.	O
Si	U-MISC
vigueur	O
et	O
délicatesse	O
prennent	O
l’avantage	O
sur	O
l’énergie	O
structurale,	O
cela	O
est	O
comparable	O
à	O
un	O
bois	O
parfumé	O
dont	O
le	O
pistil	O
des	O
boutons	O
est	O
tombé,	O
dont	O
la	O
splendeur	O
vaine	O
n’a	O
pas	O
d’attache,	O
ou	O
à	O
un	O
lac	O
d’orchidées	O
avec	O
des	O
lentilles	O
d’eau	O
flottantes	O
:	O
uniquement	O
de	O
la	O
verdure	O
et	O
pas	O
d’appui.	O
Cela	O
nous	O
apprend	O
que	O
la	O
réussite	O
partielle	O
est	O
aisée	O
à	O
achever	O
mais	O
que	O
l’excellence	O
parfaite	O
est	O
difficile	O
à	O
poursuivre.	O
Même	O
si	O
l’on	O
prend	O
pour	O
modèle	O
un	O
seul	O
maître,	O
il	O
se	O
transformera	O
en	O
de	O
nombreux	O
styles,	O
chaque	O
personne	O
suivant	O
son	O
inclination	O
naturelle	O
pour	O
se	O
forger	O
sa	O
propre	O
allure	O
:	O
celui	O
dont	O
le	O
caractère	O
est	O
droit	O
aura	O
une	O
écriture	O
rigide,	O
raide	O
et	O
sans	O
vigueur	O
[élégante].	O
La	O
personne	O
inflexible	O
et	O
brutale	O
aura	O
une	O
écriture	O
obstinément	O
dure	O
et	O
manquant	O
d’onctuosité.	O
Les	B-MISC
gens	I-MISC
réservés	L-MISC
et	O
retenus	O
ont	O
le	O
défaut	O
d’être	O
entravés.	O
Les	U-MISC
inattentifs	O
et	O
changeants	O
manquent	O
de	O
règles	O
et	O
de	O
méthode.	O
Les	B-MISC
doux	L-MISC
et	O
souples	O
souffrent	O
de	O
mollesse.	O
Les	B-MISC
impétueux	I-MISC
et	I-MISC
vaillants	L-MISC
ont	O
une	O
écriture	O
trop	O
hâtive.	O
Les	O
caractères	O
hésitants	O
se	O
voient	O
englués	O
dans	O
l’expectative	O
et	O
la	O
retenue.	O
Les	B-MISC
lents	I-MISC
et	I-MISC
maladroits	L-MISC
ont	O
une	O
écriture	O
totalement	O
malaisée	O
et	O
sans	O
tranchant.	O
Les	O
gens	O
triviaux	O
et	O
futiles	O
se	O
laissent	O
aller	O
à	O
un	O
style	O
de	O
vulgaires	O
scribes.	O
Tous,	U-PER
en	O
raison	O
de	O
leurs	O
tempéraments	O
particuliers,	O
se	O
complaisent	O
dans	O
leurs	O
propres	O
défauts	O
et	O
vont	O
à	O
l’encontre	O
[du	O
Dao]	U-LOC
Voir	O
Escande,	U-LOC
2010.	O
.	O
Sun	U-ORG
,	O
qui	O
affirme	O
un	O
principe	O
essentiel	O
de	O
la	O
calligraphie	O
chinoise	O
:	O
«	O
l’homme	O
et	O
son	O
écriture	O
arrivent	O
à	O
maturité	O
ensemble	O
»,	U-PER
souligne	O
combien	O
l’écriture	O
dépend	O
du	O
caractère	O
du	O
scripteur	O
et	O
combien	O
ses	O
défauts	O
se	O
manifestent	O
dans	O
le	O
tracé	O
s’il	O
se	O
contente	O
de	O
ne	O
copier	O
qu’un	O
seul	O
modèle.	O
C’est	U-MISC
pourquoi	O
la	O
pratique	O
de	O
l’art	U-MISC
de	O
l’écriture	O
doit	O
permettre	O
de	O
corriger	O
ses	O
défauts	O
en	O
travaillant	O
sur	O
soi,	O
à	O
partir	O
de	O
modèles	O
reconnus	O
pour	O
leur	O
«	O
vertu	O
»	O
réelle	O
ou	O
supposée,	O
et	O
en	O
développant	O
toutes	O
les	O
facettes	O
de	O
sa	O
personnalité.	O
Je	B-MISC
me	I-MISC
suis	L-MISC
entièrement	O
consacré	O
à	O
la	O
calligraphie,	O
et	O
pensais	O
avoir	O
assez	O
bien	O
réussi	O
;	O
j’ai	O
montré	O
mon	O
travail	O
à	O
des	O
gens	O
qualifiés	O
de	O
connaisseurs	O
à	O
ce	O
moment	O
pour	O
leur	O
demander	O
leur	O
avis.	O
Les	O
réussites	O
et	O
beautés	O
qui	O
s’y	O
trouvaient,	O
ils	O
n’y	O
ont	O
pas	O
même	O
jeté	O
un	O
regard	O
;	O
les	O
quelques	O
fautes	O
ou	O
manques,	O
ils	O
les	O
ont	O
en	O
revanche	O
encensés.	O
Ils	O
n’ont	O
pas	O
compris	O
ce	O
qu’ils	O
regardaient	O
et	O
ne	O
se	O
sont	O
fiés	O
qu’aux	O
rumeurs.	O
Certains,	U-MISC
considérant	O
qu’ils	O
occupaient	O
de	O
hautes	O
fonctions	O
et	O
qu’ils	O
étaient	O
d’un	O
âge	O
avancé,	O
méprisèrent	O
mon	O
œuvre.	O
Je	B-MISC
l’ai	I-MISC
alors	I-MISC
montée	I-MISC
dans	I-MISC
de	I-MISC
la	I-MISC
soie	L-MISC
claire,	O
et	O
l’ai	O
inscrite	O
comme	O
s’il	O
s’agissait	O
d’une	O
œuvre	O
ancienne,	O
par	O
conséquent	O
ces	O
«	O
sages	O
»	O
changèrent	O
d’opinion	O
et	O
les	O
sots	O
suivirent	O
la	O
rumeur,	O
à	O
admirer	O
à	O
qui	O
mieux	O
mieux	O
l’originalité	O
du	O
moindre	O
détail	O
et	O
à	O
rarement	O
discuter	O
les	O
erreurs	O
de	O
mon	O
coup	O
de	O
pinceau.	O
Sun	B-MISC
Guoting	L-MISC
souligne	O
ici	O
combien	O
l’appréciation	O
d’une	O
œuvre	O
est	O
conditionnée	O
par	O
les	O
circonstances	O
sociales	O
et	O
les	O
modes.	O
7.	O
La	O
composition	O
Sun	U-ORG
insiste	O
à	O
la	O
fois	O
sur	O
l’importance	O
de	O
la	O
composition	O
des	O
traits	O
entre	O
eux	O
dans	O
un	O
même	O
caractère,	O
puis	O
sur	O
celle	O
qui	O
organise	O
une	O
page	O
calligraphiée	O
:	O
À	O
présent,	O
je	O
vais	O
traiter	O
des	O
fondements	O
de	O
tenir,	O
conduire,	O
tourner	O
et	O
manœuvrer	O
[le	O
pinceau],	O
afin	O
de	O
dissiper	O
[les	O
doutes]	O
de	O
ceux	O
qui	O
ne	O
s’y	O
sont	O
pas	O
éveillés.	O
«	O
Tenir	O
»	O
désigne	O
notamment	O
[la	O
saisie]	O
profonde	O
ou	O
superficielle,	O
longue	O
ou	O
courte	O
[du	O
pinceau]	O
;	O
«	O
conduire	O
»,	O
les	O
[tracés]	O
horizontaux	O
et	O
verticaux,	O
les	O
liaisons	O
et	O
les	O
arrêts	O
;	O
«	O
tourner	O
»,	O
les	O
crochets	O
arrondis,	O
les	O
enroulements	O
et	O
rotations	O
;	O
«	O
manœuvrer	O
»,	U-PER
[la	O
composition]	O
des	O
points	O
et	O
traits,	O
leurs	O
effets	O
de	O
contrepoint.	O
Lorsque	O
de	O
nombreux	O
traits	O
[identiques]	O
se	O
suivent,	O
leur	O
forme	O
doit	O
être	O
à	O
chaque	O
fois	O
différente.	O
Lorsque	O
plusieurs	O
points	O
sont	O
alignés,	O
leur	O
apparence	O
doit	O
changer	O
entre	O
eux.	O
Le	B-ORG
moindre	I-ORG
point	L-ORG
devient	O
la	O
mesure	O
pour	O
tout	O
un	O
caractère	O
et	O
le	O
moindre	O
caractère	O
sert	O
de	O
norme	O
pour	O
tout	O
un	O
écrit.	O
Différences	U-LOC
ne	O
veulent	O
pas	O
dire	O
conflit,	O
harmonie	O
ne	O
signifie	O
pas	O
répétition.	O
Rétention	U-MISC
[dans	O
le	O
geste]	O
ne	O
veut	O
pas	O
dire	O
absence	O
de	O
mouvement	O
;	O
rapidité	O
n’est	U-MISC
pas	O
précipitation.	O
[Une	O
encre]	O
sèche	O
doit	O
comporter	O
de	O
l’onctuosité,	U-MISC
[une	O
encre]	O
épaisse	O
aboutit	O
à	O
[un	O
tracé]	O
sec.	O
Éviter	U-MISC
les	O
règles	O
et	O
compas	O
pour	O
les	O
ronds	O
et	O
carrés	O
;	O
rejeter	O
patrons	O
et	O
cordons	O
pour	O
des	O
lignes	O
courbes	O
et	O
traits	O
droits.	O
Alterner	U-ORG
[les	O
attaques]	O
apparentes	O
et	O
cachées,	O
les	O
développements	O
et	O
les	O
mouvements	O
sur	O
place.	O
Toutes	O
les	O
métamorphoses	O
[de	O
la	O
nature]	O
doivent	O
ressortir	O
de	O
l’extrémité	O
de	O
la	O
pointe,	O
les	O
diverses	O
émotions	O
doivent	O
être	O
accordées	O
sur	O
le	O
papier.	O
Pour	O
comprendre	O
ces	O
principes,	O
on	O
peut	O
se	O
reporter	O
au	O
manuscrit	O
du	O
Traité	U-MISC
de	O
calligraphie,	O
dans	O
lequel	O
un	O
même	O
caractère	O
n’est	O
jamais	O
répété	O
à	O
l’identique.	O
8.	O
L’effet	U-ORG
visuel	O
et	O
le	O
rôle	O
de	O
l’art	U-MISC
de	O
l’écriture	O
Sun	B-MISC
Guoting	L-MISC
donne	O
des	O
«	O
descriptions	O
»	O
classiques	O
des	O
effets	O
visuels	O
que	O
les	O
traits	O
provoquent	O
sur	O
le	O
spectateur	O
à	O
l’aide	O
de	O
métaphores	O
évocatrices.	O
L’initié	U-ORG
y	O
retrouve	O
des	O
indications	O
relativement	O
précises	O
:	O
À	O
l’âge	U-MISC
de	O
l’apprentissage	O
[quinze	O
ans],	O
mon	O
cœur-esprit	O
s’est	O
dévolu	O
au	O
pinceau	O
et	O
à	O
l’encre,	U-MISC
savourant	O
les	O
[exemples]	O
hors	O
pair	O
subsistant	O
encore	O
[…]	O
et	O
s’imprégnant	O
des	O
règles	O
du	O
passé	O
de	O
[Wang]	O
Xi[zhi]	U-PER
et	O
[son	O
fils	O
Wang]	B-MISC
Xian[zhi]	L-MISC
.	O
J’ai	U-PER
observé	O
les	O
différences	O
entre	O
les	O
aiguilles	O
suspendues	O
et	O
les	O
gouttes	O
de	O
rosée	O
tombantes,	O
les	O
extraordinaires	O
tonnerres	O
grondant	O
ou	O
rochers	O
culbutant,	O
les	O
postures	O
d’oies	O
sauvages	O
en	O
vol	O
ou	O
d’animaux	O
effrayés,	O
l’apparence	O
de	O
phénix	O
dansants	O
et	O
de	O
serpents	O
surpris	O
se	O
dressant,	O
la	O
puissance	O
des	O
falaises	O
à	O
pic	O
et	O
des	O
cimes	O
dénudées,	O
les	O
attitudes	O
de	O
vieux	O
arbres	O
surplombant	O
un	O
vide	O
vertigineux	O
;	O
parfois	O
aussi	O
lourds	O
que	O
des	O
nuages	O
prêts	O
à	O
se	O
crever	O
et	O
parfois	O
aussi	O
légers	O
que	O
des	O
élytres	O
de	O
cigales.	O
«	O
L’aiguille	O
suspendue	O
»	O
(xuanzhen)	O
désigne	O
un	O
trait	O
vertical	O
dont	O
la	O
fin,	O
à	O
l’extrémité	O
inférieure,	O
est	O
effilée	O
comme	O
celle	O
d’une	O
aiguille.	O
Par	O
opposition,	O
«	O
la	O
goutte	O
de	O
rosée	O
tombante	O
»	O
(chuilu)	O
implique	O
une	O
extrémité	O
inférieure	O
de	O
trait	O
vertical	O
arrondie	O
et	O
gonflée,	O
comme	O
le	O
ferait	O
une	O
goutte	O
prête	O
à	O
tomber.	O
Le	B-MISC
«	I-MISC
tonnerre	L-MISC
grondant	O
»	O
et	O
le	O
«	O
rocher	O
culbutant	O
»	O
suggèrent	O
le	O
tracé	O
puissant	O
de	O
traits	O
et	O
de	O
points.	O
Les	U-LOC
métaphores	O
suivantes	O
portent	O
sur	O
les	O
caractères	O
de	O
l’écriture	O
cursive	O
Voir	B-MISC
l’Effet	I-MISC
de	I-MISC
la	I-MISC
cursive	L-MISC
de	O
Cui	B-PER
Yuan	L-PER
(77-142)	O
rapporté	O
dans	O
le	O
traité	B-MISC
de	I-MISC
Wei	I-MISC
Heng	L-MISC
(	O
?-291),	O
Effets	O
des	O
quatre	O
styles	O
calligraphiques,	O
dans	O
Escande,	U-MISC
2003,	O
p.	O
135-139.	O
.	O
Après	O
avoir	O
décrit	O
l’effet	O
des	O
traits,	O
Sun	U-ORG
poursuit	O
sur	O
celui	O
de	O
la	O
composition	O
de	O
la	O
page	O
d’écriture,	O
comparée	O
à	O
la	O
configuration	O
des	O
étoiles	O
dans	O
la	O
voie	O
lactée	O
:	O
la	O
distance	O
naturelle	O
entre	O
elles	O
se	O
rapporte	O
à	O
l’agencement	O
idéal	O
des	O
caractères,	O
de	O
même	O
que	O
l’éclat	O
de	O
chacune	O
est	O
la	O
norme	O
pour	O
la	O
mise	O
en	O
valeur	O
réciproque	O
des	O
caractères.	O
Le	O
commencement	O
[du	O
tracé],	O
c’est	U-MISC
le	O
jaillissement	O
d’une	O
source,	O
son	O
interruption,	O
la	O
stabilité	O
des	O
montagnes.	O
Aussi	O
délicats	O
que	O
la	O
nouvelle	O
lune	O
apparaissant	O
à	O
l’horizon,	U-LOC
organisés	O
comme	O
l’agencement	O
des	O
étoiles	O
dans	O
la	O
voie	O
lactée,	O
[leurs	O
caractères]	O
sont	O
semblables	O
à	O
l’existence	O
merveilleuse	O
de	O
la	O
nature,	O
ce	O
n’est	O
pas	O
en	O
s’efforçant	O
que	O
l’on	O
peut	O
y	O
arriver.	O
La	O
référence	O
à	O
«	O
l’existence	O
merveilleuse	O
de	O
la	O
nature	O
»	O
n’implique	O
pas	O
la	O
comparaison	O
d’une	O
calligraphie	O
avec	O
un	O
objet	O
naturel	O
ni	O
avec	O
le	O
surnaturel.	O
Au	O
contraire,	O
les	O
caractères	O
doivent	O
être	O
considérés	O
parmi	O
des	O
«	O
existants	O
»	O
de	O
la	O
nature,	O
au	O
même	O
titre	O
que	O
la	O
lune,	O
les	O
étoiles,	O
les	O
nuages,	O
etc.,	O
avec	O
lesquels	O
ils	O
partagent	O
la	O
même	O
réalité	O
et	O
la	O
même	O
valeur	O
existentielle.	O
Vraiment,	U-LOC
voilà	O
qui	O
s’appelle	O
habileté	O
et	O
sagesse	O
incomparables,	O
le	O
cœur	O
et	O
la	O
main	O
à	O
l’unisson,	U-LOC
le	O
pinceau	O
ne	O
s’activant	O
pas	O
en	O
vain,	O
son	O
mouvement	O
répondant	O
à	O
la	O
nécessité.	O
Les	O
changements	O
d’un	O
simple	O
trait,	O
[s’opèrent]	O
en	O
soulevant	O
et	O
appuyant	O
l’extrémité	O
de	O
la	O
pointe	O
;	O
les	O
variations	O
du	O
moindre	O
point,	O
[se	O
réalisent]	O
en	O
pressant	O
et	O
retournant	O
le	O
bout	O
des	O
poils	O
[du	O
pinceau].	O
C’est	O
encore	O
plus	O
vrai	O
lorsqu’il	O
faut	O
accumuler	O
points	O
et	O
traits	O
pour	O
parvenir	O
à	O
former	O
des	O
caractères	O
;	O
d’autant	O
que,	O
si	O
en	O
outre	O
on	O
n’a	O
pas	O
à	O
ses	O
côtés	O
de	O
modèles	O
de	O
lettres	O
et	O
qu’on	O
ne	O
se	O
penche	O
pas	O
sur	O
son	O
travail	O
à	O
chaque	O
instant	O
;	O
[…]	O
si	O
on	O
se	O
contente	O
de	O
donner	O
libre	O
cours	O
à	O
son	O
pinceau	O
ou	O
de	O
rendre	O
des	O
formes	O
en	O
rassemblant	O
des	O
taches	O
d’encre	O
;	O
si	O
son	O
cœur	O
est	O
troublé	O
quant	O
aux	O
méthodes	O
ou	O
aux	O
modèles	O
à	O
prendre	O
et	O
ses	O
mains	O
égarées	O
quant	O
aux	O
principes	O
de	O
la	O
manœuvre	O
[du	O
pinceau],	O
n’est-ce	O
pas	O
absurde	O
de	O
rechercher	O
splendeur	O
et	O
merveilleux	O
?	O
L’écriture	O
n’est	U-MISC
devenue	O
un	O
«	O
art	O
»,	U-PER
c’est-à-dire	O
une	O
activité	O
fondamentale	O
au	O
développement	O
de	O
la	O
personnalité,	O
qu’au	O
tournant	O
de	O
notre	O
ère.	O
Sun	B-PER
Guoting	L-PER
souligne	O
son	O
rôle	O
fondamental	O
sous	O
les	O
Tang,	U-ORG
qui	O
ne	O
s’est	O
ensuite	O
pas	O
démenti	O
:	O
Yang	B-PER
Xiong	L-PER
[53	O
avant	O
J.-C.-18	U-PER
après	O
J.-C.]	U-MISC
qualifiait	O
la	O
poésie	O
rimée	O
et	O
en	O
prose	O
de	O
«	O
petite	O
voie	O
»	O
dans	O
laquelle	O
un	O
homme	O
adulte	O
ne	O
doit	O
pas	O
s’engager.	O
Que	O
dire	O
alors	O
de	O
noyer	O
ses	O
pensées	O
dans	O
le	O
petit	O
bout	O
de	O
la	O
pointe	O
ou	O
d’immerger	O
son	O
ardeur	O
dans	O
l’encre	O
et	O
le	O
pinceau	O
!	O
de	O
plonger	O
son	O
esprit	O
dans	O
le	O
jeu	O
d’échecs,	O
aussi	O
qualifié	O
de	O
«	O
vivre	O
en	O
ermite	O
»	O
;	O
et	O
même	O
de	O
satisfaire	O
ses	O
aspirations	O
en	O
pêchant	O
à	O
la	O
ligne,	O
ce	O
qui	O
correspond	O
à	O
savoir	O
apprécier	O
«	O
quand	O
il	O
faut	O
être	O
actif	O
et	O
quand	O
il	O
faut	O
se	O
retirer	O
»	O
!	O
Comment	O
[ces	O
activités]	O
pourraient-elles	O
être	O
comparées	O
[à	O
l’écriture]	O
qui	O
sert	O
à	O
noter	O
les	O
rites	O
et	O
la	O
musique,	O
qui	O
est	O
aussi	O
merveilleuse	O
que	O
des	O
divinités	O
ou	O
des	O
immortels,	O
aussi	O
infiniment	O
variée	O
que	O
les	O
ﬁgurines	O
en	O
argile	O
vernissée	O
et	O
qui	O
relève	O
d’un	O
fonctionnement	O
aussi	O
[extraordinaire	O
que]	O
celui	O
des	O
bons	O
fourneaux	O
?	O
Les	O
lettrés	O
qui	O
aiment	O
l’exceptionnel	O
et	O
font	O
cas	O
de	O
l’original	O
apprécient	O
les	O
diverses	O
méthodes	O
et	O
styles	O
variés	O
[de	O
la	O
calligraphie]	O
;	O
ceux	O
qui	O
sondent	O
le	O
subtil	O
et	O
mesurent	O
les	O
mystères	O
y	O
trouvent	O
les	O
secrets	O
prodigieux	O
des	O
changements.	O
Les	O
hommes	O
de	O
lettres	O
lui	O
empruntent	O
la	O
lie	O
de	O
son	O
vin,	O
les	O
connaisseurs	O
distillent	O
sa	O
quintessence	O
;	O
il	O
est	O
vrai	O
qu’elle	O
est	O
un	O
retour	O
aux	O
droits	O
principes,	O
et	O
que	O
certainement	O
les	O
hommes	O
sages	O
et	O
perspicaces	O
peuvent	O
également	O
y	O
exceller.	O
Si	U-MISC
l’essentiel	O
en	O
a	O
été	O
préservé	O
et	O
si	O
son	O
appréciation	O
demeure,	O
ce	O
n’est	O
certes	O
pas	O
pour	O
rien	O
Voir	B-MISC
Escande,	L-MISC
2010.	O
!	O
Sun	B-MISC
Guoting	L-MISC
(648	O
?-702	O
?),	U-ORG
Traité	B-MISC
de	I-MISC
calligraphie	L-MISC
(Shupu),	O
687,	O
détail,	O
exemple	O
de	O
composition	O
d’une	O
page	O
calligraphiée,	O
27,2	O
cm	O
×	O
898	O
cm,	O
encre	O
sur	O
papier,	O
Taipei,	B-LOC
Musée	I-LOC
national	L-LOC
du	O
Palais.	O
De	O
même	O
que	O
l’effet	O
de	O
la	O
calligraphie	O
doit	O
subsister	O
après	O
la	O
fin	O
du	O
geste,	O
comme	O
l’exprime	O
Zhang	B-PER
Huaiguan	L-PER
(	O
viii	O
e	O
siècle)	O
des	O
Tang	U-MISC
:	O
En	O
régulière,	O
l’intention	O
du	O
caractère	O
s’exprime	O
totalement	O
dans	O
les	O
terminaisons.	O
En	O
cursive,	O
lorsque	O
le	O
geste	O
est	O
terminé,	O
l’élan	O
(shi)	O
ne	O
doit	O
pas	O
être	O
épuisé	O
Ibid.	U-ORG
,	O
de	O
même,	O
son	O
rôle	O
dans	O
l’histoire	O
se	O
perpétue	O
en	O
raison	O
de	O
sa	O
portée	O
morale.	O
Bibliographie	O
