«	U-LOC
Ce	O
qui	O
me	O
paraît	O
décevant,	O
naïf	O
dans	O
les	O
réflexions,	O
les	O
analyses	O
sur	O
les	O
signes,	O
c’est	U-MISC
qu’on	O
les	O
suppose	O
toujours	O
déjà	O
là,	U-MISC
déposés	O
sur	O
la	O
figure	O
du	O
monde,	O
ou	O
constitués	O
par	O
les	O
hommes,	O
et	O
que	O
jamais	O
on	O
n’interroge	O
l’être	O
même	O
des	O
signes.	O
Qu’est-ce	U-MISC
que	O
cela,	O
le	O
fait	O
qu’il	O
y	O
ait	O
des	O
signes,	O
des	O
marques,	O
du	O
langage	O
?	O
»	O
Cette	O
réflexion	O
et	O
cette	O
question	O
surgissent	O
au	O
détour	O
d’un	O
entretien	O
de	O
Michel	B-PER
Foucault	L-PER
avec	O
Raymond	B-PER
Bellour	L-PER
,	O
en	O
1966,	O
à	O
l’occasion	O
de	O
la	O
parution	O
de	O
son	O
ouvrage	O
Les	B-MISC
Mots	I-MISC
et	I-MISC
les	L-MISC
Choses	O
Michel	B-PER
Foulcault,	L-PER
Dits	O
et	O
Écrits,	B-MISC
I	I-MISC
(1954-1969),	L-MISC
Paris,	O
1994,	O
p.	O
503.	O
.	O
Elles	O
pourraient	O
ouvrir	O
le	O
champ	O
d’une	O
sémiologie	O
historique	O
et	O
comparée	O
où	O
seraient	O
explorées	O
les	O
frontières	O
comme	O
l’organisation	O
des	O
différents	O
empires	O
des	O
signes	O
que	O
sont	O
les	O
cultures	O
humaines.	O
Outils	B-MISC
d’appréhension	I-MISC
et	I-MISC
de	I-MISC
maîtrise	I-MISC
du	I-MISC
monde	I-MISC
dans	I-MISC
la	I-MISC
diversité	I-MISC
de	I-MISC
ses	I-MISC
composantes,	I-MISC
les	I-MISC
signes	L-MISC
permettent	O
de	O
nommer	O
et	O
de	O
décrire,	O
de	O
comprendre	O
et	O
d’expliquer,	U-LOC
de	O
représenter,	O
c’est-à-dire	O
de	O
transposer	O
dans	O
de	O
multiples	O
dispositifs	O
où	O
ils	O
sont	O
régis	O
par	O
des	O
lois	O
propres	O
qui	O
les	O
mettent	O
en	O
forme	O
et	O
en	O
ordre,	O
qui	O
les	O
combinent	O
et	O
les	O
assemblent.	O
Ces	O
assemblages	O
ont	O
souvent	O
un	O
sens	O
et	O
une	O
portée	O
qui	O
excèdent	O
ceux	O
de	O
leurs	O
composants	O
pris	O
isolément,	O
de	O
même	O
qu’un	O
texte	O
excède	O
le	O
sens	O
des	O
phrases	O
qui	O
le	O
composent	O
et	O
ces	O
dernières	O
celui	O
des	O
mots	O
qui	O
s’y	O
déploient.	O
Ils	O
peuvent	O
être	O
gouvernés	O
par	O
les	O
lois	O
d’un	O
langage,	O
et	O
s’ouvrir	O
à	O
de	O
multiples	O
jeux	O
signifiants,	O
où	O
les	O
signes	O
composent	O
des	O
mondes	O
autonomes	O
et	O
cohérents.	O
«	O
Qu’est-ce	O
que	O
cela,	O
le	O
fait	O
qu’il	O
y	O
ait	O
des	O
signes,	O
des	O
marques,	O
du	O
langage	O
?	O
»	O
La	O
question	O
de	O
Foucault	U-PER
invite	O
à	O
remonter	O
aux	O
origines	O
:	O
d’où	O
viennent	O
les	O
signes,	O
les	O
marques	O
et	O
le	O
langage,	O
comment	O
en	O
sont-ils	O
venus	O
à	O
être	O
partagés	O
et	O
fixés,	O
quels	O
acteurs	O
et	O
quelles	O
pratiques	O
sociales	O
et	O
intellectuelles	O
ont	O
contribué	O
à	O
les	O
instaurer	O
?	O
L’origine	O
nous	O
échappe,	O
les	O
signes	O
ont	O
toujours	O
été	O
là,	U-MISC
depuis	O
qu’il	O
y	O
eut	O
des	O
intelligences	O
pour	O
regarder	O
le	O
monde.	O
Du	B-MISC
moins	I-MISC
peut-on	L-MISC
espérer	O
observer	O
des	O
moments	O
et	O
des	O
lieux	O
d’émergence,	O
où	O
le	O
pouvoir	O
des	O
signes	O
naît	O
du	O
soupçon	O
qu’il	O
y	O
a	O
du	O
sens,	O
un	O
sens,	O
dans	O
le	O
phénomène	O
naturel	O
comme	O
dans	O
l’artefact,	O
dans	O
l’inerte	O
comme	O
dans	O
le	O
vivant,	O
dans	O
la	O
matière	O
comme	O
dans	O
l’immatériel.	O
Ce	O
soupçon	O
ouvre	O
la	O
voie	O
à	O
de	O
multiples	O
pratiques	O
:	O
prélèvement	O
et	O
collection,	O
efforts	O
du	O
déchiffrement	O
où	O
doit	O
se	O
découvrir	O
ce	O
qui	O
signifie	O
comme	O
ce	O
qui	O
est	O
signifié	O
ainsi	O
que	O
les	O
charnières	O
analogiques	O
qui	O
relient	O
l’un	O
et	O
l’autre.	O
Une	B-MISC
fois	I-MISC
compris	I-MISC
leur	I-MISC
pouvoir,	I-MISC
les	I-MISC
signes	L-MISC
deviennent	O
des	O
outils	O
de	O
conquête	O
et	O
de	O
découverte	O
dans	O
une	O
gamme	O
de	O
pratiques	O
fondées	O
sur	O
des	O
compétences	O
particulières	O
:	O
identifier	O
les	O
signes	O
et	O
savoir	O
les	O
lire,	O
maîtriser	O
leur	O
tracé	O
et	O
leur	O
combinatoire,	O
les	O
techniques	O
de	O
leur	O
création	O
comme	O
celles	O
de	O
leur	O
archivage	O
et	O
de	O
leur	O
réactivation.	O
Dans	B-MISC
la	I-MISC
variété	I-MISC
de	I-MISC
leurs	I-MISC
formes,	I-MISC
les	I-MISC
signes	L-MISC
fondent	O
des	O
configurations	O
épistémiques	O
singulières	O
:	O
leur	O
identification	O
et	O
leur	O
déchiffrement	O
permettent	O
de	O
passer	O
du	O
visible	O
à	O
l’invisible,	U-LOC
en	O
remontant	O
vers	O
le	O
passé	O
ou	O
en	O
anticipant	O
l’avenir,	O
en	O
passant	O
de	O
la	O
partie	O
au	O
tout,	O
de	O
la	O
cause	O
à	O
l’effet,	U-ORG
en	O
dévoilant	O
ce	O
dont	O
le	O
signe	O
est	O
l’indice	O
ou	O
le	O
symptôme	O
;	O
ils	O
assujettissent	O
l’expérience,	O
les	O
sensations	O
et	O
la	O
pensée	O
à	O
leurs	O
logiques	O
propres,	O
se	O
prêtant	O
à	O
l’inventaire	O
du	O
monde	O
comme	O
aux	O
jeux	O
de	O
la	O
réflexivité	O
ou	O
à	O
la	O
recherche	O
des	O
lois	O
qui	O
sous-tendent	O
le	O
miroitement	O
des	O
apparences.	O
Ils	O
définissent	O
différentes	O
postures,	O
des	O
gestes	O
et	O
des	O
regards,	O
des	O
techniques	O
et	O
des	O
savoir-faire,	O
ceux	O
du	O
scribe	O
et	O
du	O
devin,	O
de	O
l’enquêteur	O
comme	O
du	O
mathématicien,	O
de	O
l’archéologue	O
et	O
du	O
chasseur,	O
du	O
médecin	O
et	O
de	O
l’herméneute	O
Pour	B-MISC
une	I-MISC
magnifique	I-MISC
exploration	I-MISC
du	I-MISC
paradigme	I-MISC
indiciaire	L-MISC
dans	O
la	O
tradition	O
européenne,	O
voir	O
Carlo	B-PER
Ginzburg,	I-PER
«	I-PER
Traces.	I-PER
Racines	L-PER
d’un	O
paradigme	O
indiciaire	O
»,	O
in	O
Mythes,	U-LOC
Emblèmes,	O
Traces.	O
Morphologie	O
et	O
histoire,	O
trad.	O
de	O
l’italien	O
par	O
Monique	B-PER
Aymard,	L-PER
Christian	B-PER
Paoloni,	L-PER
Elsa	B-PER
Bonan	L-PER
et	O
Martine	B-PER
Sancini-Vignet,	I-PER
Paris,	L-PER
1989,	O
p.	O
139-180	O
(éd.	O
italienne	O
:	O
1986).	O
.	O
C’est	U-MISC
dans	O
ces	O
gestes	O
et	O
ces	O
regards	O
que	O
nous	O
proposons	O
au	O
lecteur	O
de	O
trouver	O
le	O
fil	O
d’Ariane	U-MISC
pour	O
cheminer	O
dans	O
les	O
chapitres	O
qui	O
suivent.	O
De	B-MISC
la	I-MISC
Mésopotamie	I-MISC
ancienne	L-MISC
à	O
la	O
quête	O
des	O
intelligences	O
extraterrestres	O
à	O
la	O
fin	O
du	O
xx	O
e	O
siècle,	O
tout	O
sépare	O
les	O
quatre	O
univers	O
décrits	O
dans	O
cette	O
section	O
:	O
les	O
champs	O
culturels,	O
les	O
périodes	O
historiques,	O
les	O
acteurs	O
et	O
les	O
disciplines	O
concernés.	O
Mais	O
ces	O
textes	O
partagent	O
une	O
interrogation	O
sur	O
une	O
gamme	O
de	O
pratiques	O
particulières	O
:	O
celles	O
qui	O
constituent	O
des	O
objets	O
de	O
savoir,	O
qui	O
les	O
tournent	O
et	O
les	O
retournent	O
devant	O
les	O
yeux	O
du	O
corps	O
comme	O
ceux	O
de	O
l’esprit	O
et	O
les	O
font	O
transiter	O
par	O
différents	O
seuils	O
de	O
traduction	O
et	O
de	O
transformation.	O
En	B-MISC
franchissant	I-MISC
ces	I-MISC
seuils,	I-MISC
ces	I-MISC
objets	L-MISC
se	O
chargent	O
de	O
sens	O
et	O
de	O
valeur,	O
ils	O
entrent	O
dans	O
des	O
jeux	O
d’équivalence	O
et	O
de	O
substitution,	O
ils	O
passent	O
par	O
différents	O
niveaux	O
d’abstraction	O
et	O
de	O
généralisation.	O
Valeur,	U-MISC
échange,	O
monnayage.	O
Il	O
est	O
ici	O
question	O
d’une	O
économie	O
des	O
signes	O
qui	O
permet	O
aux	O
objets	O
de	O
savoir	O
de	O
voyager	O
entre	O
les	O
pôles	O
du	O
local	O
et	O
du	O
global,	O
du	O
singulier	O
et	O
du	O
général,	O
de	O
l’accident	O
et	O
de	O
la	O
régularité,	O
d’être	O
convertibles	O
et	O
thésaurisables,	O
et	O
de	O
pouvoir	O
ainsi	O
franchir	O
les	O
barrières	O
du	O
temps	O
et	O
de	O
l’espace,	O
comme	O
celles	O
des	O
supports	O
et	O
des	O
formes	O
d’inscriptions,	O
des	O
langages	O
et	O
même	O
des	O
univers	O
cognitifs.	O
Comment	O
des	O
objets	O
deviennent-ils	O
des	O
signes,	O
chargés	O
de	O
sens	O
et	O
de	O
valeur	O
?	O
Dans	O
certains	O
champs	O
de	O
savoir,	O
le	O
signe	O
se	O
définit	O
par	O
sa	O
différence,	O
écart	O
et	O
exception	O
par	O
rapport	O
à	O
une	O
norme	O
ou	O
un	O
ordre	O
:	O
il	O
appelle	O
le	O
diagnostic,	O
l’interprétation,	U-MISC
l’explication,	O
soit	O
rétrospective,	O
soit	O
prospective,	O
qui	O
l’inscrit	O
dans	O
une	O
logique	O
déterministe	O
et	O
causale.	O
Pour	B-MISC
qui	I-MISC
sait	I-MISC
le	I-MISC
lire,	I-MISC
il	I-MISC
rend	I-MISC
visible	L-MISC
l’invisible,	U-MISC
soit	O
la	O
cause	O
enfouie	O
dans	O
le	O
passé,	O
soit	O
l’effet	O
à	O
venir.	O
Tel	O
était	O
le	O
cas	O
des	O
présages	O
antiques	O
liés	O
aux	O
monstruosités	O
naturelles,	O
aux	O
phénomènes	O
telluriques	O
ou	O
atmosphériques.	O
Dans	B-MISC
l’haruspicine	I-MISC
mésopotamienne,	I-MISC
analysée	L-MISC
par	O
Jean-Jacques	B-PER
Glassner	L-PER
,	O
le	O
signe	O
est	O
ce	O
qui	O
sort	O
de	O
l’ordinaire,	O
marque	O
anormale	O
par	O
rapport	O
à	O
une	O
régularité	O
organique	O
qui	O
peut	O
annoncer	O
un	O
événement,	O
répondre	O
à	O
une	O
question,	O
voire	O
poser	O
cette	O
question.	O
De	O
même,	O
dans	O
l’intérêt	O
antiquaire	O
pour	O
les	O
vestiges	O
du	O
passé,	O
dont	O
Alain	B-PER
Schnapp	L-PER
retrace	O
la	O
genèse,	O
pierres	O
et	O
briques,	O
fossiles	O
et	O
artefacts	O
sont	O
des	O
sémiophores	O
participant	O
d’un	O
régime	O
de	O
la	O
preuve	O
historique	O
ou	O
de	O
la	O
légitimation	O
politique	O
et	O
religieuse,	O
mais	O
aussi	O
des	O
vestiges	O
du	O
passé	O
collectionnés	O
pour	O
eux-mêmes	O
et	O
pour	O
les	O
formes	O
de	O
distinction	O
qu’ils	O
confèrent	O
à	O
leur	O
découvreur.	O
L’ancienneté,	U-LOC
la	O
rareté,	O
l’authenticité,	U-LOC
les	O
valeurs	O
attachées	O
au	O
lieu,	O
aux	O
circonstances	O
et	O
à	O
l’auteur	O
de	O
la	O
découverte	O
sont	O
autant	O
de	O
variables	O
qui	O
qualifient	O
le	O
vestige	O
et	O
le	O
chargent	O
de	O
sens.	O
Le	B-MISC
cabinet	I-MISC
de	I-MISC
la	I-MISC
Renaissance	L-MISC
et	O
de	O
l’époque	O
moderne	O
participe	O
d’une	O
culture	O
de	O
la	O
curiosité	O
où	O
l’on	O
réunissait	O
des	O
artefacts	O
ou	O
des	O
objets	O
naturels	O
remarquables	O
par	O
leur	O
singularité,	O
leur	O
rareté,	O
la	O
bizarrerie	O
de	O
leurs	O
formes,	O
plus	O
que	O
par	O
les	O
régularités	O
et	O
l’ordre	O
englobant	O
qu’ils	O
permettaient	O
de	O
construire	O
Pour	O
une	O
introduction	O
à	O
cet	O
univers,	O
voir	O
Krzysztof	B-MISC
Pomian,	L-MISC
Collectionneurs,	O
amateurs	O
et	O
curieux.	O
Paris,	B-ORG
Venise	L-ORG
:	O
xvi	O
e	O
-	O
xviii	O
e	O
siècle,	O
Paris,	U-PER
1987.	O
.	O
La	O
même	O
conception	O
du	O
signe	O
comme	O
anomalie	O
sous-tend	O
la	O
recherche	O
contemporaine	O
des	O
intelligences	O
extraterrestres,	O
retracée	O
par	O
Emmanuel	B-PER
Benazera	L-PER
.	O
Dans	O
le	O
spectre	O
des	O
signaux	O
captés	O
par	O
les	O
radiotélescopes	O
terrestres,	O
on	O
a	O
cherché	O
à	O
isoler	O
des	O
anomalies	O
par	O
rapport	O
aux	O
fréquences	O
naturellement	O
transmises	O
dans	O
l’espace.	O
Le	O
projet	O
SETI	U-MISC
reposait	O
sur	O
la	O
collaboration	O
bénévole	O
de	O
milliers	O
d’internautes	O
dont	O
les	O
ordinateurs	O
personnels,	O
mis	O
en	O
réseau,	O
offraient	O
un	O
peu	O
de	O
temps	O
et	O
de	O
puissance	O
de	O
calcul	O
au	O
décryptage	O
des	O
données	O
enregistrées	O
en	O
temps	O
réel.	O
La	O
veille	O
était	O
conditionnée	O
par	O
une	O
certaine	O
conception	O
de	O
la	O
communication	O
intelligente,	O
où	O
un	O
langage	O
se	O
définit	O
par	O
son	O
artificialité,	O
par	O
des	O
règles	O
combinatoires	O
et	O
des	O
propriétés	O
formelles	O
qui	O
le	O
distinguent	O
du	O
bruit.	O
D’autres	B-ORG
savoirs	L-ORG
cherchent	O
à	O
établir	O
des	O
régularités,	O
des	O
systèmes	O
stables,	O
par	O
exemple	O
sous	O
la	O
forme	O
de	O
classifications	O
anticipant	O
les	O
variations	O
individuelles,	O
aptes	O
à	O
intégrer	O
les	O
différences	O
tout	O
en	O
les	O
répartissant	O
dans	O
un	O
espace	O
taxonomique	O
englobant	O
et	O
cohérent.	O
Dans	O
le	O
moment	O
de	O
l’histoire	O
des	O
sciences	O
naturelles	O
évoqué	O
par	O
Pierre-Yves	B-PER
Lacour	L-PER
,	O
à	O
Paris	U-LOC
,	O
durant	O
la	O
période	O
révolutionnaire,	O
les	O
squelettes,	O
les	O
dépouilles	O
naturalisées,	O
les	O
coquilles	O
et	O
les	O
plantes	O
sont	O
autant	O
de	O
spécimens	O
représentatifs	O
d’une	O
espèce	O
du	O
règne	O
animal	O
ou	O
végétal	O
:	O
on	O
passe	O
de	O
l’individu	O
à	O
l’être	O
générique	O
par	O
le	O
biais	O
du	O
nom,	O
vernaculaire	O
ou	O
savant,	O
par	O
des	O
traits	O
morphologiques	O
comme	O
par	O
les	O
différents	O
dispositifs	O
matériels	O
et	O
sémiologiques	O
qui	O
font	O
de	O
la	O
collection	O
un	O
espace	O
de	O
mise	O
en	O
ordre	O
du	O
monde	O
selon	O
différents	O
critères,	O
taxonomiques	O
et	O
géographiques,	O
tout	O
en	O
préservant	O
l’unicité	O
de	O
chaque	O
échantillon,	O
c’est-à-dire	O
sa	O
traçabilité,	O
son	O
origine	O
et	O
ses	O
déplacements	O
successifs	O
au	O
fil	O
du	O
développement	O
du	O
Muséum.	U-PER
On	O
voit	O
ainsi	O
se	O
dessiner	O
deux	O
configurations	O
épistémiques	O
différentes.	O
D’un	O
côté,	O
les	O
signes	O
divinatoires	O
sont	O
au	O
cœur	O
de	O
savoirs	O
analogiques	O
qui	O
tissent	O
des	O
correspondances	O
multiples	O
entre	O
le	O
visible	O
et	O
l’invisible,	U-ORG
le	O
présent	O
et	O
le	O
futur,	O
l’humain	O
et	O
l’animal,	U-LOC
les	O
dieux	O
et	O
les	O
hommes.	O
De	B-MISC
l’autre,	I-MISC
les	I-MISC
collections	I-MISC
naturalistes	L-MISC
au	O
xviii	O
e	O
siècle	O
reflètent	O
un	O
savoir	O
constitué,	O
objectivé,	O
laïcisé,	O
organisé	O
par	O
des	O
classifications.	O
Le	O
spécimen	O
est	O
à	O
étudier	O
en	O
soi	O
et	O
dans	O
son	O
lien	O
métonymique	O
à	O
l’espèce	O
qu’il	O
représente.	O
Le	O
passage	O
de	O
l’une	U-MISC
à	O
l’autre	O
de	O
ces	O
configurations,	O
par	O
évolution	O
lente	O
ou	O
par	O
rupture,	O
reconfigure	O
les	O
liens	O
du	O
réel	O
et	O
du	O
langage	O
ainsi	O
que	O
le	O
découpage	O
et	O
la	O
stratification	O
du	O
monde.	O
Il	O
conduit	O
à	O
repenser	O
le	O
lien	O
entre	O
les	O
mots	O
et	O
les	O
choses,	O
dont	O
Michel	B-PER
Foucault	L-PER
a	O
suivi	O
l’histoire	O
dans	O
la	O
tradition	O
de	O
l’Occident	O
moderne.	O
Les	O
textes	O
de	O
cette	O
section	O
invitent	O
aussi	O
à	O
catégoriser	O
les	O
signes	O
selon	O
leur	O
lien	O
avec	O
ce	O
qu’ils	O
représentent,	O
ou,	O
plus	O
précisément,	O
selon	O
les	O
formes	O
d’encodage	O
auxquelles	O
ils	O
soumettent	O
ce	O
à	O
quoi	O
ils	O
renvoient.	O
Le	O
lien	O
entre	O
un	O
signe	O
et	O
une	O
chose	O
peut	O
être	O
métonymique,	O
le	O
spécimen	O
renvoyant	O
à	O
l’espèce,	O
le	O
corps	O
naturalisé	O
au	O
corps	O
vivant,	O
la	O
partie	O
au	O
tout,	O
comme	O
la	O
graine	O
par	O
rapport	O
à	O
la	O
plante	O
ou	O
la	O
coquille	O
par	O
rapport	O
au	O
mollusque.	O
De	B-MISC
même	I-MISC
la	I-MISC
brique,	I-MISC
l’artefact	I-MISC
et	I-MISC
l’inscription	I-MISC
trouvés	I-MISC
dans	I-MISC
le	I-MISC
sol	I-MISC
sont	I-MISC
des	I-MISC
vestiges	L-MISC
renvoyant	O
au	O
monument	O
antique,	O
traces	O
indicielles	O
autant	O
que	O
métonymiques,	O
qui	O
ont	O
aussi	O
le	O
statut	O
de	O
signes	O
symboliques,	O
tant	O
ils	O
sont	O
porteurs	O
des	O
valeurs	O
liées	O
au	O
passé,	O
à	O
la	O
souveraineté	O
et	O
au	O
sacré.	O
Les	B-MISC
arts	I-MISC
divinatoires	I-MISC
de	I-MISC
la	I-MISC
Mésopotamie	L-MISC
ancienne	O
témoignent	O
d’une	O
sémiologie	O
complexe	O
et	O
multidimensionnelle,	O
dont	O
Jean-Jacques	B-PER
Glassner	L-PER
montre	O
les	O
liens	O
avec	O
la	O
pratique	O
de	O
l’écriture.	O
Les	B-MISC
entrailles	I-MISC
de	I-MISC
la	I-MISC
victime	I-MISC
sacrifiée	L-MISC
révèlent	O
au	O
regard	O
des	O
devins	O
des	O
marques	O
qui	O
fondent	O
le	O
présage,	O
inscrit	O
par	O
les	O
dieux.	O
Ces	O
marques,	O
pour	O
anormales	O
qu’elles	O
soient	O
dans	O
la	O
régularité	O
anatomique,	O
s’organisent	O
cependant	O
dans	O
un	O
système	O
de	O
signes	O
conventionnels,	O
impliquant	O
un	O
lien	O
entre	O
signifiant	O
et	O
signifié,	O
se	O
prêtant	O
au	O
déchiffrement	O
et	O
à	O
l’interprétation,	U-MISC
à	O
l’anticipation	O
de	O
l’événement.	O
Comprendre	O
ce	O
lien	O
suppose	O
l’observation	O
des	O
récurrences,	O
la	O
formalisation	O
des	O
lois	O
générales	O
à	O
partir	O
de	O
la	O
mise	O
en	O
série	O
des	O
cas	O
particuliers.	O
Il	O
convient	O
donc	O
de	O
garder	O
la	O
trace	O
des	O
présages,	O
de	O
traduire	O
ces	O
signes	O
dans	O
d’autres	O
signes.	O
Glassner	U-PER
évoque	O
les	O
différentes	O
formes	O
d’archivage	O
qui	O
furent	O
expérimentées	O
:	O
de	O
la	O
conservation	O
des	O
entrailles	O
elles-mêmes	O
dans	O
un	O
vase	O
de	O
liqueur,	O
on	O
passa	O
à	O
des	O
maquettes	O
tridimensionnelles,	O
sur	O
lesquelles	O
étaient	O
inscrites	O
les	O
marques	O
signifiantes.	O
Puis	U-MISC
vint	O
la	O
description	O
du	O
présage	O
par	O
des	O
signes	O
d’écriture,	U-ORG
sa	O
mise	O
en	O
texte	O
sur	O
une	O
tablette.	O
De	O
l’organe	O
inscrit,	O
on	O
passe	O
ainsi	O
à	O
son	O
substitut,	O
puis	O
à	O
la	O
description	O
des	O
marques	O
signifiantes	O
et	O
de	O
leur	O
sens,	O
autant	O
de	O
seuils	O
qui	O
induisent	O
différentes	O
pratiques	O
de	O
conservation	O
et	O
de	O
collection,	O
de	O
consultation	O
et	O
de	O
reproduction,	O
de	O
mise	O
en	O
série,	O
de	O
comparaison	O
et	O
de	O
classification,	O
mais	O
qui	O
participent	O
aussi	O
d’un	O
régime	O
de	O
la	O
preuve,	O
d’un	O
savoir	O
cumulatif	O
ainsi	O
que	O
d’un	O
processus	O
d’abstraction	O
qui	O
conduit	O
du	O
particulier	O
au	O
général.	O
La	O
recherche	O
des	O
intelligences	O
extraterrestres,	O
nous	O
l’avons	O
vu,	U-MISC
repose	O
tout	O
entière	O
sur	O
le	O
traitement	O
des	O
signes.	O
Selon	O
que	O
l’on	O
se	O
place	O
en	O
position	O
d’écoute	O
ou	O
d’émission,	U-ORG
des	O
sémiologies	O
différentes	O
sont	O
mobilisées.	O
Dans	O
le	O
premier	O
cas,	O
on	O
tente	O
d’identifier	O
des	O
anomalies	O
par	O
rapport	O
aux	O
signaux	O
naturels,	O
d’isoler	O
un	O
«	O
signifiant	O
»	O
suffisamment	O
cohérent	O
et	O
atypique	O
pour	O
dénoter	O
une	O
origine	O
artificielle,	O
mécanique	O
ou	O
intelligente,	O
intentionnelle	O
ou	O
non.	O
De	B-MISC
tels	I-MISC
signaux	L-MISC
auraient	O
le	O
statut	O
d’indices,	O
même	O
si	O
leur	O
sens	O
n’était	O
pas	O
déchiffré,	O
de	O
même	O
qu’une	O
empreinte	O
sur	O
le	O
sol	O
atteste	O
du	O
passage	O
d’un	O
animal.	O
En	O
position	O
d’émission,	U-ORG
en	O
revanche,	O
il	O
s’agit	O
d’envoyer	O
vers	O
l’espace	O
des	O
messages	O
susceptibles	O
d’être	O
interceptés	O
par	O
des	O
entités	O
intelligentes,	O
maîtrisant	O
des	O
techniques	O
d’écoute	O
aux	O
moins	O
comparables	O
aux	O
nôtres.	O
Ces	O
messages	O
peuvent	O
prendre	O
la	O
forme	O
de	O
signaux	O
émis	O
depuis	O
un	O
radiotélescope	O
terrestre	O
ou	O
être	O
embarqués	O
à	O
bord	O
d’une	O
sonde	O
propulsée	O
dans	O
l’espace.	O
Ils	O
ont	O
à	O
nouveau	O
une	O
valeur	O
d’indices,	O
et	O
doivent	O
signaler	O
leur	O
origine	O
artificielle	O
et	O
intelligente	O
en	O
se	O
démarquant	O
du	O
bruit	O
naturel.	O
Les	B-MISC
sondes	L-MISC
Voyager	U-MISC
lancées	O
en	O
1977	O
emportaient	O
avec	O
elles	O
des	O
dispositifs	O
plus	O
complexes,	O
tant	O
par	O
le	O
médium	O
que	O
par	O
les	O
registres	O
signifiants	O
et	O
les	O
modes	O
d’encodage	O
des	O
informations	O
:	O
dessins	O
figuratifs,	O
enregistrements	O
audiovisuels,	O
diagrammes,	O
carte	O
du	O
système	O
solaire,	O
étalons	O
de	O
mesure	O
physique.	O
Ces	O
messages	O
mêlaient	O
différentes	O
sémiologies,	O
des	O
enregistrements	O
sonores	O
aux	O
symboles	O
physiques	O
et	O
mathématiques,	O
mais	O
ils	O
reposaient	O
sur	O
un	O
même	O
présupposé	O
:	O
la	O
possibilité	O
d’une	O
interception	O
par	O
des	O
entités	O
chez	O
lesquelles	O
la	O
vision	O
et	O
l’ouïe	O
seraient,	O
comme	O
chez	O
l’homme,	O
au	O
nombre	O
des	O
canaux	O
sensoriels	O
permettant	O
le	O
traitement	O
cognitif	O
des	O
informations	O
extérieures.	O
Ces	O
tentatives	O
de	O
communication	O
passive	O
ou	O
active	O
sont	O
confrontées	O
à	O
un	O
même	O
défi	O
:	O
quel	O
médium,	O
quel	O
langage,	O
quels	O
signes	O
choisir	O
pour	O
établir	O
un	O
premier	O
contact	O
entre	O
des	O
espèces	O
intelligentes	O
que	O
l’on	O
peut	O
imaginer	O
séparées	O
par	O
une	O
différence	O
maximale	O
?	O
L’interface	U-ORG
de	O
communication	O
doit	O
englober	O
à	O
la	O
fois	O
le	O
message,	O
la	O
grammaire	O
et	O
le	O
lexique	O
permettant	O
son	O
déchiffrement.	O
Non	O
seulement	O
le	O
message	O
doit	O
contenir	O
les	O
clés	O
de	O
sa	O
lecture,	O
telle	O
une	O
Pierre	B-PER
de	I-PER
Rosette	I-PER
intergalactique,	L-PER
mais	O
il	O
doit	O
se	O
référer	O
à	O
un	O
monde	O
sémantique	O
suffisamment	O
stable	O
et	O
universel	O
pour	O
être	O
partagé	O
et	O
compréhensible	O
par	O
des	O
intelligences	O
dont	O
nous	O
ignorons	O
la	O
physiologie	O
comme	O
l’organisation	O
mentale	O
:	O
il	O
fut	O
décidé	O
de	O
baser	O
cette	O
communication	O
sur	O
les	O
composants	O
élémentaires	O
et	O
les	O
lois	O
fondamentales	O
de	O
l’univers	O
physique,	O
que	O
l’on	O
pouvait	O
supposer	O
connus	O
des	O
hypothétiques	O
destinataires.	O
Autre	O
difficulté,	O
attacher	O
au	O
message	O
le	O
dispositif	O
technique	O
nécessaire	O
pour	O
accéder	O
aux	O
informations	O
:	O
un	O
lecteur	O
de	O
disque	O
analogique	O
permettait	O
d’accéder	O
en	O
mode	O
«	O
lecture	O
»	O
à	O
une	O
véritable	O
Arche	B-MISC
de	I-MISC
Noé	L-MISC
de	O
la	O
civilisation	O
terrestre,	O
avec	O
ses	O
langues	O
naturelles,	O
ses	O
arts	O
et	O
ses	O
techniques,	O
son	O
humanité	O
et	O
ses	O
paysages.	O
Tentons	U-MISC
d’aller	O
plus	O
loin.	O
Les	B-MISC
sémiologies	L-MISC
décrites	O
dans	O
cette	O
section	O
diffèrent	O
par	O
la	O
matérialité	O
et	O
la	O
morphologie	O
des	O
signes	O
qu’elles	O
manient	O
comme	O
par	O
la	O
possibilité	O
de	O
les	O
faire	O
passer	O
par	O
différents	O
seuils	O
de	O
traduction.	O
Qu’est-ce	U-MISC
qui	O
est	O
sauvegardé,	O
perdu	O
ou	O
ajouté	O
dans	O
ces	O
transformations	O
?	O
Un	O
présage	O
peut	O
passer	O
de	O
l’organe	O
du	O
corps	O
sacrifié	O
à	O
la	O
maquette	O
tridimensionnelle,	O
puis	O
à	O
sa	O
description	O
linguistique	O
et	O
à	O
son	O
inscription	O
graphique.	O
Au	O
fil	O
de	O
ces	O
traductions,	O
il	O
perd	O
un	O
peu	O
de	O
sa	O
singularité	O
d’événement	O
advenu	O
dans	O
des	O
circonstances	O
particulières	O
pour	O
être	O
intégré	O
dans	O
une	O
catégorie	O
plus	O
générale,	O
regroupant	O
des	O
présages	O
analogues	O
avec	O
leur	O
interprétation,	O
classés	O
selon	O
différents	O
critères	O
qui	O
donneront	O
à	O
ces	O
séries	O
un	O
sens	O
et	O
une	O
portée	O
nouvelle.	O
Le	O
passage	O
d’une	O
sémiologie	O
à	O
l’autre,	U-ORG
cependant,	O
modifie	O
le	O
statut	O
du	O
signe	O
oraculaire	O
en	O
déplaçant	O
les	O
frontières	O
entre	O
signifiant	O
et	O
signifié,	O
entre	O
particulier	O
et	O
générique,	O
entre	O
l’organique,	O
le	O
matériel	O
et	O
le	O
graphique.	O
De	B-MISC
même,	I-MISC
un	I-MISC
spécimen	I-MISC
du	I-MISC
monde	I-MISC
vivant	L-MISC
peut	O
lui	O
aussi	O
passer	O
par	O
des	O
seuils	O
de	O
traduction,	O
du	O
sémiophore	O
suscitant	O
la	O
curiosité	O
pour	O
lui-même,	O
comme	O
le	O
fossile	O
d’oursin	O
dont	O
Alain	B-PER
Schnapp	L-PER
nous	O
rapporte	O
la	O
découverte	O
par	O
un	O
prêtre	O
égyptien,	O
à	O
l’échantillon	O
de	O
la	O
collection	O
naturaliste,	O
puis	O
à	O
son	O
nom	O
vernaculaire	O
ou	O
savant,	O
à	O
sa	O
description,	O
à	O
sa	O
place	O
dans	O
un	O
inventaire	O
ou	O
une	O
classification,	O
puis	O
à	O
sa	O
représentation	O
dessinée	O
ou	O
photographique	O
dans	O
un	O
«	O
muséum	O
de	O
papier	O
».	U-MISC
Quant	O
à	O
l’objet	O
archéologique,	O
il	O
perd	O
lui	O
aussi	O
de	O
son	O
unicité	O
en	O
entrant	O
dans	O
la	O
série	O
et	O
la	O
typologie	O
des	O
artefacts,	O
assignés	O
à	O
une	O
période,	O
une	O
région	O
de	O
production	O
et	O
un	O
niveau	O
de	O
développement	O
technique.	O
En	O
passant	O
par	O
ces	O
seuils	O
sémiologiques	O
successifs,	O
l’échantillon	O
naturaliste	O
ou	O
archéologique	O
subit	O
de	O
multiples	O
déplacements	O
qui	O
en	O
modifient	O
le	O
statut	O
et	O
le	O
sens.	O
Il	O
se	O
prête	O
aussi	O
à	O
des	O
modes	O
de	O
visualisation	O
inédits	O
qui	O
offrent	O
des	O
points	O
de	O
vue	O
impossibles	O
pour	O
le	O
regard	O
empirique	O
:	O
vues	O
en	O
coupe,	O
grossissement	O
de	O
détails,	O
juxtaposition	O
sur	O
une	O
même	O
image	O
de	O
différents	O
angles	O
de	O
vision,	O
de	O
l’intérieur	O
et	O
l’extérieur,	O
etc.	O
On	O
pourrait	O
dès	O
lors	O
reconstruire	O
la	O
typologie	O
et	O
la	O
hiérarchie	O
des	O
objets	O
et	O
des	O
signes,	O
dans	O
un	O
milieu	O
culturel	O
et	O
historique	O
donné,	O
en	O
fonction	O
de	O
leur	O
aptitude	O
à	O
traverser	O
un	O
nombre	O
plus	O
ou	O
moins	O
grand	O
de	O
lieux	O
de	O
savoir,	O
à	O
franchir	O
des	O
seuils	O
plus	O
ou	O
moins	O
accentués,	O
dans	O
le	O
temps	O
et	O
dans	O
l’espace	O
comme	O
dans	O
l’échelle	O
de	O
la	O
généralisation	O
et	O
de	O
l’abstraction.	O
Trois	B-MISC
des	I-MISC
quatre	I-MISC
scénarios	I-MISC
présentés	I-MISC
dans	I-MISC
les	I-MISC
pages	L-MISC
qui	O
suivent	O
concernent	O
des	O
formes	O
de	O
communication	O
à	O
longue	O
distance,	O
qu’il	O
s’agisse	O
des	O
signaux	O
provenant	O
des	O
intelligences	O
extraterrestres	O
ou	O
dirigés	O
vers	O
elles,	O
de	O
messages	O
écrits	O
par	O
les	O
dieux	O
à	O
l’attention	O
des	O
devins	O
humains	O
ou	O
encore	O
de	O
la	O
communication	O
indirecte,	O
médiatisée	O
par	O
des	O
artefacts	O
et	O
des	O
inscriptions,	O
entre	O
les	O
hommes	O
du	O
passé	O
et	O
nous.	O
Si	B-MISC
l’haruspicine	I-MISC
mésopotamienne	L-MISC
exclut	O
le	O
hasard	O
dans	O
le	O
fait	O
qu’un	O
présage	O
apparaisse	O
sur	O
le	O
foie	O
d’une	O
victime	O
particulière,	O
dans	O
une	O
circonstance	O
donnée,	O
la	O
communication	O
avec	O
les	O
intelligences	O
extraterrestres	O
est	O
marquée	O
par	O
une	O
indétermination	O
fondamentale	O
:	O
les	O
messages	O
que	O
nous	O
leur	O
adressons	O
reposent	O
sur	O
des	O
prémisses	O
aussi	O
vertigineuses	O
que	O
les	O
distances	O
à	O
franchir.	O
Quant	O
à	O
la	O
collection	O
naturaliste,	O
elle	O
regroupe	O
des	O
échantillons	O
provenant	O
de	O
toutes	O
les	O
régions	O
du	O
globe,	O
et	O
dans	O
le	O
moment	O
de	O
l’histoire	O
du	O
Muséum	U-LOC
d’histoire	O
naturelle	O
présenté	O
par	O
Pierre-Yves	B-PER
Lacour	L-PER
,	O
elle	O
est	O
même	O
une	O
collection	O
de	O
collections,	O
puisqu’elle	O
englobe	O
les	O
confiscations	O
révolutionnaires.	O
Elle	O
est	O
régie	O
par	O
un	O
emboîtement	O
d’espaces,	O
de	O
la	O
boîte	O
à	O
l’armoire,	U-ORG
de	O
la	O
vitrine	O
à	O
la	O
région	O
géographique,	O
de	O
la	O
typologie	O
des	O
échantillons	O
à	O
l’écosystème,	O
du	O
spécimen	O
à	O
la	O
population.	O
Elle	O
est	O
représentative	O
de	O
ces	O
«	O
mobiles	O
immuables	O
»,	O
selon	O
l’expression	O
de	O
Bruno	B-PER
Latour	L-PER
,	O
où	O
des	O
connaissances	O
partielles,	O
fragmentées,	O
élémentaires	O
et	O
hétérogènes	O
vont	O
pouvoir	O
être	O
assemblées	O
et	O
uniformisées,	O
composer	O
une	O
totalité,	O
au	O
prix	O
d’un	O
ordre	O
sous-jacent	O
qui	O
garantisse	O
la	O
stabilité	O
et	O
la	O
compatibilité	O
des	O
informations	O
au	O
fil	O
des	O
étapes	O
de	O
traduction	O
:	O
ce	O
sera	O
le	O
canevas	O
géométrique	O
d’une	O
carte,	O
espace	O
de	O
projection	O
où	O
peuvent	O
être	O
reportées	O
toutes	O
les	O
observations	O
locales,	O
ce	O
sera	O
l’ordre	O
des	O
classifications	O
naturelles,	O
avec	O
leurs	O
règnes,	O
leurs	O
genres	O
et	O
leurs	O
espèces.	O
Dernier	B-MISC
fil	I-MISC
de	I-MISC
réflexion,	L-MISC
avant	O
de	O
refermer	O
cette	O
invitation	O
à	O
la	O
lecture	O
:	O
le	O
processus	O
de	O
déchiffrement	O
des	O
signes,	O
les	O
acteurs	O
et	O
les	O
pratiques	O
intellectuelles	O
qu’il	O
mobilise.	O
Dans	B-MISC
les	I-MISC
présages	L-MISC
que	O
les	O
dieux	O
adressent	O
aux	O
devins	O
mésopotamiens,	O
ce	O
n’est	O
que	O
par	O
un	O
diagnostic	O
attentif	O
des	O
victimes	O
sacrifiées	O
que	O
l’on	O
peut	O
repérer	O
les	O
signes	O
et	O
se	O
pencher	O
sur	O
leur	O
signification.	O
La	O
tâche	O
est	O
accomplie	O
par	O
des	O
lecteurs,	O
experts	O
en	O
déchiffrement,	O
qui	O
sont	O
aussi	O
des	O
scribes,	O
assurant	O
la,traduction	O
des	O
signes	O
divins	O
en	O
écriture	O
cunéiforme.	O
Toute	O
une	O
gamme	O
de	O
gestes	O
est	O
ainsi	O
déployée,	O
de	O
l’observation	O
des	O
viscères	O
au	O
maniement	O
de	O
la	O
tablette	O
d’argile,	U-LOC
puis	O
à	O
son	O
archivage.	O
Les	O
premiers	O
antiquaires	O
qui	O
collectent	O
les	O
reliques	O
matérielles	O
du	O
passé,	O
d’abord	O
au	O
gré	O
de	O
découvertes	O
fortuites,	O
puis	O
de	O
prospections	O
systématiques	O
et	O
de	O
fouilles	O
régies	O
par	O
des	O
protocoles	O
de	O
plus	O
en	O
plus	O
rigoureux,	O
mobilisent	O
d’abord	O
un	O
savoir	O
de	O
«	O
connaisseurs	O
»,	U-PER
qui	O
se	O
fonde	O
sur	O
l’identification,	U-MISC
la	O
datation,	O
la	O
restitution	O
de	O
l’objet,	U-MISC
la	O
compréhension	O
de	O
son	O
usage	O
et	O
de	O
sa	O
valeur,	O
son	O
insertion	O
dans	O
le	O
tissu	O
de	O
la	O
culture	O
matérielle	O
d’une	O
époque,	O
son	O
croisement	O
avec	O
les	O
sources	O
écrites.	O
Se	U-MISC
basant	O
sur	O
le	O
coup	O
d’œil	U-MISC
et	O
le	O
toucher,	O
la	O
compétence	O
antiquaire,	O
qui	O
deviendra	O
celle	O
de	O
l’archéologue,	O
consiste	O
à	O
faire	O
parler	O
les	O
pierres,	O
les	O
métaux	O
et	O
les	O
terres	O
cuites,	O
à	O
les	O
situer	O
dans	O
des	O
réseaux	O
de	O
références	O
et	O
dans	O
des	O
séries,	O
de	O
les	O
soumettre	O
aux	O
multiples	O
questionnements	O
permis	O
par	O
l’état	O
des	O
savoirs	O
et	O
des	O
techniques.	O
Il	O
en	O
va	O
de	O
même	O
pour	O
le	O
naturaliste,	O
entouré	O
de	O
plumes	O
et	O
de	O
coquilles,	O
de	O
graines	O
et	O
de	O
dépouilles	O
qui	O
se	O
prêtent	O
à	O
l’observation	O
des	O
traits	O
génériques	O
au-delà	O
de	O
leurs	O
particularités	O
individuelles,	O
à	O
la	O
compréhension	O
de	O
la	O
vie	O
au-delà	O
de	O
l’étude	O
de	O
son	O
enveloppe	O
physique	O
et	O
organique.	O
Antiquaires	U-MISC
et	O
naturalistes	O
s’inscrivent	O
dans	O
des	O
champs	O
de	O
savoir	O
délimités	O
et	O
organisés,	O
dont	O
les	O
méthodes	O
et	O
la	O
finalité,	O
comme	O
les	O
objets	O
mêmes,	O
sont	O
stabilisés	O
et	O
pris	O
dans	O
un	O
ordre	O
englobant,	O
celui	O
des	O
typologies	O
et	O
des	O
classifications.	O
Même	O
l’haruspicine	O
mésopotamienne,	O
vouée	O
à	O
décrypter	O
les	O
messages	O
des	O
dieux,	O
élabore	O
un	O
savoir	O
normalisé,	O
prévisible,	O
régi	O
par	O
une	O
causalité,	O
où	O
l’on	O
arrive	O
à	O
maîtriser	O
l’inconnu	O
de	O
ce	O
qui	O
adviendra,	O
grâce	O
à	O
une	O
casuistique	O
fondée	O
sur	O
les	O
précédents	O
archivés.	O
Seule	B-MISC
la	I-MISC
quête	I-MISC
des	I-MISC
intelligences	I-MISC
extraterrestres	I-MISC
nous	I-MISC
semble	I-MISC
ouvrir	I-MISC
le	I-MISC
vertige	I-MISC
d’une	I-MISC
interrogation	I-MISC
qui	I-MISC
réfléchit	I-MISC
nos	I-MISC
savoirs	I-MISC
et	I-MISC
notre	I-MISC
pensée	I-MISC
au	I-MISC
miroir	L-MISC
de	O
la	O
plus	O
grande	O
altérité	O
qui	O
soit	O
:	O
en	O
cherchant	O
à	O
atteindre	O
d’hypothétiques	O
destinataires	O
dans	O
l’outer	O
space,	O
chercheurs,	O
techniciens	O
et	O
philosophes	O
terrestres	O
de	O
la	O
fin	O
du	O
xx	O
e	O
siècle	O
s’efforcèrent	O
d’épurer	O
les	O
savoirs	O
et	O
la	O
civilisation	O
humaine	O
pour	O
parvenir	O
à	O
leur	O
quintessence	O
et	O
la	O
traduire	O
dans	O
un	O
langage	O
symbolique,	O
minimal	O
et	O
fortement	O
synthétique,	O
censé	O
franchir	O
tous	O
les	O
seuils	O
de	O
traduction	O
humainement	O
concevables.	O
Supposons	U-MISC
que	O
les	O
sondes	O
Voyager	U-MISC
aient	O
été	O
interceptées	O
par	O
des	O
entités	O
inconnues,	O
quelque	O
part	O
dans	O
l’espace	O
profond.	O
Pour	O
décrypter	O
les	O
informations	O
encodées	O
dans	O
les	O
schémas	O
et	O
les	O
enregistrements	O
audiovisuels,	O
les	O
savants	O
de	O
ce	O
monde	O
lointain	O
se	O
tournèrent	O
peut-être	O
vers	O
leurs	O
propres	O
spécialistes	O
des	O
exo-civilisations,	O
qui	O
se	O
penchèrent	O
sur	O
ces	O
artefacts	O
venus	O
de	O
loin	O
comme	O
le	O
font	O
les	O
anthropologues	O
terriens	O
sur	O
les	O
signes	O
et	O
objets	O
investis	O
d’une	O
altérité	O
maximale.	O
Avant	O
de	O
saisir	O
la	O
signification	O
des	O
messages,	O
il	O
convenait	O
d’en	O
comprendre	O
le	O
statut,	O
la	O
morphologie,	O
la	O
logique	O
formelle,	O
la	O
sémiologie	O
sous-jacente.	O
De	B-MISC
quelle	I-MISC
nature	L-MISC
était	O
le	O
lien	O
entre	O
les	O
schémas	O
gravés,	O
entre	O
les	O
enregistrements	O
de	O
sons	O
et	O
d’images,	U-MISC
et	O
les	O
informations,	O
le	O
sens	O
qu’ils	O
étaient	O
censés	O
délivrer	O
?	O
Quelle	O
intentionnalité	O
traduisaient-ils	O
?	O
Un	O
examen	O
approfondi	O
leur	O
permit	O
peut-être	O
de	O
formuler	O
quelques	O
hypothèses	O
:	O
dans	O
le	O
monde	O
d’où	O
provenaient	O
ces	O
objets,	O
les	O
savoirs,	O
les	O
idées,	O
les	O
concepts	O
pouvaient	O
être	O
dissociés	O
des	O
intelligences	O
qui	O
les	O
avaient	O
élaborés,	O
en	O
étant	O
projetés	O
sur	O
des	O
supports	O
matériels	O
et	O
fixés	O
par	O
des	O
systèmes	O
de	O
signes.	O
Cette	O
objectivation	O
passait	O
par	O
l’encodage	O
dans	O
un	O
système	O
de	O
lignes,	O
de	O
points	O
et	O
de	O
formes	O
qui	O
pouvaient	O
être	O
ensuite	O
décodés	O
à	O
volonté,	O
de	O
manière	O
à	O
restituer	O
les	O
contenus	O
de	O
pensée	O
qui	O
leur	O
étaient	O
confiés,	O
en	O
l’absence	O
de	O
ceux	O
qui	O
les	O
avaient	O
conçus.	O
Les	O
inscriptions	O
des	O
sondes	O
témoignaient	O
ainsi	O
de	O
la	O
confiance	O
dans	O
le	O
pouvoir	O
des	O
signes,	O
autant	O
que	O
de	O
leur	O
maîtrise.	O
Dans	O
la	O
lointaine	O
et	O
primitive	O
civilisation	O
d’où	O
provenaient	O
ces	O
sondes,	O
poursuivaient	O
nos	O
experts,	O
certains	O
savoirs	O
permettaient	O
de	O
dominer	O
la	O
complexité	O
de	O
l’univers	O
physique	O
sous	O
forme	O
de	O
schémas,	O
de	O
formules,	O
de	O
diagrammes.	O
D’autres	U-ORG
reposaient	O
sur	O
des	O
opérations	O
classificatoires	O
où	O
l’image	O
d’un	O
individu	O
(dessin,	O
image	O
fixe	O
ou	O
animée)	U-ORG
valait	O
pour	O
l’espèce	O
entière	O
:	O
la	O
juxtaposition	O
de	O
ces	O
images	O
permettait	O
d’appréhender	O
la	O
diversité	O
des	O
formes	O
de	O
vie	O
ou	O
des	O
types	O
de	O
paysages.	O
La	O
collection	O
avait	O
ainsi	O
une	O
signification	O
qui	O
dépassait	O
celle	O
de	O
chaque	O
image	O
prise	O
isolément.	O
Quant	O
aux	O
échantillons	O
sonores	O
encodés	O
sur	O
le	O
disque	O
d’or,	U-PER
il	O
leur	O
parut	O
qu’ils	O
étaient	O
régis	O
par	O
le	O
même	O
principe	O
typologique,	O
et	O
qu’un	O
message	O
identique	O
se	O
trouvait	O
peut-être	O
décliné	O
dans	O
différentes	O
langues,	O
permettant	O
l’observation	O
comparée	O
des	O
capacités	O
vocales	O
et	O
expressives	O
de	O
cette	O
espèce.	O
Ils	O
notèrent	O
enfin	O
qu’un	O
ensemble	O
d’enregistrements	O
sonores	O
présentaient	O
des	O
caractéristiques	O
timbrales,	O
rythmiques	O
et	O
structurelles	O
différentes	O
et	O
ils	O
s’interrogèrent	O
sur	O
le	O
sens	O
de	O
cette	O
compilation	O
comme	O
sur	O
les	O
choix,	O
les	O
critères,	O
les	O
opérations	O
vocales	O
et	O
gestuelles	O
attachés	O
à	O
ces	O
messages	O
complexes.	O
Ils	O
n’identifièrent	O
peut-être	O
pas	O
le	O
premier	O
mouvement	O
du	O
deuxième	O
Concerto	B-MISC
brandebourgeois,	L-MISC
ni	O
le	O
chant	O
navajo,	O
les	O
percussions	O
sénégalaises	O
et	O
le	O
rock	O
endiablé	O
de	O
Chuck	B-PER
Berry	L-PER
,	O
mais,	O
à	O
ce	O
détail	O
près,	O
ils	O
avaient	O
parfaitement	O
compris	O
les	O
principes	O
généraux	O
sur	O
lesquels	O
reposaient	O
ces	O
savoirs	O
venus	O
d’ailleurs,	O
ou	O
plutôt	O
la	O
représentation	O
que	O
leurs	O
auteurs	O
s’en	O
faisaient	O
:	O
un	O
système	O
de	O
signes	O
symboliques,	O
diagrammatiques	O
et	O
analogiques	O
suffisamment	O
cohérent	O
et	O
structuré	O
pour	O
transporter	O
un	O
monde	O
au-delà	O
de	O
toutes	O
les	O
frontières.	O
